Timestamp,Telemetry_Gap_ms,Mean_Gap_ms,Max_Gap_ms
2026-08-14T00:52:17.566740,0.376,0.376,0.376
2026-08-14T00:52:17.567063,0.361,0.368,0.376
2026-08-14T00:52:17.567280,0.247,0.328,0.376
2026-08-14T00:52:17.567436,0.166,0.287,0.376
2026-08-14T00:52:17.567580,0.146,0.259,0.376
2026-08-14T00:52:17.567739,0.160,0.243,0.376
2026-08-14T00:52:17.567918,0.170,0.232,0.376
2026-08-14T00:52:17.568106,0.193,0.227,0.376
2026-08-14T00:52:17.568255,0.154,0.219,0.376
2026-08-14T00:52:17.568398,0.143,0.212,0.376
2026-08-14T00:52:17.568547,0.148,0.206,0.376
2026-08-14T00:52:17.568693,0.145,0.201,0.376
2026-08-14T00:52:17.568951,0.252,0.205,0.376
2026-08-14T00:52:17.569130,0.181,0.203,0.376
2026-08-14T00:52:17.569320,0.192,0.202,0.376
2026-08-14T00:52:17.569475,0.158,0.200,0.376
2026-08-14T00:52:17.569617,0.142,0.196,0.376
2026-08-14T00:52:17.569785,0.167,0.195,0.376
2026-08-14T00:52:17.569940,0.155,0.192,0.376
2026-08-14T00:52:17.570089,0.150,0.190,0.376
2026-08-14T00:52:17.570228,0.143,0.188,0.376
2026-08-14T00:52:17.570359,0.131,0.185,0.376
2026-08-14T00:52:17.570489,0.130,0.183,0.376
2026-08-14T00:52:17.570620,0.123,0.181,0.376
2026-08-14T00:52:17.570745,0.132,0.179,0.376
2026-08-14T00:52:17.570893,0.148,0.177,0.376
2026-08-14T00:52:17.571030,0.137,0.176,0.376
2026-08-14T00:52:17.571162,0.134,0.174,0.376
2026-08-14T00:52:17.571284,0.123,0.173,0.376
2026-08-14T00:52:17.571407,0.123,0.171,0.376
2026-08-14T00:52:17.571537,0.129,0.170,0.376
2026-08-14T00:52:17.571670,0.130,0.168,0.376
2026-08-14T00:52:17.571853,0.171,0.168,0.376
2026-08-14T00:52:17.572003,0.163,0.168,0.376
2026-08-14T00:52:17.572162,0.159,0.168,0.376
2026-08-14T00:52:17.572296,0.135,0.167,0.376
2026-08-14T00:52:17.572423,0.127,0.166,0.376
2026-08-14T00:52:17.572554,0.131,0.165,0.376
2026-08-14T00:52:17.572679,0.124,0.164,0.376
2026-08-14T00:52:17.572825,0.131,0.163,0.376
2026-08-14T00:52:17.572990,0.171,0.163,0.376
2026-08-14T00:52:17.573138,0.154,0.163,0.376
2026-08-14T00:52:17.573267,0.132,0.162,0.376
2026-08-14T00:52:17.573390,0.124,0.162,0.376
2026-08-14T00:52:17.573513,0.123,0.161,0.376
2026-08-14T00:52:17.573636,0.123,0.160,0.376
2026-08-14T00:52:17.573760,0.123,0.159,0.376
2026-08-14T00:52:17.573898,0.136,0.159,0.376
2026-08-14T00:52:17.574040,0.141,0.158,0.376
2026-08-14T00:52:17.574172,0.132,0.158,0.376
2026-08-14T00:52:17.574311,0.140,0.157,0.376
2026-08-14T00:52:17.574443,0.133,0.157,0.376
2026-08-14T00:52:17.574609,0.165,0.157,0.376
2026-08-14T00:52:17.574749,0.140,0.157,0.376
2026-08-14T00:52:17.574912,0.161,0.157,0.376
2026-08-14T00:52:17.575054,0.144,0.157,0.376
2026-08-14T00:52:17.575180,0.128,0.156,0.376
2026-08-14T00:52:17.575312,0.132,0.156,0.376
2026-08-14T00:52:17.575433,0.122,0.155,0.376
2026-08-14T00:52:17.575553,0.120,0.155,0.376
2026-08-14T00:52:17.575683,0.127,0.154,0.376
2026-08-14T00:52:17.575817,0.126,0.154,0.376
2026-08-14T00:52:17.575951,0.142,0.153,0.376
2026-08-14T00:52:17.576075,0.125,0.153,0.376
2026-08-14T00:52:17.576200,0.125,0.153,0.376
2026-08-14T00:52:17.576323,0.124,0.152,0.376
2026-08-14T00:52:17.576444,0.121,0.152,0.376
2026-08-14T00:52:17.576567,0.123,0.151,0.376
2026-08-14T00:52:17.576688,0.121,0.151,0.376
2026-08-14T00:52:17.576806,0.118,0.150,0.376
2026-08-14T00:52:17.576946,0.137,0.150,0.376
2026-08-14T00:52:17.577068,0.125,0.150,0.376
2026-08-14T00:52:17.577222,0.151,0.150,0.376
2026-08-14T00:52:17.577355,0.134,0.150,0.376
2026-08-14T00:52:17.577501,0.145,0.150,0.376
2026-08-14T00:52:17.577630,0.130,0.149,0.376
2026-08-14T00:52:17.577753,0.123,0.149,0.376
2026-08-14T00:52:17.577938,0.180,0.149,0.376
2026-08-14T00:52:17.578077,0.142,0.149,0.376
2026-08-14T00:52:17.578202,0.127,0.149,0.376
2026-08-14T00:52:17.578325,0.123,0.149,0.376
2026-08-14T00:52:17.578446,0.122,0.148,0.376
2026-08-14T00:52:17.578566,0.120,0.148,0.376
2026-08-14T00:52:17.578700,0.132,0.148,0.376
2026-08-14T00:52:17.578834,0.125,0.148,0.376
2026-08-14T00:52:17.578969,0.143,0.148,0.376
2026-08-14T00:52:17.579094,0.127,0.147,0.376
2026-08-14T00:52:17.579219,0.125,0.147,0.376
2026-08-14T00:52:17.579366,0.145,0.147,0.376
2026-08-14T00:52:17.579488,0.124,0.147,0.376
2026-08-14T00:52:17.579611,0.123,0.146,0.376
2026-08-14T00:52:17.579731,0.120,0.146,0.376
2026-08-14T00:52:17.579893,0.158,0.146,0.376
2026-08-14T00:52:17.580037,0.145,0.146,0.376
2026-08-14T00:52:17.580186,0.150,0.146,0.376
2026-08-14T00:52:17.580316,0.131,0.146,0.376
2026-08-14T00:52:17.580435,0.123,0.146,0.376
2026-08-14T00:52:17.580538,0.108,0.146,0.376
2026-08-14T00:52:17.580623,0.088,0.145,0.376
2026-08-14T00:52:17.580705,0.083,0.144,0.376
2026-08-14T00:52:17.580790,0.083,0.141,0.361
2026-08-14T00:52:17.580914,0.121,0.139,0.252
2026-08-14T00:52:17.581008,0.096,0.138,0.252
2026-08-14T00:52:17.581100,0.094,0.137,0.252
2026-08-14T00:52:17.581184,0.084,0.136,0.252
2026-08-14T00:52:17.581269,0.085,0.135,0.252
2026-08-14T00:52:17.581353,0.084,0.135,0.252
2026-08-14T00:52:17.581436,0.083,0.133,0.252
2026-08-14T00:52:17.581517,0.081,0.133,0.252
2026-08-14T00:52:17.581598,0.081,0.132,0.252
2026-08-14T00:52:17.581682,0.083,0.131,0.252
2026-08-14T00:52:17.581780,0.096,0.131,0.252
2026-08-14T00:52:17.581894,0.113,0.130,0.192
2026-08-14T00:52:17.581992,0.100,0.129,0.192
2026-08-14T00:52:17.582093,0.101,0.128,0.180
2026-08-14T00:52:17.582184,0.090,0.127,0.180
2026-08-14T00:52:17.582268,0.085,0.127,0.180
2026-08-14T00:52:17.582356,0.089,0.126,0.180
2026-08-14T00:52:17.582437,0.082,0.125,0.180
2026-08-14T00:52:17.582519,0.081,0.124,0.180
2026-08-14T00:52:17.582602,0.082,0.124,0.180
2026-08-14T00:52:17.582684,0.082,0.123,0.180
2026-08-14T00:52:17.582764,0.081,0.123,0.180
2026-08-14T00:52:17.582853,0.087,0.122,0.180
2026-08-14T00:52:17.582939,0.087,0.122,0.180
2026-08-14T00:52:17.583022,0.083,0.121,0.180
2026-08-14T00:52:17.583104,0.082,0.121,0.180
2026-08-14T00:52:17.583186,0.083,0.120,0.180
2026-08-14T00:52:17.583267,0.081,0.120,0.180
2026-08-14T00:52:17.583348,0.081,0.120,0.180
2026-08-14T00:52:17.583430,0.081,0.119,0.180
2026-08-14T00:52:17.583512,0.081,0.119,0.180
2026-08-14T00:52:17.583614,0.101,0.118,0.180
2026-08-14T00:52:17.583703,0.091,0.117,0.180
2026-08-14T00:52:17.583801,0.098,0.116,0.180
2026-08-14T00:52:17.583901,0.099,0.116,0.180
2026-08-14T00:52:17.583986,0.087,0.116,0.180
2026-08-14T00:52:17.584075,0.088,0.115,0.180
2026-08-14T00:52:17.584156,0.083,0.115,0.180
2026-08-14T00:52:17.584238,0.082,0.114,0.180
2026-08-14T00:52:17.584320,0.082,0.113,0.180
2026-08-14T00:52:17.584402,0.081,0.113,0.180
2026-08-14T00:52:17.584481,0.080,0.112,0.180
2026-08-14T00:52:17.584561,0.080,0.112,0.180
2026-08-14T00:52:17.584641,0.080,0.111,0.180
2026-08-14T00:52:17.584724,0.083,0.111,0.180
2026-08-14T00:52:17.584813,0.083,0.111,0.180
2026-08-14T00:52:17.584903,0.095,0.110,0.180
2026-08-14T00:52:17.584986,0.084,0.110,0.180
2026-08-14T00:52:17.585067,0.081,0.109,0.180
2026-08-14T00:52:17.585149,0.082,0.109,0.180
2026-08-14T00:52:17.585231,0.081,0.108,0.180
2026-08-14T00:52:17.585332,0.100,0.107,0.180
2026-08-14T00:52:17.585421,0.090,0.107,0.180
2026-08-14T00:52:17.585518,0.096,0.106,0.180
2026-08-14T00:52:17.585604,0.087,0.106,0.180
2026-08-14T00:52:17.585687,0.083,0.105,0.180
2026-08-14T00:52:17.585775,0.088,0.105,0.180
2026-08-14T00:52:17.585867,0.091,0.104,0.180
2026-08-14T00:52:17.585956,0.089,0.104,0.180
2026-08-14T00:52:17.586039,0.084,0.104,0.180
2026-08-14T00:52:17.586122,0.083,0.103,0.180
2026-08-14T00:52:17.586202,0.080,0.103,0.180
2026-08-14T00:52:17.586282,0.080,0.102,0.180
2026-08-14T00:52:17.586363,0.081,0.102,0.180
2026-08-14T00:52:17.586445,0.082,0.101,0.180
2026-08-14T00:52:17.586527,0.082,0.101,0.180
2026-08-14T00:52:17.586609,0.083,0.101,0.180
2026-08-14T00:52:17.586689,0.080,0.100,0.180
2026-08-14T00:52:17.586770,0.080,0.100,0.180
2026-08-14T00:52:17.586860,0.089,0.099,0.180
2026-08-14T00:52:17.586947,0.088,0.099,0.180
2026-08-14T00:52:17.587050,0.102,0.098,0.180
2026-08-14T00:52:17.587140,0.091,0.098,0.180
2026-08-14T00:52:17.587236,0.097,0.097,0.180
2026-08-14T00:52:17.587326,0.088,0.097,0.180
2026-08-14T00:52:17.587409,0.084,0.097,0.180
2026-08-14T00:52:17.587509,0.099,0.096,0.158
2026-08-14T00:52:17.587592,0.085,0.095,0.158
2026-08-14T00:52:17.587673,0.081,0.095,0.158
2026-08-14T00:52:17.587755,0.082,0.094,0.158
2026-08-14T00:52:17.587845,0.089,0.094,0.158
2026-08-14T00:52:17.587932,0.088,0.094,0.158
2026-08-14T00:52:17.588014,0.082,0.093,0.158
2026-08-14T00:52:17.588095,0.081,0.093,0.158
2026-08-14T00:52:17.588176,0.081,0.092,0.158
2026-08-14T00:52:17.588256,0.080,0.092,0.158
2026-08-14T00:52:17.588337,0.081,0.091,0.158
2026-08-14T00:52:17.588417,0.080,0.091,0.158
2026-08-14T00:52:17.588496,0.079,0.090,0.158
2026-08-14T00:52:17.588577,0.081,0.090,0.158
2026-08-14T00:52:17.588657,0.080,0.089,0.158
2026-08-14T00:52:17.588757,0.099,0.089,0.150
2026-08-14T00:52:17.588855,0.097,0.088,0.150
2026-08-14T00:52:17.588959,0.104,0.088,0.131
2026-08-14T00:52:17.589048,0.090,0.087,0.123
2026-08-14T00:52:17.589134,0.086,0.087,0.121
2026-08-14T00:52:17.589231,0.093,0.087,0.121
2026-08-14T00:52:17.589329,0.099,0.087,0.121
2026-08-14T00:52:17.589435,0.103,0.087,0.121
2026-08-14T00:52:17.589539,0.105,0.087,0.121
2026-08-14T00:52:17.589630,0.097,0.087,0.113
2026-08-14T00:52:17.589713,0.084,0.087,0.113
2026-08-14T00:52:17.589795,0.082,0.087,0.113
2026-08-14T00:52:17.589888,0.091,0.087,0.113
2026-08-14T00:52:17.589983,0.094,0.087,0.113
2026-08-14T00:52:17.590068,0.087,0.087,0.113
2026-08-14T00:52:17.590152,0.085,0.087,0.113
2026-08-14T00:52:17.590235,0.084,0.087,0.113
2026-08-14T00:52:17.590317,0.082,0.087,0.113
2026-08-14T00:52:17.590399,0.082,0.087,0.113
2026-08-14T00:52:17.590480,0.081,0.087,0.113
2026-08-14T00:52:17.590586,0.103,0.087,0.105
2026-08-14T00:52:17.590695,0.102,0.087,0.105
2026-08-14T00:52:17.590837,0.132,0.087,0.132
2026-08-14T00:52:17.590942,0.120,0.088,0.132
2026-08-14T00:52:17.591032,0.092,0.088,0.132
2026-08-14T00:52:17.591123,0.092,0.088,0.132
2026-08-14T00:52:17.591207,0.084,0.088,0.132
2026-08-14T00:52:17.591290,0.084,0.088,0.132
2026-08-14T00:52:17.591373,0.083,0.088,0.132
2026-08-14T00:52:17.591456,0.083,0.088,0.132
2026-08-14T00:52:17.591537,0.081,0.088,0.132
2026-08-14T00:52:17.591617,0.081,0.088,0.132
2026-08-14T00:52:17.591698,0.081,0.088,0.132
2026-08-14T00:52:17.591780,0.082,0.088,0.132
2026-08-14T00:52:17.591873,0.091,0.088,0.132
2026-08-14T00:52:17.591963,0.091,0.088,0.132
2026-08-14T00:52:17.592047,0.085,0.088,0.132
2026-08-14T00:52:17.592128,0.082,0.088,0.132
2026-08-14T00:52:17.592210,0.082,0.088,0.132
2026-08-14T00:52:17.592292,0.082,0.088,0.132
2026-08-14T00:52:17.592395,0.101,0.088,0.132
2026-08-14T00:52:17.592491,0.096,0.088,0.132
2026-08-14T00:52:17.592588,0.098,0.088,0.132
2026-08-14T00:52:17.592679,0.091,0.088,0.132
2026-08-14T00:52:17.592764,0.085,0.088,0.132
2026-08-14T00:52:17.592862,0.097,0.088,0.132
2026-08-14T00:52:17.592952,0.091,0.088,0.132
2026-08-14T00:52:17.593035,0.083,0.088,0.132
2026-08-14T00:52:17.593117,0.082,0.088,0.132
2026-08-14T00:52:17.593199,0.082,0.088,0.132
2026-08-14T00:52:17.593279,0.080,0.088,0.132
2026-08-14T00:52:17.593360,0.081,0.088,0.132
2026-08-14T00:52:17.593441,0.081,0.088,0.132
2026-08-14T00:52:17.593522,0.081,0.088,0.132
2026-08-14T00:52:17.593604,0.081,0.088,0.132
2026-08-14T00:52:17.593687,0.083,0.088,0.132
2026-08-14T00:52:17.593768,0.082,0.088,0.132
2026-08-14T00:52:17.593857,0.087,0.088,0.132
2026-08-14T00:52:17.593947,0.090,0.088,0.132
2026-08-14T00:52:17.594029,0.083,0.088,0.132
2026-08-14T00:52:17.594130,0.100,0.088,0.132
2026-08-14T00:52:17.594220,0.090,0.088,0.132
2026-08-14T00:52:17.594316,0.096,0.088,0.132
2026-08-14T00:52:17.594402,0.086,0.088,0.132
2026-08-14T00:52:17.594484,0.082,0.088,0.132
2026-08-14T00:52:17.594570,0.086,0.088,0.132
2026-08-14T00:52:17.594651,0.081,0.088,0.132
2026-08-14T00:52:17.594731,0.081,0.088,0.132
2026-08-14T00:52:17.594819,0.081,0.088,0.132
2026-08-14T00:52:17.594910,0.095,0.088,0.132
2026-08-14T00:52:17.594993,0.084,0.088,0.132
2026-08-14T00:52:17.595073,0.081,0.088,0.132
2026-08-14T00:52:17.595153,0.080,0.088,0.132
2026-08-14T00:52:17.595238,0.084,0.088,0.132
2026-08-14T00:52:17.595321,0.083,0.088,0.132
2026-08-14T00:52:17.595420,0.098,0.088,0.132
2026-08-14T00:52:17.595503,0.084,0.088,0.132
2026-08-14T00:52:17.595586,0.082,0.088,0.132
2026-08-14T00:52:17.595668,0.083,0.088,0.132
2026-08-14T00:52:17.595749,0.081,0.088,0.132
2026-08-14T00:52:17.595858,0.106,0.088,0.132
2026-08-14T00:52:17.595954,0.098,0.088,0.132
2026-08-14T00:52:17.596053,0.099,0.088,0.132
2026-08-14T00:52:17.596139,0.087,0.088,0.132
2026-08-14T00:52:17.596221,0.083,0.088,0.132
2026-08-14T00:52:17.596307,0.086,0.088,0.132
2026-08-14T00:52:17.596389,0.082,0.088,0.132
2026-08-14T00:52:17.596470,0.081,0.088,0.132
2026-08-14T00:52:17.596551,0.081,0.088,0.132
2026-08-14T00:52:17.596632,0.082,0.088,0.132
2026-08-14T00:52:17.596712,0.079,0.088,0.132
2026-08-14T00:52:17.596792,0.080,0.088,0.132
2026-08-14T00:52:17.596881,0.088,0.088,0.132
2026-08-14T00:52:17.596969,0.088,0.088,0.132
2026-08-14T00:52:17.597052,0.083,0.088,0.132
2026-08-14T00:52:17.597135,0.083,0.088,0.132
2026-08-14T00:52:17.597215,0.081,0.088,0.132
2026-08-14T00:52:17.597295,0.080,0.088,0.132
2026-08-14T00:52:17.597377,0.082,0.088,0.132
2026-08-14T00:52:17.597457,0.081,0.088,0.132
2026-08-14T00:52:17.597558,0.099,0.088,0.132
2026-08-14T00:52:17.597647,0.090,0.088,0.132
2026-08-14T00:52:17.597746,0.097,0.088,0.132
2026-08-14T00:52:17.597842,0.095,0.088,0.132
2026-08-14T00:52:17.597931,0.091,0.088,0.132
2026-08-14T00:52:17.598020,0.089,0.088,0.132
2026-08-14T00:52:17.598103,0.084,0.088,0.132
2026-08-14T00:52:17.598187,0.084,0.088,0.132
2026-08-14T00:52:17.598270,0.083,0.087,0.132
2026-08-14T00:52:17.598352,0.083,0.087,0.132
2026-08-14T00:52:17.598432,0.080,0.087,0.132
2026-08-14T00:52:17.598512,0.080,0.087,0.132
2026-08-14T00:52:17.598592,0.080,0.087,0.132
2026-08-14T00:52:17.598673,0.081,0.087,0.132
2026-08-14T00:52:17.598753,0.080,0.087,0.132
2026-08-14T00:52:17.598842,0.087,0.087,0.132
2026-08-14T00:52:17.598930,0.088,0.087,0.132
2026-08-14T00:52:17.599010,0.082,0.087,0.132
2026-08-14T00:52:17.599093,0.082,0.087,0.132
2026-08-14T00:52:17.599173,0.081,0.087,0.132
2026-08-14T00:52:17.599273,0.098,0.087,0.132
2026-08-14T00:52:17.599362,0.090,0.087,0.132
2026-08-14T00:52:17.599457,0.095,0.086,0.120
2026-08-14T00:52:17.599544,0.087,0.086,0.106
2026-08-14T00:52:17.599626,0.083,0.086,0.106
2026-08-14T00:52:17.599712,0.086,0.086,0.106
2026-08-14T00:52:17.599793,0.081,0.086,0.106
2026-08-14T00:52:17.599884,0.090,0.086,0.106
2026-08-14T00:52:17.599973,0.089,0.086,0.106
2026-08-14T00:52:17.600056,0.084,0.086,0.106
2026-08-14T00:52:17.600138,0.082,0.086,0.106
2026-08-14T00:52:17.600219,0.080,0.086,0.106
2026-08-14T00:52:17.600303,0.084,0.086,0.106
2026-08-14T00:52:17.600387,0.084,0.086,0.106
2026-08-14T00:52:17.600468,0.082,0.086,0.106
2026-08-14T00:52:17.600551,0.083,0.086,0.106
2026-08-14T00:52:17.600631,0.080,0.086,0.106
2026-08-14T00:52:17.600710,0.079,0.086,0.106
2026-08-14T00:52:17.600791,0.081,0.086,0.106
2026-08-14T00:52:17.600881,0.088,0.086,0.106
2026-08-14T00:52:17.600987,0.105,0.086,0.106
2026-08-14T00:52:17.601077,0.092,0.086,0.106
2026-08-14T00:52:17.601173,0.096,0.086,0.106
2026-08-14T00:52:17.601259,0.087,0.086,0.106
2026-08-14T00:52:17.601341,0.082,0.086,0.106
2026-08-14T00:52:17.601427,0.086,0.086,0.106
2026-08-14T00:52:17.601509,0.082,0.086,0.106
2026-08-14T00:52:17.601590,0.081,0.086,0.106
2026-08-14T00:52:17.601671,0.081,0.086,0.106
2026-08-14T00:52:17.601752,0.081,0.086,0.106
2026-08-14T00:52:17.601841,0.086,0.086,0.106
2026-08-14T00:52:17.601929,0.089,0.086,0.106
2026-08-14T00:52:17.602011,0.083,0.086,0.106
2026-08-14T00:52:17.602092,0.082,0.086,0.106
2026-08-14T00:52:17.602173,0.081,0.086,0.106
2026-08-14T00:52:17.602256,0.082,0.086,0.106
2026-08-14T00:52:17.602336,0.081,0.086,0.106
2026-08-14T00:52:17.602415,0.080,0.086,0.106
2026-08-14T00:52:17.602496,0.081,0.086,0.106
2026-08-14T00:52:17.602577,0.080,0.085,0.106
2026-08-14T00:52:17.602677,0.098,0.085,0.106
2026-08-14T00:52:17.602765,0.089,0.085,0.106
2026-08-14T00:52:17.602872,0.105,0.086,0.106
2026-08-14T00:52:17.602966,0.094,0.086,0.106
2026-08-14T00:52:17.603062,0.097,0.086,0.106
2026-08-14T00:52:17.603151,0.090,0.086,0.106
2026-08-14T00:52:17.603233,0.082,0.086,0.106
2026-08-14T00:52:17.603314,0.081,0.086,0.106
2026-08-14T00:52:17.603395,0.081,0.086,0.106
2026-08-14T00:52:17.603475,0.081,0.086,0.106
2026-08-14T00:52:17.603555,0.080,0.086,0.106
2026-08-14T00:52:17.603634,0.080,0.086,0.106
2026-08-14T00:52:17.603713,0.079,0.086,0.106
2026-08-14T00:52:17.603795,0.081,0.086,0.106
2026-08-14T00:52:17.603885,0.089,0.086,0.106
2026-08-14T00:52:17.603973,0.089,0.086,0.106
2026-08-14T00:52:17.604055,0.082,0.086,0.106
2026-08-14T00:52:17.604135,0.081,0.086,0.106
2026-08-14T00:52:17.604216,0.081,0.085,0.106
2026-08-14T00:52:17.604296,0.080,0.085,0.106
2026-08-14T00:52:17.604396,0.098,0.085,0.105
2026-08-14T00:52:17.604486,0.090,0.085,0.105
2026-08-14T00:52:17.604582,0.097,0.085,0.105
2026-08-14T00:52:17.604669,0.087,0.085,0.105
2026-08-14T00:52:17.604751,0.082,0.085,0.105
2026-08-14T00:52:17.604846,0.093,0.085,0.105
2026-08-14T00:52:17.604935,0.090,0.085,0.105
2026-08-14T00:52:17.605019,0.085,0.085,0.105
2026-08-14T00:52:17.605103,0.084,0.086,0.105
2026-08-14T00:52:17.605185,0.083,0.086,0.105
2026-08-14T00:52:17.605294,0.107,0.086,0.107
2026-08-14T00:52:17.605380,0.086,0.086,0.107
2026-08-14T00:52:17.605463,0.084,0.086,0.107
2026-08-14T00:52:17.605546,0.083,0.086,0.107
2026-08-14T00:52:17.605628,0.082,0.086,0.107
2026-08-14T00:52:17.605709,0.081,0.086,0.107
2026-08-14T00:52:17.605791,0.082,0.086,0.107
2026-08-14T00:52:17.605881,0.089,0.086,0.107
2026-08-14T00:52:17.605968,0.087,0.086,0.107
2026-08-14T00:52:17.606052,0.084,0.086,0.107
2026-08-14T00:52:17.606132,0.081,0.086,0.107
2026-08-14T00:52:17.606232,0.098,0.086,0.107
2026-08-14T00:52:17.606321,0.090,0.086,0.107
2026-08-14T00:52:17.606418,0.096,0.086,0.107
2026-08-14T00:52:17.606504,0.086,0.086,0.107
2026-08-14T00:52:17.606586,0.082,0.086,0.107
2026-08-14T00:52:17.606672,0.086,0.086,0.107
2026-08-14T00:52:17.606752,0.081,0.086,0.107
2026-08-14T00:52:17.606840,0.086,0.086,0.107
2026-08-14T00:52:17.606930,0.090,0.086,0.107
2026-08-14T00:52:17.607013,0.084,0.086,0.107
2026-08-14T00:52:17.607094,0.081,0.086,0.107
2026-08-14T00:52:17.607174,0.080,0.086,0.107
2026-08-14T00:52:17.607255,0.081,0.086,0.107
2026-08-14T00:52:17.607335,0.081,0.086,0.107
2026-08-14T00:52:17.607417,0.081,0.086,0.107
2026-08-14T00:52:17.607500,0.083,0.086,0.107
2026-08-14T00:52:17.607580,0.080,0.086,0.107
2026-08-14T00:52:17.607660,0.080,0.086,0.107
2026-08-14T00:52:17.607742,0.081,0.086,0.107
2026-08-14T00:52:17.607829,0.081,0.086,0.107
2026-08-14T00:52:17.607937,0.112,0.086,0.112
2026-08-14T00:52:17.608030,0.094,0.086,0.112
2026-08-14T00:52:17.608130,0.099,0.086,0.112
2026-08-14T00:52:17.608216,0.088,0.086,0.112
2026-08-14T00:52:17.608298,0.083,0.086,0.112
2026-08-14T00:52:17.608384,0.086,0.086,0.112
2026-08-14T00:52:17.608466,0.082,0.086,0.112
2026-08-14T00:52:17.608546,0.081,0.086,0.112
2026-08-14T00:52:17.608628,0.081,0.086,0.112
2026-08-14T00:52:17.608709,0.082,0.086,0.112
2026-08-14T00:52:17.608789,0.080,0.086,0.112
2026-08-14T00:52:17.608879,0.088,0.086,0.112
2026-08-14T00:52:17.608967,0.088,0.086,0.112
2026-08-14T00:52:17.609049,0.083,0.086,0.112
2026-08-14T00:52:17.609130,0.082,0.086,0.112
2026-08-14T00:52:17.609212,0.082,0.086,0.112
2026-08-14T00:52:17.609293,0.081,0.086,0.112
2026-08-14T00:52:17.609373,0.080,0.086,0.112
2026-08-14T00:52:17.609454,0.082,0.086,0.112
2026-08-14T00:52:17.609534,0.080,0.086,0.112
2026-08-14T00:52:17.609635,0.099,0.086,0.112
2026-08-14T00:52:17.609725,0.090,0.086,0.112
2026-08-14T00:52:17.609829,0.097,0.086,0.112
2026-08-14T00:52:17.609922,0.100,0.086,0.112
2026-08-14T00:52:17.610006,0.086,0.086,0.112
2026-08-14T00:52:17.610094,0.089,0.086,0.112
2026-08-14T00:52:17.610176,0.082,0.086,0.112
2026-08-14T00:52:17.610257,0.081,0.086,0.112
2026-08-14T00:52:17.610338,0.081,0.086,0.112
2026-08-14T00:52:17.610419,0.081,0.086,0.112
2026-08-14T00:52:17.610499,0.080,0.086,0.112
2026-08-14T00:52:17.610581,0.082,0.086,0.112
2026-08-14T00:52:17.610674,0.093,0.086,0.112
2026-08-14T00:52:17.610758,0.084,0.086,0.112
2026-08-14T00:52:17.610848,0.089,0.086,0.112
2026-08-14T00:52:17.610938,0.090,0.086,0.112
2026-08-14T00:52:17.611020,0.084,0.086,0.112
2026-08-14T00:52:17.611101,0.081,0.086,0.112
2026-08-14T00:52:17.611184,0.082,0.086,0.112
2026-08-14T00:52:17.611264,0.081,0.086,0.112
2026-08-14T00:52:17.611366,0.100,0.086,0.112
2026-08-14T00:52:17.611454,0.089,0.086,0.112
2026-08-14T00:52:17.611551,0.097,0.086,0.112
2026-08-14T00:52:17.611636,0.086,0.086,0.112
2026-08-14T00:52:17.611719,0.083,0.086,0.112
2026-08-14T00:52:17.611806,0.087,0.086,0.112
2026-08-14T00:52:17.611902,0.095,0.086,0.112
2026-08-14T00:52:17.611986,0.086,0.086,0.112
2026-08-14T00:52:17.612069,0.083,0.086,0.112
2026-08-14T00:52:17.612151,0.083,0.086,0.112
2026-08-14T00:52:17.612231,0.080,0.086,0.112
2026-08-14T00:52:17.612312,0.081,0.086,0.112
2026-08-14T00:52:17.612393,0.081,0.086,0.112
2026-08-14T00:52:17.612474,0.081,0.086,0.112
2026-08-14T00:52:17.612556,0.081,0.086,0.112
2026-08-14T00:52:17.612637,0.082,0.086,0.112
2026-08-14T00:52:17.612718,0.080,0.086,0.112
2026-08-14T00:52:17.612797,0.080,0.086,0.112
2026-08-14T00:52:17.612888,0.089,0.086,0.112
2026-08-14T00:52:17.612975,0.087,0.086,0.112
2026-08-14T00:52:17.613080,0.103,0.086,0.112
2026-08-14T00:52:17.613169,0.091,0.086,0.112
2026-08-14T00:52:17.613267,0.098,0.086,0.112
2026-08-14T00:52:17.613354,0.087,0.086,0.112
2026-08-14T00:52:17.613436,0.083,0.086,0.112
2026-08-14T00:52:17.613522,0.086,0.086,0.112
2026-08-14T00:52:17.613604,0.081,0.086,0.112
2026-08-14T00:52:17.613685,0.081,0.086,0.112
2026-08-14T00:52:17.613766,0.081,0.086,0.112
2026-08-14T00:52:17.613858,0.089,0.086,0.112
2026-08-14T00:52:17.613946,0.089,0.086,0.112
2026-08-14T00:52:17.614028,0.083,0.086,0.112
2026-08-14T00:52:17.614110,0.082,0.086,0.112
2026-08-14T00:52:17.614191,0.082,0.086,0.112
2026-08-14T00:52:17.614273,0.081,0.086,0.112
2026-08-14T00:52:17.614358,0.085,0.086,0.112
2026-08-14T00:52:17.614441,0.083,0.086,0.112
2026-08-14T00:52:17.614522,0.081,0.086,0.112
2026-08-14T00:52:17.614603,0.082,0.086,0.112
2026-08-14T00:52:17.614684,0.081,0.086,0.112
2026-08-14T00:52:17.614784,0.098,0.086,0.112
2026-08-14T00:52:17.614886,0.101,0.086,0.112
2026-08-14T00:52:17.614990,0.105,0.086,0.112
2026-08-14T00:52:17.615077,0.089,0.086,0.112
2026-08-14T00:52:17.615160,0.083,0.086,0.112
2026-08-14T00:52:17.615246,0.086,0.086,0.112
2026-08-14T00:52:17.615327,0.081,0.086,0.112
2026-08-14T00:52:17.615408,0.081,0.086,0.112
2026-08-14T00:52:17.615489,0.081,0.086,0.112
2026-08-14T00:52:17.615571,0.081,0.086,0.112
2026-08-14T00:52:17.615654,0.083,0.086,0.112
2026-08-14T00:52:17.615736,0.082,0.086,0.112
2026-08-14T00:52:17.615825,0.083,0.086,0.112
2026-08-14T00:52:17.615914,0.095,0.086,0.112
2026-08-14T00:52:17.615998,0.085,0.086,0.112
2026-08-14T00:52:17.616081,0.083,0.086,0.112
2026-08-14T00:52:17.616161,0.080,0.086,0.112
2026-08-14T00:52:17.616242,0.081,0.086,0.112
2026-08-14T00:52:17.616323,0.082,0.086,0.112
2026-08-14T00:52:17.616403,0.080,0.086,0.112
2026-08-14T00:52:17.616504,0.099,0.086,0.105
2026-08-14T00:52:17.616593,0.090,0.086,0.105
2026-08-14T00:52:17.616689,0.096,0.086,0.105
2026-08-14T00:52:17.616775,0.086,0.086,0.105
2026-08-14T00:52:17.616866,0.090,0.086,0.105
2026-08-14T00:52:17.616960,0.094,0.086,0.105
2026-08-14T00:52:17.617043,0.084,0.086,0.105
2026-08-14T00:52:17.617124,0.082,0.086,0.105
2026-08-14T00:52:17.617206,0.081,0.086,0.105
2026-08-14T00:52:17.617288,0.082,0.086,0.105
2026-08-14T00:52:17.617368,0.080,0.086,0.105
2026-08-14T00:52:17.617447,0.080,0.086,0.105
2026-08-14T00:52:17.617527,0.080,0.086,0.105
2026-08-14T00:52:17.617609,0.081,0.086,0.105
2026-08-14T00:52:17.617691,0.081,0.086,0.105
2026-08-14T00:52:17.617773,0.083,0.086,0.105
2026-08-14T00:52:17.617862,0.087,0.086,0.105
2026-08-14T00:52:17.617949,0.089,0.086,0.105
2026-08-14T00:52:17.618033,0.084,0.086,0.105
2026-08-14T00:52:17.618113,0.081,0.086,0.105
2026-08-14T00:52:17.618215,0.099,0.086,0.105
2026-08-14T00:52:17.618317,0.101,0.086,0.105
2026-08-14T00:52:17.618417,0.101,0.086,0.105
2026-08-14T00:52:17.618502,0.087,0.086,0.105
2026-08-14T00:52:17.618590,0.088,0.086,0.105
2026-08-14T00:52:17.618677,0.087,0.086,0.105
2026-08-14T00:52:17.618759,0.082,0.086,0.105
2026-08-14T00:52:17.618865,0.102,0.086,0.105
2026-08-14T00:52:17.618958,0.096,0.086,0.105
2026-08-14T00:52:17.619043,0.087,0.086,0.105
2026-08-14T00:52:17.619124,0.081,0.086,0.105
2026-08-14T00:52:17.619206,0.082,0.086,0.105
2026-08-14T00:52:17.619288,0.082,0.086,0.105
2026-08-14T00:52:17.619369,0.082,0.086,0.105
2026-08-14T00:52:17.619450,0.081,0.086,0.105
2026-08-14T00:52:17.619532,0.082,0.086,0.105
2026-08-14T00:52:17.619613,0.080,0.086,0.105
2026-08-14T00:52:17.619693,0.081,0.086,0.105
2026-08-14T00:52:17.619774,0.081,0.086,0.105
2026-08-14T00:52:17.619864,0.088,0.086,0.105
2026-08-14T00:52:17.619972,0.106,0.086,0.106
2026-08-14T00:52:17.620062,0.092,0.086,0.106
2026-08-14T00:52:17.620158,0.096,0.086,0.106
2026-08-14T00:52:17.620243,0.085,0.086,0.106
2026-08-14T00:52:17.620324,0.082,0.086,0.106
2026-08-14T00:52:17.620410,0.085,0.086,0.106
2026-08-14T00:52:17.620491,0.081,0.086,0.106
2026-08-14T00:52:17.620571,0.081,0.086,0.106
2026-08-14T00:52:17.620653,0.082,0.086,0.106
2026-08-14T00:52:17.620734,0.081,0.086,0.106
2026-08-14T00:52:17.620829,0.082,0.086,0.106
2026-08-14T00:52:17.620920,0.100,0.086,0.106
2026-08-14T00:52:17.621003,0.087,0.086,0.106
2026-08-14T00:52:17.621090,0.087,0.086,0.106
2026-08-14T00:52:17.621171,0.081,0.086,0.106
2026-08-14T00:52:17.621252,0.082,0.086,0.106
2026-08-14T00:52:17.621333,0.080,0.086,0.106
2026-08-14T00:52:17.621413,0.081,0.086,0.106
2026-08-14T00:52:17.621494,0.081,0.086,0.106
2026-08-14T00:52:17.621575,0.081,0.086,0.106
2026-08-14T00:52:17.621676,0.099,0.086,0.106
2026-08-14T00:52:17.621766,0.091,0.086,0.106
2026-08-14T00:52:17.621871,0.103,0.086,0.106
2026-08-14T00:52:17.621964,0.094,0.086,0.106
2026-08-14T00:52:17.622046,0.084,0.086,0.106
2026-08-14T00:52:17.622133,0.086,0.086,0.106
2026-08-14T00:52:17.622214,0.082,0.086,0.106
2026-08-14T00:52:17.622295,0.081,0.086,0.106
2026-08-14T00:52:17.622376,0.081,0.086,0.106
2026-08-14T00:52:17.622457,0.081,0.086,0.106
2026-08-14T00:52:17.622537,0.080,0.086,0.106
2026-08-14T00:52:17.622616,0.079,0.086,0.106
2026-08-14T00:52:17.622697,0.081,0.086,0.106
2026-08-14T00:52:17.622778,0.081,0.086,0.106
2026-08-14T00:52:17.622867,0.088,0.086,0.106
2026-08-14T00:52:17.622956,0.089,0.086,0.106
2026-08-14T00:52:17.623038,0.083,0.086,0.106
2026-08-14T00:52:17.623118,0.081,0.086,0.106
2026-08-14T00:52:17.623200,0.082,0.086,0.106
2026-08-14T00:52:17.623281,0.081,0.086,0.106
2026-08-14T00:52:17.623383,0.100,0.086,0.106
2026-08-14T00:52:17.623474,0.091,0.086,0.106
2026-08-14T00:52:17.623570,0.096,0.086,0.106
2026-08-14T00:52:17.623654,0.085,0.086,0.106
2026-08-14T00:52:17.623735,0.082,0.086,0.106
2026-08-14T00:52:17.623828,0.085,0.086,0.106
2026-08-14T00:52:17.623918,0.096,0.086,0.106
2026-08-14T00:52:17.624001,0.084,0.086,0.106
2026-08-14T00:52:17.624084,0.083,0.086,0.106
2026-08-14T00:52:17.624168,0.083,0.086,0.106
2026-08-14T00:52:17.624248,0.081,0.086,0.106
2026-08-14T00:52:17.624328,0.080,0.086,0.106
2026-08-14T00:52:17.624408,0.081,0.086,0.106
2026-08-14T00:52:17.624489,0.081,0.086,0.106
2026-08-14T00:52:17.624570,0.080,0.086,0.106
2026-08-14T00:52:17.624651,0.081,0.086,0.106
2026-08-14T00:52:17.624730,0.080,0.086,0.106
2026-08-14T00:52:17.624817,0.080,0.086,0.106
2026-08-14T00:52:17.624908,0.095,0.086,0.106
2026-08-14T00:52:17.624991,0.084,0.086,0.106
2026-08-14T00:52:17.625091,0.100,0.086,0.106
2026-08-14T00:52:17.625185,0.094,0.086,0.106
2026-08-14T00:52:17.625282,0.097,0.086,0.106
2026-08-14T00:52:17.625367,0.086,0.086,0.106
2026-08-14T00:52:17.625449,0.082,0.086,0.106
2026-08-14T00:52:17.625535,0.086,0.086,0.106
2026-08-14T00:52:17.625616,0.081,0.086,0.106
2026-08-14T00:52:17.625696,0.080,0.086,0.106
2026-08-14T00:52:17.625777,0.081,0.086,0.106
2026-08-14T00:52:17.625868,0.090,0.086,0.106
2026-08-14T00:52:17.625968,0.098,0.086,0.106
2026-08-14T00:52:17.626052,0.086,0.086,0.106
2026-08-14T00:52:17.626134,0.083,0.086,0.106
2026-08-14T00:52:17.626216,0.082,0.086,0.106
2026-08-14T00:52:17.626297,0.081,0.086,0.106
2026-08-14T00:52:17.626378,0.081,0.086,0.106
2026-08-14T00:52:17.626459,0.080,0.086,0.106
2026-08-14T00:52:17.626539,0.080,0.086,0.106
2026-08-14T00:52:17.626620,0.082,0.086,0.106
2026-08-14T00:52:17.626700,0.080,0.086,0.106
2026-08-14T00:52:17.626800,0.098,0.086,0.106
2026-08-14T00:52:17.626902,0.102,0.086,0.106
2026-08-14T00:52:17.627001,0.099,0.086,0.106
2026-08-14T00:52:17.627086,0.086,0.086,0.106
2026-08-14T00:52:17.627168,0.082,0.086,0.106
2026-08-14T00:52:17.627254,0.086,0.086,0.106
2026-08-14T00:52:17.627335,0.081,0.086,0.106
2026-08-14T00:52:17.627416,0.081,0.086,0.106
2026-08-14T00:52:17.627498,0.082,0.085,0.106
2026-08-14T00:52:17.627580,0.082,0.085,0.106
2026-08-14T00:52:17.627659,0.080,0.085,0.106
2026-08-14T00:52:17.627739,0.079,0.085,0.106
2026-08-14T00:52:17.627826,0.081,0.085,0.106
2026-08-14T00:52:17.627915,0.094,0.085,0.106
2026-08-14T00:52:17.627999,0.084,0.085,0.106
2026-08-14T00:52:17.628081,0.083,0.085,0.106
2026-08-14T00:52:17.628161,0.080,0.085,0.106
2026-08-14T00:52:17.628242,0.080,0.085,0.106
2026-08-14T00:52:17.628323,0.082,0.085,0.106
2026-08-14T00:52:17.628406,0.082,0.085,0.106
2026-08-14T00:52:17.628516,0.108,0.085,0.108
2026-08-14T00:52:17.628606,0.092,0.085,0.108
2026-08-14T00:52:17.628703,0.097,0.085,0.108
2026-08-14T00:52:17.628789,0.086,0.085,0.108
2026-08-14T00:52:17.628880,0.090,0.086,0.108
2026-08-14T00:52:17.628973,0.093,0.086,0.108
2026-08-14T00:52:17.629057,0.084,0.086,0.108
2026-08-14T00:52:17.629138,0.081,0.086,0.108
2026-08-14T00:52:17.629220,0.082,0.086,0.108
2026-08-14T00:52:17.629302,0.082,0.086,0.108
2026-08-14T00:52:17.629382,0.081,0.086,0.108
2026-08-14T00:52:17.629462,0.080,0.085,0.108
2026-08-14T00:52:17.629543,0.081,0.085,0.108
2026-08-14T00:52:17.629624,0.081,0.085,0.108
2026-08-14T00:52:17.629706,0.081,0.085,0.108
2026-08-14T00:52:17.629788,0.082,0.085,0.108
2026-08-14T00:52:17.629877,0.088,0.085,0.108
2026-08-14T00:52:17.629964,0.087,0.086,0.108
2026-08-14T00:52:17.630047,0.083,0.086,0.108
2026-08-14T00:52:17.630128,0.081,0.086,0.108
2026-08-14T00:52:17.630227,0.098,0.086,0.108
2026-08-14T00:52:17.630315,0.088,0.085,0.108
2026-08-14T00:52:17.630410,0.095,0.085,0.108
2026-08-14T00:52:17.630496,0.086,0.085,0.108
2026-08-14T00:52:17.630578,0.082,0.085,0.108
2026-08-14T00:52:17.630664,0.086,0.085,0.108
2026-08-14T00:52:17.630745,0.081,0.085,0.108
2026-08-14T00:52:17.630852,0.081,0.085,0.108
2026-08-14T00:52:17.630959,0.130,0.086,0.130
2026-08-14T00:52:17.631047,0.090,0.086,0.130
2026-08-14T00:52:17.631131,0.084,0.086,0.130
2026-08-14T00:52:17.631212,0.083,0.086,0.130
2026-08-14T00:52:17.631295,0.082,0.086,0.130
2026-08-14T00:52:17.631376,0.082,0.086,0.130
2026-08-14T00:52:17.631459,0.082,0.086,0.130
2026-08-14T00:52:17.631542,0.083,0.086,0.130
2026-08-14T00:52:17.631623,0.081,0.086,0.130
2026-08-14T00:52:17.631703,0.081,0.086,0.130
2026-08-14T00:52:17.631785,0.082,0.086,0.130
2026-08-14T00:52:17.631874,0.088,0.086,0.130
2026-08-14T00:52:17.631983,0.107,0.086,0.130
2026-08-14T00:52:17.632073,0.092,0.086,0.130
2026-08-14T00:52:17.632172,0.098,0.086,0.130
2026-08-14T00:52:17.632257,0.086,0.086,0.130
2026-08-14T00:52:17.632339,0.082,0.086,0.130
2026-08-14T00:52:17.632426,0.086,0.086,0.130
2026-08-14T00:52:17.632505,0.080,0.086,0.130
2026-08-14T00:52:17.632582,0.078,0.086,0.130
2026-08-14T00:52:17.632660,0.078,0.086,0.130
2026-08-14T00:52:17.632739,0.079,0.086,0.130
2026-08-14T00:52:17.632823,0.078,0.086,0.130
2026-08-14T00:52:17.632908,0.091,0.086,0.130
2026-08-14T00:52:17.632989,0.082,0.086,0.130
2026-08-14T00:52:17.633069,0.080,0.086,0.130
2026-08-14T00:52:17.633148,0.079,0.086,0.130
2026-08-14T00:52:17.633227,0.079,0.086,0.130
2026-08-14T00:52:17.633306,0.079,0.086,0.130
2026-08-14T00:52:17.633384,0.078,0.086,0.130
2026-08-14T00:52:17.633463,0.079,0.086,0.130
2026-08-14T00:52:17.633556,0.090,0.086,0.130
2026-08-14T00:52:17.633657,0.101,0.086,0.130
2026-08-14T00:52:17.633745,0.090,0.086,0.130
2026-08-14T00:52:17.633848,0.102,0.086,0.130
2026-08-14T00:52:17.633939,0.091,0.086,0.130
2026-08-14T00:52:17.634020,0.082,0.086,0.130
2026-08-14T00:52:17.634104,0.084,0.086,0.130
2026-08-14T00:52:17.634184,0.080,0.086,0.130
2026-08-14T00:52:17.634262,0.078,0.086,0.130
2026-08-14T00:52:17.634341,0.079,0.086,0.130
2026-08-14T00:52:17.634419,0.079,0.086,0.130
2026-08-14T00:52:17.634497,0.077,0.085,0.130
2026-08-14T00:52:17.634574,0.078,0.085,0.130
2026-08-14T00:52:17.634653,0.079,0.085,0.130
2026-08-14T00:52:17.634731,0.078,0.085,0.130
2026-08-14T00:52:17.634815,0.078,0.085,0.130
2026-08-14T00:52:17.634902,0.091,0.085,0.130
2026-08-14T00:52:17.634981,0.080,0.085,0.130
2026-08-14T00:52:17.635058,0.078,0.085,0.130
2026-08-14T00:52:17.635138,0.080,0.085,0.130
2026-08-14T00:52:17.635217,0.079,0.085,0.130
2026-08-14T00:52:17.635314,0.096,0.085,0.130
2026-08-14T00:52:17.635400,0.087,0.085,0.130
2026-08-14T00:52:17.635493,0.093,0.085,0.130
2026-08-14T00:52:17.635576,0.083,0.085,0.130
2026-08-14T00:52:17.635655,0.080,0.085,0.130
2026-08-14T00:52:17.635738,0.083,0.085,0.130
2026-08-14T00:52:17.635823,0.079,0.085,0.130
2026-08-14T00:52:17.635909,0.091,0.085,0.130
2026-08-14T00:52:17.635990,0.082,0.085,0.130
2026-08-14T00:52:17.636073,0.082,0.085,0.130
2026-08-14T00:52:17.636151,0.079,0.085,0.130
2026-08-14T00:52:17.636228,0.078,0.085,0.130
2026-08-14T00:52:17.636306,0.078,0.085,0.130
2026-08-14T00:52:17.636384,0.078,0.085,0.130
2026-08-14T00:52:17.636462,0.078,0.085,0.130
2026-08-14T00:52:17.636541,0.079,0.085,0.130
2026-08-14T00:52:17.636618,0.077,0.085,0.130
2026-08-14T00:52:17.636695,0.077,0.085,0.130
2026-08-14T00:52:17.636774,0.078,0.085,0.130
2026-08-14T00:52:17.636860,0.085,0.085,0.130
2026-08-14T00:52:17.636964,0.102,0.084,0.130
2026-08-14T00:52:17.637051,0.089,0.084,0.130
2026-08-14T00:52:17.637144,0.094,0.084,0.130
2026-08-14T00:52:17.637227,0.084,0.084,0.130
2026-08-14T00:52:17.637306,0.080,0.084,0.130
2026-08-14T00:52:17.637390,0.083,0.084,0.130
2026-08-14T00:52:17.637469,0.079,0.084,0.130
2026-08-14T00:52:17.637546,0.078,0.084,0.130
2026-08-14T00:52:17.637624,0.077,0.084,0.130
2026-08-14T00:52:17.637702,0.079,0.084,0.130
2026-08-14T00:52:17.637779,0.077,0.084,0.130
2026-08-14T00:52:17.637865,0.085,0.084,0.130
2026-08-14T00:52:17.637950,0.085,0.084,0.130
2026-08-14T00:52:17.638029,0.080,0.084,0.130
2026-08-14T00:52:17.638108,0.079,0.084,0.130
2026-08-14T00:52:17.638186,0.079,0.084,0.130
2026-08-14T00:52:17.638264,0.077,0.084,0.130
2026-08-14T00:52:17.638341,0.077,0.084,0.130
2026-08-14T00:52:17.638419,0.078,0.084,0.130
2026-08-14T00:52:17.638499,0.079,0.084,0.130
2026-08-14T00:52:17.638598,0.097,0.084,0.130
2026-08-14T00:52:17.638685,0.088,0.084,0.130
2026-08-14T00:52:17.638779,0.094,0.084,0.130
2026-08-14T00:52:17.638869,0.090,0.084,0.130
2026-08-14T00:52:17.638954,0.086,0.084,0.130
2026-08-14T00:52:17.639040,0.086,0.084,0.130
2026-08-14T00:52:17.639120,0.080,0.084,0.130
2026-08-14T00:52:17.639198,0.079,0.084,0.130
2026-08-14T00:52:17.639277,0.079,0.083,0.107
2026-08-14T00:52:17.639356,0.079,0.083,0.107
2026-08-14T00:52:17.639448,0.091,0.083,0.107
2026-08-14T00:52:17.639528,0.081,0.083,0.107
2026-08-14T00:52:17.639605,0.077,0.083,0.107
2026-08-14T00:52:17.639683,0.078,0.083,0.107
2026-08-14T00:52:17.639761,0.078,0.083,0.107
2026-08-14T00:52:17.639850,0.086,0.083,0.107
2026-08-14T00:52:17.639938,0.090,0.083,0.107
2026-08-14T00:52:17.640018,0.081,0.083,0.107
2026-08-14T00:52:17.640096,0.078,0.083,0.107
2026-08-14T00:52:17.640175,0.079,0.083,0.107
2026-08-14T00:52:17.640253,0.078,0.083,0.102
2026-08-14T00:52:17.640350,0.096,0.083,0.102
2026-08-14T00:52:17.640436,0.088,0.083,0.102
2026-08-14T00:52:17.640529,0.092,0.083,0.102
2026-08-14T00:52:17.640612,0.083,0.083,0.102
2026-08-14T00:52:17.640690,0.079,0.083,0.102
2026-08-14T00:52:17.640773,0.083,0.083,0.102
2026-08-14T00:52:17.640861,0.087,0.083,0.102
2026-08-14T00:52:17.640959,0.096,0.083,0.102
2026-08-14T00:52:17.641043,0.085,0.083,0.102
2026-08-14T00:52:17.641123,0.081,0.083,0.102
2026-08-14T00:52:17.641200,0.078,0.083,0.102
2026-08-14T00:52:17.641277,0.077,0.083,0.102
2026-08-14T00:52:17.641355,0.078,0.083,0.102
2026-08-14T00:52:17.641433,0.078,0.083,0.102
2026-08-14T00:52:17.641513,0.079,0.083,0.102
2026-08-14T00:52:17.641592,0.079,0.083,0.102
2026-08-14T00:52:17.641670,0.078,0.083,0.102
2026-08-14T00:52:17.641748,0.078,0.083,0.102
2026-08-14T00:52:17.641835,0.079,0.083,0.102
2026-08-14T00:52:17.641921,0.093,0.083,0.102
2026-08-14T00:52:17.642020,0.099,0.083,0.102
2026-08-14T00:52:17.642108,0.089,0.083,0.102
2026-08-14T00:52:17.642202,0.094,0.083,0.102
2026-08-14T00:52:17.642305,0.094,0.083,0.102
2026-08-14T00:52:17.642449,0.132,0.083,0.132
2026-08-14T00:52:17.642610,0.160,0.084,0.160
2026-08-14T00:52:17.642741,0.137,0.085,0.160
2026-08-14T00:52:17.642872,0.138,0.085,0.160
2026-08-14T00:52:17.642985,0.117,0.086,0.160
2026-08-14T00:52:17.643074,0.094,0.086,0.160
2026-08-14T00:52:17.669042,25.892,0.344,25.892
2026-08-14T00:52:17.669242,0.252,0.346,25.892
2026-08-14T00:52:17.669382,0.150,0.346,25.892
2026-08-14T00:52:17.670600,1.215,0.358,25.892
2026-08-14T00:52:17.670744,0.148,0.358,25.892
2026-08-14T00:52:17.671962,1.214,0.370,25.892
2026-08-14T00:52:17.672104,0.146,0.370,25.892
2026-08-14T00:52:17.674383,2.276,0.392,25.892
2026-08-14T00:52:17.674525,0.144,0.393,25.892
2026-08-14T00:52:17.674653,0.131,0.393,25.892
2026-08-14T00:52:17.674838,0.173,0.394,25.892
2026-08-14T00:52:17.677153,2.322,0.416,25.892
2026-08-14T00:52:17.677321,0.169,0.417,25.892
2026-08-14T00:52:17.677458,0.140,0.418,25.892
2026-08-14T00:52:17.677583,0.127,0.418,25.892
2026-08-14T00:52:17.678800,1.212,0.430,25.892
2026-08-14T00:52:17.678951,0.153,0.430,25.892
2026-08-14T00:52:17.681231,2.277,0.452,25.892
2026-08-14T00:52:17.681367,0.140,0.453,25.892
2026-08-14T00:52:17.681495,0.129,0.453,25.892
2026-08-14T00:52:17.719122,37.592,0.828,37.592
2026-08-14T00:52:17.721470,2.369,0.851,37.592
2026-08-14T00:52:17.721623,0.161,0.852,37.592
2026-08-14T00:52:17.721761,0.141,0.853,37.592
2026-08-14T00:52:17.721911,0.148,0.854,37.592
2026-08-14T00:52:17.723141,1.227,0.865,37.592
2026-08-14T00:52:17.725442,2.299,0.887,37.592
2026-08-14T00:52:17.725592,0.155,0.888,37.592
2026-08-14T00:52:17.726829,1.226,0.899,37.592
2026-08-14T00:52:17.726973,0.156,0.900,37.592
2026-08-14T00:52:17.727154,0.179,0.901,37.592
2026-08-14T00:52:17.729466,2.309,0.923,37.592
2026-08-14T00:52:17.729632,0.171,0.924,37.592
2026-08-14T00:52:17.729769,0.139,0.924,37.592
2026-08-14T00:52:17.732073,2.299,0.947,37.592
2026-08-14T00:52:17.732221,0.151,0.947,37.592
2026-08-14T00:52:17.732349,0.131,0.948,37.592
2026-08-14T00:52:17.732472,0.124,0.948,37.592
2026-08-14T00:52:17.734770,2.291,0.970,37.592
2026-08-14T00:52:17.734921,0.154,0.971,37.592
2026-08-14T00:52:17.769965,35.001,1.320,37.592
2026-08-14T00:52:17.770152,0.222,1.322,37.592
2026-08-14T00:52:17.770296,0.152,1.323,37.592
2026-08-14T00:52:17.771523,1.220,1.334,37.592
2026-08-14T00:52:17.771675,0.158,1.335,37.592
2026-08-14T00:52:17.771828,0.142,1.335,37.592
2026-08-14T00:52:17.774133,2.305,1.358,37.592
2026-08-14T00:52:17.774314,0.183,1.359,37.592
2026-08-14T00:52:17.774459,0.155,1.359,37.592
2026-08-14T00:52:17.774595,0.137,1.360,37.592
2026-08-14T00:52:17.774784,0.186,1.361,37.592
2026-08-14T00:52:17.777146,2.350,1.383,37.592
2026-08-14T00:52:17.777348,0.209,1.385,37.592
2026-08-14T00:52:17.777498,0.157,1.385,37.592
2026-08-14T00:52:17.777634,0.137,1.386,37.592
2026-08-14T00:52:17.777781,0.146,1.386,37.592
2026-08-14T00:52:17.779020,1.231,1.398,37.592
2026-08-14T00:52:17.779171,0.156,1.399,37.592
2026-08-14T00:52:17.781450,2.283,1.421,37.592
2026-08-14T00:52:17.781576,0.129,1.421,37.592
2026-08-14T00:52:17.819194,37.583,1.796,37.592
2026-08-14T00:52:17.821530,2.355,1.819,37.592
2026-08-14T00:52:17.821677,0.157,1.820,37.592
2026-08-14T00:52:17.821825,0.136,1.820,37.592
2026-08-14T00:52:17.821986,0.171,1.821,37.592
2026-08-14T00:52:17.823217,1.226,1.833,37.592
2026-08-14T00:52:17.826587,3.372,1.865,37.592
2026-08-14T00:52:17.826740,0.155,1.866,37.592
2026-08-14T00:52:17.826895,0.155,1.867,37.592
2026-08-14T00:52:17.827032,0.140,1.868,37.592
2026-08-14T00:52:17.827213,0.180,1.868,37.592
2026-08-14T00:52:17.829530,2.314,1.891,37.592
2026-08-14T00:52:17.829706,0.178,1.892,37.592
2026-08-14T00:52:17.829872,0.164,1.892,37.592
2026-08-14T00:52:17.830013,0.145,1.893,37.592
2026-08-14T00:52:17.830161,0.149,1.894,37.592
2026-08-14T00:52:17.831385,1.218,1.905,37.592
2026-08-14T00:52:17.831533,0.152,1.906,37.592
2026-08-14T00:52:17.833823,2.282,1.928,37.592
2026-08-14T00:52:17.833957,0.146,1.928,37.592
2026-08-14T00:52:17.869471,35.474,2.282,37.592
2026-08-14T00:52:17.869668,0.222,2.284,37.592
2026-08-14T00:52:17.869829,0.157,2.284,37.592
2026-08-14T00:52:17.871064,1.245,2.296,37.592
2026-08-14T00:52:17.871215,0.156,2.297,37.592
2026-08-14T00:52:17.871356,0.143,2.297,37.592
2026-08-14T00:52:17.871488,0.133,2.298,37.592
2026-08-14T00:52:17.873784,2.288,2.320,37.592
2026-08-14T00:52:17.873948,0.167,2.321,37.592
2026-08-14T00:52:17.874086,0.142,2.322,37.592
2026-08-14T00:52:17.874266,0.178,2.322,37.592
2026-08-14T00:52:17.876632,2.346,2.345,37.592
2026-08-14T00:52:17.876858,0.228,2.346,37.592
2026-08-14T00:52:17.877017,0.176,2.347,37.592
2026-08-14T00:52:17.877157,0.143,2.347,37.592
2026-08-14T00:52:17.878390,1.230,2.358,37.592
2026-08-14T00:52:17.878540,0.153,2.358,37.592
2026-08-14T00:52:17.880834,2.283,2.379,37.592
2026-08-14T00:52:17.880979,0.157,2.380,37.592
2026-08-14T00:52:17.881114,0.136,2.380,37.592
2026-08-14T00:52:17.918958,37.758,2.499,37.758
2026-08-14T00:52:17.921347,2.454,2.521,37.758
2026-08-14T00:52:17.921491,0.166,2.521,37.758
2026-08-14T00:52:17.921611,0.123,2.510,37.758
2026-08-14T00:52:17.921728,0.118,2.510,37.758
2026-08-14T00:52:17.922925,1.193,2.510,37.758
2026-08-14T00:52:17.926288,3.359,2.542,37.758
2026-08-14T00:52:17.926416,0.133,2.520,37.758
2026-08-14T00:52:17.926531,0.118,2.520,37.758
2026-08-14T00:52:17.926646,0.115,2.520,37.758
2026-08-14T00:52:17.926806,0.158,2.520,37.758
2026-08-14T00:52:17.929108,2.298,2.520,37.758
2026-08-14T00:52:17.929259,0.155,2.519,37.758
2026-08-14T00:52:17.929377,0.121,2.519,37.758
2026-08-14T00:52:17.931642,2.262,2.541,37.758
2026-08-14T00:52:17.931771,0.131,2.530,37.758
2026-08-14T00:52:17.931898,0.126,2.530,37.758
2026-08-14T00:52:17.932013,0.117,2.508,37.758
2026-08-14T00:52:17.934265,2.250,2.529,37.758
2026-08-14T00:52:17.935500,1.233,2.540,37.758
2026-08-14T00:52:17.969394,33.869,2.503,37.758
2026-08-14T00:52:17.969561,0.184,2.481,37.758
2026-08-14T00:52:17.969703,0.147,2.481,37.758
2026-08-14T00:52:17.970925,1.218,2.492,37.758
2026-08-14T00:52:17.971073,0.151,2.492,37.758
2026-08-14T00:52:17.971210,0.139,2.481,37.758
2026-08-14T00:52:17.971343,0.133,2.459,37.758
2026-08-14T00:52:17.973639,2.287,2.480,37.758
2026-08-14T00:52:17.973807,0.169,2.470,37.758
2026-08-14T00:52:17.973970,0.168,2.470,37.758
2026-08-14T00:52:17.974160,0.188,2.470,37.758
2026-08-14T00:52:17.976500,2.332,2.470,37.758
2026-08-14T00:52:17.976696,0.202,2.471,37.758
2026-08-14T00:52:17.976859,0.154,2.471,37.758
2026-08-14T00:52:17.977008,0.163,2.449,37.758
2026-08-14T00:52:17.978247,1.236,2.460,37.758
2026-08-14T00:52:17.981601,3.360,2.492,37.758
2026-08-14T00:52:17.981728,0.131,2.493,37.758
2026-08-14T00:52:17.981855,0.127,2.471,37.758
2026-08-14T00:52:17.981974,0.120,2.471,37.758
2026-08-14T00:52:18.019592,37.584,2.496,37.758
2026-08-14T00:52:18.020872,1.296,2.507,37.758
2026-08-14T00:52:18.021024,0.162,2.507,37.758
2026-08-14T00:52:18.021157,0.137,2.496,37.758
2026-08-14T00:52:18.021285,0.129,2.496,37.758
2026-08-14T00:52:18.023575,2.280,2.518,37.758
2026-08-14T00:52:18.026945,3.370,2.528,37.758
2026-08-14T00:52:18.027092,0.151,2.528,37.758
2026-08-14T00:52:18.027230,0.140,2.528,37.758
2026-08-14T00:52:18.027363,0.134,2.528,37.758
2026-08-14T00:52:18.027545,0.178,2.528,37.758
2026-08-14T00:52:18.028827,1.268,2.517,37.758
2026-08-14T00:52:18.029009,0.194,2.517,37.758
2026-08-14T00:52:18.029156,0.150,2.517,37.758
2026-08-14T00:52:18.031486,2.325,2.538,37.758
2026-08-14T00:52:18.031649,0.168,2.539,37.758
2026-08-14T00:52:18.031788,0.142,2.528,37.758
2026-08-14T00:52:18.034074,2.285,2.549,37.758
2026-08-14T00:52:18.034205,0.135,2.528,37.758
2026-08-14T00:52:18.034326,0.122,2.527,37.758
2026-08-14T00:52:18.069840,35.466,2.506,37.758
2026-08-14T00:52:18.070019,0.215,2.485,37.758
2026-08-14T00:52:18.070186,0.164,2.485,37.758
2026-08-14T00:52:18.071420,1.239,2.496,37.758
2026-08-14T00:52:18.071565,0.150,2.496,37.758
2026-08-14T00:52:18.071698,0.135,2.485,37.758
2026-08-14T00:52:18.073997,2.293,2.474,37.758
2026-08-14T00:52:18.074139,0.146,2.474,37.758
2026-08-14T00:52:18.074268,0.132,2.474,37.758
2026-08-14T00:52:18.074393,0.125,2.474,37.758
2026-08-14T00:52:18.074564,0.168,2.474,37.758
2026-08-14T00:52:18.076882,2.314,2.474,37.758
2026-08-14T00:52:18.077053,0.174,2.473,37.758
2026-08-14T00:52:18.077190,0.140,2.473,37.758
2026-08-14T00:52:18.077318,0.129,2.473,37.758
2026-08-14T00:52:18.077458,0.140,2.473,37.758
2026-08-14T00:52:18.079740,2.277,2.484,37.758
2026-08-14T00:52:18.079888,0.150,2.484,37.758
2026-08-14T00:52:18.081109,1.218,2.473,37.758
2026-08-14T00:52:18.081250,0.143,2.473,37.758
2026-08-14T00:52:18.118802,37.547,2.494,37.758
2026-08-14T00:52:18.122187,3.386,2.525,37.758
2026-08-14T00:52:18.122328,0.146,2.525,37.758
2026-08-14T00:52:18.122455,0.130,2.514,37.758
2026-08-14T00:52:18.122578,0.124,2.514,37.758
2026-08-14T00:52:18.122703,0.125,2.514,37.758
2026-08-14T00:52:18.123915,1.207,2.524,37.758
2026-08-14T00:52:18.124047,0.135,2.503,37.758
2026-08-14T00:52:18.126336,2.286,2.524,37.758
2026-08-14T00:52:18.126472,0.138,2.524,37.758
2026-08-14T00:52:18.126630,0.159,2.524,37.758
2026-08-14T00:52:18.126765,0.136,2.502,37.758
2026-08-14T00:52:18.129090,2.320,2.522,37.758
2026-08-14T00:52:18.129232,0.145,2.522,37.758
2026-08-14T00:52:18.129356,0.127,2.522,37.758
2026-08-14T00:52:18.129489,0.132,2.511,37.758
2026-08-14T00:52:18.131759,2.267,2.532,37.758
2026-08-14T00:52:18.131903,0.145,2.511,37.758
2026-08-14T00:52:18.133110,1.205,2.521,37.758
2026-08-14T00:52:18.133243,0.137,2.521,37.758
2026-08-14T00:52:18.169380,36.066,2.504,37.584
2026-08-14T00:52:18.169579,0.259,2.482,37.584
2026-08-14T00:52:18.169723,0.151,2.482,37.584
2026-08-14T00:52:18.170955,1.226,2.493,37.584
2026-08-14T00:52:18.171111,0.160,2.494,37.584
2026-08-14T00:52:18.171253,0.145,2.483,37.584
2026-08-14T00:52:18.171386,0.135,2.451,37.584
2026-08-14T00:52:18.173676,2.283,2.472,37.584
2026-08-14T00:52:18.173842,0.157,2.473,37.584
2026-08-14T00:52:18.173986,0.158,2.473,37.584
2026-08-14T00:52:18.174177,0.190,2.474,37.584
2026-08-14T00:52:18.175553,1.325,2.464,37.584
2026-08-14T00:52:18.175824,0.294,2.465,37.584
2026-08-14T00:52:18.177108,1.298,2.477,37.584
2026-08-14T00:52:18.177274,0.177,2.456,37.584
2026-08-14T00:52:18.178523,1.245,2.467,37.584
2026-08-14T00:52:18.178672,0.156,2.468,37.584
2026-08-14T00:52:18.180939,2.274,2.489,37.584
2026-08-14T00:52:18.181061,0.124,2.468,37.584
2026-08-14T00:52:18.181172,0.112,2.457,37.584
2026-08-14T00:52:18.218822,37.590,2.494,37.590
2026-08-14T00:52:18.221179,2.396,2.516,37.590
2026-08-14T00:52:18.221340,0.171,2.516,37.590
2026-08-14T00:52:18.221481,0.144,2.506,37.590
2026-08-14T00:52:18.221619,0.138,2.505,37.590
2026-08-14T00:52:18.223914,2.291,2.527,37.590
2026-08-14T00:52:18.227284,3.369,2.559,37.590
2026-08-14T00:52:18.227430,0.150,2.538,37.590
2026-08-14T00:52:18.227566,0.138,2.538,37.590
2026-08-14T00:52:18.227700,0.135,2.537,37.590
2026-08-14T00:52:18.227900,0.195,2.537,37.590
2026-08-14T00:52:18.229148,1.247,2.527,37.590
2026-08-14T00:52:18.229324,0.178,2.526,37.590
2026-08-14T00:52:18.229467,0.145,2.526,37.590
2026-08-14T00:52:18.231797,2.323,2.548,37.590
2026-08-14T00:52:18.231970,0.176,2.537,37.590
2026-08-14T00:52:18.232109,0.142,2.505,37.590
2026-08-14T00:52:18.232243,0.136,2.505,37.590
2026-08-14T00:52:18.234544,2.298,2.527,37.590
2026-08-14T00:52:18.234679,0.140,2.527,37.590
2026-08-14T00:52:18.269122,34.410,2.495,37.590
2026-08-14T00:52:18.269297,0.195,2.484,37.590
2026-08-14T00:52:18.269436,0.149,2.484,37.590
2026-08-14T00:52:18.271728,2.286,2.506,37.590
2026-08-14T00:52:18.271890,0.162,2.506,37.590
2026-08-14T00:52:18.272032,0.148,2.485,37.590
2026-08-14T00:52:18.272160,0.129,2.452,37.590
2026-08-14T00:52:18.274446,2.280,2.474,37.590
2026-08-14T00:52:18.274585,0.143,2.474,37.590
2026-08-14T00:52:18.276875,2.286,2.495,37.590
2026-08-14T00:52:18.277064,0.189,2.495,37.590
2026-08-14T00:52:18.277211,0.148,2.484,37.590
2026-08-14T00:52:18.277373,0.163,2.484,37.590
2026-08-14T00:52:18.278589,1.215,2.494,37.590
2026-08-14T00:52:18.278727,0.142,2.472,37.590
2026-08-14T00:52:18.278875,0.147,2.472,37.590
2026-08-14T00:52:18.282226,3.349,2.504,37.590
2026-08-14T00:52:18.282361,0.138,2.483,37.590
2026-08-14T00:52:18.282488,0.128,2.483,37.590
2026-08-14T00:52:18.282614,0.126,2.483,37.590
2026-08-14T00:52:18.319251,36.588,2.494,37.590
2026-08-14T00:52:18.319440,0.225,2.494,37.590
2026-08-14T00:52:18.319581,0.151,2.494,37.590
2026-08-14T00:52:18.320795,1.211,2.494,37.590
2026-08-14T00:52:18.320950,0.156,2.494,37.590
2026-08-14T00:52:18.321084,0.137,2.494,37.590
2026-08-14T00:52:18.324428,3.339,2.504,37.590
2026-08-14T00:52:18.324566,0.141,2.504,37.590
2026-08-14T00:52:18.324695,0.131,2.504,37.590
2026-08-14T00:52:18.324837,0.125,2.504,37.590
2026-08-14T00:52:18.325020,0.195,2.505,37.590
2026-08-14T00:52:18.326260,1.238,2.494,37.590
2026-08-14T00:52:18.326430,0.173,2.494,37.590
2026-08-14T00:52:18.326573,0.143,2.494,37.590
2026-08-14T00:52:18.328879,2.304,2.516,37.590
2026-08-14T00:52:18.329026,0.153,2.516,37.590
2026-08-14T00:52:18.331299,2.270,2.516,37.590
2026-08-14T00:52:18.331430,0.135,2.515,37.590
2026-08-14T00:52:18.331552,0.123,2.505,37.590
2026-08-14T00:52:18.331670,0.120,2.504,37.590
2026-08-14T00:52:18.369831,38.120,2.510,38.120
2026-08-14T00:52:18.369999,0.195,2.478,38.120
2026-08-14T00:52:18.370140,0.147,2.478,38.120
2026-08-14T00:52:18.371360,1.217,2.489,38.120
2026-08-14T00:52:18.371508,0.150,2.489,38.120
2026-08-14T00:52:18.371647,0.141,2.489,38.120
2026-08-14T00:52:18.373935,2.283,2.500,38.120
2026-08-14T00:52:18.374081,0.148,2.500,38.120
2026-08-14T00:52:18.374216,0.138,2.479,38.120
2026-08-14T00:52:18.374348,0.133,2.479,38.120
2026-08-14T00:52:18.374522,0.172,2.479,38.120
2026-08-14T00:52:18.376863,2.322,2.501,38.120
2026-08-14T00:52:18.377056,0.205,2.480,38.120
2026-08-14T00:52:18.377221,0.165,2.480,38.120
2026-08-14T00:52:18.377375,0.155,2.480,38.120
2026-08-14T00:52:18.377543,0.170,2.480,38.120
2026-08-14T00:52:18.379879,2.327,2.481,38.120
2026-08-14T00:52:18.380036,0.168,2.481,38.120
2026-08-14T00:52:18.380164,0.135,2.471,38.120
2026-08-14T00:52:18.380289,0.125,2.470,38.120
2026-08-14T00:52:18.419212,38.840,2.498,38.840
2026-08-14T00:52:18.419432,0.287,2.498,38.840
2026-08-14T00:52:18.419590,0.167,2.499,38.840
2026-08-14T00:52:18.420831,1.225,2.499,38.840
2026-08-14T00:52:18.420987,0.173,2.499,38.840
2026-08-14T00:52:18.421129,0.146,2.499,38.840
2026-08-14T00:52:18.424482,3.349,2.531,38.840
2026-08-14T00:52:18.424627,0.148,2.510,38.840
2026-08-14T00:52:18.424760,0.135,2.509,38.840
2026-08-14T00:52:18.424907,0.145,2.509,38.840
2026-08-14T00:52:18.425096,0.189,2.509,38.840
2026-08-14T00:52:18.426351,1.246,2.508,38.840
2026-08-14T00:52:18.426535,0.191,2.507,38.840
2026-08-14T00:52:18.426679,0.147,2.496,38.840
2026-08-14T00:52:18.428982,2.300,2.517,38.840
2026-08-14T00:52:18.432362,3.377,2.538,38.840
2026-08-14T00:52:18.432508,0.151,2.538,38.840
2026-08-14T00:52:18.432637,0.132,2.517,38.840
2026-08-14T00:52:18.432764,0.127,2.517,38.840
2026-08-14T00:52:18.432902,0.137,2.517,38.840
2026-08-14T00:52:18.469494,36.555,2.507,38.840
2026-08-14T00:52:18.469680,0.212,2.485,38.840
2026-08-14T00:52:18.469836,0.154,2.485,38.840
2026-08-14T00:52:18.471065,1.234,2.496,38.840
2026-08-14T00:52:18.471220,0.159,2.496,38.840
2026-08-14T00:52:18.471365,0.147,2.475,38.840
2026-08-14T00:52:18.473704,2.331,2.464,38.840
2026-08-14T00:52:18.473872,0.170,2.464,38.840
2026-08-14T00:52:18.474016,0.149,2.464,38.840
2026-08-14T00:52:18.474152,0.137,2.465,38.840
2026-08-14T00:52:18.474337,0.182,2.464,38.840
2026-08-14T00:52:18.476646,2.308,2.475,38.840
2026-08-14T00:52:18.476828,0.174,2.475,38.840
2026-08-14T00:52:18.476970,0.154,2.475,38.840
2026-08-14T00:52:18.478195,1.223,2.464,38.840
2026-08-14T00:52:18.478345,0.152,2.464,38.840
2026-08-14T00:52:18.481693,3.346,2.496,38.840
2026-08-14T00:52:18.481843,0.142,2.496,38.840
2026-08-14T00:52:18.481976,0.144,2.474,38.840
2026-08-14T00:52:18.482105,0.131,2.474,38.840
2026-08-14T00:52:18.518605,36.488,2.495,38.840
2026-08-14T00:52:18.518761,0.161,2.495,38.840
2026-08-14T00:52:18.518920,0.159,2.495,38.840
2026-08-14T00:52:18.521214,2.292,2.495,38.840
2026-08-14T00:52:18.521361,0.151,2.495,38.840
2026-08-14T00:52:18.521496,0.137,2.495,38.840
2026-08-14T00:52:18.523780,2.279,2.516,38.840
2026-08-14T00:52:18.523939,0.161,2.495,38.840
2026-08-14T00:52:18.524074,0.139,2.495,38.840
2026-08-14T00:52:18.524204,0.130,2.473,38.840
2026-08-14T00:52:18.524372,0.165,2.473,38.840
2026-08-14T00:52:18.526692,2.316,2.495,38.840
2026-08-14T00:52:18.526882,0.191,2.495,38.840
2026-08-14T00:52:18.527028,0.150,2.484,38.840
2026-08-14T00:52:18.529320,2.294,2.506,38.840
2026-08-14T00:52:18.529460,0.143,2.506,38.840
2026-08-14T00:52:18.531728,2.265,2.495,38.840
2026-08-14T00:52:18.531870,0.144,2.495,38.840
2026-08-14T00:52:18.533072,1.202,2.506,38.840
2026-08-14T00:52:18.533200,0.131,2.506,38.840
2026-08-14T00:52:18.565436,32.222,2.462,38.840
2026-08-14T00:52:18.568826,3.382,2.494,38.840
2026-08-14T00:52:18.568974,0.163,2.494,38.840
2026-08-14T00:52:18.569109,0.138,2.483,38.840
2026-08-14T00:52:18.570911,1.788,2.499,38.840
2026-08-14T00:52:18.571078,0.175,2.500,38.840
2026-08-14T00:52:18.574457,3.376,2.500,38.840
2026-08-14T00:52:18.574613,0.161,2.500,38.840
2026-08-14T00:52:18.574750,0.141,2.501,38.840
2026-08-14T00:52:18.574915,0.157,2.501,38.840
2026-08-14T00:52:18.575080,0.164,2.501,38.840
2026-08-14T00:52:18.576386,1.299,2.501,38.840
2026-08-14T00:52:18.576588,0.205,2.501,38.840
2026-08-14T00:52:18.576781,0.200,2.502,38.840
2026-08-14T00:52:18.578033,1.251,2.492,38.840
2026-08-14T00:52:18.578189,0.161,2.492,38.840
2026-08-14T00:52:18.581540,3.356,2.502,38.840
2026-08-14T00:52:18.581666,0.128,2.502,38.840
2026-08-14T00:52:18.581780,0.116,2.502,38.840
2026-08-14T00:52:18.581905,0.123,2.502,38.840
2026-08-14T00:52:18.582024,0.121,2.122,38.840
2026-08-14T00:52:18.619603,37.543,2.496,38.840
2026-08-14T00:52:18.619772,0.194,2.496,38.840
2026-08-14T00:52:18.619925,0.157,2.486,38.840
2026-08-14T00:52:18.621150,1.222,2.496,38.840
2026-08-14T00:52:18.621293,0.147,2.496,38.840
2026-08-14T00:52:18.621426,0.135,2.475,38.840
2026-08-14T00:52:18.624769,3.339,2.507,38.840
2026-08-14T00:52:18.624922,0.154,2.507,38.840
2026-08-14T00:52:18.625053,0.134,2.507,38.840
2026-08-14T00:52:18.625179,0.126,2.507,38.840
2026-08-14T00:52:18.625348,0.167,2.485,38.840
2026-08-14T00:52:18.626580,1.230,2.495,38.840
2026-08-14T00:52:18.626745,0.166,2.495,38.840
2026-08-14T00:52:18.626893,0.149,2.495,38.840
2026-08-14T00:52:18.629177,2.281,2.516,38.840
2026-08-14T00:52:18.631493,2.313,2.516,38.840
2026-08-14T00:52:18.631634,0.147,2.516,38.840
2026-08-14T00:52:18.631761,0.129,2.516,38.840
2026-08-14T00:52:18.631900,0.137,2.516,38.840
2026-08-14T00:52:18.632026,0.128,2.129,37.543
2026-08-14T00:52:18.668695,36.617,2.492,37.543
2026-08-14T00:52:18.668892,0.236,2.493,37.543
2026-08-14T00:52:18.669037,0.154,2.482,37.543
2026-08-14T00:52:18.671327,2.285,2.503,37.543
2026-08-14T00:52:18.671473,0.151,2.503,37.543
2026-08-14T00:52:18.671607,0.137,2.471,37.543
2026-08-14T00:52:18.673907,2.289,2.493,37.543
2026-08-14T00:52:18.674082,0.174,2.493,37.543
2026-08-14T00:52:18.674238,0.161,2.493,37.543
2026-08-14T00:52:18.674384,0.147,2.493,37.543
2026-08-14T00:52:18.674575,0.190,2.482,37.543
2026-08-14T00:52:18.675840,1.253,2.493,37.543
2026-08-14T00:52:18.677175,1.342,2.505,37.543
2026-08-14T00:52:18.677333,0.167,2.484,37.543
2026-08-14T00:52:18.678561,1.226,2.462,37.543
2026-08-14T00:52:18.681937,3.375,2.494,37.543
2026-08-14T00:52:18.682077,0.144,2.494,37.543
2026-08-14T00:52:18.682204,0.129,2.494,37.543
2026-08-14T00:52:18.682331,0.128,2.494,37.543
2026-08-14T00:52:18.682454,0.124,2.130,37.543
2026-08-14T00:52:18.718994,36.514,2.493,37.543
2026-08-14T00:52:18.719159,0.183,2.493,37.543
2026-08-14T00:52:18.719293,0.140,2.482,37.543
2026-08-14T00:52:18.721572,2.277,2.504,37.543
2026-08-14T00:52:18.721713,0.142,2.503,37.543
2026-08-14T00:52:18.721856,0.133,2.482,37.543
2026-08-14T00:52:18.724133,2.286,2.503,37.543
2026-08-14T00:52:18.724269,0.138,2.503,37.543
2026-08-14T00:52:18.724394,0.127,2.502,37.543
2026-08-14T00:52:18.724519,0.125,2.502,37.543
2026-08-14T00:52:18.724690,0.168,2.480,37.543
2026-08-14T00:52:18.726998,2.304,2.502,37.543
2026-08-14T00:52:18.727167,0.170,2.502,37.543
2026-08-14T00:52:18.727302,0.138,2.491,37.543
2026-08-14T00:52:18.729585,2.282,2.512,37.543
2026-08-14T00:52:18.729726,0.143,2.480,37.543
2026-08-14T00:52:18.731992,2.265,2.502,37.543
2026-08-14T00:52:18.732120,0.129,2.501,37.543
2026-08-14T00:52:18.733319,1.197,2.512,37.543
2026-08-14T00:52:18.733446,0.130,2.149,37.543
2026-08-14T00:52:18.768890,35.429,2.501,37.543
2026-08-14T00:52:18.769048,0.163,2.501,37.543
2026-08-14T00:52:18.769202,0.151,2.480,37.543
2026-08-14T00:52:18.771051,1.834,2.497,37.543
2026-08-14T00:52:18.771220,0.188,2.497,37.543
2026-08-14T00:52:18.771364,0.149,2.476,37.543
2026-08-14T00:52:18.773654,2.286,2.497,37.543
2026-08-14T00:52:18.773805,0.150,2.497,37.543
2026-08-14T00:52:18.773965,0.162,2.498,37.543
2026-08-14T00:52:18.774117,0.149,2.497,37.543
2026-08-14T00:52:18.774334,0.210,2.476,37.543
2026-08-14T00:52:18.775608,1.276,2.487,37.543
2026-08-14T00:52:18.776924,1.315,2.499,37.543
2026-08-14T00:52:18.777087,0.173,2.478,37.543
2026-08-14T00:52:18.778359,1.268,2.489,37.543
2026-08-14T00:52:18.778526,0.170,2.468,37.543
2026-08-14T00:52:18.780828,2.293,2.489,37.543
2026-08-14T00:52:18.780956,0.145,2.479,37.543
2026-08-14T00:52:18.781072,0.117,2.479,37.543
2026-08-14T00:52:18.781186,0.115,2.158,37.543
2026-08-14T00:52:18.818756,37.545,2.499,37.545
2026-08-14T00:52:18.818942,0.195,2.500,37.545
2026-08-14T00:52:18.819089,0.154,2.500,37.545
2026-08-14T00:52:18.821391,2.298,2.505,37.545
2026-08-14T00:52:18.821545,0.158,2.505,37.545
2026-08-14T00:52:18.821684,0.143,2.472,37.545
2026-08-14T00:52:18.825037,3.349,2.504,37.545
2026-08-14T00:52:18.825176,0.142,2.504,37.545
2026-08-14T00:52:18.825306,0.132,2.504,37.545
2026-08-14T00:52:18.825430,0.125,2.504,37.545
2026-08-14T00:52:18.825597,0.164,2.492,37.545
2026-08-14T00:52:18.826838,1.230,2.503,37.545
2026-08-14T00:52:18.827002,0.175,2.502,37.545
2026-08-14T00:52:18.827135,0.136,2.491,37.545
2026-08-14T00:52:18.828353,1.214,2.502,37.545
2026-08-14T00:52:18.831721,3.366,2.502,37.545
2026-08-14T00:52:18.831874,0.155,2.502,37.545
2026-08-14T00:52:18.832001,0.132,2.502,37.545
2026-08-14T00:52:18.832125,0.125,2.502,37.545
2026-08-14T00:52:18.832248,0.123,2.502,37.545
2026-08-14T00:52:18.868908,36.608,2.493,37.545
2026-08-14T00:52:18.869111,0.238,2.493,37.545
2026-08-14T00:52:18.869259,0.157,2.493,37.545
2026-08-14T00:52:18.871568,2.301,2.504,37.545
2026-08-14T00:52:18.871727,0.166,2.504,37.545
2026-08-14T00:52:18.871885,0.158,2.505,37.545
2026-08-14T00:52:18.874186,2.298,2.494,37.545
2026-08-14T00:52:18.874337,0.155,2.494,37.545
2026-08-14T00:52:18.874478,0.143,2.494,37.545
2026-08-14T00:52:18.874614,0.136,2.494,37.545
2026-08-14T00:52:18.874799,0.182,2.494,37.545
2026-08-14T00:52:18.877134,2.333,2.506,37.545
2026-08-14T00:52:18.877306,0.174,2.506,37.545
2026-08-14T00:52:18.877443,0.142,2.506,37.545
2026-08-14T00:52:18.878663,1.218,2.495,37.545
2026-08-14T00:52:18.878823,0.150,2.473,37.545
2026-08-14T00:52:18.881105,2.288,2.495,37.545
2026-08-14T00:52:18.881244,0.144,2.495,37.545
2026-08-14T00:52:18.881373,0.130,2.495,37.545
2026-08-14T00:52:18.881521,0.148,2.495,37.545
2026-08-14T00:52:18.919112,37.578,2.505,37.578
2026-08-14T00:52:18.919265,0.161,2.504,37.578
2026-08-14T00:52:18.919401,0.140,2.504,37.578
2026-08-14T00:52:18.920618,1.213,2.493,37.578
2026-08-14T00:52:18.920763,0.147,2.493,37.578
2026-08-14T00:52:18.920916,0.153,2.493,37.578
2026-08-14T00:52:18.924336,3.392,2.504,37.578
2026-08-14T00:52:18.924544,0.221,2.505,37.578
2026-08-14T00:52:18.924703,0.171,2.505,37.578
2026-08-14T00:52:18.924852,0.138,2.505,37.578
2026-08-14T00:52:18.925069,0.223,2.505,37.578
2026-08-14T00:52:18.926322,1.257,2.505,37.578
2026-08-14T00:52:18.926500,0.180,2.493,37.578
2026-08-14T00:52:18.926644,0.147,2.493,37.578
2026-08-14T00:52:18.928942,2.298,2.504,37.578
2026-08-14T00:52:18.929085,0.147,2.472,37.578
2026-08-14T00:52:18.931352,2.265,2.493,37.578
2026-08-14T00:52:18.931478,0.129,2.493,37.578
2026-08-14T00:52:18.932674,1.195,2.503,37.578
2026-08-14T00:52:18.932804,0.131,2.503,37.578
2026-08-14T00:52:18.969332,36.513,2.503,37.578
2026-08-14T00:52:18.970066,0.731,2.509,37.578
2026-08-14T00:52:18.970225,0.169,2.509,37.578
2026-08-14T00:52:18.970364,0.143,2.488,37.578
2026-08-14T00:52:18.970499,0.135,2.488,37.578
2026-08-14T00:52:18.971723,1.219,2.499,37.578
2026-08-14T00:52:18.974019,2.296,2.499,37.578
2026-08-14T00:52:18.974161,0.147,2.499,37.578
2026-08-14T00:52:18.974297,0.136,2.499,37.578
2026-08-14T00:52:18.974426,0.131,2.499,37.578
2026-08-14T00:52:18.974603,0.174,2.499,37.578
2026-08-14T00:52:18.976990,2.361,2.500,37.578
2026-08-14T00:52:18.977207,0.235,2.500,37.578
2026-08-14T00:52:18.977361,0.162,2.501,37.578
2026-08-14T00:52:18.977497,0.139,2.479,37.578
2026-08-14T00:52:18.977644,0.147,2.479,37.578
2026-08-14T00:52:18.979976,2.323,2.480,37.578
2026-08-14T00:52:18.980133,0.161,2.480,37.578
2026-08-14T00:52:18.980270,0.141,2.470,37.578
2026-08-14T00:52:18.980404,0.135,2.470,37.578
2026-08-14T00:52:19.019046,38.629,2.502,38.629
2026-08-14T00:52:19.019204,0.167,2.502,38.629
2026-08-14T00:52:19.019342,0.141,2.501,38.629
2026-08-14T00:52:19.021645,2.297,2.506,38.629
2026-08-14T00:52:19.021797,0.156,2.506,38.629
2026-08-14T00:52:19.021947,0.152,2.506,38.629
2026-08-14T00:52:19.024296,2.327,2.506,38.629
2026-08-14T00:52:19.024463,0.185,2.507,38.629
2026-08-14T00:52:19.024597,0.140,2.506,38.629
2026-08-14T00:52:19.024722,0.127,2.506,38.629
2026-08-14T00:52:19.024913,0.185,2.506,38.629
2026-08-14T00:52:19.026162,1.248,2.506,38.629
2026-08-14T00:52:19.026335,0.174,2.494,38.629
2026-08-14T00:52:19.026474,0.141,2.494,38.629
2026-08-14T00:52:19.028767,2.291,2.504,38.629
2026-08-14T00:52:19.032165,3.395,2.536,38.629
2026-08-14T00:52:19.032306,0.146,2.515,38.629
2026-08-14T00:52:19.032432,0.129,2.515,38.629
2026-08-14T00:52:19.032557,0.125,2.515,38.629
2026-08-14T00:52:19.032680,0.124,2.515,38.629
2026-08-14T00:52:19.069281,36.565,2.505,38.629
2026-08-14T00:52:19.069464,0.207,2.505,38.629
2026-08-14T00:52:19.069606,0.150,2.505,38.629
2026-08-14T00:52:19.070842,1.216,2.494,38.629
2026-08-14T00:52:19.070991,0.167,2.494,38.629
2026-08-14T00:52:19.071128,0.140,2.494,38.629
2026-08-14T00:52:19.074536,3.391,2.495,38.629
2026-08-14T00:52:19.074701,0.175,2.495,38.629
2026-08-14T00:52:19.074853,0.144,2.495,38.629
2026-08-14T00:52:19.074989,0.150,2.496,38.629
2026-08-14T00:52:19.075172,0.182,2.496,38.629
2026-08-14T00:52:19.076430,1.256,2.496,38.629
2026-08-14T00:52:19.076602,0.175,2.496,38.629
2026-08-14T00:52:19.076739,0.139,2.496,38.629
2026-08-14T00:52:19.079034,2.290,2.507,38.629
2026-08-14T00:52:19.079192,0.161,2.475,38.629
2026-08-14T00:52:19.081475,2.281,2.496,38.629
2026-08-14T00:52:19.081612,0.142,2.496,38.629
2026-08-14T00:52:19.081739,0.129,2.496,38.629
2026-08-14T00:52:19.081877,0.137,2.496,38.629
2026-08-14T00:52:19.119429,37.544,2.506,38.629
2026-08-14T00:52:19.119571,0.148,2.505,38.629
2026-08-14T00:52:19.119698,0.131,2.504,38.629
2026-08-14T00:52:19.120907,1.205,2.493,38.629
2026-08-14T00:52:19.121041,0.137,2.493,38.629
2026-08-14T00:52:19.121170,0.130,2.493,38.629
2026-08-14T00:52:19.124536,3.360,2.504,38.629
2026-08-14T00:52:19.124671,0.139,2.503,38.629
2026-08-14T00:52:19.124796,0.126,2.503,38.629
2026-08-14T00:52:19.124933,0.135,2.503,38.629
2026-08-14T00:52:19.125093,0.159,2.503,38.629
2026-08-14T00:52:19.126324,1.229,2.492,38.629
2026-08-14T00:52:19.126485,0.163,2.492,38.629
2026-08-14T00:52:19.126616,0.133,2.492,38.629
2026-08-14T00:52:19.128896,2.279,2.502,38.629
2026-08-14T00:52:19.129032,0.138,2.502,38.629
2026-08-14T00:52:19.132362,3.329,2.513,38.629
2026-08-14T00:52:19.132488,0.128,2.512,38.629
2026-08-14T00:52:19.132604,0.118,2.512,38.629
2026-08-14T00:52:19.132721,0.117,2.512,38.629
2026-08-14T00:52:19.169379,36.591,2.502,38.629
2026-08-14T00:52:19.170201,0.850,2.509,38.629
2026-08-14T00:52:19.170370,0.197,2.510,38.629
2026-08-14T00:52:19.171601,1.230,2.510,38.629
2026-08-14T00:52:19.171759,0.161,2.510,38.629
2026-08-14T00:52:19.171920,0.163,2.510,38.629
2026-08-14T00:52:19.174283,2.336,2.499,38.629
2026-08-14T00:52:19.174480,0.212,2.499,38.629
2026-08-14T00:52:19.174647,0.173,2.499,38.629
2026-08-14T00:52:19.174802,0.158,2.500,38.629
2026-08-14T00:52:19.175037,0.231,2.500,38.629
2026-08-14T00:52:19.176453,1.368,2.501,38.629
2026-08-14T00:52:19.176713,0.300,2.502,38.629
2026-08-14T00:52:19.176916,0.205,2.503,38.629
2026-08-14T00:52:19.178199,1.286,2.492,38.629
2026-08-14T00:52:19.178378,0.183,2.493,38.629
2026-08-14T00:52:19.180700,2.319,2.493,38.629
2026-08-14T00:52:19.180931,0.243,2.495,38.629
2026-08-14T00:52:19.181051,0.125,2.484,38.629
2026-08-14T00:52:19.181159,0.111,2.484,38.629
2026-08-14T00:52:19.218727,37.533,2.494,38.629
2026-08-14T00:52:19.218919,0.208,2.489,38.629
2026-08-14T00:52:19.219073,0.160,2.488,38.629
2026-08-14T00:52:19.221398,2.320,2.510,38.629
2026-08-14T00:52:19.221557,0.165,2.511,38.629
2026-08-14T00:52:19.221700,0.146,2.500,38.629
2026-08-14T00:52:19.223990,2.286,2.500,38.629
2026-08-14T00:52:19.224131,0.146,2.500,38.629
2026-08-14T00:52:19.224259,0.130,2.500,38.629
2026-08-14T00:52:19.224386,0.127,2.500,38.629
2026-08-14T00:52:19.224560,0.172,2.500,38.629
2026-08-14T00:52:19.226875,2.311,2.499,38.629
2026-08-14T00:52:19.227045,0.172,2.498,38.629
2026-08-14T00:52:19.227180,0.139,2.498,38.629
2026-08-14T00:52:19.228402,1.218,2.509,38.629
2026-08-14T00:52:19.231786,3.381,2.541,38.629
2026-08-14T00:52:19.231939,0.157,2.520,38.629
2026-08-14T00:52:19.232067,0.131,2.519,38.629
2026-08-14T00:52:19.232193,0.127,2.519,38.629
2026-08-14T00:52:19.232315,0.123,2.519,38.629
2026-08-14T00:52:19.269016,36.639,2.499,37.544
2026-08-14T00:52:19.269213,0.246,2.500,37.544
2026-08-14T00:52:19.269360,0.155,2.500,37.544
2026-08-14T00:52:19.271660,2.294,2.500,37.544
2026-08-14T00:52:19.271830,0.160,2.500,37.544
2026-08-14T00:52:19.271980,0.165,2.500,37.544
2026-08-14T00:52:19.274303,2.319,2.500,37.544
2026-08-14T00:52:19.274456,0.157,2.500,37.544
2026-08-14T00:52:19.274596,0.142,2.500,37.544
2026-08-14T00:52:19.274729,0.135,2.500,37.544
2026-08-14T00:52:19.274930,0.195,2.500,37.544
2026-08-14T00:52:19.276170,1.241,2.500,37.544
2026-08-14T00:52:19.276345,0.176,2.500,37.544
2026-08-14T00:52:19.276485,0.143,2.500,37.544
2026-08-14T00:52:19.278779,2.291,2.500,37.544
2026-08-14T00:52:19.278946,0.169,2.468,37.544
2026-08-14T00:52:19.281231,2.285,2.489,37.544
2026-08-14T00:52:19.281366,0.138,2.489,37.544
2026-08-14T00:52:19.281494,0.129,2.489,37.544
2026-08-14T00:52:19.281618,0.125,2.489,37.544
2026-08-14T00:52:19.319250,37.613,2.500,37.613
2026-08-14T00:52:19.319408,0.170,2.499,37.613
2026-08-14T00:52:19.319540,0.137,2.499,37.613
2026-08-14T00:52:19.320755,1.208,2.499,37.613
2026-08-14T00:52:19.320918,0.162,2.499,37.613
2026-08-14T00:52:19.321091,0.168,2.500,37.613
2026-08-14T00:52:19.324508,3.408,2.500,37.613
2026-08-14T00:52:19.324674,0.180,2.500,37.613
2026-08-14T00:52:19.324820,0.142,2.500,37.613
2026-08-14T00:52:19.324954,0.144,2.500,37.613
2026-08-14T00:52:19.325132,0.175,2.500,37.613
2026-08-14T00:52:19.326369,1.236,2.499,37.613
2026-08-14T00:52:19.326540,0.173,2.499,37.613
2026-08-14T00:52:19.326702,0.164,2.500,37.613
2026-08-14T00:52:19.328990,2.288,2.500,37.613
2026-08-14T00:52:19.329136,0.147,2.499,37.613
2026-08-14T00:52:19.331406,2.269,2.499,37.613
2026-08-14T00:52:19.331535,0.132,2.499,37.613
2026-08-14T00:52:19.332733,1.196,2.510,37.613
2026-08-14T00:52:19.332875,0.142,2.510,37.613
2026-08-14T00:52:19.369378,36.491,2.499,37.613
2026-08-14T00:52:19.369538,0.165,2.500,37.613
2026-08-14T00:52:19.370264,0.713,2.505,37.613
2026-08-14T00:52:19.371502,1.250,2.506,37.613
2026-08-14T00:52:19.371652,0.154,2.506,37.613
2026-08-14T00:52:19.371789,0.141,2.506,37.613
2026-08-14T00:52:19.374093,2.298,2.496,37.613
2026-08-14T00:52:19.374239,0.149,2.496,37.613
2026-08-14T00:52:19.374374,0.137,2.496,37.613
2026-08-14T00:52:19.374506,0.132,2.496,37.613
2026-08-14T00:52:19.374684,0.175,2.496,37.613
2026-08-14T00:52:19.377040,2.335,2.507,37.613
2026-08-14T00:52:19.377254,0.227,2.508,37.613
2026-08-14T00:52:19.377406,0.161,2.508,37.613
2026-08-14T00:52:19.378649,1.237,2.497,37.613
2026-08-14T00:52:19.378832,0.173,2.498,37.613
2026-08-14T00:52:19.381135,2.312,2.488,37.613
2026-08-14T00:52:19.381288,0.158,2.488,37.613
2026-08-14T00:52:19.381425,0.140,2.488,37.613
2026-08-14T00:52:19.381545,0.128,2.488,37.613
2026-08-14T00:52:19.419219,37.612,2.498,37.613
2026-08-14T00:52:19.419409,0.236,2.492,37.613
2026-08-14T00:52:19.419547,0.147,2.492,37.613
2026-08-14T00:52:19.420761,1.211,2.492,37.613
2026-08-14T00:52:19.420920,0.160,2.492,37.613
2026-08-14T00:52:19.421056,0.140,2.491,37.613
2026-08-14T00:52:19.423332,2.272,2.491,37.613
2026-08-14T00:52:19.423480,0.147,2.490,37.613
2026-08-14T00:52:19.423640,0.156,2.490,37.613
2026-08-14T00:52:19.425057,1.360,2.502,37.613
2026-08-14T00:52:19.425329,0.320,2.503,37.613
2026-08-14T00:52:19.426591,1.270,2.502,37.613
2026-08-14T00:52:19.426775,0.189,2.501,37.613
2026-08-14T00:52:19.426935,0.161,2.500,37.613
2026-08-14T00:52:19.429254,2.317,2.511,37.613
2026-08-14T00:52:19.431602,2.345,2.532,37.613
2026-08-14T00:52:19.431752,0.156,2.511,37.613
2026-08-14T00:52:19.431899,0.148,2.510,37.613
2026-08-14T00:52:19.432033,0.136,2.510,37.613
2026-08-14T00:52:19.432162,0.131,2.510,37.613
2026-08-14T00:52:19.468787,36.575,2.500,37.613
2026-08-14T00:52:19.468996,0.244,2.501,37.613
2026-08-14T00:52:19.469146,0.158,2.501,37.613
2026-08-14T00:52:19.471447,2.297,2.501,37.613
2026-08-14T00:52:19.471600,0.157,2.500,37.613
2026-08-14T00:52:19.471744,0.146,2.500,37.613
2026-08-14T00:52:19.474077,2.320,2.501,37.613
2026-08-14T00:52:19.474235,0.167,2.501,37.613
2026-08-14T00:52:19.474377,0.146,2.501,37.613
2026-08-14T00:52:19.474512,0.136,2.501,37.613
2026-08-14T00:52:19.474702,0.187,2.501,37.613
2026-08-14T00:52:19.477016,2.313,2.501,37.613
2026-08-14T00:52:19.477190,0.177,2.501,37.613
2026-08-14T00:52:19.477328,0.141,2.501,37.613
2026-08-14T00:52:19.478551,1.218,2.501,37.613
2026-08-14T00:52:19.478701,0.154,2.469,37.613
2026-08-14T00:52:19.480993,2.288,2.491,37.613
2026-08-14T00:52:19.481131,0.143,2.491,37.613
2026-08-14T00:52:19.481261,0.131,2.491,37.613
2026-08-14T00:52:19.481387,0.128,2.491,37.613
2026-08-14T00:52:19.518966,37.567,2.500,37.613
2026-08-14T00:52:19.519115,0.156,2.499,37.613
2026-08-14T00:52:19.519248,0.135,2.499,37.613
2026-08-14T00:52:19.521539,2.285,2.499,37.613
2026-08-14T00:52:19.521685,0.149,2.499,37.613
2026-08-14T00:52:19.521831,0.137,2.498,37.613
2026-08-14T00:52:19.524120,2.293,2.498,37.613
2026-08-14T00:52:19.524263,0.147,2.498,37.613
2026-08-14T00:52:19.524396,0.135,2.498,37.613
2026-08-14T00:52:19.524525,0.130,2.498,37.613
2026-08-14T00:52:19.524694,0.165,2.498,37.613
2026-08-14T00:52:19.527016,2.317,2.508,37.613
2026-08-14T00:52:19.527193,0.180,2.508,37.613
2026-08-14T00:52:19.527334,0.144,2.508,37.613
2026-08-14T00:52:19.529626,2.292,2.508,37.613
2026-08-14T00:52:19.529765,0.143,2.508,37.613
2026-08-14T00:52:19.530982,1.207,2.497,37.613
2026-08-14T00:52:19.531121,0.146,2.498,37.613
2026-08-14T00:52:19.533395,2.273,2.519,37.613
2026-08-14T00:52:19.533526,0.135,2.519,37.613
2026-08-14T00:52:19.565766,32.222,2.465,37.612
2026-08-14T00:52:19.569164,3.402,2.497,37.612
2026-08-14T00:52:19.569311,0.155,2.498,37.612
2026-08-14T00:52:19.569447,0.138,2.487,37.612
2026-08-14T00:52:19.571242,1.781,2.503,37.612
2026-08-14T00:52:19.571408,0.175,2.503,37.612
2026-08-14T00:52:19.571572,0.160,2.471,37.612
2026-08-14T00:52:19.573885,2.314,2.492,37.612
2026-08-14T00:52:19.574034,0.154,2.492,37.612
2026-08-14T00:52:19.574171,0.140,2.492,37.612
2026-08-14T00:52:19.574306,0.135,2.492,37.612
2026-08-14T00:52:19.574488,0.180,2.481,37.612
2026-08-14T00:52:19.576877,2.359,2.503,37.612
2026-08-14T00:52:19.577086,0.233,2.504,37.612
2026-08-14T00:52:19.577241,0.162,2.482,37.612
2026-08-14T00:52:19.577379,0.141,2.482,37.612
2026-08-14T00:52:19.577529,0.150,2.461,37.612
2026-08-14T00:52:19.580971,3.418,2.494,37.612
2026-08-14T00:52:19.581140,0.191,2.484,37.612
2026-08-14T00:52:19.581262,0.130,2.484,37.612
2026-08-14T00:52:19.581379,0.118,2.120,37.612
2026-08-14T00:52:19.619003,37.590,2.494,37.612
2026-08-14T00:52:19.619183,0.199,2.489,37.612
2026-08-14T00:52:19.619332,0.155,2.478,37.612
2026-08-14T00:52:19.620594,1.249,2.489,37.612
2026-08-14T00:52:19.620758,0.175,2.490,37.612
2026-08-14T00:52:19.624122,3.364,2.500,37.612
2026-08-14T00:52:19.624267,0.149,2.500,37.612
2026-08-14T00:52:19.624396,0.131,2.500,37.612
2026-08-14T00:52:19.624524,0.129,2.500,37.612
2026-08-14T00:52:19.624649,0.126,2.500,37.612
2026-08-14T00:52:19.626978,2.321,2.500,37.612
2026-08-14T00:52:19.627130,0.156,2.499,37.612
2026-08-14T00:52:19.627287,0.158,2.499,37.612
2026-08-14T00:52:19.631748,4.447,2.531,37.612
2026-08-14T00:52:19.631918,0.178,2.531,37.612
2026-08-14T00:52:19.632072,0.159,2.509,37.612
2026-08-14T00:52:19.632200,0.130,2.509,37.612
2026-08-14T00:52:19.632326,0.126,2.509,37.612
2026-08-14T00:52:19.632452,0.126,2.509,37.612
2026-08-14T00:52:19.632588,0.131,2.134,37.590
2026-08-14T00:52:19.669213,36.559,2.497,37.590
2026-08-14T00:52:19.669416,0.263,2.499,37.590
2026-08-14T00:52:19.669556,0.149,2.488,37.590
2026-08-14T00:52:19.670769,1.210,2.498,37.590
2026-08-14T00:52:19.670926,0.158,2.499,37.590
2026-08-14T00:52:19.671062,0.140,2.477,37.590
2026-08-14T00:52:19.674411,3.344,2.509,37.590
2026-08-14T00:52:19.674552,0.144,2.509,37.590
2026-08-14T00:52:19.674681,0.131,2.497,37.590
2026-08-14T00:52:19.674807,0.127,2.495,37.590
2026-08-14T00:52:19.675007,0.195,2.484,37.590
2026-08-14T00:52:19.676245,1.237,2.495,37.590
2026-08-14T00:52:19.676414,0.170,2.495,37.590
2026-08-14T00:52:19.676552,0.140,2.473,37.590
2026-08-14T00:52:19.677775,1.221,2.462,37.590
2026-08-14T00:52:19.682227,4.450,2.505,37.590
2026-08-14T00:52:19.682366,0.144,2.505,37.590
2026-08-14T00:52:19.682492,0.128,2.505,37.590
2026-08-14T00:52:19.682619,0.127,2.505,37.590
2026-08-14T00:52:19.682745,0.126,2.140,37.590
2026-08-14T00:52:19.719317,36.541,2.503,37.590
2026-08-14T00:52:19.719489,0.195,2.503,37.590
2026-08-14T00:52:19.719628,0.144,2.482,37.590
2026-08-14T00:52:19.720851,1.210,2.492,37.590
2026-08-14T00:52:19.720998,0.158,2.493,37.590
2026-08-14T00:52:19.721130,0.136,2.471,37.590
2026-08-14T00:52:19.724475,3.340,2.502,37.590
2026-08-14T00:52:19.724613,0.141,2.502,37.590
2026-08-14T00:52:19.724739,0.129,2.502,37.590
2026-08-14T00:52:19.724874,0.133,2.502,37.590
2026-08-14T00:52:19.725049,0.172,2.480,37.590
2026-08-14T00:52:19.726286,1.236,2.491,37.590
2026-08-14T00:52:19.726453,0.169,2.491,37.590
2026-08-14T00:52:19.726588,0.138,2.480,37.590
2026-08-14T00:52:19.728888,2.296,2.502,37.590
2026-08-14T00:52:19.729038,0.152,2.480,37.590
2026-08-14T00:52:19.731315,2.275,2.502,37.590
2026-08-14T00:52:19.731451,0.139,2.502,37.590
2026-08-14T00:52:19.732658,1.205,2.513,37.590
2026-08-14T00:52:19.732795,0.139,2.138,37.590
2026-08-14T00:52:19.769312,36.504,2.502,37.590
2026-08-14T00:52:19.769464,0.159,2.502,37.590
2026-08-14T00:52:19.769598,0.138,2.481,37.590
2026-08-14T00:52:19.771403,1.777,2.497,37.590
2026-08-14T00:52:19.771578,0.197,2.498,37.590
2026-08-14T00:52:19.771719,0.146,2.476,37.590
2026-08-14T00:52:19.774028,2.304,2.498,37.590
2026-08-14T00:52:19.774170,0.147,2.498,37.590
2026-08-14T00:52:19.774301,0.134,2.498,37.590
2026-08-14T00:52:19.774428,0.127,2.497,37.590
2026-08-14T00:52:19.774601,0.170,2.476,37.590
2026-08-14T00:52:19.775846,1.232,2.486,37.590
2026-08-14T00:52:19.776047,0.212,2.487,37.590
2026-08-14T00:52:19.776185,0.141,2.466,37.590
2026-08-14T00:52:19.778579,2.364,2.488,37.590
2026-08-14T00:52:19.778769,0.211,2.478,37.590
2026-08-14T00:52:19.781063,2.300,2.499,37.590
2026-08-14T00:52:19.781196,0.137,2.478,37.590
2026-08-14T00:52:19.781313,0.120,2.478,37.590
2026-08-14T00:52:19.781428,0.115,2.157,37.590
2026-08-14T00:52:19.819045,37.581,2.499,37.590
2026-08-14T00:52:19.819227,0.202,2.499,37.590
2026-08-14T00:52:19.819373,0.155,2.499,37.590
2026-08-14T00:52:19.821716,2.325,2.505,37.590
2026-08-14T00:52:19.821904,0.198,2.505,37.590
2026-08-14T00:52:19.822051,0.158,2.505,37.590
2026-08-14T00:52:19.824335,2.279,2.505,37.590
2026-08-14T00:52:19.824478,0.147,2.504,37.590
2026-08-14T00:52:19.824608,0.132,2.504,37.590
2026-08-14T00:52:19.824734,0.127,2.504,37.590
2026-08-14T00:52:19.824920,0.181,2.504,37.590
2026-08-14T00:52:19.826161,1.241,2.493,37.590
2026-08-14T00:52:19.826327,0.168,2.492,37.590
2026-08-14T00:52:19.826465,0.140,2.492,37.590
2026-08-14T00:52:19.828763,2.293,2.514,37.590
2026-08-14T00:52:19.831092,2.327,2.536,37.590
2026-08-14T00:52:19.831235,0.149,2.503,37.590
2026-08-14T00:52:19.831363,0.131,2.502,37.590
2026-08-14T00:52:19.832576,1.213,2.513,37.590
2026-08-14T00:52:19.833781,1.203,2.524,37.590
2026-08-14T00:52:19.869261,35.452,2.503,37.581
2026-08-14T00:52:19.869429,0.192,2.503,37.581
2026-08-14T00:52:19.869564,0.141,2.502,37.581
2026-08-14T00:52:19.870774,1.207,2.502,37.581
2026-08-14T00:52:19.870929,0.154,2.502,37.581
2026-08-14T00:52:19.871065,0.140,2.469,37.581
2026-08-14T00:52:19.874417,3.345,2.501,37.581
2026-08-14T00:52:19.874559,0.147,2.502,37.581
2026-08-14T00:52:19.874687,0.130,2.502,37.581
2026-08-14T00:52:19.874821,0.124,2.502,37.581
2026-08-14T00:52:19.874995,0.180,2.480,37.581
2026-08-14T00:52:19.876228,1.232,2.491,37.581
2026-08-14T00:52:19.876393,0.167,2.491,37.581
2026-08-14T00:52:19.876526,0.135,2.448,37.581
2026-08-14T00:52:19.877747,1.218,2.458,37.581
2026-08-14T00:52:19.882203,4.453,2.501,37.581
2026-08-14T00:52:19.882344,0.147,2.501,37.581
2026-08-14T00:52:19.882471,0.129,2.501,37.581
2026-08-14T00:52:19.882595,0.125,2.501,37.581
2026-08-14T00:52:19.882721,0.126,2.501,37.581
2026-08-14T00:52:19.919329,36.551,2.501,37.581
2026-08-14T00:52:19.919523,0.239,2.501,37.581
2026-08-14T00:52:19.919660,0.146,2.501,37.581
2026-08-14T00:52:19.920884,1.220,2.501,37.581
2026-08-14T00:52:19.921034,0.152,2.501,37.581
2026-08-14T00:52:19.921169,0.137,2.501,37.581
2026-08-14T00:52:19.924529,3.356,2.501,37.581
2026-08-14T00:52:19.924668,0.143,2.501,37.581
2026-08-14T00:52:19.924796,0.130,2.501,37.581
2026-08-14T00:52:19.924941,0.142,2.501,37.581
2026-08-14T00:52:19.925119,0.178,2.501,37.581
2026-08-14T00:52:19.926353,1.232,2.501,37.581
2026-08-14T00:52:19.926518,0.167,2.501,37.581
2026-08-14T00:52:19.926652,0.136,2.501,37.581
2026-08-14T00:52:19.928944,2.288,2.512,37.581
2026-08-14T00:52:19.929096,0.153,2.469,37.581
2026-08-14T00:52:19.931375,2.278,2.490,37.581
2026-08-14T00:52:19.931512,0.140,2.490,37.581
2026-08-14T00:52:19.932719,1.204,2.501,37.581
2026-08-14T00:52:19.932868,0.150,2.501,37.581
2026-08-14T00:52:19.969368,36.487,2.501,37.581
2026-08-14T00:52:19.969526,0.166,2.500,37.581
2026-08-14T00:52:19.969664,0.143,2.500,37.581
2026-08-14T00:52:19.971462,1.782,2.506,37.581
2026-08-14T00:52:19.971622,0.171,2.506,37.581
2026-08-14T00:52:19.971762,0.145,2.506,37.581
2026-08-14T00:52:19.974054,2.286,2.496,37.581
2026-08-14T00:52:19.974200,0.151,2.496,37.581
2026-08-14T00:52:19.974338,0.139,2.496,37.581
2026-08-14T00:52:19.974470,0.133,2.496,37.581
2026-08-14T00:52:19.974647,0.174,2.496,37.581
2026-08-14T00:52:19.976982,2.325,2.507,37.581
2026-08-14T00:52:19.977201,0.216,2.507,37.581
2026-08-14T00:52:19.977391,0.199,2.508,37.581
2026-08-14T00:52:19.978639,1.245,2.497,37.581
2026-08-14T00:52:19.978823,0.175,2.498,37.581
2026-08-14T00:52:19.981111,2.304,2.498,37.581
2026-08-14T00:52:19.981243,0.137,2.498,37.581
2026-08-14T00:52:19.981364,0.123,2.487,37.581
2026-08-14T00:52:19.981482,0.118,2.487,37.581
2026-08-14T00:52:20.019086,37.573,2.498,37.581
2026-08-14T00:52:20.019259,0.192,2.498,37.581
2026-08-14T00:52:20.019399,0.148,2.498,37.581
2026-08-14T00:52:20.020611,1.210,2.492,37.581
2026-08-14T00:52:20.020752,0.142,2.492,37.581
2026-08-14T00:52:20.020898,0.147,2.492,37.581
2026-08-14T00:52:20.024251,3.348,2.502,37.581
2026-08-14T00:52:20.024396,0.148,2.502,37.581
2026-08-14T00:52:20.024525,0.132,2.502,37.581
2026-08-14T00:52:20.024650,0.127,2.502,37.581
2026-08-14T00:52:20.024839,0.171,2.502,37.581
2026-08-14T00:52:20.027151,2.324,2.513,37.581
2026-08-14T00:52:20.027317,0.168,2.513,37.581
2026-08-14T00:52:20.027453,0.138,2.513,37.581
2026-08-14T00:52:20.028673,1.218,2.501,37.581
2026-08-14T00:52:20.032027,3.355,2.533,37.581
2026-08-14T00:52:20.032157,0.134,2.511,37.581
2026-08-14T00:52:20.032275,0.120,2.511,37.581
2026-08-14T00:52:20.032393,0.118,2.511,37.581
2026-08-14T00:52:20.032509,0.116,2.511,37.581
2026-08-14T00:52:20.069008,36.474,2.500,37.573
2026-08-14T00:52:20.069167,0.176,2.499,37.573
2026-08-14T00:52:20.069300,0.138,2.499,37.573
2026-08-14T00:52:20.071588,2.281,2.499,37.573
2026-08-14T00:52:20.071732,0.145,2.498,37.573
2026-08-14T00:52:20.071900,0.163,2.498,37.573
2026-08-14T00:52:20.074191,2.296,2.499,37.573
2026-08-14T00:52:20.074332,0.145,2.499,37.573
2026-08-14T00:52:20.074458,0.129,2.499,37.573
2026-08-14T00:52:20.074581,0.124,2.498,37.573
2026-08-14T00:52:20.074747,0.163,2.498,37.573
2026-08-14T00:52:20.077067,2.316,2.509,37.573
2026-08-14T00:52:20.077236,0.171,2.509,37.573
2026-08-14T00:52:20.077370,0.138,2.509,37.573
2026-08-14T00:52:20.078589,1.216,2.498,37.573
2026-08-14T00:52:20.078737,0.151,2.477,37.573
2026-08-14T00:52:20.081016,2.275,2.498,37.573
2026-08-14T00:52:20.081151,0.139,2.498,37.573
2026-08-14T00:52:20.081277,0.128,2.487,37.573
2026-08-14T00:52:20.081401,0.124,2.476,37.573
2026-08-14T00:52:20.118959,37.546,2.497,37.573
2026-08-14T00:52:20.119110,0.156,2.497,37.573
2026-08-14T00:52:20.119247,0.140,2.497,37.573
2026-08-14T00:52:20.120466,1.215,2.497,37.573
2026-08-14T00:52:20.120611,0.147,2.497,37.573
2026-08-14T00:52:20.123977,3.362,2.529,37.573
2026-08-14T00:52:20.124123,0.150,2.497,37.573
2026-08-14T00:52:20.124253,0.133,2.497,37.573
2026-08-14T00:52:20.124384,0.131,2.497,37.573
2026-08-14T00:52:20.124512,0.129,2.497,37.573
2026-08-14T00:52:20.125791,1.252,2.508,37.573
2026-08-14T00:52:20.126010,0.239,2.498,37.573
2026-08-14T00:52:20.126175,0.169,2.498,37.573
2026-08-14T00:52:20.129539,3.362,2.530,37.573
2026-08-14T00:52:20.129682,0.147,2.519,37.573
2026-08-14T00:52:20.131970,2.284,2.498,37.573
2026-08-14T00:52:20.133189,1.220,2.508,37.573
2026-08-14T00:52:20.133324,0.139,2.509,37.573
2026-08-14T00:52:20.133458,0.134,2.509,37.573
2026-08-14T00:52:20.133588,0.130,2.509,37.573
2026-08-14T00:52:20.169188,35.532,2.498,37.573
2026-08-14T00:52:20.169394,0.265,2.499,37.573
2026-08-14T00:52:20.169533,0.149,2.499,37.573
2026-08-14T00:52:20.170756,1.213,2.499,37.573
2026-08-14T00:52:20.171539,0.759,2.505,37.573
2026-08-14T00:52:20.171699,0.191,2.505,37.573
2026-08-14T00:52:20.173997,2.295,2.495,37.573
2026-08-14T00:52:20.174145,0.152,2.495,37.573
2026-08-14T00:52:20.174276,0.134,2.495,37.573
2026-08-14T00:52:20.174402,0.126,2.495,37.573
2026-08-14T00:52:20.174578,0.174,2.495,37.573
2026-08-14T00:52:20.175826,1.234,2.495,37.573
2026-08-14T00:52:20.176022,0.208,2.495,37.573
2026-08-14T00:52:20.176161,0.141,2.495,37.573
2026-08-14T00:52:20.178521,2.332,2.496,37.573
2026-08-14T00:52:20.178705,0.207,2.496,37.573
2026-08-14T00:52:20.181001,2.298,2.496,37.573
2026-08-14T00:52:20.181138,0.142,2.496,37.573
2026-08-14T00:52:20.181261,0.126,2.485,37.573
2026-08-14T00:52:20.181382,0.121,2.485,37.573
2026-08-14T00:52:20.219018,37.596,2.496,37.596
2026-08-14T00:52:20.219200,0.208,2.497,37.596
2026-08-14T00:52:20.219344,0.152,2.497,37.596
2026-08-14T00:52:20.220565,1.217,2.491,37.596
2026-08-14T00:52:20.220717,0.154,2.491,37.596
2026-08-14T00:52:20.220873,0.156,2.491,37.596
2026-08-14T00:52:20.224234,3.359,2.502,37.596
2026-08-14T00:52:20.224381,0.149,2.502,37.596
2026-08-14T00:52:20.224518,0.139,2.502,37.596
2026-08-14T00:52:20.224651,0.134,2.502,37.596
2026-08-14T00:52:20.224847,0.181,2.502,37.596
2026-08-14T00:52:20.226099,1.262,2.491,37.596
2026-08-14T00:52:20.226275,0.177,2.491,37.596
2026-08-14T00:52:20.226423,0.150,2.490,37.596
2026-08-14T00:52:20.228717,2.296,2.501,37.596
2026-08-14T00:52:20.231006,2.290,2.522,37.596
2026-08-14T00:52:20.231134,0.132,2.500,37.596
2026-08-14T00:52:20.231252,0.120,2.500,37.596
2026-08-14T00:52:20.232462,1.206,2.511,37.596
2026-08-14T00:52:20.232590,0.131,2.511,37.596
2026-08-14T00:52:20.269145,36.517,2.501,37.596
2026-08-14T00:52:20.269323,0.206,2.501,37.596
2026-08-14T00:52:20.269466,0.149,2.501,37.596
2026-08-14T00:52:20.270687,1.218,2.501,37.596
2026-08-14T00:52:20.270848,0.151,2.501,37.596
2026-08-14T00:52:20.270994,0.159,2.501,37.596
2026-08-14T00:52:20.274356,3.357,2.501,37.596
2026-08-14T00:52:20.274507,0.153,2.501,37.596
2026-08-14T00:52:20.274643,0.140,2.501,37.596
2026-08-14T00:52:20.274774,0.132,2.501,37.596
2026-08-14T00:52:20.274969,0.189,2.501,37.596
2026-08-14T00:52:20.276215,1.246,2.491,37.596
2026-08-14T00:52:20.276389,0.176,2.491,37.596
2026-08-14T00:52:20.276532,0.144,2.491,37.596
2026-08-14T00:52:20.278844,2.301,2.502,37.596
2026-08-14T00:52:20.279004,0.170,2.470,37.596
2026-08-14T00:52:20.281277,2.277,2.491,37.596
2026-08-14T00:52:20.281405,0.130,2.491,37.596
2026-08-14T00:52:20.281521,0.118,2.491,37.596
2026-08-14T00:52:20.281638,0.117,2.491,37.596
2026-08-14T00:52:20.319219,37.559,2.502,37.596
2026-08-14T00:52:20.319380,0.172,2.502,37.596
2026-08-14T00:52:20.319520,0.145,2.502,37.596
2026-08-14T00:52:20.320746,1.218,2.492,37.596
2026-08-14T00:52:20.320913,0.170,2.492,37.596
2026-08-14T00:52:20.321054,0.145,2.492,37.596
2026-08-14T00:52:20.324404,3.348,2.502,37.596
2026-08-14T00:52:20.324541,0.140,2.502,37.596
2026-08-14T00:52:20.324666,0.127,2.502,37.596
2026-08-14T00:52:20.324789,0.124,2.502,37.596
2026-08-14T00:52:20.324962,0.168,2.502,37.596
2026-08-14T00:52:20.326194,1.232,2.491,37.596
2026-08-14T00:52:20.326355,0.162,2.491,37.596
2026-08-14T00:52:20.326486,0.134,2.491,37.596
2026-08-14T00:52:20.328775,2.285,2.502,37.596
2026-08-14T00:52:20.328931,0.158,2.502,37.596
2026-08-14T00:52:20.331216,2.281,2.502,37.596
2026-08-14T00:52:20.331351,0.141,2.502,37.596
2026-08-14T00:52:20.332554,1.202,2.513,37.596
2026-08-14T00:52:20.332685,0.135,2.513,37.596
2026-08-14T00:52:20.369146,36.448,2.502,37.596
2026-08-14T00:52:20.369294,0.154,2.502,37.596
2026-08-14T00:52:20.369426,0.136,2.502,37.596
2026-08-14T00:52:20.370638,1.208,2.502,37.596
2026-08-14T00:52:20.370781,0.144,2.502,37.596
2026-08-14T00:52:20.371494,0.701,2.475,37.596
2026-08-14T00:52:20.373800,2.311,2.497,37.596
2026-08-14T00:52:20.373965,0.170,2.497,37.596
2026-08-14T00:52:20.374102,0.140,2.497,37.596
2026-08-14T00:52:20.374226,0.128,2.497,37.596
2026-08-14T00:52:20.374385,0.156,2.486,37.596
2026-08-14T00:52:20.375615,1.227,2.496,37.596
2026-08-14T00:52:20.376901,1.278,2.507,37.596
2026-08-14T00:52:20.377064,0.169,2.475,37.596
2026-08-14T00:52:20.378338,1.260,2.486,37.596
2026-08-14T00:52:20.378517,0.192,2.465,37.596
2026-08-14T00:52:20.380807,2.292,2.476,37.596
2026-08-14T00:52:20.380963,0.158,2.476,37.596
2026-08-14T00:52:20.381094,0.134,2.476,37.596
2026-08-14T00:52:20.381222,0.128,2.476,37.596
2026-08-14T00:52:20.419080,37.781,2.499,37.781
2026-08-14T00:52:20.419301,0.283,2.499,37.781
2026-08-14T00:52:20.419453,0.162,2.499,37.781
2026-08-14T00:52:20.420685,1.228,2.499,37.781
2026-08-14T00:52:20.420860,0.160,2.493,37.781
2026-08-14T00:52:20.421011,0.171,2.493,37.781
2026-08-14T00:52:20.424374,3.360,2.504,37.781
2026-08-14T00:52:20.424548,0.175,2.504,37.781
2026-08-14T00:52:20.424692,0.147,2.504,37.781
2026-08-14T00:52:20.424842,0.139,2.504,37.781
2026-08-14T00:52:20.425039,0.205,2.505,37.781
2026-08-14T00:52:20.426291,1.250,2.505,37.781
2026-08-14T00:52:20.426475,0.186,2.504,37.781
2026-08-14T00:52:20.426621,0.151,2.505,37.781
2026-08-14T00:52:20.428915,2.295,2.504,37.781
2026-08-14T00:52:20.432269,3.353,2.536,37.781
2026-08-14T00:52:20.432406,0.139,2.514,37.781
2026-08-14T00:52:20.432530,0.126,2.514,37.781
2026-08-14T00:52:20.432649,0.121,2.514,37.781
2026-08-14T00:52:20.432767,0.118,2.514,37.781
2026-08-14T00:52:20.469383,36.569,2.504,37.781
2026-08-14T00:52:20.469573,0.222,2.504,37.781
2026-08-14T00:52:20.469721,0.155,2.504,37.781
2026-08-14T00:52:20.470945,1.221,2.504,37.781
2026-08-14T00:52:20.471096,0.154,2.504,37.781
2026-08-14T00:52:20.471237,0.143,2.504,37.781
2026-08-14T00:52:20.473528,2.285,2.493,37.781
2026-08-14T00:52:20.473678,0.153,2.493,37.781
2026-08-14T00:52:20.473829,0.139,2.493,37.781
2026-08-14T00:52:20.473969,0.154,2.493,37.781
2026-08-14T00:52:20.474154,0.184,2.493,37.781
2026-08-14T00:52:20.476473,2.315,2.504,37.781
2026-08-14T00:52:20.476651,0.181,2.504,37.781
2026-08-14T00:52:20.476794,0.146,2.504,37.781
2026-08-14T00:52:20.479133,2.331,2.504,37.781
2026-08-14T00:52:20.479297,0.169,2.483,37.781
2026-08-14T00:52:20.481576,2.282,2.504,37.781
2026-08-14T00:52:20.481706,0.134,2.505,37.781
2026-08-14T00:52:20.481836,0.121,2.494,37.781
2026-08-14T00:52:20.481958,0.132,2.494,37.781
2026-08-14T00:52:20.519502,37.529,2.504,37.781
2026-08-14T00:52:20.519660,0.163,2.503,37.781
2026-08-14T00:52:20.519798,0.144,2.503,37.781
2026-08-14T00:52:20.521036,1.232,2.503,37.781
2026-08-14T00:52:20.521189,0.155,2.504,37.781
2026-08-14T00:52:20.521326,0.142,2.503,37.781
2026-08-14T00:52:20.523611,2.281,2.493,37.781
2026-08-14T00:52:20.523754,0.146,2.492,37.781
2026-08-14T00:52:20.523904,0.149,2.493,37.781
2026-08-14T00:52:20.524039,0.138,2.493,37.781
2026-08-14T00:52:20.524210,0.168,2.492,37.781
2026-08-14T00:52:20.526522,2.310,2.503,37.781
2026-08-14T00:52:20.526694,0.174,2.503,37.781
2026-08-14T00:52:20.526849,0.143,2.503,37.781
2026-08-14T00:52:20.529158,2.318,2.503,37.781
2026-08-14T00:52:20.529311,0.157,2.503,37.781
2026-08-14T00:52:20.531606,2.290,2.503,37.781
2026-08-14T00:52:20.531751,0.149,2.503,37.781
2026-08-14T00:52:20.532979,1.226,2.514,37.781
2026-08-14T00:52:20.533109,0.138,2.515,37.781
2026-08-14T00:52:20.565341,32.218,2.461,37.781
2026-08-14T00:52:20.568715,3.377,2.493,37.781
2026-08-14T00:52:20.568872,0.161,2.493,37.781
2026-08-14T00:52:20.569009,0.141,2.483,37.781
2026-08-14T00:52:20.570224,1.211,2.493,37.781
2026-08-14T00:52:20.570366,0.145,2.493,37.781
2026-08-14T00:52:20.574310,3.926,2.499,37.781
2026-08-14T00:52:20.574475,0.176,2.499,37.781
2026-08-14T00:52:20.574626,0.151,2.500,37.781
2026-08-14T00:52:20.574766,0.147,2.500,37.781
2026-08-14T00:52:20.574917,0.149,2.500,37.781
2026-08-14T00:52:20.577248,2.322,2.510,37.781
2026-08-14T00:52:20.577436,0.186,2.511,37.781
2026-08-14T00:52:20.577622,0.193,2.511,37.781
2026-08-14T00:52:20.577761,0.145,2.490,37.781
2026-08-14T00:52:20.577905,0.144,2.490,37.781
2026-08-14T00:52:20.579123,1.216,2.479,37.781
2026-08-14T00:52:20.581468,2.326,2.501,37.781
2026-08-14T00:52:20.581634,0.180,2.491,37.781
2026-08-14T00:52:20.581771,0.144,2.491,37.781
2026-08-14T00:52:20.581919,0.146,2.128,37.781
2026-08-14T00:52:20.618513,36.565,2.492,37.781
2026-08-14T00:52:20.618690,0.199,2.493,37.781
2026-08-14T00:52:20.618841,0.146,2.482,37.781
2026-08-14T00:52:20.621134,2.301,2.504,37.781
2026-08-14T00:52:20.621277,0.147,2.498,37.781
2026-08-14T00:52:20.621409,0.134,2.476,37.781
2026-08-14T00:52:20.623728,2.296,2.497,37.781
2026-08-14T00:52:20.623912,0.195,2.498,37.781
2026-08-14T00:52:20.624067,0.162,2.498,37.781
2026-08-14T00:52:20.624208,0.143,2.498,37.781
2026-08-14T00:52:20.624398,0.189,2.488,37.781
2026-08-14T00:52:20.626776,2.352,2.499,37.781
2026-08-14T00:52:20.627001,0.246,2.499,37.781
2026-08-14T00:52:20.627195,0.192,2.489,37.781
2026-08-14T00:52:20.628469,1.266,2.499,37.781
2026-08-14T00:52:20.631988,3.491,2.511,37.781
2026-08-14T00:52:20.632186,0.235,2.512,37.781
2026-08-14T00:52:20.632326,0.150,2.512,37.781
2026-08-14T00:52:20.632454,0.130,2.512,37.781
2026-08-14T00:52:20.632580,0.127,2.136,37.529
2026-08-14T00:52:20.669613,36.957,2.503,37.529
2026-08-14T00:52:20.669804,0.260,2.504,37.529
2026-08-14T00:52:20.670055,0.251,2.494,37.529
2026-08-14T00:52:20.670179,0.132,2.493,37.529
2026-08-14T00:52:20.670293,0.116,2.493,37.529
2026-08-14T00:52:20.673615,3.318,2.492,37.529
2026-08-14T00:52:20.673737,0.125,2.492,37.529
2026-08-14T00:52:20.673856,0.119,2.492,37.529
2026-08-14T00:52:20.673973,0.118,2.492,37.529
2026-08-14T00:52:20.674082,0.110,2.491,37.529
2026-08-14T00:52:20.675343,1.248,2.491,37.529
2026-08-14T00:52:20.676570,1.232,2.501,37.529
2026-08-14T00:52:20.676712,0.148,2.501,37.529
2026-08-14T00:52:20.677904,1.190,2.490,37.529
2026-08-14T00:52:20.678020,0.119,2.458,37.529
2026-08-14T00:52:20.681425,3.375,2.490,37.529
2026-08-14T00:52:20.681584,0.180,2.490,37.529
2026-08-14T00:52:20.681707,0.130,2.491,37.529
2026-08-14T00:52:20.681841,0.117,2.491,37.529
2026-08-14T00:52:20.681970,0.144,2.126,37.529
2026-08-14T00:52:20.718448,36.463,2.489,37.529
2026-08-14T00:52:20.718605,0.166,2.489,37.529
2026-08-14T00:52:20.718743,0.140,2.478,37.529
2026-08-14T00:52:20.721084,2.328,2.500,37.529
2026-08-14T00:52:20.721249,0.173,2.500,37.529
2026-08-14T00:52:20.721396,0.151,2.479,37.529
2026-08-14T00:52:20.723681,2.283,2.500,37.529
2026-08-14T00:52:20.723831,0.145,2.500,37.529
2026-08-14T00:52:20.723966,0.145,2.500,37.529
2026-08-14T00:52:20.724098,0.132,2.499,37.529
2026-08-14T00:52:20.724274,0.174,2.478,37.529
2026-08-14T00:52:20.726582,2.305,2.499,37.529
2026-08-14T00:52:20.726753,0.173,2.500,37.529
2026-08-14T00:52:20.726904,0.152,2.478,37.529
2026-08-14T00:52:20.728133,1.228,2.488,37.529
2026-08-14T00:52:20.731515,3.380,2.499,37.529
2026-08-14T00:52:20.731654,0.144,2.499,37.529
2026-08-14T00:52:20.731781,0.129,2.500,37.529
2026-08-14T00:52:20.731920,0.137,2.500,37.529
2026-08-14T00:52:20.732047,0.128,2.126,36.957
2026-08-14T00:52:20.768616,36.542,2.489,36.957
2026-08-14T00:52:20.768793,0.193,2.490,36.957
2026-08-14T00:52:20.768959,0.169,2.479,36.957
2026-08-14T00:52:20.771311,2.339,2.501,36.957
2026-08-14T00:52:20.771484,0.183,2.501,36.957
2026-08-14T00:52:20.772219,0.727,2.486,36.957
2026-08-14T00:52:20.774545,2.331,2.508,36.957
2026-08-14T00:52:20.774706,0.167,2.508,36.957
2026-08-14T00:52:20.774864,0.160,2.508,36.957
2026-08-14T00:52:20.775012,0.149,2.508,36.957
2026-08-14T00:52:20.775207,0.192,2.487,36.957
2026-08-14T00:52:20.776443,1.240,2.498,36.957
2026-08-14T00:52:20.776606,0.166,2.498,36.957
2026-08-14T00:52:20.776738,0.134,2.476,36.957
2026-08-14T00:52:20.777963,1.218,2.486,36.957
2026-08-14T00:52:20.780304,2.329,2.487,36.957
2026-08-14T00:52:20.781537,1.244,2.498,36.957
2026-08-14T00:52:20.781670,0.140,2.487,36.957
2026-08-14T00:52:20.782900,1.227,2.498,36.957
2026-08-14T00:52:20.783036,0.139,2.177,36.957
2026-08-14T00:52:20.818535,35.457,2.498,36.957
2026-08-14T00:52:20.818724,0.218,2.498,36.957
2026-08-14T00:52:20.818887,0.169,2.499,36.957
2026-08-14T00:52:20.821264,2.356,2.510,36.957
2026-08-14T00:52:20.821441,0.195,2.511,36.957
2026-08-14T00:52:20.821589,0.153,2.473,36.957
2026-08-14T00:52:20.823894,2.300,2.494,36.957
2026-08-14T00:52:20.824045,0.155,2.494,36.957
2026-08-14T00:52:20.824184,0.141,2.494,36.957
2026-08-14T00:52:20.824319,0.136,2.494,36.957
2026-08-14T00:52:20.824505,0.183,2.473,36.957
2026-08-14T00:52:20.826867,2.355,2.494,36.957
2026-08-14T00:52:20.827062,0.197,2.494,36.957
2026-08-14T00:52:20.827211,0.154,2.494,36.957
2026-08-14T00:52:20.828446,1.232,2.505,36.957
2026-08-14T00:52:20.831822,3.370,2.527,36.957
2026-08-14T00:52:20.831966,0.155,2.505,36.957
2026-08-14T00:52:20.832093,0.130,2.505,36.957
2026-08-14T00:52:20.832220,0.127,2.505,36.957
2026-08-14T00:52:20.832347,0.127,2.504,36.957
2026-08-14T00:52:20.868969,36.583,2.504,36.957
2026-08-14T00:52:20.869149,0.209,2.505,36.957
2026-08-14T00:52:20.869291,0.149,2.505,36.957
2026-08-14T00:52:20.870513,1.219,2.494,36.957
2026-08-14T00:52:20.870663,0.153,2.494,36.957
2026-08-14T00:52:20.870805,0.143,2.494,36.957
2026-08-14T00:52:20.874169,3.361,2.505,36.957
2026-08-14T00:52:20.874305,0.140,2.504,36.957
2026-08-14T00:52:20.874434,0.130,2.504,36.957
2026-08-14T00:52:20.874559,0.125,2.504,36.957
2026-08-14T00:52:20.874739,0.171,2.503,36.957
2026-08-14T00:52:20.875999,1.259,2.492,36.957
2026-08-14T00:52:20.876174,0.180,2.492,36.957
2026-08-14T00:52:20.876311,0.140,2.491,36.957
2026-08-14T00:52:20.878603,2.289,2.502,36.957
2026-08-14T00:52:20.878755,0.154,2.468,36.957
2026-08-14T00:52:20.881034,2.277,2.489,36.957
2026-08-14T00:52:20.881168,0.138,2.488,36.957
2026-08-14T00:52:20.881295,0.127,2.488,36.957
2026-08-14T00:52:20.881419,0.126,2.488,36.957
2026-08-14T00:52:20.919245,37.743,2.496,37.743
2026-08-14T00:52:20.919467,0.289,2.497,37.743
2026-08-14T00:52:20.919620,0.162,2.496,37.743
2026-08-14T00:52:20.920861,1.227,2.507,37.743
2026-08-14T00:52:20.921019,0.172,2.507,37.743
2026-08-14T00:52:20.921159,0.143,2.475,37.743
2026-08-14T00:52:20.921291,0.132,2.475,37.743
2026-08-14T00:52:20.923616,2.317,2.497,37.743
2026-08-14T00:52:20.923765,0.154,2.498,37.743
2026-08-14T00:52:20.923918,0.152,2.498,37.743
2026-08-14T00:52:20.924108,0.189,2.488,37.743
2026-08-14T00:52:20.926433,2.312,2.498,37.743
2026-08-14T00:52:20.926619,0.198,2.499,37.743
2026-08-14T00:52:20.926755,0.142,2.488,37.743
2026-08-14T00:52:20.926890,0.135,2.489,37.743
2026-08-14T00:52:20.929180,2.287,2.478,37.743
2026-08-14T00:52:20.931461,2.281,2.499,37.743
2026-08-14T00:52:20.931594,0.136,2.499,37.743
2026-08-14T00:52:20.932800,1.205,2.510,37.743
2026-08-14T00:52:20.932946,0.147,2.510,37.743
2026-08-14T00:52:20.968413,35.448,2.500,37.743
2026-08-14T00:52:20.968577,0.176,2.500,37.743
2026-08-14T00:52:20.968719,0.146,2.500,37.743
2026-08-14T00:52:20.971012,2.290,2.499,37.743
2026-08-14T00:52:20.971160,0.151,2.499,37.743
2026-08-14T00:52:20.971299,0.140,2.499,37.743
2026-08-14T00:52:20.974174,2.861,2.505,37.743
2026-08-14T00:52:20.974335,0.171,2.505,37.743
2026-08-14T00:52:20.974476,0.144,2.505,37.743
2026-08-14T00:52:20.974610,0.137,2.505,37.743
2026-08-14T00:52:20.974790,0.175,2.505,37.743
2026-08-14T00:52:20.976051,1.258,2.495,37.743
2026-08-14T00:52:20.976230,0.181,2.495,37.743
2026-08-14T00:52:20.976374,0.148,2.495,37.743
2026-08-14T00:52:20.978677,2.300,2.505,37.743
2026-08-14T00:52:20.978840,0.155,2.473,37.743
2026-08-14T00:52:20.981165,2.321,2.495,37.743
2026-08-14T00:52:20.981321,0.169,2.495,37.743
2026-08-14T00:52:20.981451,0.136,2.495,37.743
2026-08-14T00:52:20.981573,0.124,2.495,37.743
2026-08-14T00:52:21.019405,37.770,2.508,37.770
2026-08-14T00:52:21.019608,0.250,2.508,37.770
2026-08-14T00:52:21.019756,0.155,2.508,37.770
2026-08-14T00:52:21.021021,1.245,2.497,37.770
2026-08-14T00:52:21.021190,0.190,2.497,37.770
2026-08-14T00:52:21.021331,0.145,2.491,37.770
2026-08-14T00:52:21.023615,2.278,2.491,37.770
2026-08-14T00:52:21.023760,0.149,2.491,37.770
2026-08-14T00:52:21.023963,0.201,2.491,37.770
2026-08-14T00:52:21.024096,0.137,2.491,37.770
2026-08-14T00:52:21.024277,0.178,2.491,37.770
2026-08-14T00:52:21.026621,2.332,2.502,37.770
2026-08-14T00:52:21.026806,0.194,2.502,37.770
2026-08-14T00:52:21.026974,0.169,2.502,37.770
2026-08-14T00:52:21.028210,1.233,2.502,37.770
2026-08-14T00:52:21.031573,3.366,2.513,37.770
2026-08-14T00:52:21.031702,0.135,2.502,37.770
2026-08-14T00:52:21.031829,0.117,2.502,37.770
2026-08-14T00:52:21.031953,0.133,2.491,37.770
2026-08-14T00:52:21.032072,0.120,2.490,37.770
2026-08-14T00:52:21.068650,36.536,2.501,37.770
2026-08-14T00:52:21.068836,0.206,2.501,37.770
2026-08-14T00:52:21.068973,0.155,2.501,37.770
2026-08-14T00:52:21.071269,2.293,2.500,37.770
2026-08-14T00:52:21.071411,0.146,2.500,37.770
2026-08-14T00:52:21.071543,0.134,2.500,37.770
2026-08-14T00:52:21.073827,2.270,2.499,37.770
2026-08-14T00:52:21.073992,0.174,2.499,37.770
2026-08-14T00:52:21.074124,0.135,2.499,37.770
2026-08-14T00:52:21.074252,0.129,2.499,37.770
2026-08-14T00:52:21.074424,0.170,2.499,37.770
2026-08-14T00:52:21.075668,1.238,2.488,37.770
2026-08-14T00:52:21.076942,1.275,2.499,37.770
2026-08-14T00:52:21.077089,0.153,2.499,37.770
2026-08-14T00:52:21.078310,1.219,2.499,37.770
2026-08-14T00:52:21.078460,0.151,2.466,37.770
2026-08-14T00:52:21.080737,2.276,2.488,37.770
2026-08-14T00:52:21.080884,0.148,2.488,37.770
2026-08-14T00:52:21.081016,0.134,2.488,37.770
2026-08-14T00:52:21.081143,0.128,2.488,37.770
2026-08-14T00:52:21.118696,37.540,2.498,37.770
2026-08-14T00:52:21.118862,0.160,2.497,37.770
2026-08-14T00:52:21.119006,0.157,2.497,37.770
2026-08-14T00:52:21.120228,1.218,2.497,37.770
2026-08-14T00:52:21.120373,0.150,2.497,37.770
2026-08-14T00:52:21.121595,1.220,2.508,37.770
2026-08-14T00:52:21.123909,2.310,2.497,37.770
2026-08-14T00:52:21.124054,0.151,2.497,37.770
2026-08-14T00:52:21.124189,0.137,2.498,37.770
2026-08-14T00:52:21.124321,0.132,2.498,37.770
2026-08-14T00:52:21.124488,0.166,2.498,37.770
2026-08-14T00:52:21.126794,2.303,2.508,37.770
2026-08-14T00:52:21.126973,0.181,2.508,37.770
2026-08-14T00:52:21.127109,0.139,2.508,37.770
2026-08-14T00:52:21.129400,2.289,2.508,37.770
2026-08-14T00:52:21.129547,0.149,2.508,37.770
2026-08-14T00:52:21.131831,2.273,2.508,37.770
2026-08-14T00:52:21.131967,0.147,2.508,37.770
2026-08-14T00:52:21.133193,1.223,2.519,37.770
2026-08-14T00:52:21.133331,0.141,2.519,37.770
2026-08-14T00:52:21.168881,35.494,2.497,37.770
2026-08-14T00:52:21.169081,0.244,2.496,37.770
2026-08-14T00:52:21.169229,0.158,2.496,37.770
2026-08-14T00:52:21.171521,2.289,2.507,37.770
2026-08-14T00:52:21.171672,0.154,2.507,37.770
2026-08-14T00:52:21.171819,0.141,2.507,37.770
2026-08-14T00:52:21.173573,1.749,2.523,37.770
2026-08-14T00:52:21.173726,0.163,2.501,37.770
2026-08-14T00:52:21.173876,0.152,2.501,37.770
2026-08-14T00:52:21.174011,0.137,2.501,37.770
2026-08-14T00:52:21.174194,0.180,2.501,37.770
2026-08-14T00:52:21.176532,2.334,2.501,37.770
2026-08-14T00:52:21.176710,0.181,2.501,37.770
2026-08-14T00:52:21.176867,0.156,2.501,37.770
2026-08-14T00:52:21.179177,2.308,2.523,37.770
2026-08-14T00:52:21.179332,0.160,2.502,37.770
2026-08-14T00:52:21.179458,0.129,2.480,37.770
2026-08-14T00:52:21.180674,1.208,2.491,37.770
2026-08-14T00:52:21.180829,0.147,2.480,37.770
2026-08-14T00:52:21.180969,0.152,2.480,37.770
2026-08-14T00:52:21.218593,37.587,2.502,37.770
2026-08-14T00:52:21.218777,0.213,2.502,37.770
2026-08-14T00:52:21.218954,0.179,2.502,37.770
2026-08-14T00:52:21.221427,2.420,2.504,37.770
2026-08-14T00:52:21.221635,0.255,2.505,37.770
2026-08-14T00:52:21.221786,0.162,2.505,37.770
2026-08-14T00:52:21.224097,2.305,2.499,37.770
2026-08-14T00:52:21.224253,0.160,2.499,37.770
2026-08-14T00:52:21.224399,0.146,2.499,37.770
2026-08-14T00:52:21.224534,0.140,2.499,37.770
2026-08-14T00:52:21.224728,0.189,2.499,37.770
2026-08-14T00:52:21.227066,2.336,2.510,37.770
2026-08-14T00:52:21.227250,0.185,2.510,37.770
2026-08-14T00:52:21.227397,0.150,2.510,37.770
2026-08-14T00:52:21.228639,1.239,2.500,37.770
2026-08-14T00:52:21.232002,3.368,2.532,37.770
2026-08-14T00:52:21.232129,0.132,2.510,37.770
2026-08-14T00:52:21.232243,0.116,2.509,37.770
2026-08-14T00:52:21.232356,0.113,2.509,37.770
2026-08-14T00:52:21.232468,0.113,2.509,37.770
2026-08-14T00:52:21.268998,36.496,2.496,37.587
2026-08-14T00:52:21.269175,0.193,2.496,37.587
2026-08-14T00:52:21.269310,0.146,2.496,37.587
2026-08-14T00:52:21.270524,1.210,2.495,37.587
2026-08-14T00:52:21.270667,0.145,2.495,37.587
2026-08-14T00:52:21.270798,0.134,2.495,37.587
2026-08-14T00:52:21.274166,3.362,2.506,37.587
2026-08-14T00:52:21.274303,0.142,2.505,37.587
2026-08-14T00:52:21.274430,0.128,2.505,37.587
2026-08-14T00:52:21.274554,0.126,2.505,37.587
2026-08-14T00:52:21.274725,0.166,2.504,37.587
2026-08-14T00:52:21.275993,1.257,2.494,37.587
2026-08-14T00:52:21.276178,0.193,2.494,37.587
2026-08-14T00:52:21.276320,0.146,2.493,37.587
2026-08-14T00:52:21.278640,2.315,2.504,37.587
2026-08-14T00:52:21.278793,0.157,2.472,37.587
2026-08-14T00:52:21.281119,2.320,2.494,37.587
2026-08-14T00:52:21.281262,0.148,2.494,37.587
2026-08-14T00:52:21.281392,0.133,2.494,37.587
2026-08-14T00:52:21.281519,0.128,2.494,37.587
2026-08-14T00:52:21.319093,37.558,2.505,37.587
2026-08-14T00:52:21.319249,0.166,2.504,37.587
2026-08-14T00:52:21.319379,0.135,2.504,37.587
2026-08-14T00:52:21.320587,1.206,2.493,37.587
2026-08-14T00:52:21.320723,0.138,2.493,37.587
2026-08-14T00:52:21.320866,0.142,2.493,37.587
2026-08-14T00:52:21.324218,3.349,2.504,37.587
2026-08-14T00:52:21.324355,0.140,2.504,37.587
2026-08-14T00:52:21.324484,0.130,2.504,37.587
2026-08-14T00:52:21.324607,0.124,2.504,37.587
2026-08-14T00:52:21.324767,0.158,2.503,37.587
2026-08-14T00:52:21.326009,1.239,2.503,37.587
2026-08-14T00:52:21.326172,0.165,2.492,37.587
2026-08-14T00:52:21.326306,0.136,2.492,37.587
2026-08-14T00:52:21.329665,3.355,2.514,37.587
2026-08-14T00:52:21.329821,0.149,2.514,37.587
2026-08-14T00:52:21.331031,1.217,2.503,37.587
2026-08-14T00:52:21.331166,0.139,2.503,37.587
2026-08-14T00:52:21.332394,1.223,2.514,37.587
2026-08-14T00:52:21.332532,0.142,2.514,37.587
2026-08-14T00:52:21.369106,36.546,2.504,37.587
2026-08-14T00:52:21.369280,0.192,2.504,37.587
2026-08-14T00:52:21.369422,0.149,2.504,37.587
2026-08-14T00:52:21.370642,1.216,2.504,37.587
2026-08-14T00:52:21.370790,0.151,2.504,37.587
2026-08-14T00:52:21.370949,0.159,2.494,37.587
2026-08-14T00:52:21.373826,2.846,2.499,37.587
2026-08-14T00:52:21.373993,0.192,2.499,37.587
2026-08-14T00:52:21.374136,0.149,2.499,37.587
2026-08-14T00:52:21.374270,0.136,2.499,37.587
2026-08-14T00:52:21.374451,0.177,2.500,37.587
2026-08-14T00:52:21.375700,1.247,2.489,37.587
2026-08-14T00:52:21.376966,1.268,2.500,37.587
2026-08-14T00:52:21.377112,0.150,2.500,37.587
2026-08-14T00:52:21.378334,1.220,2.489,37.587
2026-08-14T00:52:21.378482,0.151,2.489,37.587
2026-08-14T00:52:21.380771,2.281,2.489,37.587
2026-08-14T00:52:21.380926,0.160,2.490,37.587
2026-08-14T00:52:21.381065,0.143,2.479,37.587
2026-08-14T00:52:21.381204,0.136,2.479,37.587
2026-08-14T00:52:21.418915,37.668,2.500,37.668
2026-08-14T00:52:21.419108,0.227,2.500,37.668
2026-08-14T00:52:21.419256,0.157,2.500,37.668
2026-08-14T00:52:21.420480,1.221,2.490,37.668
2026-08-14T00:52:21.420641,0.163,2.490,37.668
2026-08-14T00:52:21.420784,0.145,2.490,37.668
2026-08-14T00:52:21.424155,3.366,2.506,37.668
2026-08-14T00:52:21.424304,0.152,2.506,37.668
2026-08-14T00:52:21.424442,0.140,2.506,37.668
2026-08-14T00:52:21.424576,0.134,2.506,37.668
2026-08-14T00:52:21.424761,0.182,2.506,37.668
2026-08-14T00:52:21.426019,1.256,2.495,37.668
2026-08-14T00:52:21.426197,0.179,2.495,37.668
2026-08-14T00:52:21.426342,0.147,2.495,37.668
2026-08-14T00:52:21.428677,2.328,2.495,37.668
2026-08-14T00:52:21.432047,3.376,2.527,37.668
2026-08-14T00:52:21.432185,0.142,2.527,37.668
2026-08-14T00:52:21.432307,0.124,2.516,37.668
2026-08-14T00:52:21.432426,0.121,2.516,37.668
2026-08-14T00:52:21.432544,0.118,2.516,37.668
2026-08-14T00:52:21.469327,36.702,2.507,37.668
2026-08-14T00:52:21.469547,0.284,2.508,37.668
2026-08-14T00:52:21.469700,0.163,2.507,37.668
2026-08-14T00:52:21.470928,1.225,2.496,37.668
2026-08-14T00:52:21.471082,0.156,2.495,37.668
2026-08-14T00:52:21.473377,2.293,2.516,37.668
2026-08-14T00:52:21.473525,0.151,2.494,37.668
2026-08-14T00:52:21.473660,0.138,2.494,37.668
2026-08-14T00:52:21.473796,0.136,2.494,37.668
2026-08-14T00:52:21.473951,0.152,2.494,37.668
2026-08-14T00:52:21.475237,1.282,2.505,37.668
2026-08-14T00:52:21.476499,1.261,2.494,37.668
2026-08-14T00:52:21.476682,0.186,2.494,37.668
2026-08-14T00:52:21.478995,2.311,2.516,37.668
2026-08-14T00:52:21.479144,0.152,2.505,37.668
2026-08-14T00:52:21.479291,0.149,2.473,37.668
2026-08-14T00:52:21.481581,2.286,2.494,37.668
2026-08-14T00:52:21.481728,0.149,2.495,37.668
2026-08-14T00:52:21.484000,2.277,2.516,37.668
2026-08-14T00:52:21.484124,0.126,2.517,37.668
2026-08-14T00:52:21.518453,34.314,2.495,37.668
2026-08-14T00:52:21.518629,0.180,2.495,37.668
2026-08-14T00:52:21.518767,0.143,2.495,37.668
2026-08-14T00:52:21.521070,2.297,2.505,37.668
2026-08-14T00:52:21.521220,0.151,2.505,37.668
2026-08-14T00:52:21.521361,0.146,2.506,37.668
2026-08-14T00:52:21.523660,2.291,2.495,37.668
2026-08-14T00:52:21.523806,0.153,2.495,37.668
2026-08-14T00:52:21.523960,0.153,2.495,37.668
2026-08-14T00:52:21.524094,0.136,2.495,37.668
2026-08-14T00:52:21.524263,0.167,2.495,37.668
2026-08-14T00:52:21.526569,2.305,2.506,37.668
2026-08-14T00:52:21.526732,0.165,2.506,37.668
2026-08-14T00:52:21.526880,0.149,2.506,37.668
2026-08-14T00:52:21.529177,2.296,2.505,37.668
2026-08-14T00:52:21.529323,0.149,2.505,37.668
2026-08-14T00:52:21.531598,2.273,2.505,37.668
2026-08-14T00:52:21.531730,0.134,2.505,37.668
2026-08-14T00:52:21.532938,1.206,2.515,37.668
2026-08-14T00:52:21.533072,0.137,2.516,37.668
2026-08-14T00:52:21.565296,32.211,2.462,37.668
2026-08-14T00:52:21.568665,3.375,2.494,37.668
2026-08-14T00:52:21.568802,0.143,2.494,37.668
2026-08-14T00:52:21.568942,0.140,2.484,37.668
2026-08-14T00:52:21.571224,2.280,2.505,37.668
2026-08-14T00:52:21.571359,0.138,2.505,37.668
2026-08-14T00:52:21.571487,0.129,2.473,37.668
2026-08-14T00:52:21.574310,2.809,2.499,37.668
2026-08-14T00:52:21.574461,0.161,2.500,37.668
2026-08-14T00:52:21.574593,0.134,2.500,37.668
2026-08-14T00:52:21.574736,0.140,2.500,37.668
2026-08-14T00:52:21.574922,0.186,2.489,37.668
2026-08-14T00:52:21.576169,1.247,2.500,37.668
2026-08-14T00:52:21.576334,0.167,2.500,37.668
2026-08-14T00:52:21.576469,0.138,2.468,37.668
2026-08-14T00:52:21.578752,2.282,2.489,37.668
2026-08-14T00:52:21.578912,0.158,2.479,37.668
2026-08-14T00:52:21.581257,2.319,2.501,37.668
2026-08-14T00:52:21.581418,0.185,2.490,37.668
2026-08-14T00:52:21.581544,0.132,2.490,37.668
2026-08-14T00:52:21.581665,0.122,2.126,37.668
2026-08-14T00:52:21.619300,37.592,2.500,37.668
2026-08-14T00:52:21.619490,0.217,2.501,37.668
2026-08-14T00:52:21.619636,0.156,2.490,37.668
2026-08-14T00:52:21.620873,1.232,2.501,37.668
2026-08-14T00:52:21.621028,0.157,2.501,37.668
2026-08-14T00:52:21.621170,0.146,2.474,37.668
2026-08-14T00:52:21.624532,3.357,2.505,37.668
2026-08-14T00:52:21.624678,0.150,2.505,37.668
2026-08-14T00:52:21.624826,0.137,2.505,37.668
2026-08-14T00:52:21.624970,0.154,2.505,37.668
2026-08-14T00:52:21.625157,0.186,2.495,37.668
2026-08-14T00:52:21.626408,1.250,2.494,37.668
2026-08-14T00:52:21.626582,0.176,2.495,37.668
2026-08-14T00:52:21.626726,0.146,2.484,37.668
2026-08-14T00:52:21.629037,2.304,2.505,37.668
2026-08-14T00:52:21.631329,2.298,2.506,37.668
2026-08-14T00:52:21.631460,0.136,2.505,37.668
2026-08-14T00:52:21.631580,0.121,2.505,37.668
2026-08-14T00:52:21.631697,0.119,2.505,37.668
2026-08-14T00:52:21.631825,0.117,2.129,37.592
2026-08-14T00:52:21.668613,36.714,2.494,37.592
2026-08-14T00:52:21.668860,0.296,2.496,37.592
2026-08-14T00:52:21.669032,0.197,2.486,37.592
2026-08-14T00:52:21.671532,2.437,2.508,37.592
2026-08-14T00:52:21.671759,0.279,2.510,37.592
2026-08-14T00:52:21.671950,0.197,2.478,37.592
2026-08-14T00:52:21.672107,0.163,2.478,37.592
2026-08-14T00:52:21.674521,2.393,2.501,37.592
2026-08-14T00:52:21.674713,0.207,2.501,37.592
2026-08-14T00:52:21.674882,0.173,2.501,37.592
2026-08-14T00:52:21.675176,0.290,2.492,37.592
2026-08-14T00:52:21.675348,0.176,2.491,37.592
2026-08-14T00:52:21.675554,0.201,2.492,37.592
2026-08-14T00:52:21.676833,1.265,2.481,37.592
2026-08-14T00:52:21.677000,0.189,2.450,37.592
2026-08-14T00:52:21.678267,1.254,2.461,37.592
2026-08-14T00:52:21.680687,2.394,2.483,37.592
2026-08-14T00:52:21.680893,0.235,2.484,37.592
2026-08-14T00:52:21.681027,0.153,2.485,37.592
2026-08-14T00:52:21.681141,0.113,2.119,37.592
2026-08-14T00:52:21.718653,37.491,2.491,37.592
2026-08-14T00:52:21.718836,0.180,2.491,37.592
2026-08-14T00:52:21.718985,0.166,2.481,37.592
2026-08-14T00:52:21.720221,1.229,2.491,37.592
2026-08-14T00:52:21.720378,0.162,2.470,37.592
2026-08-14T00:52:21.723779,3.386,2.502,37.592
2026-08-14T00:52:21.723944,0.180,2.503,37.592
2026-08-14T00:52:21.724100,0.159,2.503,37.592
2026-08-14T00:52:21.724231,0.133,2.503,37.592
2026-08-14T00:52:21.724357,0.128,2.491,37.592
2026-08-14T00:52:21.726695,2.328,2.502,37.592
2026-08-14T00:52:21.726865,0.174,2.502,37.592
2026-08-14T00:52:21.727033,0.170,2.480,37.592
2026-08-14T00:52:21.729327,2.290,2.502,37.592
2026-08-14T00:52:21.729526,0.203,2.502,37.592
2026-08-14T00:52:21.729666,0.143,2.481,37.592
2026-08-14T00:52:21.731968,2.295,2.502,37.592
2026-08-14T00:52:21.732108,0.145,2.481,37.592
2026-08-14T00:52:21.733321,1.209,2.492,37.592
2026-08-14T00:52:21.733453,0.139,2.150,37.592
2026-08-14T00:52:21.768947,35.466,2.503,37.592
2026-08-14T00:52:21.769118,0.189,2.503,37.592
2026-08-14T00:52:21.769252,0.141,2.482,37.592
2026-08-14T00:52:21.770501,1.240,2.493,37.592
2026-08-14T00:52:21.770667,0.166,2.493,37.592
2026-08-14T00:52:21.770823,0.150,2.472,37.592
2026-08-14T00:52:21.774775,3.940,2.509,37.592
2026-08-14T00:52:21.775054,0.222,2.510,37.592
2026-08-14T00:52:21.775226,0.244,2.511,37.592
2026-08-14T00:52:21.775390,0.163,2.511,37.592
2026-08-14T00:52:21.775597,0.214,2.490,37.592
2026-08-14T00:52:21.775743,0.153,2.490,37.592
2026-08-14T00:52:21.775987,0.239,2.491,37.592
2026-08-14T00:52:21.776127,0.145,2.470,37.592
2026-08-14T00:52:21.777357,1.225,2.480,37.592
2026-08-14T00:52:21.781861,4.479,2.502,37.592
2026-08-14T00:52:21.782026,0.186,2.503,37.592
2026-08-14T00:52:21.782168,0.148,2.492,37.592
2026-08-14T00:52:21.782308,0.142,2.492,37.592
2026-08-14T00:52:21.782437,0.132,2.172,37.592
2026-08-14T00:52:21.819054,36.559,2.503,37.592
2026-08-14T00:52:21.819274,0.258,2.505,37.592
2026-08-14T00:52:21.819430,0.171,2.505,37.592
2026-08-14T00:52:21.820663,1.229,2.494,37.592
2026-08-14T00:52:21.820836,0.163,2.495,37.592
2026-08-14T00:52:21.820986,0.165,2.495,37.592
2026-08-14T00:52:21.824351,3.361,2.500,37.592
2026-08-14T00:52:21.824501,0.154,2.500,37.592
2026-08-14T00:52:21.824640,0.141,2.500,37.592
2026-08-14T00:52:21.824779,0.138,2.500,37.592
2026-08-14T00:52:21.824990,0.206,2.501,37.592
2026-08-14T00:52:21.826251,1.259,2.501,37.592
2026-08-14T00:52:21.826444,0.195,2.501,37.592
2026-08-14T00:52:21.826593,0.153,2.501,37.592
2026-08-14T00:52:21.828902,2.309,2.501,37.592
2026-08-14T00:52:21.832272,3.369,2.534,37.592
2026-08-14T00:52:21.832405,0.139,2.512,37.592
2026-08-14T00:52:21.832527,0.123,2.511,37.592
2026-08-14T00:52:21.832644,0.119,2.511,37.592
2026-08-14T00:52:21.832762,0.118,2.511,37.592
2026-08-14T00:52:21.869387,36.586,2.501,37.491
2026-08-14T00:52:21.869567,0.203,2.501,37.491
2026-08-14T00:52:21.869712,0.154,2.501,37.491
2026-08-14T00:52:21.870929,1.215,2.501,37.491
2026-08-14T00:52:21.871072,0.146,2.500,37.491
2026-08-14T00:52:21.871209,0.137,2.500,37.491
2026-08-14T00:52:21.873493,2.278,2.490,37.491
2026-08-14T00:52:21.873632,0.145,2.490,37.491
2026-08-14T00:52:21.873761,0.130,2.489,37.491
2026-08-14T00:52:21.873900,0.137,2.489,37.491
2026-08-14T00:52:21.874072,0.172,2.489,37.491
2026-08-14T00:52:21.876384,2.307,2.500,37.491
2026-08-14T00:52:21.876557,0.176,2.500,37.491
2026-08-14T00:52:21.876695,0.140,2.500,37.491
2026-08-14T00:52:21.879014,2.315,2.500,37.491
2026-08-14T00:52:21.879168,0.158,2.478,37.491
2026-08-14T00:52:21.881453,2.282,2.500,37.491
2026-08-14T00:52:21.881584,0.136,2.500,37.491
2026-08-14T00:52:21.881704,0.122,2.500,37.491
2026-08-14T00:52:21.881836,0.119,2.500,37.491
2026-08-14T00:52:21.918556,36.653,2.499,37.491
2026-08-14T00:52:21.918773,0.279,2.499,37.491
2026-08-14T00:52:21.918946,0.181,2.499,37.491
2026-08-14T00:52:21.920177,1.231,2.487,37.491
2026-08-14T00:52:21.920329,0.155,2.486,37.491
2026-08-14T00:52:21.923707,3.373,2.518,37.491
2026-08-14T00:52:21.923871,0.168,2.518,37.491
2026-08-14T00:52:21.924012,0.143,2.495,37.491
2026-08-14T00:52:21.924135,0.129,2.494,37.491
2026-08-14T00:52:21.924253,0.119,2.494,37.491
2026-08-14T00:52:21.925504,1.243,2.503,37.491
2026-08-14T00:52:21.926741,1.239,2.514,37.491
2026-08-14T00:52:21.926914,0.174,2.514,37.491
2026-08-14T00:52:21.929199,2.285,2.524,37.491
2026-08-14T00:52:21.929360,0.160,2.524,37.491
2026-08-14T00:52:21.931654,2.294,2.534,37.491
2026-08-14T00:52:21.933940,2.287,2.533,37.491
2026-08-14T00:52:21.934072,0.136,2.532,37.491
2026-08-14T00:52:21.934193,0.123,2.532,37.491
2026-08-14T00:52:21.934312,0.119,2.532,37.491
2026-08-14T00:52:21.968662,34.335,2.500,36.653
2026-08-14T00:52:21.968833,0.162,2.500,36.653
2026-08-14T00:52:21.968980,0.163,2.500,36.653
2026-08-14T00:52:21.971272,2.292,2.511,36.653
2026-08-14T00:52:21.971419,0.150,2.510,36.653
2026-08-14T00:52:21.971557,0.140,2.478,36.653
2026-08-14T00:52:21.973850,2.280,2.499,36.653
2026-08-14T00:52:21.973994,0.156,2.499,36.653
2026-08-14T00:52:21.974127,0.135,2.499,36.653
2026-08-14T00:52:21.974859,0.705,2.505,36.653
2026-08-14T00:52:21.975070,0.230,2.484,36.653
2026-08-14T00:52:21.975228,0.162,2.484,36.653
2026-08-14T00:52:21.976484,1.256,2.494,36.653
2026-08-14T00:52:21.976629,0.148,2.473,36.653
2026-08-14T00:52:21.978922,2.291,2.494,36.653
2026-08-14T00:52:21.979071,0.152,2.494,36.653
2026-08-14T00:52:21.981367,2.283,2.494,36.653
2026-08-14T00:52:21.981541,0.172,2.494,36.653
2026-08-14T00:52:21.981696,0.165,2.484,36.653
2026-08-14T00:52:21.981846,0.138,2.484,36.653
2026-08-14T00:52:22.018470,36.601,2.495,36.653
2026-08-14T00:52:22.018656,0.214,2.495,36.653
2026-08-14T00:52:22.018801,0.155,2.495,36.653
2026-08-14T00:52:22.021111,2.304,2.506,36.653
2026-08-14T00:52:22.021262,0.154,2.506,36.653
2026-08-14T00:52:22.021404,0.145,2.506,36.653
2026-08-14T00:52:22.023692,2.284,2.489,36.653
2026-08-14T00:52:22.023865,0.174,2.489,36.653
2026-08-14T00:52:22.024006,0.142,2.488,36.653
2026-08-14T00:52:22.024137,0.134,2.488,36.653
2026-08-14T00:52:22.024322,0.182,2.487,36.653
2026-08-14T00:52:22.026686,2.353,2.509,36.653
2026-08-14T00:52:22.026893,0.212,2.509,36.653
2026-08-14T00:52:22.027052,0.165,2.509,36.653
2026-08-14T00:52:22.029352,2.301,2.520,36.653
2026-08-14T00:52:22.029496,0.148,2.477,36.653
2026-08-14T00:52:22.031768,2.269,2.497,36.653
2026-08-14T00:52:22.031914,0.147,2.497,36.653
2026-08-14T00:52:22.033120,1.205,2.508,36.653
2026-08-14T00:52:22.033251,0.135,2.508,36.653
2026-08-14T00:52:22.068744,35.456,2.497,36.653
2026-08-14T00:52:22.068936,0.216,2.497,36.653
2026-08-14T00:52:22.069076,0.149,2.496,36.653
2026-08-14T00:52:22.071363,2.283,2.507,36.653
2026-08-14T00:52:22.071507,0.147,2.507,36.653
2026-08-14T00:52:22.071638,0.135,2.507,36.653
2026-08-14T00:52:22.073927,2.283,2.496,36.653
2026-08-14T00:52:22.074066,0.142,2.496,36.653
2026-08-14T00:52:22.074195,0.130,2.496,36.653
2026-08-14T00:52:22.074320,0.126,2.495,36.653
2026-08-14T00:52:22.074492,0.170,2.495,36.653
2026-08-14T00:52:22.076801,2.303,2.506,36.653
2026-08-14T00:52:22.076991,0.191,2.505,36.653
2026-08-14T00:52:22.077129,0.142,2.505,36.653
2026-08-14T00:52:22.078350,1.220,2.494,36.653
2026-08-14T00:52:22.078500,0.152,2.462,36.653
2026-08-14T00:52:22.080817,2.302,2.484,36.653
2026-08-14T00:52:22.080961,0.158,2.484,36.653
2026-08-14T00:52:22.081091,0.132,2.484,36.653
2026-08-14T00:52:22.081216,0.127,2.485,36.653
2026-08-14T00:52:22.118777,37.548,2.494,37.548
2026-08-14T00:52:22.118941,0.169,2.494,37.548
2026-08-14T00:52:22.119080,0.143,2.494,37.548
2026-08-14T00:52:22.121373,2.289,2.504,37.548
2026-08-14T00:52:22.121518,0.148,2.504,37.548
2026-08-14T00:52:22.121654,0.138,2.504,37.548
2026-08-14T00:52:22.123944,2.284,2.505,37.548
2026-08-14T00:52:22.124090,0.150,2.505,37.548
2026-08-14T00:52:22.124225,0.137,2.505,37.548
2026-08-14T00:52:22.124349,0.128,2.505,37.548
2026-08-14T00:52:22.124508,0.157,2.504,37.548
2026-08-14T00:52:22.125736,1.224,2.494,37.548
2026-08-14T00:52:22.125913,0.178,2.494,37.548
2026-08-14T00:52:22.126055,0.143,2.494,37.548
2026-08-14T00:52:22.129421,3.362,2.504,37.548
2026-08-14T00:52:22.129569,0.153,2.504,37.548
2026-08-14T00:52:22.131875,2.301,2.504,37.548
2026-08-14T00:52:22.132013,0.144,2.504,37.548
2026-08-14T00:52:22.133223,1.207,2.515,37.548
2026-08-14T00:52:22.133359,0.139,2.515,37.548
2026-08-14T00:52:22.168965,35.544,2.504,37.548
2026-08-14T00:52:22.169184,0.270,2.504,37.548
2026-08-14T00:52:22.169326,0.153,2.504,37.548
2026-08-14T00:52:22.170588,1.240,2.504,37.548
2026-08-14T00:52:22.170778,0.202,2.504,37.548
2026-08-14T00:52:22.170938,0.167,2.472,37.548
2026-08-14T00:52:22.174905,3.947,2.510,37.548
2026-08-14T00:52:22.175066,0.178,2.510,37.548
2026-08-14T00:52:22.175203,0.144,2.511,37.548
2026-08-14T00:52:22.175332,0.130,2.511,37.548
2026-08-14T00:52:22.175511,0.175,2.500,37.548
2026-08-14T00:52:22.175651,0.143,2.489,37.548
2026-08-14T00:52:22.176905,1.249,2.500,37.548
2026-08-14T00:52:22.177049,0.148,2.479,37.548
2026-08-14T00:52:22.178263,1.212,2.489,37.548
2026-08-14T00:52:22.178408,0.148,2.468,37.548
2026-08-14T00:52:22.180690,2.277,2.467,37.548
2026-08-14T00:52:22.180845,0.145,2.468,37.548
2026-08-14T00:52:22.180983,0.153,2.468,37.548
2026-08-14T00:52:22.181113,0.129,2.468,37.548
2026-08-14T00:52:22.218981,37.791,2.503,37.791
2026-08-14T00:52:22.219215,0.289,2.504,37.791
2026-08-14T00:52:22.219376,0.178,2.504,37.791
2026-08-14T00:52:22.220616,1.235,2.493,37.791
2026-08-14T00:52:22.220779,0.169,2.494,37.791
2026-08-14T00:52:22.220942,0.163,2.494,37.791
2026-08-14T00:52:22.224308,3.363,2.505,37.791
2026-08-14T00:52:22.224461,0.157,2.505,37.791
2026-08-14T00:52:22.224602,0.142,2.505,37.791
2026-08-14T00:52:22.224739,0.139,2.499,37.791
2026-08-14T00:52:22.224945,0.200,2.499,37.791
2026-08-14T00:52:22.226198,1.251,2.510,37.791
2026-08-14T00:52:22.226391,0.193,2.499,37.791
2026-08-14T00:52:22.226543,0.156,2.499,37.791
2026-08-14T00:52:22.228861,2.303,2.499,37.791
2026-08-14T00:52:22.232222,3.378,2.531,37.791
2026-08-14T00:52:22.232356,0.139,2.510,37.791
2026-08-14T00:52:22.232478,0.123,2.510,37.791
2026-08-14T00:52:22.232597,0.119,2.509,37.791
2026-08-14T00:52:22.232715,0.118,2.509,37.791
2026-08-14T00:52:22.269321,36.562,2.509,37.791
2026-08-14T00:52:22.269507,0.215,2.509,37.791
2026-08-14T00:52:22.269654,0.155,2.509,37.791
2026-08-14T00:52:22.270891,1.233,2.498,37.791
2026-08-14T00:52:22.271041,0.154,2.498,37.791
2026-08-14T00:52:22.271175,0.139,2.498,37.791
2026-08-14T00:52:22.273458,2.276,2.498,37.791
2026-08-14T00:52:22.273598,0.146,2.497,37.791
2026-08-14T00:52:22.273727,0.131,2.497,37.791
2026-08-14T00:52:22.273866,0.136,2.497,37.791
2026-08-14T00:52:22.274041,0.173,2.497,37.791
2026-08-14T00:52:22.275281,1.237,2.486,37.791
2026-08-14T00:52:22.276551,1.266,2.497,37.791
2026-08-14T00:52:22.276699,0.155,2.496,37.791
2026-08-14T00:52:22.279060,2.359,2.497,37.791
2026-08-14T00:52:22.279212,0.155,2.497,37.791
2026-08-14T00:52:22.281498,2.282,2.497,37.791
2026-08-14T00:52:22.281638,0.145,2.497,37.791
2026-08-14T00:52:22.281766,0.130,2.486,37.791
2026-08-14T00:52:22.281903,0.138,2.487,37.791
2026-08-14T00:52:22.318422,36.500,2.497,37.791
2026-08-14T00:52:22.318576,0.166,2.496,37.791
2026-08-14T00:52:22.318708,0.136,2.496,37.791
2026-08-14T00:52:22.320994,2.282,2.496,37.791
2026-08-14T00:52:22.321135,0.145,2.496,37.791
2026-08-14T00:52:22.321266,0.132,2.496,37.791
2026-08-14T00:52:22.323546,2.274,2.496,37.791
2026-08-14T00:52:22.323684,0.142,2.496,37.791
2026-08-14T00:52:22.323820,0.129,2.496,37.791
2026-08-14T00:52:22.323951,0.140,2.496,37.791
2026-08-14T00:52:22.324115,0.163,2.496,37.791
2026-08-14T00:52:22.326422,2.302,2.496,37.791
2026-08-14T00:52:22.326589,0.170,2.496,37.791
2026-08-14T00:52:22.326726,0.139,2.496,37.791
2026-08-14T00:52:22.329025,2.293,2.507,37.791
2026-08-14T00:52:22.329176,0.157,2.507,37.791
2026-08-14T00:52:22.331476,2.291,2.507,37.791
2026-08-14T00:52:22.331622,0.153,2.507,37.791
2026-08-14T00:52:22.332850,1.215,2.517,37.791
2026-08-14T00:52:22.332997,0.161,2.518,37.791
2026-08-14T00:52:22.368402,35.396,2.496,37.791
2026-08-14T00:52:22.368551,0.155,2.496,37.791
2026-08-14T00:52:22.368681,0.136,2.496,37.791
2026-08-14T00:52:22.370967,2.281,2.496,37.791
2026-08-14T00:52:22.371107,0.144,2.496,37.791
2026-08-14T00:52:22.371236,0.130,2.496,37.791
2026-08-14T00:52:22.373511,2.271,2.496,37.791
2026-08-14T00:52:22.373646,0.138,2.496,37.791
2026-08-14T00:52:22.373772,0.128,2.495,37.791
2026-08-14T00:52:22.373933,0.157,2.496,37.791
2026-08-14T00:52:22.374098,0.165,2.496,37.791
2026-08-14T00:52:22.375935,1.825,2.502,37.791
2026-08-14T00:52:22.376119,0.194,2.502,37.791
2026-08-14T00:52:22.376257,0.143,2.502,37.791
2026-08-14T00:52:22.378555,2.293,2.491,37.791
2026-08-14T00:52:22.378707,0.155,2.491,37.791
2026-08-14T00:52:22.381045,2.323,2.492,37.791
2026-08-14T00:52:22.381205,0.171,2.492,37.791
2026-08-14T00:52:22.381349,0.147,2.481,37.791
2026-08-14T00:52:22.381491,0.143,2.481,37.791
2026-08-14T00:52:22.419372,37.811,2.504,37.811
2026-08-14T00:52:22.419580,0.268,2.504,37.811
2026-08-14T00:52:22.419726,0.159,2.504,37.811
2026-08-14T00:52:22.420947,1.214,2.504,37.811
2026-08-14T00:52:22.421094,0.152,2.503,37.811
2026-08-14T00:52:22.421229,0.138,2.503,37.811
2026-08-14T00:52:22.424577,3.344,2.497,37.811
2026-08-14T00:52:22.424714,0.141,2.497,37.811
2026-08-14T00:52:22.424855,0.129,2.496,37.811
2026-08-14T00:52:22.424987,0.144,2.497,37.811
2026-08-14T00:52:22.425165,0.177,2.497,37.811
2026-08-14T00:52:22.426398,1.230,2.507,37.811
2026-08-14T00:52:22.426570,0.172,2.497,37.811
2026-08-14T00:52:22.426706,0.140,2.497,37.811
2026-08-14T00:52:22.429001,2.290,2.507,37.811
2026-08-14T00:52:22.431291,2.291,2.529,37.811
2026-08-14T00:52:22.431425,0.139,2.507,37.811
2026-08-14T00:52:22.431546,0.123,2.507,37.811
2026-08-14T00:52:22.431663,0.119,2.507,37.811
2026-08-14T00:52:22.431782,0.118,2.507,37.811
2026-08-14T00:52:22.468378,36.547,2.494,37.811
2026-08-14T00:52:22.468569,0.225,2.494,37.811
2026-08-14T00:52:22.468718,0.157,2.493,37.811
2026-08-14T00:52:22.471020,2.298,2.504,37.811
2026-08-14T00:52:22.471174,0.158,2.504,37.811
2026-08-14T00:52:22.471315,0.144,2.504,37.811
2026-08-14T00:52:22.473606,2.285,2.493,37.811
2026-08-14T00:52:22.473753,0.151,2.493,37.811
2026-08-14T00:52:22.473907,0.153,2.493,37.811
2026-08-14T00:52:22.474043,0.139,2.493,37.811
2026-08-14T00:52:22.474227,0.182,2.493,37.811
2026-08-14T00:52:22.475477,1.247,2.493,37.811
2026-08-14T00:52:22.476756,1.276,2.504,37.811
2026-08-14T00:52:22.476930,0.178,2.504,37.811
2026-08-14T00:52:22.478170,1.239,2.493,37.811
2026-08-14T00:52:22.478336,0.168,2.461,37.811
2026-08-14T00:52:22.480629,2.291,2.483,37.811
2026-08-14T00:52:22.480776,0.152,2.483,37.811
2026-08-14T00:52:22.480906,0.135,2.483,37.811
2026-08-14T00:52:22.481022,0.118,2.483,37.811
2026-08-14T00:52:22.518559,37.519,2.493,37.811
2026-08-14T00:52:22.518719,0.164,2.492,37.811
2026-08-14T00:52:22.518875,0.158,2.492,37.811
2026-08-14T00:52:22.521181,2.303,2.503,37.811
2026-08-14T00:52:22.521332,0.156,2.503,37.811
2026-08-14T00:52:22.521469,0.141,2.503,37.811
2026-08-14T00:52:22.523752,2.279,2.503,37.811
2026-08-14T00:52:22.523920,0.165,2.503,37.811
2026-08-14T00:52:22.524052,0.140,2.503,37.811
2026-08-14T00:52:22.524177,0.127,2.503,37.811
2026-08-14T00:52:22.524336,0.156,2.503,37.811
2026-08-14T00:52:22.526644,2.304,2.514,37.811
2026-08-14T00:52:22.526821,0.170,2.503,37.811
2026-08-14T00:52:22.526960,0.151,2.503,37.811
2026-08-14T00:52:22.529256,2.292,2.502,37.811
2026-08-14T00:52:22.529404,0.152,2.502,37.811
2026-08-14T00:52:22.531688,2.279,2.502,37.811
2026-08-14T00:52:22.531837,0.143,2.502,37.811
2026-08-14T00:52:22.533055,1.225,2.513,37.811
2026-08-14T00:52:22.533188,0.140,2.513,37.811
2026-08-14T00:52:22.565386,32.186,2.470,37.811
2026-08-14T00:52:22.568752,3.369,2.502,37.811
2026-08-14T00:52:22.568903,0.155,2.502,37.811
2026-08-14T00:52:22.569031,0.131,2.480,37.811
2026-08-14T00:52:22.571312,2.277,2.502,37.811
2026-08-14T00:52:22.571450,0.140,2.502,37.811
2026-08-14T00:52:22.571575,0.128,2.480,37.811
2026-08-14T00:52:22.573860,2.278,2.502,37.811
2026-08-14T00:52:22.573997,0.142,2.502,37.811
2026-08-14T00:52:22.574124,0.128,2.502,37.811
2026-08-14T00:52:22.574248,0.125,2.501,37.811
2026-08-14T00:52:22.574406,0.155,2.480,37.811
2026-08-14T00:52:22.576250,1.831,2.496,37.811
2026-08-14T00:52:22.576434,0.191,2.497,37.811
2026-08-14T00:52:22.576589,0.157,2.476,37.811
2026-08-14T00:52:22.577830,1.232,2.486,37.811
2026-08-14T00:52:22.581264,3.440,2.498,37.811
2026-08-14T00:52:22.581431,0.162,2.498,37.811
2026-08-14T00:52:22.581586,0.162,2.487,37.811
2026-08-14T00:52:22.581726,0.144,2.487,37.811
2026-08-14T00:52:22.581870,0.146,2.135,37.811
2026-08-14T00:52:22.618403,36.496,2.498,37.811
2026-08-14T00:52:22.618585,0.212,2.499,37.811
2026-08-14T00:52:22.618721,0.144,2.478,37.811
2026-08-14T00:52:22.621011,2.283,2.499,37.811
2026-08-14T00:52:22.621159,0.154,2.499,37.811
2026-08-14T00:52:22.621291,0.134,2.478,37.811
2026-08-14T00:52:22.624656,3.355,2.510,37.811
2026-08-14T00:52:22.624806,0.156,2.510,37.811
2026-08-14T00:52:22.624961,0.156,2.510,37.811
2026-08-14T00:52:22.625088,0.131,2.510,37.811
2026-08-14T00:52:22.625263,0.172,2.493,37.811
2026-08-14T00:52:22.626502,1.235,2.504,37.811
2026-08-14T00:52:22.626675,0.176,2.504,37.811
2026-08-14T00:52:22.626821,0.139,2.483,37.811
2026-08-14T00:52:22.629124,2.307,2.504,37.811
2026-08-14T00:52:22.629276,0.156,2.482,37.811
2026-08-14T00:52:22.631556,2.278,2.504,37.811
2026-08-14T00:52:22.631692,0.139,2.503,37.811
2026-08-14T00:52:22.631829,0.127,2.503,37.811
2026-08-14T00:52:22.631960,0.141,2.127,37.519
2026-08-14T00:52:22.668682,36.663,2.491,37.519
2026-08-14T00:52:22.668887,0.252,2.491,37.519
2026-08-14T00:52:22.669029,0.152,2.481,37.519
2026-08-14T00:52:22.671418,2.351,2.503,37.519
2026-08-14T00:52:22.671604,0.216,2.504,37.519
2026-08-14T00:52:22.671748,0.152,2.472,37.519
2026-08-14T00:52:22.674088,2.319,2.494,37.519
2026-08-14T00:52:22.674262,0.188,2.494,37.519
2026-08-14T00:52:22.674404,0.147,2.494,37.519
2026-08-14T00:52:22.674534,0.134,2.494,37.519
2026-08-14T00:52:22.674712,0.176,2.483,37.519
2026-08-14T00:52:22.677096,2.358,2.505,37.519
2026-08-14T00:52:22.677309,0.232,2.506,37.519
2026-08-14T00:52:22.677454,0.152,2.485,37.519
2026-08-14T00:52:22.677584,0.133,2.463,37.519
2026-08-14T00:52:22.677728,0.143,2.463,37.519
2026-08-14T00:52:22.678940,1.209,2.474,37.519
2026-08-14T00:52:22.679074,0.138,2.474,37.519
2026-08-14T00:52:22.680278,1.201,2.485,37.519
2026-08-14T00:52:22.680410,0.135,2.121,37.519
2026-08-14T00:52:22.719113,38.686,2.505,38.686
2026-08-14T00:52:22.719272,0.169,2.506,38.686
2026-08-14T00:52:22.719410,0.142,2.484,38.686
2026-08-14T00:52:22.720630,1.215,2.495,38.686
2026-08-14T00:52:22.720769,0.142,2.495,38.686
2026-08-14T00:52:22.720925,0.155,2.473,38.686
2026-08-14T00:52:22.724289,3.362,2.505,38.686
2026-08-14T00:52:22.724434,0.149,2.505,38.686
2026-08-14T00:52:22.724571,0.138,2.505,38.686
2026-08-14T00:52:22.724703,0.132,2.505,38.686
2026-08-14T00:52:22.724897,0.189,2.494,38.686
2026-08-14T00:52:22.726144,1.247,2.494,38.686
2026-08-14T00:52:22.726318,0.176,2.494,38.686
2026-08-14T00:52:22.726459,0.144,2.483,38.686
2026-08-14T00:52:22.728761,2.298,2.504,38.686
2026-08-14T00:52:22.728930,0.170,2.483,38.686
2026-08-14T00:52:22.732274,3.349,2.515,38.686
2026-08-14T00:52:22.732406,0.132,2.515,38.686
2026-08-14T00:52:22.732526,0.122,2.515,38.686
2026-08-14T00:52:22.732641,0.117,2.141,38.686
2026-08-14T00:52:22.769142,36.485,2.504,38.686
2026-08-14T00:52:22.769293,0.158,2.504,38.686
2026-08-14T00:52:22.769427,0.137,2.483,38.686
2026-08-14T00:52:22.770645,1.214,2.493,38.686
2026-08-14T00:52:22.770782,0.141,2.493,38.686
2026-08-14T00:52:22.774156,3.366,2.504,38.686
2026-08-14T00:52:22.774303,0.155,2.504,38.686
2026-08-14T00:52:22.774430,0.130,2.504,38.686
2026-08-14T00:52:22.774556,0.126,2.504,38.686
2026-08-14T00:52:22.774678,0.122,2.503,38.686
2026-08-14T00:52:22.776482,1.787,2.498,38.686
2026-08-14T00:52:22.776643,0.172,2.498,38.686
2026-08-14T00:52:22.776799,0.160,2.498,38.686
2026-08-14T00:52:22.778033,1.230,2.488,38.686
2026-08-14T00:52:22.778171,0.142,2.488,38.686
2026-08-14T00:52:22.781532,3.354,2.498,38.686
2026-08-14T00:52:22.781693,0.158,2.499,38.686
2026-08-14T00:52:22.781849,0.149,2.488,38.686
2026-08-14T00:52:22.781984,0.152,2.488,38.686
2026-08-14T00:52:22.782111,0.129,2.167,38.686
2026-08-14T00:52:22.818801,36.623,2.500,38.686
2026-08-14T00:52:22.819023,0.271,2.501,38.686
2026-08-14T00:52:22.819197,0.184,2.502,38.686
2026-08-14T00:52:22.821498,2.300,2.502,38.686
2026-08-14T00:52:22.821652,0.156,2.502,38.686
2026-08-14T00:52:22.821791,0.142,2.502,38.686
2026-08-14T00:52:22.824090,2.294,2.502,38.686
2026-08-14T00:52:22.824238,0.151,2.502,38.686
2026-08-14T00:52:22.824374,0.138,2.502,38.686
2026-08-14T00:52:22.824506,0.134,2.503,38.686
2026-08-14T00:52:22.824692,0.182,2.503,38.686
2026-08-14T00:52:22.825938,1.244,2.497,38.686
2026-08-14T00:52:22.826115,0.179,2.497,38.686
2026-08-14T00:52:22.826259,0.146,2.497,38.686
2026-08-14T00:52:22.828555,2.295,2.507,38.686
2026-08-14T00:52:22.831929,3.372,2.507,38.686
2026-08-14T00:52:22.832070,0.144,2.507,38.686
2026-08-14T00:52:22.832198,0.131,2.506,38.686
2026-08-14T00:52:22.832322,0.125,2.506,38.686
2026-08-14T00:52:22.832446,0.124,2.506,38.686
2026-08-14T00:52:22.869048,36.559,2.506,38.686
2026-08-14T00:52:22.869233,0.213,2.506,38.686
2026-08-14T00:52:22.869376,0.153,2.507,38.686
2026-08-14T00:52:22.870599,1.219,2.496,38.686
2026-08-14T00:52:22.870748,0.152,2.496,38.686
2026-08-14T00:52:22.870902,0.154,2.496,38.686
2026-08-14T00:52:22.874263,3.358,2.496,38.686
2026-08-14T00:52:22.874409,0.150,2.496,38.686
2026-08-14T00:52:22.874545,0.137,2.496,38.686
2026-08-14T00:52:22.874680,0.134,2.496,38.686
2026-08-14T00:52:22.874874,0.189,2.496,38.686
2026-08-14T00:52:22.876128,1.253,2.496,38.686
2026-08-14T00:52:22.876304,0.178,2.496,38.686
2026-08-14T00:52:22.876447,0.146,2.496,38.686
2026-08-14T00:52:22.877678,1.228,2.486,38.686
2026-08-14T00:52:22.882129,4.450,2.528,38.686
2026-08-14T00:52:22.882265,0.142,2.507,38.686
2026-08-14T00:52:22.882384,0.123,2.507,38.686
2026-08-14T00:52:22.882502,0.118,2.507,38.686
2026-08-14T00:52:22.882620,0.118,2.507,38.686
2026-08-14T00:52:22.919084,36.453,2.505,38.686
2026-08-14T00:52:22.919228,0.149,2.504,38.686
2026-08-14T00:52:22.919356,0.131,2.503,38.686
2026-08-14T00:52:22.920706,1.298,2.493,38.686
2026-08-14T00:52:22.920911,0.243,2.493,38.686
2026-08-14T00:52:22.921081,0.178,2.493,38.686
2026-08-14T00:52:22.923375,2.294,2.493,38.686
2026-08-14T00:52:22.923523,0.150,2.493,38.686
2026-08-14T00:52:22.923657,0.137,2.493,38.686
2026-08-14T00:52:22.923788,0.131,2.493,38.686
2026-08-14T00:52:22.923983,0.191,2.493,38.686
2026-08-14T00:52:22.926298,2.315,2.492,38.686
2026-08-14T00:52:22.926472,0.176,2.492,38.686
2026-08-14T00:52:22.926612,0.142,2.492,38.686
2026-08-14T00:52:22.928906,2.291,2.513,38.686
2026-08-14T00:52:22.929058,0.155,2.513,38.686
2026-08-14T00:52:22.931341,2.280,2.524,38.686
2026-08-14T00:52:22.931480,0.142,2.524,38.686
2026-08-14T00:52:22.932689,1.208,2.524,38.686
2026-08-14T00:52:22.932832,0.135,2.524,38.686
2026-08-14T00:52:22.968303,35.458,2.492,36.623
2026-08-14T00:52:22.968473,0.186,2.492,36.623
2026-08-14T00:52:22.968615,0.148,2.492,36.623
2026-08-14T00:52:22.970918,2.297,2.503,36.623
2026-08-14T00:52:22.971067,0.154,2.503,36.623
2026-08-14T00:52:22.971205,0.141,2.503,36.623
2026-08-14T00:52:22.973516,2.303,2.492,36.623
2026-08-14T00:52:22.973663,0.152,2.492,36.623
2026-08-14T00:52:22.973800,0.139,2.492,36.623
2026-08-14T00:52:22.973947,0.146,2.492,36.623
2026-08-14T00:52:22.974123,0.174,2.492,36.623
2026-08-14T00:52:22.976981,2.848,2.508,36.623
2026-08-14T00:52:22.977165,0.193,2.508,36.623
2026-08-14T00:52:22.977305,0.145,2.508,36.623
2026-08-14T00:52:22.978528,1.221,2.498,36.623
2026-08-14T00:52:22.978681,0.154,2.498,36.623
2026-08-14T00:52:22.980961,2.278,2.487,36.623
2026-08-14T00:52:22.981096,0.139,2.487,36.623
2026-08-14T00:52:22.981225,0.130,2.487,36.623
2026-08-14T00:52:22.981350,0.126,2.487,36.623
2026-08-14T00:52:23.019170,37.760,2.500,37.760
2026-08-14T00:52:23.019366,0.245,2.501,37.760
2026-08-14T00:52:23.019506,0.148,2.501,37.760
2026-08-14T00:52:23.020720,1.210,2.501,37.760
2026-08-14T00:52:23.020877,0.159,2.501,37.760
2026-08-14T00:52:23.021015,0.140,2.469,37.760
2026-08-14T00:52:23.024363,3.344,2.501,37.760
2026-08-14T00:52:23.024503,0.142,2.501,37.760
2026-08-14T00:52:23.024632,0.131,2.501,37.760
2026-08-14T00:52:23.024784,0.150,2.501,37.760
2026-08-14T00:52:23.024980,0.194,2.485,37.760
2026-08-14T00:52:23.026219,1.239,2.496,37.760
2026-08-14T00:52:23.026390,0.171,2.496,37.760
2026-08-14T00:52:23.026527,0.140,2.485,37.760
2026-08-14T00:52:23.028799,2.271,2.506,37.760
2026-08-14T00:52:23.031108,2.306,2.496,37.760
2026-08-14T00:52:23.031240,0.137,2.496,37.760
2026-08-14T00:52:23.031360,0.122,2.495,37.760
2026-08-14T00:52:23.031478,0.119,2.495,37.760
2026-08-14T00:52:23.032675,1.193,2.506,37.760
2026-08-14T00:52:23.069229,36.517,2.505,37.760
2026-08-14T00:52:23.069413,0.210,2.504,37.760
2026-08-14T00:52:23.069555,0.151,2.504,37.760
2026-08-14T00:52:23.070778,1.220,2.493,37.760
2026-08-14T00:52:23.070944,0.166,2.493,37.760
2026-08-14T00:52:23.071086,0.146,2.493,37.760
2026-08-14T00:52:23.073374,2.284,2.493,37.760
2026-08-14T00:52:23.073524,0.151,2.493,37.760
2026-08-14T00:52:23.073662,0.140,2.493,37.760
2026-08-14T00:52:23.073796,0.135,2.493,37.760
2026-08-14T00:52:23.073992,0.192,2.493,37.760
2026-08-14T00:52:23.075237,1.245,2.493,37.760
2026-08-14T00:52:23.076513,1.274,2.504,37.760
2026-08-14T00:52:23.076670,0.159,2.504,37.760
2026-08-14T00:52:23.077956,1.279,2.494,37.760
2026-08-14T00:52:23.078123,0.174,2.462,37.760
2026-08-14T00:52:23.080450,2.320,2.484,37.760
2026-08-14T00:52:23.080593,0.155,2.484,37.760
2026-08-14T00:52:23.080717,0.127,2.484,37.760
2026-08-14T00:52:23.080851,0.122,2.484,37.760
2026-08-14T00:52:23.118386,37.535,2.494,37.760
2026-08-14T00:52:23.118538,0.158,2.493,37.760
2026-08-14T00:52:23.118676,0.139,2.493,37.760
2026-08-14T00:52:23.120977,2.296,2.504,37.760
2026-08-14T00:52:23.121125,0.152,2.504,37.760
2026-08-14T00:52:23.121264,0.141,2.504,37.760
2026-08-14T00:52:23.123551,2.283,2.493,37.760
2026-08-14T00:52:23.123695,0.146,2.493,37.760
2026-08-14T00:52:23.123842,0.137,2.493,37.760
2026-08-14T00:52:23.123979,0.149,2.493,37.760
2026-08-14T00:52:23.124157,0.176,2.493,37.760
2026-08-14T00:52:23.126474,2.314,2.503,37.760
2026-08-14T00:52:23.126649,0.178,2.503,37.760
2026-08-14T00:52:23.126790,0.144,2.503,37.760
2026-08-14T00:52:23.129106,2.312,2.514,37.760
2026-08-14T00:52:23.129265,0.162,2.471,37.760
2026-08-14T00:52:23.131557,2.288,2.493,37.760
2026-08-14T00:52:23.131708,0.153,2.493,37.760
2026-08-14T00:52:23.132914,1.209,2.504,37.760
2026-08-14T00:52:23.133043,0.133,2.504,37.760
2026-08-14T00:52:23.168657,35.551,2.495,37.760
2026-08-14T00:52:23.168871,0.250,2.496,37.760
2026-08-14T00:52:23.169018,0.169,2.497,37.760
2026-08-14T00:52:23.171319,2.300,2.507,37.760
2026-08-14T00:52:23.171465,0.150,2.506,37.760
2026-08-14T00:52:23.171599,0.137,2.505,37.760
2026-08-14T00:52:23.173948,2.323,2.506,37.760
2026-08-14T00:52:23.174113,0.184,2.506,37.760
2026-08-14T00:52:23.174249,0.142,2.506,37.760
2026-08-14T00:52:23.174378,0.131,2.506,37.760
2026-08-14T00:52:23.174554,0.173,2.506,37.760
2026-08-14T00:52:23.177424,2.858,2.511,37.760
2026-08-14T00:52:23.177617,0.202,2.511,37.760
2026-08-14T00:52:23.177759,0.147,2.511,37.760
2026-08-14T00:52:23.177940,0.179,2.490,37.760
2026-08-14T00:52:23.178090,0.152,2.490,37.760
2026-08-14T00:52:23.181446,3.352,2.501,37.760
2026-08-14T00:52:23.181584,0.142,2.501,37.760
2026-08-14T00:52:23.181717,0.132,2.490,37.760
2026-08-14T00:52:23.181859,0.141,2.490,37.760
2026-08-14T00:52:23.218545,36.614,2.502,37.760
2026-08-14T00:52:23.218748,0.267,2.503,37.760
2026-08-14T00:52:23.218904,0.162,2.503,37.760
2026-08-14T00:52:23.221192,2.287,2.503,37.760
2026-08-14T00:52:23.221336,0.147,2.503,37.760
2026-08-14T00:52:23.221469,0.135,2.503,37.760
2026-08-14T00:52:23.224863,3.370,2.513,37.760
2026-08-14T00:52:23.225020,0.175,2.514,37.760
2026-08-14T00:52:23.225153,0.139,2.514,37.760
2026-08-14T00:52:23.225280,0.129,2.513,37.760
2026-08-14T00:52:23.225453,0.171,2.513,37.760
2026-08-14T00:52:23.226689,1.232,2.497,37.760
2026-08-14T00:52:23.226871,0.182,2.497,37.760
2026-08-14T00:52:23.227017,0.149,2.497,37.760
2026-08-14T00:52:23.229309,2.290,2.508,37.760
2026-08-14T00:52:23.229463,0.155,2.508,37.760
2026-08-14T00:52:23.231766,2.301,2.508,37.760
2026-08-14T00:52:23.231917,0.152,2.508,37.760
2026-08-14T00:52:23.233131,1.211,2.519,37.760
2026-08-14T00:52:23.233271,0.145,2.519,37.760
2026-08-14T00:52:23.268767,35.462,2.496,37.535
2026-08-14T00:52:23.268963,0.218,2.496,37.535
2026-08-14T00:52:23.269108,0.154,2.496,37.535
2026-08-14T00:52:23.270329,1.219,2.496,37.535
2026-08-14T00:52:23.270478,0.151,2.496,37.535
2026-08-14T00:52:23.274922,4.440,2.539,37.535
2026-08-14T00:52:23.275074,0.156,2.507,37.535
2026-08-14T00:52:23.275208,0.136,2.507,37.535
2026-08-14T00:52:23.275341,0.133,2.507,37.535
2026-08-14T00:52:23.275473,0.132,2.507,37.535
2026-08-14T00:52:23.275652,0.177,2.507,37.535
2026-08-14T00:52:23.275800,0.149,2.496,37.535
2026-08-14T00:52:23.275981,0.179,2.496,37.535
2026-08-14T00:52:23.276125,0.147,2.496,37.535
2026-08-14T00:52:23.276260,0.136,2.475,37.535
2026-08-14T00:52:23.279609,3.349,2.485,37.535
2026-08-14T00:52:23.279744,0.138,2.485,37.535
2026-08-14T00:52:23.279874,0.131,2.485,37.535
2026-08-14T00:52:23.279994,0.121,2.485,37.535
2026-08-14T00:52:23.280121,0.125,2.474,37.535
2026-08-14T00:52:23.318828,38.665,2.496,38.665
2026-08-14T00:52:23.319004,0.208,2.496,38.665
2026-08-14T00:52:23.319150,0.153,2.496,38.665
2026-08-14T00:52:23.320372,1.219,2.496,38.665
2026-08-14T00:52:23.320521,0.152,2.496,38.665
2026-08-14T00:52:23.320658,0.140,2.496,38.665
2026-08-14T00:52:23.324004,3.344,2.506,38.665
2026-08-14T00:52:23.324141,0.139,2.506,38.665
2026-08-14T00:52:23.324268,0.129,2.506,38.665
2026-08-14T00:52:23.324393,0.125,2.506,38.665
2026-08-14T00:52:23.324561,0.163,2.506,38.665
2026-08-14T00:52:23.326881,2.316,2.516,38.665
2026-08-14T00:52:23.327046,0.170,2.505,38.665
2026-08-14T00:52:23.327181,0.138,2.505,38.665
2026-08-14T00:52:23.329483,2.294,2.515,38.665
2026-08-14T00:52:23.329634,0.156,2.515,38.665
2026-08-14T00:52:23.330851,1.206,2.504,38.665
2026-08-14T00:52:23.330983,0.146,2.504,38.665
2026-08-14T00:52:23.333252,2.266,2.525,38.665
2026-08-14T00:52:23.333384,0.135,2.525,38.665
2026-08-14T00:52:23.368756,35.361,2.504,38.665
2026-08-14T00:52:23.368912,0.160,2.504,38.665
2026-08-14T00:52:23.369041,0.135,2.504,38.665
2026-08-14T00:52:23.370246,1.202,2.493,38.665
2026-08-14T00:52:23.370380,0.135,2.493,38.665
2026-08-14T00:52:23.370510,0.132,2.492,38.665
2026-08-14T00:52:23.373866,3.349,2.503,38.665
2026-08-14T00:52:23.374010,0.146,2.503,38.665
2026-08-14T00:52:23.374143,0.136,2.503,38.665
2026-08-14T00:52:23.374273,0.130,2.503,38.665
2026-08-14T00:52:23.374437,0.161,2.503,38.665
2026-08-14T00:52:23.375677,1.237,2.492,38.665
2026-08-14T00:52:23.375868,0.190,2.492,38.665
2026-08-14T00:52:23.376018,0.154,2.492,38.665
2026-08-14T00:52:23.378903,2.871,2.498,38.665
2026-08-14T00:52:23.379074,0.183,2.498,38.665
2026-08-14T00:52:23.381379,2.301,2.498,38.665
2026-08-14T00:52:23.381527,0.154,2.498,38.665
2026-08-14T00:52:23.381664,0.138,2.488,38.665
2026-08-14T00:52:23.381797,0.134,2.488,38.665
2026-08-14T00:52:23.418586,36.710,2.499,38.665
2026-08-14T00:52:23.418818,0.286,2.499,38.665
2026-08-14T00:52:23.418976,0.178,2.500,38.665
2026-08-14T00:52:23.421273,2.296,2.500,38.665
2026-08-14T00:52:23.421427,0.156,2.500,38.665
2026-08-14T00:52:23.421570,0.146,2.500,38.665
2026-08-14T00:52:23.423909,2.331,2.500,38.665
2026-08-14T00:52:23.424060,0.157,2.499,38.665
2026-08-14T00:52:23.424197,0.140,2.499,38.665
2026-08-14T00:52:23.424332,0.135,2.500,38.665
2026-08-14T00:52:23.424518,0.182,2.500,38.665
2026-08-14T00:52:23.426836,2.309,2.494,38.665
2026-08-14T00:52:23.427012,0.186,2.494,38.665
2026-08-14T00:52:23.427151,0.143,2.494,38.665
2026-08-14T00:52:23.428372,1.219,2.504,38.665
2026-08-14T00:52:23.431737,3.364,2.536,38.665
2026-08-14T00:52:23.431889,0.154,2.504,38.665
2026-08-14T00:52:23.432019,0.133,2.504,38.665
2026-08-14T00:52:23.432146,0.127,2.504,38.665
2026-08-14T00:52:23.432272,0.127,2.504,38.665
2026-08-14T00:52:23.468856,36.541,2.503,38.665
2026-08-14T00:52:23.469036,0.210,2.503,38.665
2026-08-14T00:52:23.469181,0.153,2.503,38.665
2026-08-14T00:52:23.470427,1.242,2.492,38.665
2026-08-14T00:52:23.470578,0.154,2.492,38.665
2026-08-14T00:52:23.470717,0.142,2.492,38.665
2026-08-14T00:52:23.474073,3.351,2.492,38.665
2026-08-14T00:52:23.474218,0.148,2.492,38.665
2026-08-14T00:52:23.474354,0.137,2.492,38.665
2026-08-14T00:52:23.474486,0.133,2.492,38.665
2026-08-14T00:52:23.474663,0.174,2.492,38.665
2026-08-14T00:52:23.475922,1.255,2.492,38.665
2026-08-14T00:52:23.476101,0.181,2.492,38.665
2026-08-14T00:52:23.476251,0.150,2.492,38.665
2026-08-14T00:52:23.478559,2.304,2.492,38.665
2026-08-14T00:52:23.478717,0.163,2.493,38.665
2026-08-14T00:52:23.480994,2.279,2.492,38.665
2026-08-14T00:52:23.481126,0.135,2.492,38.665
2026-08-14T00:52:23.481248,0.123,2.481,38.665
2026-08-14T00:52:23.481365,0.119,2.481,38.665
2026-08-14T00:52:23.518921,37.540,2.502,38.665
2026-08-14T00:52:23.519076,0.161,2.501,38.665
2026-08-14T00:52:23.519212,0.140,2.501,38.665
2026-08-14T00:52:23.520427,1.211,2.501,38.665
2026-08-14T00:52:23.520571,0.147,2.501,38.665
2026-08-14T00:52:23.520705,0.136,2.458,38.665
2026-08-14T00:52:23.524059,3.351,2.490,38.665
2026-08-14T00:52:23.524194,0.138,2.490,38.665
2026-08-14T00:52:23.524320,0.128,2.490,38.665
2026-08-14T00:52:23.524441,0.122,2.490,38.665
2026-08-14T00:52:23.524599,0.155,2.489,38.665
2026-08-14T00:52:23.525845,1.233,2.500,38.665
2026-08-14T00:52:23.526009,0.174,2.500,38.665
2026-08-14T00:52:23.526141,0.135,2.500,38.665
2026-08-14T00:52:23.529509,3.362,2.532,38.665
2026-08-14T00:52:23.529659,0.154,2.500,38.665
2026-08-14T00:52:23.530874,1.213,2.511,38.665
2026-08-14T00:52:23.531005,0.136,2.511,38.665
2026-08-14T00:52:23.532215,1.207,2.522,38.665
2026-08-14T00:52:23.532346,0.134,2.522,38.665
2026-08-14T00:52:23.565626,33.268,2.468,37.540
2026-08-14T00:52:23.568987,3.366,2.500,37.540
2026-08-14T00:52:23.569122,0.139,2.500,37.540
2026-08-14T00:52:23.569251,0.129,2.489,37.540
2026-08-14T00:52:23.570459,1.205,2.499,37.540
2026-08-14T00:52:23.570592,0.137,2.499,37.540
2026-08-14T00:52:23.570718,0.127,2.467,37.540
2026-08-14T00:52:23.574057,3.335,2.499,37.540
2026-08-14T00:52:23.574187,0.133,2.499,37.540
2026-08-14T00:52:23.574309,0.124,2.499,37.540
2026-08-14T00:52:23.574428,0.119,2.499,37.540
2026-08-14T00:52:23.574580,0.149,2.477,37.540
2026-08-14T00:52:23.575807,1.224,2.488,37.540
2026-08-14T00:52:23.575982,0.175,2.488,37.540
2026-08-14T00:52:23.576113,0.134,2.466,37.540
2026-08-14T00:52:23.577904,1.777,2.483,37.540
2026-08-14T00:52:23.578066,0.172,2.472,37.540
2026-08-14T00:52:23.580373,2.303,2.494,37.540
2026-08-14T00:52:23.580514,0.148,2.473,37.540
2026-08-14T00:52:23.580643,0.131,2.473,37.540
2026-08-14T00:52:23.580768,0.125,2.120,37.540
2026-08-14T00:52:23.618529,37.694,2.496,37.694
2026-08-14T00:52:23.618736,0.261,2.497,37.694
2026-08-14T00:52:23.618904,0.174,2.487,37.694
2026-08-14T00:52:23.621211,2.307,2.508,37.694
2026-08-14T00:52:23.621360,0.155,2.508,37.694
2026-08-14T00:52:23.621496,0.138,2.476,37.694
2026-08-14T00:52:23.623795,2.288,2.498,37.694
2026-08-14T00:52:23.623954,0.165,2.498,37.694
2026-08-14T00:52:23.626260,2.304,2.520,37.694
2026-08-14T00:52:23.626404,0.148,2.520,37.694
2026-08-14T00:52:23.626587,0.182,2.509,37.694
2026-08-14T00:52:23.626731,0.147,2.509,37.694
2026-08-14T00:52:23.629098,2.321,2.530,37.694
2026-08-14T00:52:23.629249,0.195,2.504,37.694
2026-08-14T00:52:23.629381,0.135,2.503,37.694
2026-08-14T00:52:23.631672,2.286,2.503,37.694
2026-08-14T00:52:23.632907,1.232,2.514,37.694
2026-08-14T00:52:23.633049,0.149,2.514,37.694
2026-08-14T00:52:23.633178,0.132,2.514,37.694
2026-08-14T00:52:23.633307,0.129,2.148,37.694
2026-08-14T00:52:23.668858,35.497,2.500,37.694
2026-08-14T00:52:23.669048,0.231,2.501,37.694
2026-08-14T00:52:23.669192,0.153,2.479,37.694
2026-08-14T00:52:23.670509,1.293,2.491,37.694
2026-08-14T00:52:23.670676,0.191,2.491,37.694
2026-08-14T00:52:23.670827,0.140,2.469,37.694
2026-08-14T00:52:23.674231,3.402,2.502,37.694
2026-08-14T00:52:23.674394,0.173,2.502,37.694
2026-08-14T00:52:23.674529,0.141,2.502,37.694
2026-08-14T00:52:23.674686,0.156,2.502,37.694
2026-08-14T00:52:23.674884,0.195,2.481,37.694
2026-08-14T00:52:23.676127,1.243,2.491,37.694
2026-08-14T00:52:23.676294,0.172,2.491,37.694
2026-08-14T00:52:23.676426,0.134,2.481,37.694
2026-08-14T00:52:23.678713,2.282,2.470,37.694
2026-08-14T00:52:23.678879,0.163,2.470,37.694
2026-08-14T00:52:23.681318,2.385,2.492,37.694
2026-08-14T00:52:23.681501,0.238,2.493,37.694
2026-08-14T00:52:23.681632,0.138,2.494,37.694
2026-08-14T00:52:23.681754,0.124,2.129,37.694
2026-08-14T00:52:23.719395,37.594,2.503,37.694
2026-08-14T00:52:23.719589,0.228,2.504,37.694
2026-08-14T00:52:23.719736,0.155,2.493,37.694
2026-08-14T00:52:23.720962,1.220,2.504,37.694
2026-08-14T00:52:23.721117,0.160,2.504,37.694
2026-08-14T00:52:23.721260,0.145,2.472,37.694
2026-08-14T00:52:23.723552,2.286,2.493,37.694
2026-08-14T00:52:23.723706,0.157,2.493,37.694
2026-08-14T00:52:23.723862,0.144,2.494,37.694
2026-08-14T00:52:23.723999,0.153,2.493,37.694
2026-08-14T00:52:23.724190,0.188,2.483,37.694
2026-08-14T00:52:23.726516,2.321,2.504,37.694
2026-08-14T00:52:23.726703,0.189,2.504,37.694
2026-08-14T00:52:23.726866,0.166,2.483,37.694
2026-08-14T00:52:23.729178,2.312,2.505,37.694
2026-08-14T00:52:23.729325,0.152,2.483,37.694
2026-08-14T00:52:23.731606,2.278,2.505,37.694
2026-08-14T00:52:23.731737,0.136,2.505,37.694
2026-08-14T00:52:23.732939,1.198,2.516,37.694
2026-08-14T00:52:23.733072,0.137,2.142,37.694
2026-08-14T00:52:23.768490,35.405,2.494,37.694
2026-08-14T00:52:23.768636,0.155,2.494,37.694
2026-08-14T00:52:23.768764,0.132,2.483,37.694
2026-08-14T00:52:23.771059,2.287,2.505,37.694
2026-08-14T00:52:23.771198,0.144,2.505,37.694
2026-08-14T00:52:23.771326,0.130,2.473,37.694
2026-08-14T00:52:23.773656,2.308,2.494,37.694
2026-08-14T00:52:23.773826,0.175,2.495,37.694
2026-08-14T00:52:23.773968,0.156,2.495,37.694
2026-08-14T00:52:23.774095,0.131,2.495,37.694
2026-08-14T00:52:23.774265,0.167,2.484,37.694
2026-08-14T00:52:23.776574,2.305,2.506,37.694
2026-08-14T00:52:23.776744,0.173,2.506,37.694
2026-08-14T00:52:23.776894,0.150,2.474,37.694
2026-08-14T00:52:23.778658,1.754,2.490,37.694
2026-08-14T00:52:23.778838,0.174,2.479,37.694
2026-08-14T00:52:23.781116,2.296,2.501,37.694
2026-08-14T00:52:23.781249,0.133,2.490,37.694
2026-08-14T00:52:23.781368,0.124,2.490,37.694
2026-08-14T00:52:23.781483,0.116,2.159,37.694
2026-08-14T00:52:23.819261,37.702,2.502,37.702
2026-08-14T00:52:23.819462,0.261,2.503,37.702
2026-08-14T00:52:23.819602,0.149,2.504,37.702
2026-08-14T00:52:23.820828,1.214,2.504,37.702
2026-08-14T00:52:23.820978,0.161,2.504,37.702
2026-08-14T00:52:23.824336,3.354,2.536,37.702
2026-08-14T00:52:23.824478,0.146,2.504,37.702
2026-08-14T00:52:23.824607,0.130,2.504,37.702
2026-08-14T00:52:23.824733,0.127,2.504,37.702
2026-08-14T00:52:23.824870,0.135,2.504,37.702
2026-08-14T00:52:23.826174,1.286,2.516,37.702
2026-08-14T00:52:23.826348,0.185,2.505,37.702
2026-08-14T00:52:23.826522,0.176,2.505,37.702
2026-08-14T00:52:23.828872,2.327,2.527,37.702
2026-08-14T00:52:23.831190,2.337,2.533,37.702
2026-08-14T00:52:23.832442,1.255,2.544,37.702
2026-08-14T00:52:23.832586,0.149,2.522,37.702
2026-08-14T00:52:23.833822,1.223,2.533,37.702
2026-08-14T00:52:23.833969,0.160,2.533,37.702
2026-08-14T00:52:23.834095,0.130,2.533,37.702
2026-08-14T00:52:23.868535,34.399,2.500,37.702
2026-08-14T00:52:23.868720,0.214,2.500,37.702
2026-08-14T00:52:23.868877,0.163,2.500,37.702
2026-08-14T00:52:23.871184,2.303,2.500,37.702
2026-08-14T00:52:23.871333,0.154,2.500,37.702
2026-08-14T00:52:23.871476,0.143,2.500,37.702
2026-08-14T00:52:23.873794,2.311,2.500,37.702
2026-08-14T00:52:23.873955,0.166,2.500,37.702
2026-08-14T00:52:23.874093,0.142,2.478,37.702
2026-08-14T00:52:23.874227,0.135,2.478,37.702
2026-08-14T00:52:23.874416,0.184,2.478,37.702
2026-08-14T00:52:23.876731,2.312,2.500,37.702
2026-08-14T00:52:23.876916,0.189,2.479,37.702
2026-08-14T00:52:23.877056,0.144,2.478,37.702
2026-08-14T00:52:23.877242,0.185,2.479,37.702
2026-08-14T00:52:23.881674,4.426,2.500,37.702
2026-08-14T00:52:23.881857,0.171,2.489,37.702
2026-08-14T00:52:23.881993,0.154,2.489,37.702
2026-08-14T00:52:23.882121,0.130,2.489,37.702
2026-08-14T00:52:23.882247,0.126,2.489,37.702
2026-08-14T00:52:23.918977,36.652,2.501,37.702
2026-08-14T00:52:23.919180,0.272,2.501,37.702
2026-08-14T00:52:23.919322,0.149,2.501,37.702
2026-08-14T00:52:23.920536,1.209,2.500,37.702
2026-08-14T00:52:23.920674,0.144,2.500,37.702
2026-08-14T00:52:23.920804,0.132,2.500,37.702
2026-08-14T00:52:23.924162,3.353,2.499,37.702
2026-08-14T00:52:23.924295,0.138,2.499,37.702
2026-08-14T00:52:23.924419,0.125,2.499,37.702
2026-08-14T00:52:23.924540,0.121,2.499,37.702
2026-08-14T00:52:23.924709,0.166,2.498,37.702
2026-08-14T00:52:23.925942,1.230,2.498,37.702
2026-08-14T00:52:23.926101,0.162,2.498,37.702
2026-08-14T00:52:23.926231,0.132,2.498,37.702
2026-08-14T00:52:23.929581,3.340,2.509,37.702
2026-08-14T00:52:23.930934,1.327,2.520,37.702
2026-08-14T00:52:23.931108,0.202,2.498,37.702
2026-08-14T00:52:23.931238,0.137,2.497,37.702
2026-08-14T00:52:23.931361,0.124,2.497,37.702
2026-08-14T00:52:23.932591,1.216,2.508,37.702
2026-08-14T00:52:23.969097,36.500,2.497,37.702
2026-08-14T00:52:23.969260,0.172,2.497,37.702
2026-08-14T00:52:23.969399,0.144,2.497,37.702
2026-08-14T00:52:23.970615,1.214,2.497,37.702
2026-08-14T00:52:23.970754,0.142,2.496,37.702
2026-08-14T00:52:23.970900,0.145,2.496,37.702
2026-08-14T00:52:23.974249,3.348,2.507,37.702
2026-08-14T00:52:23.974386,0.140,2.507,37.702
2026-08-14T00:52:23.974516,0.130,2.507,37.702
2026-08-14T00:52:23.974641,0.126,2.506,37.702
2026-08-14T00:52:23.974826,0.170,2.506,37.702
2026-08-14T00:52:23.976064,1.247,2.496,37.702
2026-08-14T00:52:23.976236,0.172,2.495,37.702
2026-08-14T00:52:23.976374,0.141,2.495,37.702
2026-08-14T00:52:23.979234,2.847,2.500,37.702
2026-08-14T00:52:23.979400,0.175,2.501,37.702
2026-08-14T00:52:23.980607,1.210,2.490,37.702
2026-08-14T00:52:23.980741,0.138,2.490,37.702
2026-08-14T00:52:23.980877,0.135,2.479,37.702
2026-08-14T00:52:23.980999,0.124,2.479,37.702
2026-08-14T00:52:24.018774,37.698,2.502,37.702
2026-08-14T00:52:24.019000,0.285,2.504,37.702
2026-08-14T00:52:24.019147,0.159,2.504,37.702
2026-08-14T00:52:24.020368,1.216,2.493,37.702
2026-08-14T00:52:24.020514,0.151,2.493,37.702
2026-08-14T00:52:24.020650,0.138,2.493,37.702
2026-08-14T00:52:24.024001,3.346,2.504,37.702
2026-08-14T00:52:24.024142,0.145,2.503,37.702
2026-08-14T00:52:24.024272,0.131,2.503,37.702
2026-08-14T00:52:24.024400,0.128,2.503,37.702
2026-08-14T00:52:24.024578,0.175,2.503,37.702
2026-08-14T00:52:24.025883,1.293,2.493,37.702
2026-08-14T00:52:24.026059,0.186,2.493,37.702
2026-08-14T00:52:24.026197,0.141,2.493,37.702
2026-08-14T00:52:24.028497,2.295,2.498,37.702
2026-08-14T00:52:24.030826,2.317,2.520,37.702
2026-08-14T00:52:24.030971,0.160,2.499,37.702
2026-08-14T00:52:24.031100,0.132,2.499,37.702
2026-08-14T00:52:24.032324,1.219,2.509,37.702
2026-08-14T00:52:24.033539,1.216,2.520,37.702
2026-08-14T00:52:24.069064,35.486,2.498,37.698
2026-08-14T00:52:24.069251,0.215,2.498,37.698
2026-08-14T00:52:24.069397,0.156,2.498,37.698
2026-08-14T00:52:24.070625,1.223,2.498,37.698
2026-08-14T00:52:24.070778,0.157,2.498,37.698
2026-08-14T00:52:24.070936,0.158,2.466,37.698
2026-08-14T00:52:24.073248,2.307,2.488,37.698
2026-08-14T00:52:24.073398,0.155,2.488,37.698
2026-08-14T00:52:24.073538,0.141,2.488,37.698
2026-08-14T00:52:24.073672,0.135,2.488,37.698
2026-08-14T00:52:24.073869,0.193,2.477,37.698
2026-08-14T00:52:24.075119,1.248,2.488,37.698
2026-08-14T00:52:24.076388,1.271,2.499,37.698
2026-08-14T00:52:24.076535,0.152,2.477,37.698
2026-08-14T00:52:24.078849,2.298,2.477,37.698
2026-08-14T00:52:24.079008,0.172,2.466,37.698
2026-08-14T00:52:24.081310,2.296,2.487,37.698
2026-08-14T00:52:24.081454,0.153,2.476,37.698
2026-08-14T00:52:24.081586,0.133,2.476,37.698
2026-08-14T00:52:24.081713,0.129,2.476,37.698
2026-08-14T00:52:24.118240,36.511,2.497,37.698
2026-08-14T00:52:24.118403,0.172,2.497,37.698
2026-08-14T00:52:24.118541,0.143,2.497,37.698
2026-08-14T00:52:24.120871,2.322,2.497,37.698
2026-08-14T00:52:24.121024,0.159,2.497,37.698
2026-08-14T00:52:24.121163,0.142,2.497,37.698
2026-08-14T00:52:24.123455,2.285,2.497,37.698
2026-08-14T00:52:24.123602,0.152,2.496,37.698
2026-08-14T00:52:24.123738,0.138,2.496,37.698
2026-08-14T00:52:24.123888,0.147,2.497,37.698
2026-08-14T00:52:24.124074,0.184,2.497,37.698
2026-08-14T00:52:24.126398,2.322,2.497,37.698
2026-08-14T00:52:24.126574,0.179,2.497,37.698
2026-08-14T00:52:24.126716,0.145,2.497,37.698
2026-08-14T00:52:24.129027,2.304,2.518,37.698
2026-08-14T00:52:24.129187,0.165,2.475,37.698
2026-08-14T00:52:24.131463,2.277,2.496,37.698
2026-08-14T00:52:24.131594,0.135,2.496,37.698
2026-08-14T00:52:24.132793,1.197,2.507,37.698
2026-08-14T00:52:24.132935,0.144,2.507,37.698
2026-08-14T00:52:24.168446,35.460,2.495,37.698
2026-08-14T00:52:24.168656,0.241,2.495,37.698
2026-08-14T00:52:24.168841,0.181,2.495,37.698
2026-08-14T00:52:24.171196,2.358,2.506,37.698
2026-08-14T00:52:24.171356,0.177,2.507,37.698
2026-08-14T00:52:24.171494,0.141,2.507,37.698
2026-08-14T00:52:24.173778,2.279,2.496,37.698
2026-08-14T00:52:24.173936,0.161,2.496,37.698
2026-08-14T00:52:24.174071,0.139,2.496,37.698
2026-08-14T00:52:24.174204,0.131,2.497,37.698
2026-08-14T00:52:24.174385,0.179,2.497,37.698
2026-08-14T00:52:24.175622,1.234,2.497,37.698
2026-08-14T00:52:24.175863,0.243,2.498,37.698
2026-08-14T00:52:24.176009,0.149,2.498,37.698
2026-08-14T00:52:24.178306,2.293,2.487,37.698
2026-08-14T00:52:24.178457,0.155,2.476,37.698
2026-08-14T00:52:24.181365,2.864,2.502,37.698
2026-08-14T00:52:24.181546,0.219,2.503,37.698
2026-08-14T00:52:24.181675,0.140,2.503,37.698
2026-08-14T00:52:24.181791,0.118,2.492,37.698
2026-08-14T00:52:24.218685,36.812,2.495,37.698
2026-08-14T00:52:24.218908,0.287,2.496,37.698
2026-08-14T00:52:24.219053,0.156,2.497,37.698
2026-08-14T00:52:24.220271,1.214,2.497,37.698
2026-08-14T00:52:24.220479,0.211,2.497,37.698
2026-08-14T00:52:24.220618,0.143,2.497,37.698
2026-08-14T00:52:24.224010,3.380,2.498,37.698
2026-08-14T00:52:24.224163,0.161,2.498,37.698
2026-08-14T00:52:24.224302,0.142,2.498,37.698
2026-08-14T00:52:24.224436,0.135,2.498,37.698
2026-08-14T00:52:24.224616,0.179,2.498,37.698
2026-08-14T00:52:24.225868,1.247,2.498,37.698
2026-08-14T00:52:24.226042,0.178,2.498,37.698
2026-08-14T00:52:24.226179,0.140,2.498,37.698
2026-08-14T00:52:24.228476,2.292,2.493,37.698
2026-08-14T00:52:24.231856,3.370,2.524,37.698
2026-08-14T00:52:24.231999,0.157,2.514,37.698
2026-08-14T00:52:24.232128,0.131,2.514,37.698
2026-08-14T00:52:24.232255,0.128,2.514,37.698
2026-08-14T00:52:24.232381,0.126,2.514,37.698
2026-08-14T00:52:24.269008,36.582,2.503,36.812
2026-08-14T00:52:24.269202,0.225,2.502,36.812
2026-08-14T00:52:24.269349,0.156,2.502,36.812
2026-08-14T00:52:24.270579,1.225,2.502,36.812
2026-08-14T00:52:24.270733,0.159,2.502,36.812
2026-08-14T00:52:24.270892,0.158,2.502,36.812
2026-08-14T00:52:24.273250,2.351,2.492,36.812
2026-08-14T00:52:24.273405,0.162,2.493,36.812
2026-08-14T00:52:24.273544,0.141,2.493,36.812
2026-08-14T00:52:24.273677,0.135,2.493,36.812
2026-08-14T00:52:24.273879,0.196,2.493,36.812
2026-08-14T00:52:24.275223,1.325,2.493,36.812
2026-08-14T00:52:24.276521,1.318,2.505,36.812
2026-08-14T00:52:24.276668,0.153,2.505,36.812
2026-08-14T00:52:24.277893,1.223,2.494,36.812
2026-08-14T00:52:24.278043,0.151,2.472,36.812
2026-08-14T00:52:24.281418,3.365,2.504,36.812
2026-08-14T00:52:24.281560,0.152,2.505,36.812
2026-08-14T00:52:24.281684,0.128,2.494,36.812
2026-08-14T00:52:24.281805,0.122,2.483,36.812
2026-08-14T00:52:24.318318,36.496,2.493,36.812
2026-08-14T00:52:24.318476,0.165,2.492,36.812
2026-08-14T00:52:24.318612,0.142,2.492,36.812
2026-08-14T00:52:24.320914,2.296,2.503,36.812
2026-08-14T00:52:24.321062,0.151,2.503,36.812
2026-08-14T00:52:24.321203,0.143,2.503,36.812
2026-08-14T00:52:24.323489,2.282,2.502,36.812
2026-08-14T00:52:24.323632,0.147,2.502,36.812
2026-08-14T00:52:24.323768,0.137,2.502,36.812
2026-08-14T00:52:24.323916,0.146,2.502,36.812
2026-08-14T00:52:24.324120,0.201,2.503,36.812
2026-08-14T00:52:24.326443,2.322,2.513,36.812
2026-08-14T00:52:24.326619,0.179,2.502,36.812
2026-08-14T00:52:24.326760,0.144,2.502,36.812
2026-08-14T00:52:24.329080,2.313,2.502,36.812
2026-08-14T00:52:24.329244,0.167,2.502,36.812
2026-08-14T00:52:24.331518,2.276,2.502,36.812
2026-08-14T00:52:24.331649,0.135,2.502,36.812
2026-08-14T00:52:24.332855,1.196,2.513,36.812
2026-08-14T00:52:24.332987,0.143,2.513,36.812
2026-08-14T00:52:24.368455,35.448,2.502,36.812
2026-08-14T00:52:24.368617,0.174,2.502,36.812
2026-08-14T00:52:24.368756,0.144,2.502,36.812
2026-08-14T00:52:24.371063,2.301,2.502,36.812
2026-08-14T00:52:24.371219,0.157,2.502,36.812
2026-08-14T00:52:24.371360,0.145,2.502,36.812
2026-08-14T00:52:24.373637,2.276,2.502,36.812
2026-08-14T00:52:24.373774,0.140,2.502,36.812
2026-08-14T00:52:24.373914,0.141,2.502,36.812
2026-08-14T00:52:24.374040,0.128,2.502,36.812
2026-08-14T00:52:24.374198,0.156,2.501,36.812
2026-08-14T00:52:24.376500,2.300,2.501,36.812
2026-08-14T00:52:24.376662,0.164,2.501,36.812
2026-08-14T00:52:24.376794,0.135,2.501,36.812
2026-08-14T00:52:24.378026,1.228,2.490,36.812
2026-08-14T00:52:24.378172,0.149,2.490,36.812
2026-08-14T00:52:24.381016,2.830,2.495,36.812
2026-08-14T00:52:24.381167,0.163,2.496,36.812
2026-08-14T00:52:24.381299,0.134,2.485,36.812
2026-08-14T00:52:24.381425,0.127,2.485,36.812
2026-08-14T00:52:24.419213,37.709,2.507,37.709
2026-08-14T00:52:24.419435,0.287,2.508,37.709
2026-08-14T00:52:24.419577,0.154,2.508,37.709
2026-08-14T00:52:24.420793,1.213,2.496,37.709
2026-08-14T00:52:24.420948,0.157,2.496,37.709
2026-08-14T00:52:24.421085,0.139,2.496,37.709
2026-08-14T00:52:24.424448,3.358,2.507,37.709
2026-08-14T00:52:24.424590,0.144,2.507,37.709
2026-08-14T00:52:24.424720,0.133,2.506,37.709
2026-08-14T00:52:24.424861,0.140,2.507,37.709
2026-08-14T00:52:24.425055,0.191,2.507,37.709
2026-08-14T00:52:24.426292,1.236,2.507,37.709
2026-08-14T00:52:24.426458,0.167,2.506,37.709
2026-08-14T00:52:24.426594,0.139,2.506,37.709
2026-08-14T00:52:24.428895,2.296,2.506,37.709
2026-08-14T00:52:24.431188,2.293,2.527,37.709
2026-08-14T00:52:24.431327,0.142,2.500,37.709
2026-08-14T00:52:24.431455,0.130,2.499,37.709
2026-08-14T00:52:24.431580,0.125,2.499,37.709
2026-08-14T00:52:24.431705,0.125,2.499,37.709
2026-08-14T00:52:24.468350,36.593,2.497,37.709
2026-08-14T00:52:24.468556,0.243,2.496,37.709
2026-08-14T00:52:24.468713,0.165,2.497,37.709
2026-08-14T00:52:24.471021,2.304,2.507,37.709
2026-08-14T00:52:24.471177,0.159,2.507,37.709
2026-08-14T00:52:24.471330,0.153,2.507,37.709
2026-08-14T00:52:24.473626,2.292,2.496,37.709
2026-08-14T00:52:24.473777,0.155,2.496,37.709
2026-08-14T00:52:24.473933,0.156,2.496,37.709
2026-08-14T00:52:24.474072,0.142,2.496,37.709
2026-08-14T00:52:24.474262,0.187,2.496,37.709
2026-08-14T00:52:24.476584,2.319,2.507,37.709
2026-08-14T00:52:24.476766,0.184,2.507,37.709
2026-08-14T00:52:24.476926,0.161,2.507,37.709
2026-08-14T00:52:24.478163,1.236,2.497,37.709
2026-08-14T00:52:24.478308,0.151,2.465,37.709
2026-08-14T00:52:24.480577,2.267,2.486,37.709
2026-08-14T00:52:24.480707,0.132,2.486,37.709
2026-08-14T00:52:24.480837,0.121,2.486,37.709
2026-08-14T00:52:24.480964,0.136,2.486,37.709
2026-08-14T00:52:24.488654,7.674,2.197,37.709
2026-08-14T00:52:24.518741,30.088,2.495,37.709
2026-08-14T00:52:24.518910,0.175,2.496,37.709
2026-08-14T00:52:24.519052,0.146,2.485,37.709
2026-08-14T00:52:24.521342,2.286,2.506,37.709
2026-08-14T00:52:24.521489,0.149,2.506,37.709
2026-08-14T00:52:24.521628,0.141,2.484,37.709
2026-08-14T00:52:24.523924,2.291,2.505,37.709
2026-08-14T00:52:24.524069,0.149,2.505,37.709
2026-08-14T00:52:24.524204,0.136,2.505,37.709
2026-08-14T00:52:24.524335,0.132,2.505,37.709
2026-08-14T00:52:24.524508,0.170,2.493,37.709
2026-08-14T00:52:24.526838,2.315,2.503,37.709
2026-08-14T00:52:24.527022,0.195,2.503,37.709
2026-08-14T00:52:24.527166,0.148,2.493,37.709
2026-08-14T00:52:24.529483,2.310,2.514,37.709
2026-08-14T00:52:24.529649,0.170,2.482,37.709
2026-08-14T00:52:24.531952,2.305,2.504,37.709
2026-08-14T00:52:24.532082,0.136,2.504,37.709
2026-08-14T00:52:24.532201,0.121,2.504,37.709
2026-08-14T00:52:24.532319,0.118,2.140,37.709
2026-08-14T00:52:24.565628,33.286,2.471,37.709
2026-08-14T00:52:24.569016,3.396,2.504,37.709
2026-08-14T00:52:24.569164,0.156,2.483,37.709
2026-08-14T00:52:24.569300,0.138,2.482,37.709
2026-08-14T00:52:24.570516,1.212,2.493,37.709
2026-08-14T00:52:24.570661,0.146,2.472,37.709
2026-08-14T00:52:24.570797,0.139,2.472,37.709
2026-08-14T00:52:24.574158,3.358,2.504,37.709
2026-08-14T00:52:24.574296,0.141,2.504,37.709
2026-08-14T00:52:24.574424,0.130,2.503,37.709
2026-08-14T00:52:24.574546,0.123,2.481,37.709
2026-08-14T00:52:24.574711,0.159,2.481,37.709
2026-08-14T00:52:24.575947,1.235,2.492,37.709
2026-08-14T00:52:24.576114,0.169,2.470,37.709
2026-08-14T00:52:24.576249,0.138,2.470,37.709
2026-08-14T00:52:24.578541,2.289,2.470,37.709
2026-08-14T00:52:24.578688,0.149,2.470,37.709
2026-08-14T00:52:24.581503,2.802,2.486,37.709
2026-08-14T00:52:24.581654,0.160,2.487,37.709
2026-08-14T00:52:24.581798,0.144,2.134,37.709
2026-08-14T00:52:24.581959,0.163,2.133,37.709
2026-08-14T00:52:24.618646,36.620,2.498,37.709
2026-08-14T00:52:24.618858,0.258,2.478,37.709
2026-08-14T00:52:24.619011,0.174,2.478,37.709
2026-08-14T00:52:24.621303,2.290,2.499,37.709
2026-08-14T00:52:24.621451,0.149,2.478,37.709
2026-08-14T00:52:24.621586,0.140,2.478,37.709
2026-08-14T00:52:24.623878,2.285,2.500,37.709
2026-08-14T00:52:24.624018,0.144,2.500,37.709
2026-08-14T00:52:24.624147,0.131,2.500,37.709
2026-08-14T00:52:24.624273,0.127,2.478,37.709
2026-08-14T00:52:24.624451,0.175,2.478,37.709
2026-08-14T00:52:24.626757,2.303,2.500,37.709
2026-08-14T00:52:24.626942,0.186,2.489,37.709
2026-08-14T00:52:24.627081,0.142,2.489,37.709
2026-08-14T00:52:24.628301,1.218,2.473,37.709
2026-08-14T00:52:24.631663,3.361,2.505,37.709
2026-08-14T00:52:24.631801,0.141,2.505,37.709
2026-08-14T00:52:24.631948,0.147,2.505,37.709
2026-08-14T00:52:24.632077,0.130,2.129,36.620
2026-08-14T00:52:24.632203,0.127,2.128,36.620
2026-08-14T00:52:24.668940,36.654,2.493,36.654
2026-08-14T00:52:24.669164,0.290,2.484,36.654
2026-08-14T00:52:24.669307,0.157,2.484,36.654
2026-08-14T00:52:24.669437,0.132,2.484,36.654
2026-08-14T00:52:24.669567,0.129,2.451,36.654
2026-08-14T00:52:24.671865,2.290,2.473,36.654
2026-08-14T00:52:24.672015,0.155,2.473,36.654
2026-08-14T00:52:24.673229,1.212,2.484,36.654
2026-08-14T00:52:24.673370,0.144,2.483,36.654
2026-08-14T00:52:24.673499,0.131,2.472,36.654
2026-08-14T00:52:24.673677,0.176,2.472,36.654
2026-08-14T00:52:24.675970,2.290,2.494,36.654
2026-08-14T00:52:24.676139,0.171,2.472,36.654
2026-08-14T00:52:24.678434,2.296,2.472,36.654
2026-08-14T00:52:24.678565,0.135,2.472,36.654
2026-08-14T00:52:24.678696,0.132,2.472,36.654
2026-08-14T00:52:24.678825,0.119,2.472,36.654
2026-08-14T00:52:24.681093,2.274,2.494,36.654
2026-08-14T00:52:24.682314,1.220,2.140,36.654
2026-08-14T00:52:24.682448,0.138,2.139,36.654
2026-08-14T00:52:24.719022,36.530,2.503,36.654
2026-08-14T00:52:24.719214,0.222,2.482,36.654
2026-08-14T00:52:24.719360,0.156,2.482,36.654
2026-08-14T00:52:24.720578,1.213,2.492,36.654
2026-08-14T00:52:24.720722,0.150,2.471,36.654
2026-08-14T00:52:24.720872,0.150,2.471,36.654
2026-08-14T00:52:24.724240,3.363,2.503,36.654
2026-08-14T00:52:24.724379,0.144,2.503,36.654
2026-08-14T00:52:24.724508,0.131,2.503,36.654
2026-08-14T00:52:24.724633,0.125,2.481,36.654
2026-08-14T00:52:24.724805,0.170,2.480,36.654
2026-08-14T00:52:24.724975,0.170,2.481,36.654
2026-08-14T00:52:24.726226,1.248,2.481,36.654
2026-08-14T00:52:24.726370,0.147,2.481,36.654
2026-08-14T00:52:24.728686,2.311,2.481,36.654
2026-08-14T00:52:24.728852,0.158,2.481,36.654
2026-08-14T00:52:24.731131,2.291,2.503,36.654
2026-08-14T00:52:24.731263,0.135,2.503,36.654
2026-08-14T00:52:24.732462,1.197,2.438,36.654
2026-08-14T00:52:24.732592,0.134,2.139,36.654
2026-08-14T00:52:24.769057,36.454,2.501,36.654
2026-08-14T00:52:24.769200,0.149,2.501,36.654
2026-08-14T00:52:24.769350,0.152,2.480,36.654
2026-08-14T00:52:24.770561,1.207,2.491,36.654
2026-08-14T00:52:24.770698,0.141,2.491,36.654
2026-08-14T00:52:24.770838,0.130,2.469,36.654
2026-08-14T00:52:24.773207,2.354,2.491,36.654
2026-08-14T00:52:24.773370,0.184,2.492,36.654
2026-08-14T00:52:24.773505,0.139,2.492,36.654
2026-08-14T00:52:24.773634,0.130,2.491,36.654
2026-08-14T00:52:24.773806,0.170,2.470,36.654
2026-08-14T00:52:24.775072,1.260,2.480,36.654
2026-08-14T00:52:24.776337,1.267,2.492,36.654
2026-08-14T00:52:24.776485,0.152,2.470,36.654
2026-08-14T00:52:24.778784,2.295,2.491,36.654
2026-08-14T00:52:24.778948,0.166,2.470,36.654
2026-08-14T00:52:24.781761,2.801,2.497,36.654
2026-08-14T00:52:24.781917,0.169,2.497,36.654
2026-08-14T00:52:24.782044,0.131,2.497,36.654
2026-08-14T00:52:24.782166,0.123,2.166,36.654
2026-08-14T00:52:24.818832,36.586,2.498,36.654
2026-08-14T00:52:24.819036,0.269,2.499,36.654
2026-08-14T00:52:24.819182,0.156,2.499,36.654
2026-08-14T00:52:24.820477,1.290,2.500,36.654
2026-08-14T00:52:24.820630,0.157,2.500,36.654
2026-08-14T00:52:24.820771,0.144,2.500,36.654
2026-08-14T00:52:24.824176,3.395,2.500,36.654
2026-08-14T00:52:24.824328,0.158,2.500,36.654
2026-08-14T00:52:24.824465,0.142,2.500,36.654
2026-08-14T00:52:24.824594,0.129,2.500,36.654
2026-08-14T00:52:24.824780,0.183,2.501,36.654
2026-08-14T00:52:24.826039,1.251,2.501,36.654
2026-08-14T00:52:24.826215,0.183,2.501,36.654
2026-08-14T00:52:24.826355,0.143,2.501,36.654
2026-08-14T00:52:24.828656,2.296,2.501,36.654
2026-08-14T00:52:24.832047,3.390,2.534,36.654
2026-08-14T00:52:24.832190,0.148,2.507,36.654
2026-08-14T00:52:24.832319,0.131,2.507,36.654
2026-08-14T00:52:24.832445,0.128,2.507,36.654
2026-08-14T00:52:24.832571,0.125,2.506,36.654
2026-08-14T00:52:24.869086,36.484,2.505,36.654
2026-08-14T00:52:24.869252,0.188,2.504,36.654
2026-08-14T00:52:24.869397,0.147,2.504,36.654
2026-08-14T00:52:24.870621,1.221,2.493,36.654
2026-08-14T00:52:24.870769,0.153,2.493,36.654
2026-08-14T00:52:24.874164,3.389,2.526,36.654
2026-08-14T00:52:24.874314,0.156,2.504,36.654
2026-08-14T00:52:24.874446,0.133,2.504,36.654
2026-08-14T00:52:24.874579,0.134,2.504,36.654
2026-08-14T00:52:24.874710,0.131,2.504,36.654
2026-08-14T00:52:24.877034,2.319,2.526,36.654
2026-08-14T00:52:24.877185,0.156,2.504,36.654
2026-08-14T00:52:24.877336,0.153,2.504,36.654
2026-08-14T00:52:24.877468,0.133,2.504,36.654
2026-08-14T00:52:24.877592,0.125,2.493,36.654
2026-08-14T00:52:24.882090,4.466,2.504,36.654
2026-08-14T00:52:24.882263,0.194,2.505,36.654
2026-08-14T00:52:24.882411,0.153,2.505,36.654
2026-08-14T00:52:24.882543,0.137,2.505,36.654
2026-08-14T00:52:24.882669,0.127,2.505,36.654
2026-08-14T00:52:24.919375,36.635,2.504,36.635
2026-08-14T00:52:24.919596,0.277,2.504,36.635
2026-08-14T00:52:24.919754,0.166,2.504,36.635
2026-08-14T00:52:24.921002,1.244,2.516,36.635
2026-08-14T00:52:24.921156,0.161,2.516,36.635
2026-08-14T00:52:24.921295,0.142,2.494,36.635
2026-08-14T00:52:24.923576,2.278,2.516,36.635
2026-08-14T00:52:24.923716,0.142,2.505,36.635
2026-08-14T00:52:24.923859,0.143,2.505,36.635
2026-08-14T00:52:24.923990,0.133,2.505,36.635
2026-08-14T00:52:24.924173,0.180,2.505,36.635
2026-08-14T00:52:24.926483,2.308,2.505,36.635
2026-08-14T00:52:24.926654,0.173,2.505,36.635
2026-08-14T00:52:24.926794,0.142,2.484,36.635
2026-08-14T00:52:24.929142,2.340,2.506,36.635
2026-08-14T00:52:24.929302,0.166,2.506,36.635
2026-08-14T00:52:24.931584,2.282,2.528,36.635
2026-08-14T00:52:24.931719,0.138,2.506,36.635
2026-08-14T00:52:24.932925,1.204,2.506,36.635
2026-08-14T00:52:24.933065,0.142,2.506,36.635
2026-08-14T00:52:24.968498,35.424,2.495,36.635
2026-08-14T00:52:24.968643,0.152,2.494,36.635
2026-08-14T00:52:24.968769,0.130,2.494,36.635
2026-08-14T00:52:24.971068,2.293,2.505,36.635
2026-08-14T00:52:24.971210,0.146,2.505,36.635
2026-08-14T00:52:24.971341,0.133,2.505,36.635
2026-08-14T00:52:24.973615,2.270,2.494,36.635
2026-08-14T00:52:24.973751,0.138,2.494,36.635
2026-08-14T00:52:24.973891,0.139,2.494,36.635
2026-08-14T00:52:24.974042,0.152,2.494,36.635
2026-08-14T00:52:24.974210,0.166,2.494,36.635
2026-08-14T00:52:24.976515,2.303,2.515,36.635
2026-08-14T00:52:24.976684,0.170,2.505,36.635
2026-08-14T00:52:24.976832,0.139,2.505,36.635
2026-08-14T00:52:24.978058,1.235,2.494,36.635
2026-08-14T00:52:24.981978,3.910,2.531,36.635
2026-08-14T00:52:24.982130,0.163,2.510,36.635
2026-08-14T00:52:24.982258,0.132,2.510,36.635
2026-08-14T00:52:24.982385,0.127,2.499,36.635
2026-08-14T00:52:24.982513,0.128,2.499,36.635
2026-08-14T00:52:25.019194,36.616,2.501,36.635
2026-08-14T00:52:25.019389,0.248,2.502,36.635
2026-08-14T00:52:25.019528,0.149,2.502,36.635
2026-08-14T00:52:25.020743,1.213,2.502,36.635
2026-08-14T00:52:25.020902,0.159,2.502,36.635
2026-08-14T00:52:25.021040,0.141,2.502,36.635
2026-08-14T00:52:25.023329,2.284,2.501,36.635
2026-08-14T00:52:25.023468,0.143,2.501,36.635
2026-08-14T00:52:25.024696,1.224,2.512,36.635
2026-08-14T00:52:25.024850,0.142,2.512,36.635
2026-08-14T00:52:25.025037,0.200,2.512,36.635
2026-08-14T00:52:25.025203,0.169,2.501,36.635
2026-08-14T00:52:25.026455,1.248,2.501,36.635
2026-08-14T00:52:25.026601,0.149,2.501,36.635
2026-08-14T00:52:25.028904,2.300,2.501,36.635
2026-08-14T00:52:25.031201,2.297,2.523,36.635
2026-08-14T00:52:25.031339,0.142,2.496,36.635
2026-08-14T00:52:25.031467,0.129,2.496,36.635
2026-08-14T00:52:25.032690,1.220,2.506,36.635
2026-08-14T00:52:25.032834,0.134,2.507,36.635
2026-08-14T00:52:25.068342,35.480,2.495,36.635
2026-08-14T00:52:25.068528,0.213,2.495,36.635
2026-08-14T00:52:25.068680,0.159,2.495,36.635
2026-08-14T00:52:25.070993,2.308,2.505,36.635
2026-08-14T00:52:25.071148,0.161,2.505,36.635
2026-08-14T00:52:25.071289,0.144,2.505,36.635
2026-08-14T00:52:25.073578,2.284,2.494,36.635
2026-08-14T00:52:25.073725,0.150,2.494,36.635
2026-08-14T00:52:25.073877,0.152,2.494,36.635
2026-08-14T00:52:25.074017,0.141,2.494,36.635
2026-08-14T00:52:25.074204,0.185,2.494,36.635
2026-08-14T00:52:25.076519,2.316,2.505,36.635
2026-08-14T00:52:25.076684,0.168,2.505,36.635
2026-08-14T00:52:25.076831,0.138,2.505,36.635
2026-08-14T00:52:25.078056,1.232,2.494,36.635
2026-08-14T00:52:25.078206,0.154,2.462,36.635
2026-08-14T00:52:25.080483,2.275,2.483,36.635
2026-08-14T00:52:25.080616,0.136,2.483,36.635
2026-08-14T00:52:25.080743,0.128,2.483,36.635
2026-08-14T00:52:25.080881,0.136,2.483,36.635
2026-08-14T00:52:25.118437,37.544,2.494,37.544
2026-08-14T00:52:25.118593,0.162,2.493,37.544
2026-08-14T00:52:25.118750,0.154,2.493,37.544
2026-08-14T00:52:25.119986,1.238,2.494,37.544
2026-08-14T00:52:25.120135,0.153,2.494,37.544
2026-08-14T00:52:25.121357,1.220,2.472,37.544
2026-08-14T00:52:25.123651,2.294,2.493,37.544
2026-08-14T00:52:25.123794,0.146,2.493,37.544
2026-08-14T00:52:25.123943,0.148,2.494,37.544
2026-08-14T00:52:25.124076,0.136,2.494,37.544
2026-08-14T00:52:25.124248,0.169,2.472,37.544
2026-08-14T00:52:25.126586,2.334,2.494,37.544
2026-08-14T00:52:25.126768,0.183,2.494,37.544
2026-08-14T00:52:25.126933,0.164,2.495,37.544
2026-08-14T00:52:25.129234,2.306,2.516,37.544
2026-08-14T00:52:25.129377,0.147,2.473,37.544
2026-08-14T00:52:25.131647,2.268,2.494,37.544
2026-08-14T00:52:25.131775,0.132,2.494,37.544
2026-08-14T00:52:25.132985,1.206,2.504,37.544
2026-08-14T00:52:25.133113,0.132,2.504,37.544
2026-08-14T00:52:25.168548,35.422,2.492,37.544
2026-08-14T00:52:25.168699,0.157,2.491,37.544
2026-08-14T00:52:25.168844,0.137,2.491,37.544
2026-08-14T00:52:25.171146,2.306,2.501,37.544
2026-08-14T00:52:25.171295,0.153,2.501,37.544
2026-08-14T00:52:25.171429,0.137,2.501,37.544
2026-08-14T00:52:25.173705,2.273,2.501,37.544
2026-08-14T00:52:25.173855,0.138,2.501,37.544
2026-08-14T00:52:25.173993,0.153,2.501,37.544
2026-08-14T00:52:25.174117,0.127,2.501,37.544
2026-08-14T00:52:25.174273,0.153,2.501,37.544
2026-08-14T00:52:25.176572,2.297,2.501,37.544
2026-08-14T00:52:25.176732,0.162,2.501,37.544
2026-08-14T00:52:25.176876,0.145,2.501,37.544
2026-08-14T00:52:25.178098,1.220,2.490,37.544
2026-08-14T00:52:25.178244,0.148,2.489,37.544
2026-08-14T00:52:25.180547,2.298,2.490,37.544
2026-08-14T00:52:25.180684,0.143,2.490,37.544
2026-08-14T00:52:25.180821,0.127,2.479,37.544
2026-08-14T00:52:25.180950,0.139,2.479,37.544
2026-08-14T00:52:25.197804,16.782,2.292,37.544
2026-08-14T00:52:25.218539,20.738,2.498,37.544
2026-08-14T00:52:25.218744,0.262,2.500,37.544
2026-08-14T00:52:25.218902,0.166,2.478,37.544
2026-08-14T00:52:25.221202,2.299,2.500,37.544
2026-08-14T00:52:25.221347,0.149,2.500,37.544
2026-08-14T00:52:25.221479,0.136,2.479,37.544
2026-08-14T00:52:25.223758,2.273,2.500,37.544
2026-08-14T00:52:25.223906,0.151,2.500,37.544
2026-08-14T00:52:25.224038,0.134,2.500,37.544
2026-08-14T00:52:25.224166,0.129,2.500,37.544
2026-08-14T00:52:25.224345,0.176,2.478,37.544
2026-08-14T00:52:25.226652,2.305,2.500,37.544
2026-08-14T00:52:25.226831,0.168,2.500,37.544
2026-08-14T00:52:25.226974,0.156,2.489,37.544
2026-08-14T00:52:25.228197,1.222,2.462,37.544
2026-08-14T00:52:25.231565,3.366,2.494,37.544
2026-08-14T00:52:25.231704,0.143,2.494,37.544
2026-08-14T00:52:25.231846,0.129,2.494,37.544
2026-08-14T00:52:25.231982,0.149,2.495,37.544
2026-08-14T00:52:25.232110,0.130,2.130,37.544
2026-08-14T00:52:25.268673,36.527,2.493,37.544
2026-08-14T00:52:25.268860,0.198,2.493,37.544
2026-08-14T00:52:25.269001,0.163,2.483,37.544
2026-08-14T00:52:25.271286,2.282,2.504,37.544
2026-08-14T00:52:25.271427,0.144,2.504,37.544
2026-08-14T00:52:25.271558,0.134,2.482,37.544
2026-08-14T00:52:25.273856,2.281,2.504,37.544
2026-08-14T00:52:25.273996,0.155,2.493,37.544
2026-08-14T00:52:25.274125,0.130,2.493,37.544
2026-08-14T00:52:25.274250,0.126,2.492,37.544
2026-08-14T00:52:25.274424,0.171,2.492,37.544
2026-08-14T00:52:25.276734,2.306,2.503,37.544
2026-08-14T00:52:25.276914,0.182,2.503,37.544
2026-08-14T00:52:25.277053,0.143,2.482,37.544
2026-08-14T00:52:25.277180,0.129,2.460,37.544
2026-08-14T00:52:25.281603,4.418,2.503,37.544
2026-08-14T00:52:25.281739,0.139,2.503,37.544
2026-08-14T00:52:25.281879,0.139,2.492,37.544
2026-08-14T00:52:25.282014,0.136,2.492,37.544
2026-08-14T00:52:25.282141,0.128,2.138,37.544
2026-08-14T00:52:25.318620,36.467,2.501,37.544
2026-08-14T00:52:25.318770,0.156,2.501,37.544
2026-08-14T00:52:25.318913,0.147,2.479,37.544
2026-08-14T00:52:25.321193,2.279,2.500,37.544
2026-08-14T00:52:25.321331,0.140,2.500,37.544
2026-08-14T00:52:25.321461,0.131,2.479,37.544
2026-08-14T00:52:25.323737,2.273,2.500,37.544
2026-08-14T00:52:25.323884,0.148,2.500,37.544
2026-08-14T00:52:25.324013,0.132,2.500,37.544
2026-08-14T00:52:25.324137,0.125,2.499,37.544
2026-08-14T00:52:25.324295,0.156,2.478,37.544
2026-08-14T00:52:25.326598,2.299,2.499,37.544
2026-08-14T00:52:25.326760,0.165,2.499,37.544
2026-08-14T00:52:25.326909,0.148,2.489,37.544
2026-08-14T00:52:25.329191,2.284,2.510,37.544
2026-08-14T00:52:25.329329,0.140,2.488,37.544
2026-08-14T00:52:25.331595,2.264,2.510,37.544
2026-08-14T00:52:25.331720,0.128,2.510,37.544
2026-08-14T00:52:25.332916,1.194,2.520,37.544
2026-08-14T00:52:25.333043,0.128,2.146,36.527
2026-08-14T00:52:25.368450,35.394,2.499,36.527
2026-08-14T00:52:25.368607,0.161,2.499,36.527
2026-08-14T00:52:25.368740,0.139,2.488,36.527
2026-08-14T00:52:25.371023,2.280,2.509,36.527
2026-08-14T00:52:25.371159,0.139,2.498,36.527
2026-08-14T00:52:25.371284,0.128,2.476,36.527
2026-08-14T00:52:25.373557,2.267,2.498,36.527
2026-08-14T00:52:25.373689,0.136,2.497,36.527
2026-08-14T00:52:25.373832,0.125,2.497,36.527
2026-08-14T00:52:25.373987,0.166,2.497,36.527
2026-08-14T00:52:25.374153,0.170,2.476,36.527
2026-08-14T00:52:25.375383,1.229,2.486,36.527
2026-08-14T00:52:25.376635,1.251,2.497,36.527
2026-08-14T00:52:25.376776,0.145,2.475,36.527
2026-08-14T00:52:25.378011,1.232,2.486,36.527
2026-08-14T00:52:25.378160,0.151,2.465,36.527
2026-08-14T00:52:25.380438,2.274,2.487,36.527
2026-08-14T00:52:25.380574,0.141,2.476,36.527
2026-08-14T00:52:25.380699,0.127,2.476,36.527
2026-08-14T00:52:25.380830,0.123,2.123,36.527
2026-08-14T00:52:25.419072,38.170,2.503,38.170
2026-08-14T00:52:25.419285,0.278,2.504,38.170
2026-08-14T00:52:25.419459,0.184,2.483,38.170
2026-08-14T00:52:25.420692,1.229,2.494,38.170
2026-08-14T00:52:25.420861,0.157,2.494,38.170
2026-08-14T00:52:25.421008,0.164,2.473,38.170
2026-08-14T00:52:25.424366,3.353,2.505,38.170
2026-08-14T00:52:25.424509,0.150,2.505,38.170
2026-08-14T00:52:25.424640,0.133,2.505,38.170
2026-08-14T00:52:25.424767,0.128,2.505,38.170
2026-08-14T00:52:25.424963,0.190,2.484,38.170
2026-08-14T00:52:25.426211,1.245,2.495,38.170
2026-08-14T00:52:25.426381,0.175,2.495,38.170
2026-08-14T00:52:25.426517,0.139,2.484,38.170
2026-08-14T00:52:25.428819,2.289,2.506,38.170
2026-08-14T00:52:25.431115,2.305,2.506,38.170
2026-08-14T00:52:25.431251,0.140,2.506,38.170
2026-08-14T00:52:25.431378,0.128,2.506,38.170
2026-08-14T00:52:25.431504,0.126,2.506,38.170
2026-08-14T00:52:25.431630,0.127,2.339,38.170
2026-08-14T00:52:25.468279,36.587,2.497,38.170
2026-08-14T00:52:25.468480,0.252,2.497,38.170
2026-08-14T00:52:25.468619,0.148,2.497,38.170
2026-08-14T00:52:25.470950,2.312,2.497,38.170
2026-08-14T00:52:25.471119,0.182,2.498,38.170
2026-08-14T00:52:25.471257,0.145,2.498,38.170
2026-08-14T00:52:25.473544,2.281,2.498,38.170
2026-08-14T00:52:25.473684,0.145,2.498,38.170
2026-08-14T00:52:25.473831,0.133,2.498,38.170
2026-08-14T00:52:25.473965,0.148,2.498,38.170
2026-08-14T00:52:25.474144,0.178,2.498,38.170
2026-08-14T00:52:25.476451,2.305,2.498,38.170
2026-08-14T00:52:25.476620,0.171,2.498,38.170
2026-08-14T00:52:25.476756,0.139,2.498,38.170
2026-08-14T00:52:25.477993,1.231,2.498,38.170
2026-08-14T00:52:25.478145,0.156,2.466,38.170
2026-08-14T00:52:25.480424,2.277,2.487,38.170
2026-08-14T00:52:25.480560,0.139,2.487,38.170
2026-08-14T00:52:25.480687,0.129,2.487,38.170
2026-08-14T00:52:25.480830,0.128,2.487,38.170
2026-08-14T00:52:25.518432,37.600,2.498,38.170
2026-08-14T00:52:25.518588,0.164,2.497,38.170
2026-08-14T00:52:25.518725,0.142,2.497,38.170
2026-08-14T00:52:25.521015,2.286,2.497,38.170
2026-08-14T00:52:25.521159,0.146,2.497,38.170
2026-08-14T00:52:25.521298,0.140,2.497,38.170
2026-08-14T00:52:25.523583,2.282,2.497,38.170
2026-08-14T00:52:25.523727,0.147,2.497,38.170
2026-08-14T00:52:25.523875,0.147,2.497,38.170
2026-08-14T00:52:25.524009,0.137,2.498,38.170
2026-08-14T00:52:25.524178,0.167,2.498,38.170
2026-08-14T00:52:25.526494,2.313,2.498,38.170
2026-08-14T00:52:25.526667,0.175,2.498,38.170
2026-08-14T00:52:25.526807,0.143,2.498,38.170
2026-08-14T00:52:25.529112,2.306,2.519,38.170
2026-08-14T00:52:25.529250,0.141,2.477,38.170
2026-08-14T00:52:25.531515,2.262,2.498,38.170
2026-08-14T00:52:25.531639,0.127,2.498,38.170
2026-08-14T00:52:25.532844,1.194,2.508,38.170
2026-08-14T00:52:25.532973,0.140,2.508,38.170
2026-08-14T00:52:25.565219,32.233,2.466,38.170
2026-08-14T00:52:25.568600,3.381,2.498,38.170
2026-08-14T00:52:25.568746,0.153,2.498,38.170
2026-08-14T00:52:25.568891,0.146,2.477,38.170
2026-08-14T00:52:25.571177,2.285,2.498,38.170
2026-08-14T00:52:25.571312,0.140,2.499,38.170
2026-08-14T00:52:25.571438,0.128,2.477,38.170
2026-08-14T00:52:25.573708,2.266,2.498,38.170
2026-08-14T00:52:25.573852,0.133,2.498,38.170
2026-08-14T00:52:25.573986,0.146,2.498,38.170
2026-08-14T00:52:25.574113,0.128,2.498,38.170
2026-08-14T00:52:25.574267,0.152,2.477,38.170
2026-08-14T00:52:25.575499,1.229,2.487,38.170
2026-08-14T00:52:25.576767,1.267,2.499,38.170
2026-08-14T00:52:25.576925,0.161,2.477,38.170
2026-08-14T00:52:25.578153,1.225,2.488,38.170
2026-08-14T00:52:25.578302,0.153,2.467,38.170
2026-08-14T00:52:25.580573,2.271,2.488,38.170
2026-08-14T00:52:25.580699,0.130,2.478,38.170
2026-08-14T00:52:25.580825,0.118,2.478,38.170
2026-08-14T00:52:25.580946,0.129,2.125,38.170
2026-08-14T00:52:25.619194,38.166,2.505,38.170
2026-08-14T00:52:25.619413,0.282,2.507,38.170
2026-08-14T00:52:25.619588,0.180,2.486,38.170
2026-08-14T00:52:25.620839,1.240,2.497,38.170
2026-08-14T00:52:25.621004,0.182,2.497,38.170
2026-08-14T00:52:25.621150,0.149,2.476,38.170
2026-08-14T00:52:25.624593,3.406,2.509,38.170
2026-08-14T00:52:25.624800,0.229,2.510,38.170
2026-08-14T00:52:25.625027,0.231,2.510,38.170
2026-08-14T00:52:25.625176,0.159,2.510,38.170
2026-08-14T00:52:25.625373,0.196,2.500,38.170
2026-08-14T00:52:25.626646,1.265,2.500,38.170
2026-08-14T00:52:25.626882,0.234,2.501,38.170
2026-08-14T00:52:25.627062,0.186,2.490,38.170
2026-08-14T00:52:25.628330,1.261,2.502,38.170
2026-08-14T00:52:25.631864,3.494,2.514,38.170
2026-08-14T00:52:25.632062,0.247,2.515,38.170
2026-08-14T00:52:25.632189,0.139,2.515,38.170
2026-08-14T00:52:25.632306,0.118,2.515,38.170
2026-08-14T00:52:25.632418,0.113,2.134,38.166
2026-08-14T00:52:25.669166,36.676,2.498,38.166
2026-08-14T00:52:25.669353,0.247,2.499,38.166
2026-08-14T00:52:25.669478,0.135,2.488,38.166
2026-08-14T00:52:25.670698,1.215,2.499,38.166
2026-08-14T00:52:25.670837,0.134,2.498,38.166
2026-08-14T00:52:25.670962,0.136,2.466,38.166
2026-08-14T00:52:25.673221,2.253,2.487,38.166
2026-08-14T00:52:25.673347,0.130,2.487,38.166
2026-08-14T00:52:25.673464,0.119,2.487,38.166
2026-08-14T00:52:25.673578,0.115,2.486,38.166
2026-08-14T00:52:25.673741,0.160,2.475,38.166
2026-08-14T00:52:25.676094,2.334,2.497,38.166
2026-08-14T00:52:25.676282,0.201,2.498,38.166
2026-08-14T00:52:25.676418,0.141,2.476,38.166
2026-08-14T00:52:25.678697,2.277,2.476,38.166
2026-08-14T00:52:25.678853,0.144,2.476,38.166
2026-08-14T00:52:25.681154,2.311,2.498,38.166
2026-08-14T00:52:25.681287,0.137,2.498,38.166
2026-08-14T00:52:25.681406,0.121,2.498,38.166
2026-08-14T00:52:25.681524,0.118,2.133,38.166
2026-08-14T00:52:25.719202,37.612,2.507,38.166
2026-08-14T00:52:25.719422,0.266,2.508,38.166
2026-08-14T00:52:25.719573,0.163,2.486,38.166
2026-08-14T00:52:25.720829,1.232,2.497,38.166
2026-08-14T00:52:25.721002,0.192,2.497,38.166
2026-08-14T00:52:25.721149,0.153,2.476,38.166
2026-08-14T00:52:25.723445,2.291,2.498,38.166
2026-08-14T00:52:25.723598,0.155,2.498,38.166
2026-08-14T00:52:25.723737,0.143,2.498,38.166
2026-08-14T00:52:25.723891,0.151,2.497,38.166
2026-08-14T00:52:25.724096,0.202,2.476,38.166
2026-08-14T00:52:25.725346,1.250,2.487,38.166
2026-08-14T00:52:25.726613,1.268,2.499,38.166
2026-08-14T00:52:25.726760,0.152,2.488,38.166
2026-08-14T00:52:25.729070,2.306,2.509,38.166
2026-08-14T00:52:25.729227,0.161,2.488,38.166
2026-08-14T00:52:25.731513,2.284,2.509,38.166
2026-08-14T00:52:25.731654,0.144,2.510,38.166
2026-08-14T00:52:25.732873,1.216,2.521,38.166
2026-08-14T00:52:25.733013,0.143,2.146,38.166
2026-08-14T00:52:25.768477,35.447,2.499,38.166
2026-08-14T00:52:25.768635,0.171,2.499,38.166
2026-08-14T00:52:25.768773,0.141,2.478,38.166
2026-08-14T00:52:25.771068,2.291,2.499,38.166
2026-08-14T00:52:25.771212,0.149,2.499,38.166
2026-08-14T00:52:25.771343,0.134,2.478,38.166
2026-08-14T00:52:25.773703,2.323,2.499,38.166
2026-08-14T00:52:25.773890,0.214,2.500,38.166
2026-08-14T00:52:25.774037,0.154,2.500,38.166
2026-08-14T00:52:25.774168,0.132,2.500,38.166
2026-08-14T00:52:25.774346,0.176,2.479,38.166
2026-08-14T00:52:25.775582,1.234,2.489,38.166
2026-08-14T00:52:25.775754,0.174,2.489,38.166
2026-08-14T00:52:25.775913,0.157,2.468,38.166
2026-08-14T00:52:25.778255,2.337,2.490,38.166
2026-08-14T00:52:25.778414,0.165,2.469,38.166
2026-08-14T00:52:25.780690,2.277,2.490,38.166
2026-08-14T00:52:25.780836,0.136,2.480,38.166
2026-08-14T00:52:25.780969,0.146,2.480,38.166
2026-08-14T00:52:25.781093,0.126,2.159,38.166
2026-08-14T00:52:25.818327,37.157,2.497,38.166
2026-08-14T00:52:25.818530,0.268,2.498,38.166
2026-08-14T00:52:25.818669,0.148,2.498,38.166
2026-08-14T00:52:25.820963,2.289,2.498,38.166
2026-08-14T00:52:25.821112,0.153,2.498,38.166
2026-08-14T00:52:25.821246,0.137,2.498,38.166
2026-08-14T00:52:25.823523,2.273,2.498,38.166
2026-08-14T00:52:25.823677,0.156,2.498,38.166
2026-08-14T00:52:25.823806,0.131,2.498,38.166
2026-08-14T00:52:25.823957,0.149,2.498,38.166
2026-08-14T00:52:25.824136,0.179,2.499,38.166
2026-08-14T00:52:25.826442,2.303,2.509,38.166
2026-08-14T00:52:25.826610,0.170,2.498,38.166
2026-08-14T00:52:25.826745,0.139,2.498,38.166
2026-08-14T00:52:25.827985,1.234,2.498,38.166
2026-08-14T00:52:25.831404,3.416,2.531,38.166
2026-08-14T00:52:25.831547,0.150,2.510,38.166
2026-08-14T00:52:25.831676,0.131,2.510,38.166
2026-08-14T00:52:25.831803,0.127,2.510,38.166
2026-08-14T00:52:25.831954,0.149,2.510,38.166
2026-08-14T00:52:25.868481,36.497,2.493,37.612
2026-08-14T00:52:25.868652,0.195,2.492,37.612
2026-08-14T00:52:25.868788,0.143,2.492,37.612
2026-08-14T00:52:25.871087,2.294,2.503,37.612
2026-08-14T00:52:25.871230,0.146,2.502,37.612
2026-08-14T00:52:25.871365,0.137,2.502,37.612
2026-08-14T00:52:25.873651,2.280,2.491,37.612
2026-08-14T00:52:25.873792,0.145,2.490,37.612
2026-08-14T00:52:25.873938,0.146,2.489,37.612
2026-08-14T00:52:25.874072,0.136,2.489,37.612
2026-08-14T00:52:25.874245,0.171,2.489,37.612
2026-08-14T00:52:25.875479,1.232,2.488,37.612
2026-08-14T00:52:25.876744,1.264,2.499,37.612
2026-08-14T00:52:25.876901,0.159,2.498,37.612
2026-08-14T00:52:25.878128,1.226,2.498,37.612
2026-08-14T00:52:25.878278,0.151,2.465,37.612
2026-08-14T00:52:25.880555,2.277,2.485,37.612
2026-08-14T00:52:25.880690,0.138,2.485,37.612
2026-08-14T00:52:25.880830,0.128,2.485,37.612
2026-08-14T00:52:25.880964,0.146,2.485,37.612
2026-08-14T00:52:25.918521,37.548,2.494,37.612
2026-08-14T00:52:25.918666,0.151,2.493,37.612
2026-08-14T00:52:25.918794,0.131,2.493,37.612
2026-08-14T00:52:25.920016,1.216,2.493,37.612
2026-08-14T00:52:25.920155,0.144,2.493,37.612
2026-08-14T00:52:25.923497,3.340,2.525,37.612
2026-08-14T00:52:25.923631,0.137,2.504,37.612
2026-08-14T00:52:25.923756,0.126,2.504,37.612
2026-08-14T00:52:25.923890,0.133,2.504,37.612
2026-08-14T00:52:25.924021,0.132,2.504,37.612
2026-08-14T00:52:25.925260,1.234,2.515,37.612
2026-08-14T00:52:25.926498,1.238,2.504,37.612
2026-08-14T00:52:25.926659,0.163,2.504,37.612
2026-08-14T00:52:25.928934,2.276,2.525,37.612
2026-08-14T00:52:25.929060,0.129,2.504,37.612
2026-08-14T00:52:25.931332,2.269,2.525,37.612
2026-08-14T00:52:25.932569,1.226,2.514,37.612
2026-08-14T00:52:25.932720,0.161,2.514,37.612
2026-08-14T00:52:25.932857,0.139,2.514,37.612
2026-08-14T00:52:25.932979,0.125,2.515,37.612
2026-08-14T00:52:25.968487,35.472,2.493,37.548
2026-08-14T00:52:25.968701,0.219,2.493,37.548
2026-08-14T00:52:25.968941,0.243,2.493,37.548
2026-08-14T00:52:25.971329,2.390,2.505,37.548
2026-08-14T00:52:25.971495,0.184,2.505,37.548
2026-08-14T00:52:25.971630,0.140,2.505,37.548
2026-08-14T00:52:25.973920,2.284,2.505,37.548
2026-08-14T00:52:25.974063,0.148,2.505,37.548
2026-08-14T00:52:25.974194,0.134,2.505,37.548
2026-08-14T00:52:25.974322,0.129,2.504,37.548
2026-08-14T00:52:25.974499,0.174,2.504,37.548
2026-08-14T00:52:25.975734,1.231,2.504,37.548
2026-08-14T00:52:25.975920,0.186,2.493,37.548
2026-08-14T00:52:25.976066,0.149,2.493,37.548
2026-08-14T00:52:25.977288,1.220,2.482,37.548
2026-08-14T00:52:25.981740,4.453,2.525,37.548
2026-08-14T00:52:25.981883,0.147,2.504,37.548
2026-08-14T00:52:25.982004,0.124,2.504,37.548
2026-08-14T00:52:25.982118,0.115,2.493,37.548
2026-08-14T00:52:25.982230,0.112,2.492,37.548
2026-08-14T00:52:26.018291,35.978,2.498,37.548
2026-08-14T00:52:26.018500,0.275,2.499,37.548
2026-08-14T00:52:26.018643,0.154,2.499,37.548
2026-08-14T00:52:26.020930,2.283,2.499,37.548
2026-08-14T00:52:26.021074,0.148,2.499,37.548
2026-08-14T00:52:26.021209,0.136,2.499,37.548
2026-08-14T00:52:26.024553,3.341,2.509,37.548
2026-08-14T00:52:26.024692,0.141,2.508,37.548
2026-08-14T00:52:26.024834,0.131,2.508,37.548
2026-08-14T00:52:26.024967,0.144,2.508,37.548
2026-08-14T00:52:26.025152,0.181,2.508,37.548
2026-08-14T00:52:26.026393,1.240,2.508,37.548
2026-08-14T00:52:26.026559,0.169,2.508,37.548
2026-08-14T00:52:26.026696,0.139,2.508,37.548
2026-08-14T00:52:26.027918,1.219,2.497,37.548
2026-08-14T00:52:26.031292,3.370,2.529,37.548
2026-08-14T00:52:26.031435,0.149,2.507,37.548
2026-08-14T00:52:26.031565,0.132,2.507,37.548
2026-08-14T00:52:26.031690,0.126,2.507,37.548
2026-08-14T00:52:26.031827,0.124,2.507,37.548
2026-08-14T00:52:26.068397,36.546,2.501,37.548
2026-08-14T00:52:26.068580,0.207,2.500,37.548
2026-08-14T00:52:26.068752,0.177,2.501,37.548
2026-08-14T00:52:26.071110,2.343,2.501,37.548
2026-08-14T00:52:26.071280,0.181,2.502,37.548
2026-08-14T00:52:26.071426,0.152,2.502,37.548
2026-08-14T00:52:26.073728,2.295,2.502,37.548
2026-08-14T00:52:26.073895,0.170,2.502,37.548
2026-08-14T00:52:26.074038,0.147,2.502,37.548
2026-08-14T00:52:26.074173,0.136,2.502,37.548
2026-08-14T00:52:26.074362,0.185,2.502,37.548
2026-08-14T00:52:26.075604,1.242,2.492,37.548
2026-08-14T00:52:26.075774,0.174,2.492,37.548
2026-08-14T00:52:26.075924,0.150,2.492,37.548
2026-08-14T00:52:26.078225,2.298,2.502,37.548
2026-08-14T00:52:26.078378,0.156,2.470,37.548
2026-08-14T00:52:26.080656,2.277,2.491,37.548
2026-08-14T00:52:26.080792,0.138,2.491,37.548
2026-08-14T00:52:26.080937,0.145,2.491,37.548
2026-08-14T00:52:26.081072,0.136,2.491,37.548
2026-08-14T00:52:26.118650,37.556,2.502,37.556
2026-08-14T00:52:26.118837,0.182,2.502,37.556
2026-08-14T00:52:26.118991,0.177,2.502,37.556
2026-08-14T00:52:26.120217,1.223,2.491,37.556
2026-08-14T00:52:26.120367,0.152,2.491,37.556
2026-08-14T00:52:26.120518,0.150,2.491,37.556
2026-08-14T00:52:26.123890,3.370,2.502,37.556
2026-08-14T00:52:26.124038,0.152,2.502,37.556
2026-08-14T00:52:26.124173,0.137,2.502,37.556
2026-08-14T00:52:26.124306,0.134,2.502,37.556
2026-08-14T00:52:26.124480,0.171,2.502,37.556
2026-08-14T00:52:26.126819,2.324,2.513,37.556
2026-08-14T00:52:26.127003,0.196,2.503,37.556
2026-08-14T00:52:26.127147,0.148,2.502,37.556
2026-08-14T00:52:26.129440,2.293,2.513,37.556
2026-08-14T00:52:26.129585,0.148,2.513,37.556
2026-08-14T00:52:26.130787,1.200,2.502,37.556
2026-08-14T00:52:26.130928,0.142,2.502,37.556
2026-08-14T00:52:26.132127,1.200,2.513,37.556
2026-08-14T00:52:26.132256,0.130,2.513,37.556
2026-08-14T00:52:26.168727,36.457,2.502,37.556
2026-08-14T00:52:26.168893,0.172,2.502,37.556
2026-08-14T00:52:26.169038,0.148,2.502,37.556
2026-08-14T00:52:26.171321,2.284,2.513,37.556
2026-08-14T00:52:26.171456,0.138,2.513,37.556
2026-08-14T00:52:26.171584,0.129,2.481,37.556
2026-08-14T00:52:26.173864,2.276,2.502,37.556
2026-08-14T00:52:26.174000,0.138,2.502,37.556
2026-08-14T00:52:26.174125,0.128,2.502,37.556
2026-08-14T00:52:26.174247,0.122,2.502,37.556
2026-08-14T00:52:26.174402,0.152,2.491,37.556
2026-08-14T00:52:26.176699,2.295,2.502,37.556
2026-08-14T00:52:26.176872,0.173,2.502,37.556
2026-08-14T00:52:26.177012,0.142,2.481,37.556
2026-08-14T00:52:26.178240,1.224,2.492,37.556
2026-08-14T00:52:26.178382,0.148,2.471,37.556
2026-08-14T00:52:26.180661,2.273,2.481,37.556
2026-08-14T00:52:26.180795,0.139,2.481,37.556
2026-08-14T00:52:26.180935,0.139,2.481,37.556
2026-08-14T00:52:26.181056,0.125,2.481,37.556
2026-08-14T00:52:26.219250,38.111,2.507,38.111
2026-08-14T00:52:26.219491,0.303,2.508,38.111
2026-08-14T00:52:26.219650,0.173,2.507,38.111
2026-08-14T00:52:26.220893,1.239,2.496,38.111
2026-08-14T00:52:26.221043,0.155,2.496,38.111
2026-08-14T00:52:26.221179,0.138,2.495,38.111
2026-08-14T00:52:26.224545,3.362,2.506,38.111
2026-08-14T00:52:26.224686,0.144,2.506,38.111
2026-08-14T00:52:26.224827,0.131,2.506,38.111
2026-08-14T00:52:26.224961,0.145,2.506,38.111
2026-08-14T00:52:26.225140,0.177,2.506,38.111
2026-08-14T00:52:26.226376,1.234,2.506,38.111
2026-08-14T00:52:26.226545,0.171,2.506,38.111
2026-08-14T00:52:26.226682,0.139,2.506,38.111
2026-08-14T00:52:26.227911,1.226,2.506,38.111
2026-08-14T00:52:26.231275,3.362,2.495,38.111
2026-08-14T00:52:26.231414,0.144,2.495,38.111
2026-08-14T00:52:26.231543,0.131,2.495,38.111
2026-08-14T00:52:26.231669,0.127,2.495,38.111
2026-08-14T00:52:26.231795,0.125,2.496,38.111
2026-08-14T00:52:26.268359,36.533,2.501,38.111
2026-08-14T00:52:26.268528,0.192,2.500,38.111
2026-08-14T00:52:26.268661,0.140,2.500,38.111
2026-08-14T00:52:26.270943,2.278,2.500,38.111
2026-08-14T00:52:26.271091,0.149,2.500,38.111
2026-08-14T00:52:26.271225,0.136,2.500,38.111
2026-08-14T00:52:26.273503,2.274,2.489,38.111
2026-08-14T00:52:26.273642,0.143,2.489,38.111
2026-08-14T00:52:26.273771,0.131,2.489,38.111
2026-08-14T00:52:26.273907,0.136,2.489,38.111
2026-08-14T00:52:26.274110,0.199,2.490,38.111
2026-08-14T00:52:26.275346,1.236,2.490,38.111
2026-08-14T00:52:26.276604,1.257,2.500,38.111
2026-08-14T00:52:26.276748,0.148,2.501,38.111
2026-08-14T00:52:26.277981,1.230,2.501,38.111
2026-08-14T00:52:26.278130,0.152,2.468,38.111
2026-08-14T00:52:26.280407,2.275,2.490,38.111
2026-08-14T00:52:26.280544,0.139,2.490,38.111
2026-08-14T00:52:26.280672,0.129,2.490,38.111
2026-08-14T00:52:26.280797,0.126,2.490,38.111
2026-08-14T00:52:26.318354,37.540,2.500,38.111
2026-08-14T00:52:26.318514,0.168,2.499,38.111
2026-08-14T00:52:26.318651,0.142,2.499,38.111
2026-08-14T00:52:26.320946,2.291,2.498,38.111
2026-08-14T00:52:26.321094,0.151,2.498,38.111
2026-08-14T00:52:26.321233,0.140,2.498,38.111
2026-08-14T00:52:26.323518,2.281,2.498,38.111
2026-08-14T00:52:26.323660,0.146,2.498,38.111
2026-08-14T00:52:26.323793,0.134,2.498,38.111
2026-08-14T00:52:26.323943,0.149,2.498,38.111
2026-08-14T00:52:26.324113,0.168,2.498,38.111
2026-08-14T00:52:26.326429,2.312,2.508,38.111
2026-08-14T00:52:26.326600,0.175,2.508,38.111
2026-08-14T00:52:26.326745,0.145,2.508,38.111
2026-08-14T00:52:26.329056,2.311,2.508,38.111
2026-08-14T00:52:26.329194,0.143,2.508,38.111
2026-08-14T00:52:26.329316,0.123,2.487,38.111
2026-08-14T00:52:26.331580,2.260,2.508,38.111
2026-08-14T00:52:26.332798,1.218,2.519,38.111
2026-08-14T00:52:26.332938,0.141,2.519,38.111
2026-08-14T00:52:26.368360,35.403,2.497,38.111
2026-08-14T00:52:26.368524,0.176,2.497,38.111
2026-08-14T00:52:26.368662,0.143,2.497,38.111
2026-08-14T00:52:26.370955,2.289,2.507,38.111
2026-08-14T00:52:26.371102,0.149,2.507,38.111
2026-08-14T00:52:26.371238,0.138,2.507,38.111
2026-08-14T00:52:26.373521,2.280,2.496,38.111
2026-08-14T00:52:26.373664,0.146,2.496,38.111
2026-08-14T00:52:26.373797,0.135,2.496,38.111
2026-08-14T00:52:26.373950,0.150,2.496,38.111
2026-08-14T00:52:26.374119,0.170,2.496,38.111
2026-08-14T00:52:26.375361,1.239,2.486,38.111
2026-08-14T00:52:26.376626,1.263,2.496,38.111
2026-08-14T00:52:26.376775,0.153,2.496,38.111
2026-08-14T00:52:26.378018,1.240,2.486,38.111
2026-08-14T00:52:26.378172,0.157,2.486,38.111
2026-08-14T00:52:26.380461,2.287,2.497,38.111
2026-08-14T00:52:26.380602,0.144,2.497,38.111
2026-08-14T00:52:26.380723,0.127,2.486,38.111
2026-08-14T00:52:26.380848,0.115,2.486,38.111
2026-08-14T00:52:26.419088,38.167,2.503,38.167
2026-08-14T00:52:26.419304,0.283,2.504,38.167
2026-08-14T00:52:26.419453,0.159,2.504,38.167
2026-08-14T00:52:26.420706,1.249,2.494,38.167
2026-08-14T00:52:26.420880,0.175,2.494,38.167
2026-08-14T00:52:26.421028,0.152,2.494,38.167
2026-08-14T00:52:26.424382,3.353,2.505,38.167
2026-08-14T00:52:26.424524,0.144,2.505,38.167
2026-08-14T00:52:26.424653,0.132,2.505,38.167
2026-08-14T00:52:26.424781,0.128,2.505,38.167
2026-08-14T00:52:26.424980,0.191,2.506,38.167
2026-08-14T00:52:26.426227,1.247,2.495,38.167
2026-08-14T00:52:26.426404,0.178,2.495,38.167
2026-08-14T00:52:26.426541,0.142,2.495,38.167
2026-08-14T00:52:26.428843,2.289,2.506,38.167
2026-08-14T00:52:26.431143,2.309,2.528,38.167
2026-08-14T00:52:26.431281,0.143,2.506,38.167
2026-08-14T00:52:26.431408,0.128,2.506,38.167
2026-08-14T00:52:26.431532,0.125,2.506,38.167
2026-08-14T00:52:26.431659,0.126,2.506,38.167
2026-08-14T00:52:26.468329,36.604,2.491,38.167
2026-08-14T00:52:26.468537,0.263,2.491,38.167
2026-08-14T00:52:26.468680,0.152,2.490,38.167
2026-08-14T00:52:26.469916,1.230,2.490,38.167
2026-08-14T00:52:26.470067,0.155,2.490,38.167
2026-08-14T00:52:26.471282,1.215,2.501,38.167
2026-08-14T00:52:26.473581,2.297,2.490,38.167
2026-08-14T00:52:26.473721,0.144,2.490,38.167
2026-08-14T00:52:26.473863,0.142,2.490,38.167
2026-08-14T00:52:26.474003,0.141,2.490,38.167
2026-08-14T00:52:26.474182,0.177,2.490,38.167
2026-08-14T00:52:26.476486,2.303,2.501,38.167
2026-08-14T00:52:26.476656,0.172,2.501,38.167
2026-08-14T00:52:26.476794,0.141,2.501,38.167
2026-08-14T00:52:26.478038,1.239,2.501,38.167
2026-08-14T00:52:26.478188,0.154,2.469,38.167
2026-08-14T00:52:26.480465,2.275,2.490,38.167
2026-08-14T00:52:26.480624,0.160,2.491,38.167
2026-08-14T00:52:26.480754,0.133,2.491,38.167
2026-08-14T00:52:26.480894,0.139,2.491,38.167
2026-08-14T00:52:26.518460,37.554,2.501,38.167
2026-08-14T00:52:26.518620,0.165,2.501,38.167
2026-08-14T00:52:26.518758,0.142,2.501,38.167
2026-08-14T00:52:26.519988,1.226,2.490,38.167
2026-08-14T00:52:26.520134,0.149,2.490,38.167
2026-08-14T00:52:26.521352,1.217,2.501,38.167
2026-08-14T00:52:26.523644,2.291,2.501,38.167
2026-08-14T00:52:26.523785,0.144,2.501,38.167
2026-08-14T00:52:26.523934,0.148,2.502,38.167
2026-08-14T00:52:26.524075,0.142,2.502,38.167
2026-08-14T00:52:26.524246,0.170,2.501,38.167
2026-08-14T00:52:26.526568,2.317,2.512,38.167
2026-08-14T00:52:26.526748,0.183,2.501,38.167
2026-08-14T00:52:26.526912,0.164,2.502,38.167
2026-08-14T00:52:26.529214,2.306,2.512,38.167
2026-08-14T00:52:26.529355,0.145,2.512,38.167
2026-08-14T00:52:26.531624,2.266,2.512,38.167
2026-08-14T00:52:26.531750,0.131,2.512,38.167
2026-08-14T00:52:26.532949,1.196,2.523,38.167
2026-08-14T00:52:26.533078,0.132,2.523,38.167
2026-08-14T00:52:26.565298,32.206,2.469,38.167
2026-08-14T00:52:26.568676,3.380,2.502,38.167
2026-08-14T00:52:26.568837,0.151,2.502,38.167
2026-08-14T00:52:26.568981,0.159,2.480,38.167
2026-08-14T00:52:26.570198,1.215,2.491,38.167
2026-08-14T00:52:26.570341,0.146,2.491,38.167
2026-08-14T00:52:26.570476,0.136,2.470,38.167
2026-08-14T00:52:26.573827,3.340,2.502,38.167
2026-08-14T00:52:26.573967,0.148,2.502,38.167
2026-08-14T00:52:26.574095,0.133,2.502,38.167
2026-08-14T00:52:26.574218,0.123,2.501,38.167
2026-08-14T00:52:26.574372,0.153,2.480,38.167
2026-08-14T00:52:26.575609,1.234,2.490,38.167
2026-08-14T00:52:26.575770,0.161,2.490,38.167
2026-08-14T00:52:26.575913,0.146,2.469,38.167
2026-08-14T00:52:26.578213,2.297,2.490,38.167
2026-08-14T00:52:26.578358,0.148,2.490,38.167
2026-08-14T00:52:26.580636,2.274,2.491,38.167
2026-08-14T00:52:26.580771,0.140,2.480,38.167
2026-08-14T00:52:26.580909,0.138,2.480,38.167
2026-08-14T00:52:26.581032,0.127,2.127,38.167
2026-08-14T00:52:26.618228,37.118,2.496,38.167
2026-08-14T00:52:26.618436,0.271,2.498,38.167
2026-08-14T00:52:26.618581,0.153,2.476,38.167
2026-08-14T00:52:26.620881,2.298,2.498,38.167
2026-08-14T00:52:26.621030,0.151,2.498,38.167
2026-08-14T00:52:26.621183,0.149,2.477,38.167
2026-08-14T00:52:26.624539,3.357,2.509,38.167
2026-08-14T00:52:26.624681,0.148,2.509,38.167
2026-08-14T00:52:26.624822,0.132,2.509,38.167
2026-08-14T00:52:26.624954,0.141,2.508,38.167
2026-08-14T00:52:26.625134,0.179,2.498,38.167
2026-08-14T00:52:26.626370,1.234,2.497,38.167
2026-08-14T00:52:26.626537,0.169,2.498,38.167
2026-08-14T00:52:26.626674,0.139,2.487,38.167
2026-08-14T00:52:26.627911,1.233,2.497,38.167
2026-08-14T00:52:26.631275,3.365,2.508,38.167
2026-08-14T00:52:26.631414,0.142,2.508,38.167
2026-08-14T00:52:26.631540,0.128,2.508,38.167
2026-08-14T00:52:26.631666,0.126,2.508,38.167
2026-08-14T00:52:26.631792,0.126,2.128,37.554
2026-08-14T00:52:26.668350,36.515,2.490,37.554
2026-08-14T00:52:26.668546,0.223,2.491,37.554
2026-08-14T00:52:26.668697,0.162,2.480,37.554
2026-08-14T00:52:26.671036,2.320,2.501,37.554
2026-08-14T00:52:26.671231,0.201,2.502,37.554
2026-08-14T00:52:26.671392,0.169,2.470,37.554
2026-08-14T00:52:26.673751,2.332,2.492,37.554
2026-08-14T00:52:26.673973,0.237,2.493,37.554
2026-08-14T00:52:26.674145,0.183,2.494,37.554
2026-08-14T00:52:26.674298,0.155,2.493,37.554
2026-08-14T00:52:26.674522,0.213,2.483,37.554
2026-08-14T00:52:26.675922,1.372,2.495,37.554
2026-08-14T00:52:26.676161,0.273,2.496,37.554
2026-08-14T00:52:26.676306,0.156,2.475,37.554
2026-08-14T00:52:26.678762,2.398,2.476,37.554
2026-08-14T00:52:26.678985,0.272,2.477,37.554
2026-08-14T00:52:26.680200,1.222,2.488,37.554
2026-08-14T00:52:26.680331,0.135,2.488,37.554
2026-08-14T00:52:26.680447,0.119,2.488,37.554
2026-08-14T00:52:26.680563,0.116,2.123,37.554
2026-08-14T00:52:26.718279,37.641,2.497,37.641
2026-08-14T00:52:26.718498,0.274,2.498,37.641
2026-08-14T00:52:26.718645,0.159,2.487,37.641
2026-08-14T00:52:26.720965,2.313,2.509,37.641
2026-08-14T00:52:26.721116,0.157,2.498,37.641
2026-08-14T00:52:26.721254,0.141,2.477,37.641
2026-08-14T00:52:26.723534,2.275,2.498,37.641
2026-08-14T00:52:26.723675,0.143,2.498,37.641
2026-08-14T00:52:26.723807,0.134,2.498,37.641
2026-08-14T00:52:26.723967,0.156,2.498,37.641
2026-08-14T00:52:26.724156,0.187,2.477,37.641
2026-08-14T00:52:26.725394,1.239,2.487,37.641
2026-08-14T00:52:26.726688,1.292,2.499,37.641
2026-08-14T00:52:26.726852,0.155,2.488,37.641
2026-08-14T00:52:26.729154,2.315,2.510,37.641
2026-08-14T00:52:26.729300,0.149,2.488,37.641
2026-08-14T00:52:26.731577,2.273,2.510,37.641
2026-08-14T00:52:26.731709,0.137,2.510,37.641
2026-08-14T00:52:26.732910,1.198,2.520,37.641
2026-08-14T00:52:26.733042,0.135,2.146,37.641
2026-08-14T00:52:26.768514,35.443,2.499,37.641
2026-08-14T00:52:26.768686,0.190,2.499,37.641
2026-08-14T00:52:26.768850,0.149,2.488,37.641
2026-08-14T00:52:26.770088,1.253,2.499,37.641
2026-08-14T00:52:26.770239,0.157,2.489,37.641
2026-08-14T00:52:26.770379,0.142,2.467,37.641
2026-08-14T00:52:26.773765,3.372,2.500,37.641
2026-08-14T00:52:26.773935,0.179,2.500,37.641
2026-08-14T00:52:26.774076,0.148,2.500,37.641
2026-08-14T00:52:26.774207,0.133,2.500,37.641
2026-08-14T00:52:26.774383,0.173,2.478,37.641
2026-08-14T00:52:26.776687,2.302,2.499,37.641
2026-08-14T00:52:26.776866,0.179,2.500,37.641
2026-08-14T00:52:26.777012,0.149,2.478,37.641
2026-08-14T00:52:26.777142,0.131,2.478,37.641
2026-08-14T00:52:26.777285,0.143,2.457,37.641
2026-08-14T00:52:26.777412,0.127,2.457,37.641
2026-08-14T00:52:26.780781,3.362,2.478,37.641
2026-08-14T00:52:26.780933,0.157,2.479,37.641
2026-08-14T00:52:26.781068,0.137,2.158,37.641
2026-08-14T00:52:26.819259,38.124,2.505,38.124
2026-08-14T00:52:26.819453,0.251,2.506,38.124
2026-08-14T00:52:26.819592,0.148,2.506,38.124
2026-08-14T00:52:26.820805,1.210,2.506,38.124
2026-08-14T00:52:26.820960,0.156,2.506,38.124
2026-08-14T00:52:26.821095,0.138,2.506,38.124
2026-08-14T00:52:26.823373,2.274,2.496,38.124
2026-08-14T00:52:26.823512,0.142,2.495,38.124
2026-08-14T00:52:26.823643,0.132,2.495,38.124
2026-08-14T00:52:26.823768,0.126,2.496,38.124
2026-08-14T00:52:26.823962,0.189,2.496,38.124
2026-08-14T00:52:26.826275,2.311,2.507,38.124
2026-08-14T00:52:26.826442,0.171,2.507,38.124
2026-08-14T00:52:26.826578,0.138,2.507,38.124
2026-08-14T00:52:26.828880,2.299,2.507,38.124
2026-08-14T00:52:26.831176,2.295,2.528,38.124
2026-08-14T00:52:26.831314,0.142,2.507,38.124
2026-08-14T00:52:26.831439,0.127,2.507,38.124
2026-08-14T00:52:26.831565,0.125,2.507,38.124
2026-08-14T00:52:26.831690,0.126,2.507,38.124
2026-08-14T00:52:26.868263,36.534,2.501,38.124
2026-08-14T00:52:26.868449,0.211,2.500,38.124
2026-08-14T00:52:26.868594,0.156,2.500,38.124
2026-08-14T00:52:26.870903,2.303,2.500,38.124
2026-08-14T00:52:26.871055,0.157,2.500,38.124
2026-08-14T00:52:26.871196,0.143,2.500,38.124
2026-08-14T00:52:26.873482,2.281,2.489,38.124
2026-08-14T00:52:26.873626,0.147,2.489,38.124
2026-08-14T00:52:26.873762,0.138,2.489,38.124
2026-08-14T00:52:26.873911,0.147,2.490,38.124
2026-08-14T00:52:26.874101,0.188,2.490,38.124
2026-08-14T00:52:26.876430,2.325,2.501,38.124
2026-08-14T00:52:26.876611,0.185,2.501,38.124
2026-08-14T00:52:26.876754,0.146,2.501,38.124
2026-08-14T00:52:26.877987,1.234,2.501,38.124
2026-08-14T00:52:26.878131,0.145,2.469,38.124
2026-08-14T00:52:26.880400,2.267,2.490,38.124
2026-08-14T00:52:26.880534,0.137,2.490,38.124
2026-08-14T00:52:26.880658,0.125,2.490,38.124
2026-08-14T00:52:26.880777,0.121,2.490,38.124
2026-08-14T00:52:26.918409,37.596,2.501,38.124
2026-08-14T00:52:26.918592,0.205,2.500,38.124
2026-08-14T00:52:26.918736,0.152,2.500,38.124
2026-08-14T00:52:26.921031,2.291,2.500,38.124
2026-08-14T00:52:26.921176,0.148,2.500,38.124
2026-08-14T00:52:26.921308,0.136,2.499,38.124
2026-08-14T00:52:26.923583,2.272,2.499,38.124
2026-08-14T00:52:26.923718,0.137,2.498,38.124
2026-08-14T00:52:26.923858,0.139,2.497,38.124
2026-08-14T00:52:26.923993,0.136,2.497,38.124
2026-08-14T00:52:26.924187,0.191,2.497,38.124
2026-08-14T00:52:26.926490,2.303,2.506,38.124
2026-08-14T00:52:26.926654,0.166,2.505,38.124
2026-08-14T00:52:26.926789,0.137,2.505,38.124
2026-08-14T00:52:26.929094,2.300,2.504,38.124
2026-08-14T00:52:26.929243,0.152,2.503,38.124
2026-08-14T00:52:26.931513,2.271,2.513,38.124
2026-08-14T00:52:26.931642,0.131,2.513,38.124
2026-08-14T00:52:26.932850,1.196,2.524,38.124
2026-08-14T00:52:26.932981,0.142,2.524,38.124
2026-08-14T00:52:26.968604,35.556,2.503,38.124
2026-08-14T00:52:26.968804,0.258,2.503,38.124
2026-08-14T00:52:26.968973,0.174,2.503,38.124
2026-08-14T00:52:26.970194,1.219,2.492,38.124
2026-08-14T00:52:26.971415,1.220,2.503,38.124
2026-08-14T00:52:26.972643,1.230,2.514,38.124
2026-08-14T00:52:26.972784,0.143,2.493,38.124
2026-08-14T00:52:26.972929,0.145,2.493,38.124
2026-08-14T00:52:26.973060,0.134,2.493,38.124
2026-08-14T00:52:26.975340,2.274,2.514,38.124
2026-08-14T00:52:26.975533,0.194,2.514,38.124
2026-08-14T00:52:26.975684,0.153,2.503,38.124
2026-08-14T00:52:26.979077,3.390,2.524,38.124
2026-08-14T00:52:26.979235,0.161,2.524,38.124
2026-08-14T00:52:26.979364,0.130,2.502,38.124
2026-08-14T00:52:26.979501,0.138,2.502,38.124
2026-08-14T00:52:26.979628,0.127,2.481,38.124
2026-08-14T00:52:26.981937,2.303,2.502,38.124
2026-08-14T00:52:26.983172,1.236,2.503,38.124
2026-08-14T00:52:26.983309,0.142,2.503,38.124
2026-08-14T00:52:27.018334,34.952,2.498,38.124
2026-08-14T00:52:27.018541,0.268,2.499,38.124
2026-08-14T00:52:27.018678,0.147,2.499,38.124
2026-08-14T00:52:27.021034,2.332,2.509,38.124
2026-08-14T00:52:27.021212,0.195,2.510,38.124
2026-08-14T00:52:27.021352,0.148,2.510,38.124
2026-08-14T00:52:27.023683,2.312,2.499,38.124
2026-08-14T00:52:27.023863,0.178,2.499,38.124
2026-08-14T00:52:27.024006,0.163,2.499,38.124
2026-08-14T00:52:27.024137,0.133,2.499,38.124
2026-08-14T00:52:27.024316,0.176,2.499,38.124
2026-08-14T00:52:27.025553,1.234,2.489,38.124
2026-08-14T00:52:27.025722,0.173,2.489,38.124
2026-08-14T00:52:27.025873,0.150,2.489,38.124
2026-08-14T00:52:27.031358,5.484,2.542,38.124
2026-08-14T00:52:27.031516,0.161,2.542,38.124
2026-08-14T00:52:27.031644,0.131,2.542,38.124
2026-08-14T00:52:27.031770,0.126,2.510,38.124
2026-08-14T00:52:27.031912,0.140,2.510,38.124
2026-08-14T00:52:27.032049,0.138,2.510,38.124
2026-08-14T00:52:27.068709,36.615,2.495,37.596
2026-08-14T00:52:27.068910,0.234,2.495,37.596
2026-08-14T00:52:27.069059,0.159,2.495,37.596
2026-08-14T00:52:27.070276,1.215,2.495,37.596
2026-08-14T00:52:27.070419,0.146,2.495,37.596
2026-08-14T00:52:27.070554,0.137,2.495,37.596
2026-08-14T00:52:27.073913,3.353,2.505,37.596
2026-08-14T00:52:27.074053,0.144,2.505,37.596
2026-08-14T00:52:27.074183,0.132,2.505,37.596
2026-08-14T00:52:27.074309,0.127,2.505,37.596
2026-08-14T00:52:27.074484,0.172,2.505,37.596
2026-08-14T00:52:27.075719,1.233,2.494,37.596
2026-08-14T00:52:27.075900,0.181,2.495,37.596
2026-08-14T00:52:27.076040,0.143,2.495,37.596
2026-08-14T00:52:27.079381,3.340,2.505,37.596
2026-08-14T00:52:27.079522,0.144,2.484,37.596
2026-08-14T00:52:27.079648,0.127,2.483,37.596
2026-08-14T00:52:27.080890,1.238,2.494,37.596
2026-08-14T00:52:27.081023,0.136,2.495,37.596
2026-08-14T00:52:27.081145,0.124,2.495,37.596
2026-08-14T00:52:27.118729,37.562,2.505,37.596
2026-08-14T00:52:27.118909,0.189,2.505,37.596
2026-08-14T00:52:27.119058,0.155,2.505,37.596
2026-08-14T00:52:27.120278,1.218,2.494,37.596
2026-08-14T00:52:27.120425,0.149,2.494,37.596
2026-08-14T00:52:27.120561,0.140,2.494,37.596
2026-08-14T00:52:27.123909,3.344,2.504,37.596
2026-08-14T00:52:27.124045,0.138,2.504,37.596
2026-08-14T00:52:27.124194,0.140,2.504,37.596
2026-08-14T00:52:27.124329,0.146,2.504,37.596
2026-08-14T00:52:27.124494,0.163,2.504,37.596
2026-08-14T00:52:27.125730,1.233,2.493,37.596
2026-08-14T00:52:27.125907,0.178,2.493,37.596
2026-08-14T00:52:27.126048,0.145,2.493,37.596
2026-08-14T00:52:27.128410,2.341,2.504,37.596
2026-08-14T00:52:27.128581,0.190,2.504,37.596
2026-08-14T00:52:27.130877,2.294,2.505,37.596
2026-08-14T00:52:27.131033,0.161,2.505,37.596
2026-08-14T00:52:27.132237,1.203,2.516,37.596
2026-08-14T00:52:27.132367,0.133,2.516,37.596
2026-08-14T00:52:27.168965,36.574,2.506,37.562
2026-08-14T00:52:27.169134,0.184,2.505,37.562
2026-08-14T00:52:27.169277,0.149,2.505,37.562
2026-08-14T00:52:27.170505,1.225,2.495,37.562
2026-08-14T00:52:27.170653,0.150,2.495,37.562
2026-08-14T00:52:27.170790,0.139,2.495,37.562
2026-08-14T00:52:27.173082,2.288,2.495,37.562
2026-08-14T00:52:27.173221,0.142,2.495,37.562
2026-08-14T00:52:27.173353,0.134,2.495,37.562
2026-08-14T00:52:27.173479,0.127,2.495,37.562
2026-08-14T00:52:27.173647,0.165,2.495,37.562
2026-08-14T00:52:27.174903,1.252,2.484,37.562
2026-08-14T00:52:27.176191,1.280,2.495,37.562
2026-08-14T00:52:27.176348,0.167,2.496,37.562
2026-08-14T00:52:27.178649,2.300,2.496,37.562
2026-08-14T00:52:27.178801,0.154,2.496,37.562
2026-08-14T00:52:27.181099,2.296,2.496,37.562
2026-08-14T00:52:27.181235,0.140,2.496,37.562
2026-08-14T00:52:27.181364,0.131,2.485,37.562
2026-08-14T00:52:27.181490,0.127,2.485,37.562
2026-08-14T00:52:27.218767,37.185,2.501,37.562
2026-08-14T00:52:27.219039,0.335,2.502,37.562
2026-08-14T00:52:27.219209,0.192,2.502,37.562
2026-08-14T00:52:27.220432,1.223,2.502,37.562
2026-08-14T00:52:27.220583,0.152,2.492,37.562
2026-08-14T00:52:27.220732,0.149,2.481,37.562
2026-08-14T00:52:27.223070,2.323,2.503,37.562
2026-08-14T00:52:27.223234,0.178,2.503,37.562
2026-08-14T00:52:27.223368,0.140,2.503,37.562
2026-08-14T00:52:27.224581,1.209,2.492,37.562
2026-08-14T00:52:27.224770,0.190,2.492,37.562
2026-08-14T00:52:27.226013,1.244,2.503,37.562
2026-08-14T00:52:27.226175,0.164,2.471,37.562
2026-08-14T00:52:27.226305,0.133,2.471,37.562
2026-08-14T00:52:27.228587,2.279,2.492,37.562
2026-08-14T00:52:27.228729,0.143,2.492,37.562
2026-08-14T00:52:27.231000,2.269,2.514,37.562
2026-08-14T00:52:27.231131,0.132,2.492,37.562
2026-08-14T00:52:27.232329,1.198,2.492,37.562
2026-08-14T00:52:27.232459,0.132,2.492,37.562
2026-08-14T00:52:27.268967,36.485,2.507,37.562
2026-08-14T00:52:27.269131,0.178,2.506,37.562
2026-08-14T00:52:27.269265,0.142,2.506,37.562
2026-08-14T00:52:27.270476,1.207,2.495,37.562
2026-08-14T00:52:27.270614,0.141,2.494,37.562
2026-08-14T00:52:27.270744,0.132,2.494,37.562
2026-08-14T00:52:27.274086,3.337,2.504,37.562
2026-08-14T00:52:27.274222,0.138,2.504,37.562
2026-08-14T00:52:27.274349,0.129,2.503,37.562
2026-08-14T00:52:27.274472,0.124,2.503,37.562
2026-08-14T00:52:27.274638,0.163,2.503,37.562
2026-08-14T00:52:27.275896,1.255,2.503,37.562
2026-08-14T00:52:27.276065,0.169,2.503,37.562
2026-08-14T00:52:27.276203,0.140,2.503,37.562
2026-08-14T00:52:27.278491,2.289,2.471,37.562
2026-08-14T00:52:27.278635,0.145,2.471,37.562
2026-08-14T00:52:27.280906,2.269,2.493,37.562
2026-08-14T00:52:27.281035,0.132,2.493,37.562
2026-08-14T00:52:27.281154,0.120,2.492,37.562
2026-08-14T00:52:27.281272,0.118,2.492,37.562
2026-08-14T00:52:27.318954,37.655,2.503,37.655
2026-08-14T00:52:27.319125,0.185,2.502,37.655
2026-08-14T00:52:27.319266,0.148,2.502,37.655
2026-08-14T00:52:27.320480,1.213,2.502,37.655
2026-08-14T00:52:27.320618,0.141,2.502,37.655
2026-08-14T00:52:27.320749,0.132,2.502,37.655
2026-08-14T00:52:27.323032,2.276,2.491,37.655
2026-08-14T00:52:27.323173,0.145,2.491,37.655
2026-08-14T00:52:27.323301,0.132,2.491,37.655
2026-08-14T00:52:27.323426,0.125,2.491,37.655
2026-08-14T00:52:27.323588,0.159,2.491,37.655
2026-08-14T00:52:27.325902,2.310,2.502,37.655
2026-08-14T00:52:27.326070,0.170,2.502,37.655
2026-08-14T00:52:27.326203,0.137,2.502,37.655
2026-08-14T00:52:27.328496,2.289,2.491,37.655
2026-08-14T00:52:27.328644,0.150,2.491,37.655
2026-08-14T00:52:27.330916,2.273,2.513,37.655
2026-08-14T00:52:27.331043,0.130,2.502,37.655
2026-08-14T00:52:27.332242,1.196,2.512,37.655
2026-08-14T00:52:27.332370,0.130,2.512,37.655
2026-08-14T00:52:27.368893,36.502,2.502,37.655
2026-08-14T00:52:27.369053,0.172,2.501,37.655
2026-08-14T00:52:27.369190,0.142,2.501,37.655
2026-08-14T00:52:27.370412,1.217,2.501,37.655
2026-08-14T00:52:27.370582,0.172,2.502,37.655
2026-08-14T00:52:27.370721,0.143,2.502,37.655
2026-08-14T00:52:27.374078,3.353,2.502,37.655
2026-08-14T00:52:27.374217,0.144,2.502,37.655
2026-08-14T00:52:27.374343,0.128,2.502,37.655
2026-08-14T00:52:27.374464,0.122,2.501,37.655
2026-08-14T00:52:27.374620,0.153,2.501,37.655
2026-08-14T00:52:27.375863,1.238,2.501,37.655
2026-08-14T00:52:27.376030,0.170,2.501,37.655
2026-08-14T00:52:27.376163,0.136,2.501,37.655
2026-08-14T00:52:27.378453,2.286,2.501,37.655
2026-08-14T00:52:27.378603,0.151,2.500,37.655
2026-08-14T00:52:27.380897,2.291,2.500,37.655
2026-08-14T00:52:27.381033,0.141,2.500,37.655
2026-08-14T00:52:27.381159,0.126,2.489,37.655
2026-08-14T00:52:27.381284,0.126,2.489,37.655
2026-08-14T00:52:27.418527,37.165,2.495,37.655
2026-08-14T00:52:27.418738,0.274,2.496,37.655
2026-08-14T00:52:27.418898,0.169,2.496,37.655
2026-08-14T00:52:27.421199,2.300,2.507,37.655
2026-08-14T00:52:27.421344,0.149,2.507,37.655
2026-08-14T00:52:27.421478,0.137,2.507,37.655
2026-08-14T00:52:27.423756,2.273,2.507,37.655
2026-08-14T00:52:27.423911,0.154,2.507,37.655
2026-08-14T00:52:27.424047,0.140,2.507,37.655
2026-08-14T00:52:27.424177,0.132,2.507,37.655
2026-08-14T00:52:27.424356,0.177,2.507,37.655
2026-08-14T00:52:27.426731,2.352,2.518,37.655
2026-08-14T00:52:27.426933,0.219,2.507,37.655
2026-08-14T00:52:27.427081,0.154,2.507,37.655
2026-08-14T00:52:27.428308,1.225,2.497,37.655
2026-08-14T00:52:27.431674,3.364,2.529,37.655
2026-08-14T00:52:27.431822,0.144,2.507,37.655
2026-08-14T00:52:27.431958,0.145,2.507,37.655
2026-08-14T00:52:27.432085,0.128,2.507,37.655
2026-08-14T00:52:27.432211,0.126,2.507,37.655
2026-08-14T00:52:27.468982,36.701,2.502,37.655
2026-08-14T00:52:27.469192,0.267,2.502,37.655
2026-08-14T00:52:27.469335,0.153,2.501,37.655
2026-08-14T00:52:27.470552,1.215,2.501,37.655
2026-08-14T00:52:27.470699,0.149,2.501,37.655
2026-08-14T00:52:27.470850,0.139,2.501,37.655
2026-08-14T00:52:27.473137,2.297,2.501,37.655
2026-08-14T00:52:27.473272,0.140,2.500,37.655
2026-08-14T00:52:27.473402,0.131,2.500,37.655
2026-08-14T00:52:27.473529,0.127,2.490,37.655
2026-08-14T00:52:27.473708,0.177,2.489,37.655
2026-08-14T00:52:27.476081,2.351,2.500,37.655
2026-08-14T00:52:27.476274,0.210,2.501,37.655
2026-08-14T00:52:27.476416,0.148,2.501,37.655
2026-08-14T00:52:27.477642,1.223,2.491,37.655
2026-08-14T00:52:27.477794,0.154,2.491,37.655
2026-08-14T00:52:27.481154,3.358,2.502,37.655
2026-08-14T00:52:27.481287,0.137,2.502,37.655
2026-08-14T00:52:27.481408,0.123,2.491,37.655
2026-08-14T00:52:27.481528,0.120,2.491,37.655
2026-08-14T00:52:27.518095,36.542,2.491,37.655
2026-08-14T00:52:27.518261,0.179,2.491,37.655
2026-08-14T00:52:27.518402,0.147,2.491,37.655
2026-08-14T00:52:27.520695,2.289,2.502,37.655
2026-08-14T00:52:27.520858,0.153,2.502,37.655
2026-08-14T00:52:27.521008,0.164,2.503,37.655
2026-08-14T00:52:27.523294,2.283,2.492,37.655
2026-08-14T00:52:27.523439,0.148,2.492,37.655
2026-08-14T00:52:27.523574,0.136,2.492,37.655
2026-08-14T00:52:27.523706,0.133,2.492,37.655
2026-08-14T00:52:27.523895,0.183,2.493,37.655
2026-08-14T00:52:27.526218,2.323,2.503,37.655
2026-08-14T00:52:27.526391,0.175,2.503,37.655
2026-08-14T00:52:27.526532,0.144,2.503,37.655
2026-08-14T00:52:27.528842,2.296,2.503,37.655
2026-08-14T00:52:27.529004,0.173,2.504,37.655
2026-08-14T00:52:27.531277,2.278,2.504,37.655
2026-08-14T00:52:27.531404,0.129,2.504,37.655
2026-08-14T00:52:27.532601,1.195,2.514,37.655
2026-08-14T00:52:27.532723,0.125,2.515,37.655
2026-08-14T00:52:27.564984,32.239,2.460,37.165
2026-08-14T00:52:27.568365,3.390,2.492,37.165
2026-08-14T00:52:27.568514,0.154,2.492,37.165
2026-08-14T00:52:27.568648,0.137,2.482,37.165
2026-08-14T00:52:27.570941,2.289,2.503,37.165
2026-08-14T00:52:27.571086,0.149,2.503,37.165
2026-08-14T00:52:27.571221,0.137,2.482,37.165
2026-08-14T00:52:27.573508,2.280,2.503,37.165
2026-08-14T00:52:27.573652,0.148,2.503,37.165
2026-08-14T00:52:27.573786,0.137,2.504,37.165
2026-08-14T00:52:27.573932,0.145,2.503,37.165
2026-08-14T00:52:27.574120,0.186,2.482,37.165
2026-08-14T00:52:27.575354,1.233,2.493,37.165
2026-08-14T00:52:27.576614,1.258,2.504,37.165
2026-08-14T00:52:27.576756,0.147,2.483,37.165
2026-08-14T00:52:27.577991,1.232,2.493,37.165
2026-08-14T00:52:27.578138,0.151,2.472,37.165
2026-08-14T00:52:27.580414,2.274,2.494,37.165
2026-08-14T00:52:27.580547,0.136,2.483,37.165
2026-08-14T00:52:27.580672,0.126,2.483,37.165
2026-08-14T00:52:27.580795,0.124,2.119,37.165
2026-08-14T00:52:27.619077,38.198,2.499,38.198
2026-08-14T00:52:27.619285,0.277,2.501,38.198
2026-08-14T00:52:27.619421,0.149,2.490,38.198
2026-08-14T00:52:27.620635,1.210,2.501,38.198
2026-08-14T00:52:27.620777,0.146,2.501,38.198
2026-08-14T00:52:27.620932,0.153,2.469,38.198
2026-08-14T00:52:27.623227,2.292,2.490,38.198
2026-08-14T00:52:27.623366,0.143,2.490,38.198
2026-08-14T00:52:27.623494,0.131,2.490,38.198
2026-08-14T00:52:27.623620,0.126,2.490,38.198
2026-08-14T00:52:27.623799,0.175,2.479,38.198
2026-08-14T00:52:27.626171,2.354,2.501,38.198
2026-08-14T00:52:27.626362,0.206,2.502,38.198
2026-08-14T00:52:27.626511,0.151,2.481,38.198
2026-08-14T00:52:27.628829,2.303,2.502,38.198
2026-08-14T00:52:27.631133,2.317,2.502,38.198
2026-08-14T00:52:27.631276,0.148,2.502,38.198
2026-08-14T00:52:27.631405,0.131,2.502,38.198
2026-08-14T00:52:27.631531,0.127,2.502,38.198
2026-08-14T00:52:27.631657,0.126,2.132,38.198
2026-08-14T00:52:27.668293,36.590,2.495,38.198
2026-08-14T00:52:27.668483,0.224,2.496,38.198
2026-08-14T00:52:27.668623,0.151,2.474,38.198
2026-08-14T00:52:27.669849,1.210,2.485,38.198
2026-08-14T00:52:27.669995,0.160,2.485,38.198
2026-08-14T00:52:27.671211,1.215,2.475,38.198
2026-08-14T00:52:27.673497,2.285,2.496,38.198
2026-08-14T00:52:27.673636,0.143,2.496,38.198
2026-08-14T00:52:27.673766,0.131,2.496,38.198
2026-08-14T00:52:27.673903,0.137,2.495,38.198
2026-08-14T00:52:27.674083,0.178,2.474,38.198
2026-08-14T00:52:27.676420,2.325,2.495,38.198
2026-08-14T00:52:27.676606,0.194,2.495,38.198
2026-08-14T00:52:27.676749,0.147,2.484,38.198
2026-08-14T00:52:27.677986,1.233,2.463,38.198
2026-08-14T00:52:27.678138,0.155,2.463,38.198
2026-08-14T00:52:27.680407,2.270,2.484,38.198
2026-08-14T00:52:27.680536,0.131,2.485,38.198
2026-08-14T00:52:27.680657,0.122,2.484,38.198
2026-08-14T00:52:27.680778,0.122,2.119,38.198
2026-08-14T00:52:27.718559,37.696,2.493,38.198
2026-08-14T00:52:27.718786,0.291,2.494,38.198
2026-08-14T00:52:27.718960,0.185,2.484,38.198
2026-08-14T00:52:27.720198,1.236,2.495,38.198
2026-08-14T00:52:27.720359,0.161,2.495,38.198
2026-08-14T00:52:27.720530,0.168,2.474,38.198
2026-08-14T00:52:27.723919,3.389,2.506,38.198
2026-08-14T00:52:27.724065,0.157,2.507,38.198
2026-08-14T00:52:27.724195,0.132,2.507,38.198
2026-08-14T00:52:27.724320,0.126,2.506,38.198
2026-08-14T00:52:27.724498,0.175,2.484,38.198
2026-08-14T00:52:27.725733,1.233,2.495,38.198
2026-08-14T00:52:27.725915,0.183,2.495,38.198
2026-08-14T00:52:27.726053,0.142,2.484,38.198
2026-08-14T00:52:27.728345,2.288,2.505,38.198
2026-08-14T00:52:27.728496,0.153,2.473,38.198
2026-08-14T00:52:27.730801,2.301,2.495,38.198
2026-08-14T00:52:27.730953,0.155,2.495,38.198
2026-08-14T00:52:27.732162,1.209,2.506,38.198
2026-08-14T00:52:27.732295,0.137,2.142,38.198
2026-08-14T00:52:27.768823,36.500,2.505,38.198
2026-08-14T00:52:27.768982,0.180,2.506,38.198
2026-08-14T00:52:27.769117,0.139,2.484,38.198
2026-08-14T00:52:27.770327,1.208,2.495,38.198
2026-08-14T00:52:27.770465,0.141,2.495,38.198
2026-08-14T00:52:27.770596,0.132,2.473,38.198
2026-08-14T00:52:27.773989,3.376,2.505,38.198
2026-08-14T00:52:27.774146,0.169,2.506,38.198
2026-08-14T00:52:27.774283,0.142,2.506,38.198
2026-08-14T00:52:27.774410,0.128,2.505,38.198
2026-08-14T00:52:27.774579,0.167,2.484,38.198
2026-08-14T00:52:27.775825,1.233,2.494,38.198
2026-08-14T00:52:27.775996,0.182,2.495,38.198
2026-08-14T00:52:27.776132,0.140,2.473,38.198
2026-08-14T00:52:27.778427,2.291,2.494,38.198
2026-08-14T00:52:27.778576,0.152,2.473,38.198
2026-08-14T00:52:27.780866,2.287,2.495,38.198
2026-08-14T00:52:27.781028,0.163,2.484,38.198
2026-08-14T00:52:27.781156,0.131,2.484,38.198
2026-08-14T00:52:27.781282,0.127,2.163,38.198
2026-08-14T00:52:27.818457,37.100,2.500,38.198
2026-08-14T00:52:27.818666,0.270,2.501,38.198
2026-08-14T00:52:27.818826,0.157,2.502,38.198
2026-08-14T00:52:27.820063,1.244,2.491,38.198
2026-08-14T00:52:27.820217,0.158,2.491,38.198
2026-08-14T00:52:27.823578,3.359,2.524,38.198
2026-08-14T00:52:27.823726,0.150,2.502,38.198
2026-08-14T00:52:27.823875,0.149,2.502,38.198
2026-08-14T00:52:27.824014,0.141,2.502,38.198
2026-08-14T00:52:27.824148,0.134,2.502,38.198
2026-08-14T00:52:27.826487,2.332,2.524,38.198
2026-08-14T00:52:27.826644,0.162,2.513,38.198
2026-08-14T00:52:27.826791,0.152,2.502,38.198
2026-08-14T00:52:27.829078,2.283,2.523,38.198
2026-08-14T00:52:27.829210,0.136,2.512,38.198
2026-08-14T00:52:27.831486,2.274,2.533,38.198
2026-08-14T00:52:27.832693,1.204,2.523,38.198
2026-08-14T00:52:27.832839,0.139,2.523,38.198
2026-08-14T00:52:27.832966,0.138,2.523,38.198
2026-08-14T00:52:27.833087,0.123,2.523,38.198
2026-08-14T00:52:27.868526,35.409,2.495,37.696
2026-08-14T00:52:27.868696,0.189,2.494,37.696
2026-08-14T00:52:27.868848,0.145,2.494,37.696
2026-08-14T00:52:27.870101,1.261,2.495,37.696
2026-08-14T00:52:27.870250,0.153,2.495,37.696
2026-08-14T00:52:27.870388,0.140,2.495,37.696
2026-08-14T00:52:27.873744,3.351,2.505,37.696
2026-08-14T00:52:27.873903,0.161,2.505,37.696
2026-08-14T00:52:27.874049,0.147,2.506,37.696
2026-08-14T00:52:27.874182,0.135,2.506,37.696
2026-08-14T00:52:27.874360,0.175,2.506,37.696
2026-08-14T00:52:27.876675,2.312,2.505,37.696
2026-08-14T00:52:27.876866,0.190,2.505,37.696
2026-08-14T00:52:27.877020,0.157,2.505,37.696
2026-08-14T00:52:27.877156,0.139,2.483,37.696
2026-08-14T00:52:27.877301,0.144,2.462,37.696
2026-08-14T00:52:27.880672,3.360,2.494,37.696
2026-08-14T00:52:27.880832,0.156,2.494,37.696
2026-08-14T00:52:27.880962,0.147,2.494,37.696
2026-08-14T00:52:27.881083,0.123,2.494,37.696
2026-08-14T00:52:27.918628,37.529,2.504,37.696
2026-08-14T00:52:27.918783,0.163,2.503,37.696
2026-08-14T00:52:27.918938,0.155,2.503,37.696
2026-08-14T00:52:27.920166,1.226,2.503,37.696
2026-08-14T00:52:27.920313,0.150,2.503,37.696
2026-08-14T00:52:27.920452,0.141,2.492,37.696
2026-08-14T00:52:27.923807,3.351,2.503,37.696
2026-08-14T00:52:27.923966,0.160,2.503,37.696
2026-08-14T00:52:27.924107,0.143,2.503,37.696
2026-08-14T00:52:27.924239,0.134,2.503,37.696
2026-08-14T00:52:27.924417,0.174,2.503,37.696
2026-08-14T00:52:27.925676,1.256,2.493,37.696
2026-08-14T00:52:27.925863,0.187,2.493,37.696
2026-08-14T00:52:27.926007,0.149,2.493,37.696
2026-08-14T00:52:27.928311,2.301,2.503,37.696
2026-08-14T00:52:27.928468,0.159,2.503,37.696
2026-08-14T00:52:27.930764,2.292,2.503,37.696
2026-08-14T00:52:27.930921,0.161,2.504,37.696
2026-08-14T00:52:27.932140,1.218,2.515,37.696
2026-08-14T00:52:27.932269,0.137,2.515,37.696
2026-08-14T00:52:27.968940,36.606,2.504,37.529
2026-08-14T00:52:27.969148,0.257,2.504,37.529
2026-08-14T00:52:27.969299,0.161,2.503,37.529
2026-08-14T00:52:27.970524,1.221,2.503,37.529
2026-08-14T00:52:27.970679,0.158,2.503,37.529
2026-08-14T00:52:27.970835,0.144,2.503,37.529
2026-08-14T00:52:27.973141,2.313,2.492,37.529
2026-08-14T00:52:27.973293,0.158,2.492,37.529
2026-08-14T00:52:27.973431,0.140,2.492,37.529
2026-08-14T00:52:27.973568,0.137,2.492,37.529
2026-08-14T00:52:27.973755,0.185,2.493,37.529
2026-08-14T00:52:27.975009,1.255,2.493,37.529
2026-08-14T00:52:27.976258,1.248,2.503,37.529
2026-08-14T00:52:27.976396,0.142,2.503,37.529
2026-08-14T00:52:27.977609,1.211,2.493,37.529
2026-08-14T00:52:27.977750,0.144,2.493,37.529
2026-08-14T00:52:27.981085,3.333,2.503,37.529
2026-08-14T00:52:27.981215,0.132,2.503,37.529
2026-08-14T00:52:27.981335,0.122,2.492,37.529
2026-08-14T00:52:27.981454,0.119,2.492,37.529
2026-08-14T00:52:28.018512,36.993,2.497,37.529
2026-08-14T00:52:28.018712,0.250,2.497,37.529
2026-08-14T00:52:28.018871,0.166,2.497,37.529
2026-08-14T00:52:28.020110,1.235,2.498,37.529
2026-08-14T00:52:28.023506,3.396,2.530,37.529
2026-08-14T00:52:28.023661,0.159,2.531,37.529
2026-08-14T00:52:28.023796,0.138,2.498,37.529
2026-08-14T00:52:28.023954,0.156,2.498,37.529
2026-08-14T00:52:28.026272,2.313,2.520,37.529
2026-08-14T00:52:28.026423,0.156,2.520,37.529
2026-08-14T00:52:28.028777,2.352,2.542,37.529
2026-08-14T00:52:28.031105,2.328,2.553,37.529
2026-08-14T00:52:28.031273,0.173,2.553,37.529
2026-08-14T00:52:28.031410,0.139,2.553,37.529
2026-08-14T00:52:28.031538,0.129,2.531,37.529
2026-08-14T00:52:28.031674,0.136,2.531,37.529
2026-08-14T00:52:28.033950,2.273,2.531,37.529
2026-08-14T00:52:28.034087,0.138,2.531,37.529
2026-08-14T00:52:28.035316,1.226,2.542,37.529
2026-08-14T00:52:28.035458,0.146,2.542,37.529
2026-08-14T00:52:28.068737,33.271,2.503,37.529
2026-08-14T00:52:28.068900,0.166,2.502,37.529
2026-08-14T00:52:28.069062,0.157,2.502,37.529
2026-08-14T00:52:28.070373,1.288,2.503,37.529
2026-08-14T00:52:28.070553,0.206,2.503,37.529
2026-08-14T00:52:28.070698,0.149,2.471,37.529
2026-08-14T00:52:28.074106,3.392,2.504,37.529
2026-08-14T00:52:28.074270,0.178,2.504,37.529
2026-08-14T00:52:28.074404,0.140,2.504,37.529
2026-08-14T00:52:28.074533,0.130,2.504,37.529
2026-08-14T00:52:28.074710,0.174,2.482,37.529
2026-08-14T00:52:28.074862,0.152,2.482,37.529
2026-08-14T00:52:28.076125,1.259,2.493,37.529
2026-08-14T00:52:28.076280,0.157,2.472,37.529
2026-08-14T00:52:28.077507,1.226,2.483,37.529
2026-08-14T00:52:28.081952,4.447,2.505,37.529
2026-08-14T00:52:28.082084,0.136,2.494,37.529
2026-08-14T00:52:28.082205,0.123,2.494,37.529
2026-08-14T00:52:28.082324,0.120,2.494,37.529
2026-08-14T00:52:28.082443,0.119,2.494,37.529
2026-08-14T00:52:28.119016,36.538,2.505,37.529
2026-08-14T00:52:28.119199,0.203,2.505,37.529
2026-08-14T00:52:28.119356,0.162,2.505,37.529
2026-08-14T00:52:28.120595,1.234,2.505,37.529
2026-08-14T00:52:28.120757,0.167,2.505,37.529
2026-08-14T00:52:28.120924,0.167,2.505,37.529
2026-08-14T00:52:28.123224,2.299,2.495,37.529
2026-08-14T00:52:28.123375,0.155,2.495,37.529
2026-08-14T00:52:28.123509,0.137,2.495,37.529
2026-08-14T00:52:28.123639,0.130,2.495,37.529
2026-08-14T00:52:28.123824,0.170,2.495,37.529
2026-08-14T00:52:28.125074,1.257,2.484,37.529
2026-08-14T00:52:28.126338,1.265,2.495,37.529
2026-08-14T00:52:28.126486,0.152,2.495,37.529
2026-08-14T00:52:28.128792,2.300,2.516,37.529
2026-08-14T00:52:28.131106,2.315,2.538,37.529
2026-08-14T00:52:28.131248,0.148,2.506,37.529
2026-08-14T00:52:28.131377,0.131,2.506,37.529
2026-08-14T00:52:28.131500,0.126,2.505,37.529
2026-08-14T00:52:28.131617,0.118,2.505,37.529
2026-08-14T00:52:28.168208,36.565,2.496,36.993
2026-08-14T00:52:28.168366,0.175,2.496,36.993
2026-08-14T00:52:28.168501,0.139,2.496,36.993
2026-08-14T00:52:28.170793,2.289,2.506,36.993
2026-08-14T00:52:28.170948,0.155,2.506,36.993
2026-08-14T00:52:28.171082,0.137,2.506,36.993
2026-08-14T00:52:28.173358,2.274,2.496,36.993
2026-08-14T00:52:28.173493,0.138,2.495,36.993
2026-08-14T00:52:28.173621,0.130,2.495,36.993
2026-08-14T00:52:28.173747,0.126,2.495,36.993
2026-08-14T00:52:28.173926,0.175,2.495,36.993
2026-08-14T00:52:28.176270,2.333,2.506,36.993
2026-08-14T00:52:28.176450,0.188,2.506,36.993
2026-08-14T00:52:28.176589,0.143,2.506,36.993
2026-08-14T00:52:28.177823,1.222,2.495,36.993
2026-08-14T00:52:28.177974,0.162,2.495,36.993
2026-08-14T00:52:28.181327,3.351,2.506,36.993
2026-08-14T00:52:28.181463,0.139,2.505,36.993
2026-08-14T00:52:28.181588,0.128,2.495,36.993
2026-08-14T00:52:28.181713,0.125,2.494,36.993
2026-08-14T00:52:28.218926,37.124,2.500,37.124
2026-08-14T00:52:28.219131,0.282,2.500,37.124
2026-08-14T00:52:28.219271,0.149,2.500,37.124
2026-08-14T00:52:28.220486,1.212,2.500,37.124
2026-08-14T00:52:28.220629,0.146,2.500,37.124
2026-08-14T00:52:28.220763,0.135,2.499,37.124
2026-08-14T00:52:28.224117,3.348,2.510,37.124
2026-08-14T00:52:28.224257,0.145,2.510,37.124
2026-08-14T00:52:28.224387,0.132,2.510,37.124
2026-08-14T00:52:28.224514,0.127,2.509,37.124
2026-08-14T00:52:28.224687,0.171,2.509,37.124
2026-08-14T00:52:28.225943,1.252,2.509,37.124
2026-08-14T00:52:28.226115,0.174,2.499,37.124
2026-08-14T00:52:28.226250,0.138,2.499,37.124
2026-08-14T00:52:28.228541,2.288,2.509,37.124
2026-08-14T00:52:28.230847,2.293,2.531,37.124
2026-08-14T00:52:28.230986,0.153,2.499,37.124
2026-08-14T00:52:28.231119,0.133,2.499,37.124
2026-08-14T00:52:28.232342,1.220,2.510,37.124
2026-08-14T00:52:28.232481,0.143,2.510,37.124
2026-08-14T00:52:28.269000,36.509,2.505,37.124
2026-08-14T00:52:28.269147,0.154,2.504,37.124
2026-08-14T00:52:28.269282,0.136,2.504,37.124
2026-08-14T00:52:28.270497,1.212,2.504,37.124
2026-08-14T00:52:28.270638,0.144,2.471,37.124
2026-08-14T00:52:28.270772,0.136,2.471,37.124
2026-08-14T00:52:28.273066,2.289,2.493,37.124
2026-08-14T00:52:28.273209,0.146,2.493,37.124
2026-08-14T00:52:28.273341,0.134,2.471,37.124
2026-08-14T00:52:28.273471,0.131,2.471,37.124
2026-08-14T00:52:28.273640,0.165,2.449,37.124
2026-08-14T00:52:28.274890,1.248,2.438,37.124
2026-08-14T00:52:28.276155,1.263,2.449,37.124
2026-08-14T00:52:28.276302,0.152,2.449,37.124
2026-08-14T00:52:28.278587,2.287,2.470,37.124
2026-08-14T00:52:28.278722,0.137,2.470,37.124
2026-08-14T00:52:28.280982,2.258,2.470,37.124
2026-08-14T00:52:28.281105,0.125,2.470,37.124
2026-08-14T00:52:28.281220,0.117,2.459,37.124
2026-08-14T00:52:28.281334,0.115,2.459,37.124
2026-08-14T00:52:28.319183,37.771,2.504,37.771
2026-08-14T00:52:28.319398,0.276,2.505,37.771
2026-08-14T00:52:28.319547,0.158,2.505,37.771
2026-08-14T00:52:28.320767,1.218,2.504,37.771
2026-08-14T00:52:28.320930,0.165,2.504,37.771
2026-08-14T00:52:28.321074,0.146,2.504,37.771
2026-08-14T00:52:28.323353,2.277,2.493,37.771
2026-08-14T00:52:28.323493,0.142,2.492,37.771
2026-08-14T00:52:28.323623,0.132,2.492,37.771
2026-08-14T00:52:28.323749,0.127,2.492,37.771
2026-08-14T00:52:28.323942,0.187,2.492,37.771
2026-08-14T00:52:28.326282,2.332,2.514,37.771
2026-08-14T00:52:28.326466,0.191,2.503,37.771
2026-08-14T00:52:28.326611,0.148,2.503,37.771
2026-08-14T00:52:28.328908,2.295,2.514,37.771
2026-08-14T00:52:28.329063,0.158,2.471,37.771
2026-08-14T00:52:28.331330,2.270,2.492,37.771
2026-08-14T00:52:28.331453,0.125,2.492,37.771
2026-08-14T00:52:28.332645,1.190,2.503,37.771
2026-08-14T00:52:28.332764,0.121,2.503,37.771
2026-08-14T00:52:28.368343,35.533,2.493,37.771
2026-08-14T00:52:28.368531,0.221,2.493,37.771
2026-08-14T00:52:28.368677,0.153,2.493,37.771
2026-08-14T00:52:28.371010,2.326,2.504,37.771
2026-08-14T00:52:28.371164,0.159,2.504,37.771
2026-08-14T00:52:28.371312,0.149,2.504,37.771
2026-08-14T00:52:28.373597,2.283,2.504,37.771
2026-08-14T00:52:28.373734,0.142,2.504,37.771
2026-08-14T00:52:28.373878,0.143,2.504,37.771
2026-08-14T00:52:28.374014,0.137,2.504,37.771
2026-08-14T00:52:28.374188,0.173,2.504,37.771
2026-08-14T00:52:28.376493,2.301,2.514,37.771
2026-08-14T00:52:28.376660,0.171,2.503,37.771
2026-08-14T00:52:28.376796,0.138,2.503,37.771
2026-08-14T00:52:28.378044,1.242,2.493,37.771
2026-08-14T00:52:28.378195,0.156,2.471,37.771
2026-08-14T00:52:28.380474,2.278,2.492,37.771
2026-08-14T00:52:28.380611,0.140,2.492,37.771
2026-08-14T00:52:28.380738,0.128,2.492,37.771
2026-08-14T00:52:28.380878,0.138,2.493,37.771
2026-08-14T00:52:28.419057,38.118,2.508,38.118
2026-08-14T00:52:28.419259,0.253,2.509,38.118
2026-08-14T00:52:28.419407,0.157,2.509,38.118
2026-08-14T00:52:28.420630,1.220,2.498,38.118
2026-08-14T00:52:28.420782,0.154,2.498,38.118
2026-08-14T00:52:28.420939,0.157,2.499,38.118
2026-08-14T00:52:28.423236,2.293,2.499,38.118
2026-08-14T00:52:28.423382,0.151,2.499,38.118
2026-08-14T00:52:28.423556,0.166,2.499,38.118
2026-08-14T00:52:28.423722,0.166,2.500,38.118
2026-08-14T00:52:28.423951,0.228,2.500,38.118
2026-08-14T00:52:28.426281,2.331,2.500,38.118
2026-08-14T00:52:28.426462,0.186,2.500,38.118
2026-08-14T00:52:28.426603,0.146,2.500,38.118
2026-08-14T00:52:28.428891,2.285,2.511,38.118
2026-08-14T00:52:28.431220,2.326,2.532,38.118
2026-08-14T00:52:28.431361,0.146,2.500,38.118
2026-08-14T00:52:28.431488,0.130,2.500,38.118
2026-08-14T00:52:28.431637,0.147,2.500,38.118
2026-08-14T00:52:28.431764,0.129,2.501,38.118
2026-08-14T00:52:28.468297,36.513,2.494,38.118
2026-08-14T00:52:28.468462,0.175,2.493,38.118
2026-08-14T00:52:28.468601,0.145,2.493,38.118
2026-08-14T00:52:28.470916,2.306,2.504,38.118
2026-08-14T00:52:28.471077,0.165,2.504,38.118
2026-08-14T00:52:28.471218,0.147,2.505,38.118
2026-08-14T00:52:28.473505,2.283,2.494,38.118
2026-08-14T00:52:28.473651,0.149,2.494,38.118
2026-08-14T00:52:28.473787,0.137,2.494,38.118
2026-08-14T00:52:28.473935,0.147,2.494,38.118
2026-08-14T00:52:28.474122,0.185,2.494,38.118
2026-08-14T00:52:28.476444,2.319,2.505,38.118
2026-08-14T00:52:28.476620,0.178,2.505,38.118
2026-08-14T00:52:28.476764,0.147,2.505,38.118
2026-08-14T00:52:28.478014,1.244,2.495,38.118
2026-08-14T00:52:28.478177,0.167,2.473,38.118
2026-08-14T00:52:28.480454,2.280,2.495,38.118
2026-08-14T00:52:28.480586,0.136,2.495,38.118
2026-08-14T00:52:28.480706,0.121,2.484,38.118
2026-08-14T00:52:28.480836,0.118,2.483,38.118
2026-08-14T00:52:28.518380,37.541,2.494,38.118
2026-08-14T00:52:28.518534,0.160,2.494,38.118
2026-08-14T00:52:28.518668,0.138,2.494,38.118
2026-08-14T00:52:28.520957,2.284,2.505,38.118
2026-08-14T00:52:28.521102,0.149,2.505,38.118
2026-08-14T00:52:28.521242,0.140,2.505,38.118
2026-08-14T00:52:28.523515,2.271,2.504,38.118
2026-08-14T00:52:28.523648,0.138,2.504,38.118
2026-08-14T00:52:28.523772,0.125,2.504,38.118
2026-08-14T00:52:28.523909,0.136,2.504,38.118
2026-08-14T00:52:28.524074,0.163,2.504,38.118
2026-08-14T00:52:28.526375,2.300,2.515,38.118
2026-08-14T00:52:28.526535,0.161,2.504,38.118
2026-08-14T00:52:28.526665,0.133,2.504,38.118
2026-08-14T00:52:28.528987,2.316,2.504,38.118
2026-08-14T00:52:28.529136,0.152,2.504,38.118
2026-08-14T00:52:28.531412,2.274,2.504,38.118
2026-08-14T00:52:28.531542,0.135,2.504,38.118
2026-08-14T00:52:28.532738,1.194,2.515,38.118
2026-08-14T00:52:28.532874,0.138,2.515,38.118
2026-08-14T00:52:28.565344,32.379,2.461,38.118
2026-08-14T00:52:28.568876,3.564,2.494,38.118
2026-08-14T00:52:28.569068,0.237,2.495,38.118
2026-08-14T00:52:28.569221,0.161,2.485,38.118
2026-08-14T00:52:28.570451,1.227,2.495,38.118
2026-08-14T00:52:28.570609,0.160,2.495,38.118
2026-08-14T00:52:28.570755,0.150,2.474,38.118
2026-08-14T00:52:28.573052,2.289,2.495,38.118
2026-08-14T00:52:28.573208,0.162,2.496,38.118
2026-08-14T00:52:28.573350,0.145,2.496,38.118
2026-08-14T00:52:28.573476,0.133,2.495,38.118
2026-08-14T00:52:28.573626,0.153,2.474,38.118
2026-08-14T00:52:28.576997,3.353,2.505,38.118
2026-08-14T00:52:28.577160,0.174,2.506,38.118
2026-08-14T00:52:28.577288,0.130,2.484,38.118
2026-08-14T00:52:28.577392,0.110,2.483,38.118
2026-08-14T00:52:28.577504,0.112,2.462,38.118
2026-08-14T00:52:28.580806,3.299,2.494,38.118
2026-08-14T00:52:28.580929,0.126,2.483,38.118
2026-08-14T00:52:28.581024,0.098,2.483,38.118
2026-08-14T00:52:28.581117,0.093,2.128,38.118
2026-08-14T00:52:28.619170,37.970,2.506,38.118
2026-08-14T00:52:28.619377,0.266,2.507,38.118
2026-08-14T00:52:28.619523,0.156,2.485,38.118
2026-08-14T00:52:28.620748,1.221,2.496,38.118
2026-08-14T00:52:28.620919,0.171,2.496,38.118
2026-08-14T00:52:28.621071,0.156,2.475,38.118
2026-08-14T00:52:28.624458,3.381,2.507,38.118
2026-08-14T00:52:28.624608,0.155,2.507,38.118
2026-08-14T00:52:28.624745,0.140,2.507,38.118
2026-08-14T00:52:28.624895,0.148,2.507,38.118
2026-08-14T00:52:28.625087,0.190,2.486,38.118
2026-08-14T00:52:28.626327,1.240,2.497,38.118
2026-08-14T00:52:28.626497,0.172,2.497,38.118
2026-08-14T00:52:28.626638,0.142,2.486,38.118
2026-08-14T00:52:28.627889,1.244,2.497,38.118
2026-08-14T00:52:28.631262,3.376,2.508,38.118
2026-08-14T00:52:28.631405,0.148,2.508,38.118
2026-08-14T00:52:28.631534,0.131,2.508,38.118
2026-08-14T00:52:28.631659,0.126,2.508,38.118
2026-08-14T00:52:28.631785,0.126,2.128,37.970
2026-08-14T00:52:28.668309,36.510,2.490,37.970
2026-08-14T00:52:28.668466,0.164,2.491,37.970
2026-08-14T00:52:28.668603,0.141,2.480,37.970
2026-08-14T00:52:28.669829,1.213,2.490,37.970
2026-08-14T00:52:28.670004,0.184,2.491,37.970
2026-08-14T00:52:28.673366,3.362,2.501,37.970
2026-08-14T00:52:28.673512,0.149,2.501,37.970
2026-08-14T00:52:28.673645,0.136,2.501,37.970
2026-08-14T00:52:28.673778,0.133,2.501,37.970
2026-08-14T00:52:28.673930,0.149,2.500,37.970
2026-08-14T00:52:28.675202,1.263,2.489,37.970
2026-08-14T00:52:28.676509,1.304,2.500,37.970
2026-08-14T00:52:28.676712,0.204,2.501,37.970
2026-08-14T00:52:28.677979,1.264,2.491,37.970
2026-08-14T00:52:28.678140,0.171,2.469,37.970
2026-08-14T00:52:28.681491,3.355,2.501,37.970
2026-08-14T00:52:28.681626,0.138,2.501,37.970
2026-08-14T00:52:28.681746,0.123,2.501,37.970
2026-08-14T00:52:28.681877,0.129,2.501,37.970
2026-08-14T00:52:28.681999,0.125,2.137,37.970
2026-08-14T00:52:28.718508,36.478,2.500,37.970
2026-08-14T00:52:28.718682,0.192,2.501,37.970
2026-08-14T00:52:28.718840,0.146,2.479,37.970
2026-08-14T00:52:28.720111,1.265,2.490,37.970
2026-08-14T00:52:28.720288,0.193,2.491,37.970
2026-08-14T00:52:28.720433,0.152,2.469,37.970
2026-08-14T00:52:28.723797,3.359,2.501,37.970
2026-08-14T00:52:28.723962,0.169,2.502,37.970
2026-08-14T00:52:28.724095,0.138,2.502,37.970
2026-08-14T00:52:28.724221,0.128,2.501,37.970
2026-08-14T00:52:28.724396,0.173,2.480,37.970
2026-08-14T00:52:28.725633,1.233,2.490,37.970
2026-08-14T00:52:28.725801,0.170,2.490,37.970
2026-08-14T00:52:28.725953,0.153,2.479,37.970
2026-08-14T00:52:28.728298,2.327,2.501,37.970
2026-08-14T00:52:28.728481,0.195,2.480,37.970
2026-08-14T00:52:28.730803,2.323,2.502,37.970
2026-08-14T00:52:28.730962,0.164,2.503,37.970
2026-08-14T00:52:28.732176,1.213,2.513,37.970
2026-08-14T00:52:28.732314,0.141,2.139,37.970
2026-08-14T00:52:28.768822,36.483,2.503,37.970
2026-08-14T00:52:28.768982,0.179,2.503,37.970
2026-08-14T00:52:28.769121,0.145,2.482,37.970
2026-08-14T00:52:28.770341,1.216,2.492,37.970
2026-08-14T00:52:28.770489,0.149,2.492,37.970
2026-08-14T00:52:28.770628,0.141,2.471,37.970
2026-08-14T00:52:28.774055,3.406,2.504,37.970
2026-08-14T00:52:28.774225,0.185,2.504,37.970
2026-08-14T00:52:28.774365,0.147,2.505,37.970
2026-08-14T00:52:28.774493,0.130,2.504,37.970
2026-08-14T00:52:28.774666,0.170,2.483,37.970
2026-08-14T00:52:28.775915,1.244,2.494,37.970
2026-08-14T00:52:28.776086,0.173,2.494,37.970
2026-08-14T00:52:28.776222,0.141,2.472,37.970
2026-08-14T00:52:28.778519,2.292,2.494,37.970
2026-08-14T00:52:28.778670,0.154,2.473,37.970
2026-08-14T00:52:28.780948,2.277,2.494,37.970
2026-08-14T00:52:28.781084,0.139,2.483,37.970
2026-08-14T00:52:28.781211,0.128,2.483,37.970
2026-08-14T00:52:28.781336,0.126,2.161,37.970
2026-08-14T00:52:28.818570,37.149,2.497,37.970
2026-08-14T00:52:28.818834,0.304,2.497,37.970
2026-08-14T00:52:28.819025,0.219,2.498,37.970
2026-08-14T00:52:28.820266,1.242,2.498,37.970
2026-08-14T00:52:28.820427,0.170,2.498,37.970
2026-08-14T00:52:28.820566,0.142,2.498,37.970
2026-08-14T00:52:28.822868,2.295,2.498,37.970
2026-08-14T00:52:28.823019,0.157,2.498,37.970
2026-08-14T00:52:28.824252,1.230,2.509,37.970
2026-08-14T00:52:28.824396,0.150,2.509,37.970
2026-08-14T00:52:28.824585,0.187,2.509,37.970
2026-08-14T00:52:28.825851,1.248,2.488,37.970
2026-08-14T00:52:28.826042,0.207,2.489,37.970
2026-08-14T00:52:28.826186,0.148,2.489,37.970
2026-08-14T00:52:28.828490,2.298,2.511,37.970
2026-08-14T00:52:28.831873,3.381,2.544,37.970
2026-08-14T00:52:28.832020,0.155,2.512,37.970
2026-08-14T00:52:28.832153,0.135,2.512,37.970
2026-08-14T00:52:28.832288,0.135,2.513,37.970
2026-08-14T00:52:28.832417,0.130,2.513,37.970
2026-08-14T00:52:28.868803,36.358,2.497,37.149
2026-08-14T00:52:28.868947,0.172,2.496,37.149
2026-08-14T00:52:28.869043,0.106,2.495,37.149
2026-08-14T00:52:28.870207,1.162,2.495,37.149
2026-08-14T00:52:28.870306,0.100,2.494,37.149
2026-08-14T00:52:28.870397,0.092,2.493,37.149
2026-08-14T00:52:28.873683,3.280,2.492,37.149
2026-08-14T00:52:28.873782,0.103,2.492,37.149
2026-08-14T00:52:28.873885,0.103,2.492,37.149
2026-08-14T00:52:28.873979,0.096,2.491,37.149
2026-08-14T00:52:28.874103,0.123,2.490,37.149
2026-08-14T00:52:28.875302,1.195,2.490,37.149
2026-08-14T00:52:28.876508,1.204,2.500,37.149
2026-08-14T00:52:28.876613,0.109,2.500,37.149
2026-08-14T00:52:28.877791,1.175,2.499,37.149
2026-08-14T00:52:28.877917,0.126,2.467,37.149
2026-08-14T00:52:28.880152,2.236,2.488,37.149
2026-08-14T00:52:28.880256,0.105,2.487,37.149
2026-08-14T00:52:28.880352,0.097,2.487,37.149
2026-08-14T00:52:28.880446,0.095,2.487,37.149
2026-08-14T00:52:28.918064,37.582,2.497,37.582
2026-08-14T00:52:28.918233,0.186,2.498,37.582
2026-08-14T00:52:28.918375,0.148,2.498,37.582
2026-08-14T00:52:28.920665,2.287,2.508,37.582
2026-08-14T00:52:28.920823,0.147,2.508,37.582
2026-08-14T00:52:28.920967,0.158,2.476,37.582
2026-08-14T00:52:28.923248,2.278,2.497,37.582
2026-08-14T00:52:28.923386,0.142,2.497,37.582
2026-08-14T00:52:28.923514,0.129,2.497,37.582
2026-08-14T00:52:28.923640,0.127,2.497,37.582
2026-08-14T00:52:28.923805,0.161,2.486,37.582
2026-08-14T00:52:28.925062,1.253,2.486,37.582
2026-08-14T00:52:28.926318,1.257,2.496,37.582
2026-08-14T00:52:28.926460,0.147,2.485,37.582
2026-08-14T00:52:28.928774,2.309,2.506,37.582
2026-08-14T00:52:28.928939,0.167,2.474,37.582
2026-08-14T00:52:28.931216,2.278,2.496,37.582
2026-08-14T00:52:28.931347,0.135,2.496,37.582
2026-08-14T00:52:28.932546,1.196,2.507,37.582
2026-08-14T00:52:28.932678,0.134,2.507,37.582
2026-08-14T00:52:28.968142,35.438,2.496,37.582
2026-08-14T00:52:28.968314,0.186,2.496,37.582
2026-08-14T00:52:28.968456,0.149,2.496,37.582
2026-08-14T00:52:28.970798,2.324,2.507,37.582
2026-08-14T00:52:28.971035,0.231,2.507,37.582
2026-08-14T00:52:28.971253,0.223,2.508,37.582
2026-08-14T00:52:28.973635,2.368,2.498,37.582
2026-08-14T00:52:28.973823,0.205,2.498,37.582
2026-08-14T00:52:28.973973,0.168,2.499,37.582
2026-08-14T00:52:28.974105,0.135,2.499,37.582
2026-08-14T00:52:28.974280,0.173,2.499,37.582
2026-08-14T00:52:28.975519,1.237,2.499,37.582
2026-08-14T00:52:28.975689,0.171,2.499,37.582
2026-08-14T00:52:28.975841,0.142,2.499,37.582
2026-08-14T00:52:28.978137,2.306,2.499,37.582
2026-08-14T00:52:28.978289,0.155,2.498,37.582
2026-08-14T00:52:28.980567,2.276,2.498,37.582
2026-08-14T00:52:28.980704,0.139,2.497,37.582
2026-08-14T00:52:28.980843,0.129,2.487,37.582
2026-08-14T00:52:28.980982,0.149,2.487,37.582
2026-08-14T00:52:29.018146,37.096,2.493,37.582
2026-08-14T00:52:29.018349,0.261,2.494,37.582
2026-08-14T00:52:29.018491,0.152,2.494,37.582
2026-08-14T00:52:29.020788,2.292,2.504,37.582
2026-08-14T00:52:29.020956,0.169,2.505,37.582
2026-08-14T00:52:29.021102,0.150,2.505,37.582
2026-08-14T00:52:29.023396,2.290,2.494,37.582
2026-08-14T00:52:29.023535,0.142,2.493,37.582
2026-08-14T00:52:29.023664,0.132,2.493,37.582
2026-08-14T00:52:29.023792,0.128,2.493,37.582
2026-08-14T00:52:29.023985,0.188,2.493,37.582
2026-08-14T00:52:29.026292,2.306,2.504,37.582
2026-08-14T00:52:29.026466,0.175,2.504,37.582
2026-08-14T00:52:29.026605,0.142,2.504,37.582
2026-08-14T00:52:29.027836,1.220,2.493,37.582
2026-08-14T00:52:29.031201,3.373,2.525,37.582
2026-08-14T00:52:29.031342,0.144,2.504,37.582
2026-08-14T00:52:29.031470,0.130,2.504,37.582
2026-08-14T00:52:29.031596,0.127,2.504,37.582
2026-08-14T00:52:29.031720,0.124,2.504,37.582
2026-08-14T00:52:29.068273,36.521,2.498,37.582
2026-08-14T00:52:29.068445,0.193,2.496,37.582
2026-08-14T00:52:29.068580,0.143,2.496,37.582
2026-08-14T00:52:29.070878,2.292,2.506,37.582
2026-08-14T00:52:29.071021,0.148,2.506,37.582
2026-08-14T00:52:29.071152,0.134,2.506,37.582
2026-08-14T00:52:29.073431,2.274,2.506,37.582
2026-08-14T00:52:29.073566,0.140,2.506,37.582
2026-08-14T00:52:29.073692,0.128,2.494,37.582
2026-08-14T00:52:29.073829,0.124,2.494,37.582
2026-08-14T00:52:29.074008,0.186,2.494,37.582
2026-08-14T00:52:29.076314,2.305,2.505,37.582
2026-08-14T00:52:29.076478,0.166,2.504,37.582
2026-08-14T00:52:29.076612,0.137,2.504,37.582
2026-08-14T00:52:29.077842,1.217,2.493,37.582
2026-08-14T00:52:29.077993,0.162,2.461,37.582
2026-08-14T00:52:29.080272,2.277,2.482,37.582
2026-08-14T00:52:29.080406,0.138,2.483,37.582
2026-08-14T00:52:29.080557,0.150,2.483,37.582
2026-08-14T00:52:29.080685,0.129,2.483,37.582
2026-08-14T00:52:29.118298,37.594,2.495,37.594
2026-08-14T00:52:29.118462,0.174,2.495,37.594
2026-08-14T00:52:29.118601,0.146,2.495,37.594
2026-08-14T00:52:29.120895,2.288,2.507,37.594
2026-08-14T00:52:29.121039,0.149,2.507,37.594
2026-08-14T00:52:29.121167,0.131,2.508,37.594
2026-08-14T00:52:29.123441,2.270,2.497,37.594
2026-08-14T00:52:29.123579,0.140,2.498,37.594
2026-08-14T00:52:29.123707,0.129,2.498,37.594
2026-08-14T00:52:29.123843,0.125,2.498,37.594
2026-08-14T00:52:29.124013,0.178,2.499,37.594
2026-08-14T00:52:29.126321,2.306,2.510,37.594
2026-08-14T00:52:29.127577,1.254,2.511,37.594
2026-08-14T00:52:29.127726,0.151,2.511,37.594
2026-08-14T00:52:29.127882,0.155,2.501,37.594
2026-08-14T00:52:29.131241,3.360,2.533,37.594
2026-08-14T00:52:29.131373,0.137,2.512,37.594
2026-08-14T00:52:29.131491,0.120,2.512,37.594
2026-08-14T00:52:29.131609,0.118,2.512,37.594
2026-08-14T00:52:29.131725,0.118,2.513,37.594
2026-08-14T00:52:29.168201,36.460,2.502,37.594
2026-08-14T00:52:29.168354,0.160,2.501,37.594
2026-08-14T00:52:29.168490,0.140,2.501,37.594
2026-08-14T00:52:29.170786,2.289,2.501,37.594
2026-08-14T00:52:29.170947,0.164,2.501,37.594
2026-08-14T00:52:29.171090,0.145,2.501,37.594
2026-08-14T00:52:29.173368,2.276,2.501,37.594
2026-08-14T00:52:29.173504,0.140,2.501,37.594
2026-08-14T00:52:29.173629,0.126,2.501,37.594
2026-08-14T00:52:29.173751,0.124,2.501,37.594
2026-08-14T00:52:29.173919,0.163,2.501,37.594
2026-08-14T00:52:29.176228,2.307,2.512,37.594
2026-08-14T00:52:29.176390,0.164,2.501,37.594
2026-08-14T00:52:29.176520,0.133,2.501,37.594
2026-08-14T00:52:29.176643,0.124,2.479,37.594
2026-08-14T00:52:29.178922,2.275,2.500,37.594
2026-08-14T00:52:29.180134,1.211,2.489,37.594
2026-08-14T00:52:29.180271,0.139,2.489,37.594
2026-08-14T00:52:29.180397,0.127,2.479,37.594
2026-08-14T00:52:29.180517,0.122,2.478,37.594
2026-08-14T00:52:29.218829,38.230,2.506,38.230
2026-08-14T00:52:29.219037,0.276,2.507,38.230
2026-08-14T00:52:29.219175,0.150,2.507,38.230
2026-08-14T00:52:29.220392,1.213,2.496,38.230
2026-08-14T00:52:29.220535,0.144,2.495,38.230
2026-08-14T00:52:29.220668,0.138,2.494,38.230
2026-08-14T00:52:29.222944,2.270,2.493,38.230
2026-08-14T00:52:29.223081,0.141,2.493,38.230
2026-08-14T00:52:29.224305,1.220,2.503,38.230
2026-08-14T00:52:29.224443,0.141,2.503,38.230
2026-08-14T00:52:29.224624,0.179,2.503,38.230
2026-08-14T00:52:29.226956,2.325,2.514,38.230
2026-08-14T00:52:29.228247,1.286,2.525,38.230
2026-08-14T00:52:29.228404,0.168,2.526,38.230
2026-08-14T00:52:29.228536,0.136,2.504,38.230
2026-08-14T00:52:29.231938,3.394,2.536,38.230
2026-08-14T00:52:29.232083,0.150,2.515,38.230
2026-08-14T00:52:29.232212,0.132,2.515,38.230
2026-08-14T00:52:29.232338,0.127,2.515,38.230
2026-08-14T00:52:29.232462,0.125,2.515,38.230
2026-08-14T00:52:29.268003,35.494,2.499,38.230
2026-08-14T00:52:29.268183,0.217,2.498,38.230
2026-08-14T00:52:29.268319,0.143,2.498,38.230
2026-08-14T00:52:29.270600,2.278,2.498,38.230
2026-08-14T00:52:29.270742,0.144,2.498,38.230
2026-08-14T00:52:29.270890,0.148,2.498,38.230
2026-08-14T00:52:29.273177,2.282,2.498,38.230
2026-08-14T00:52:29.273317,0.145,2.498,38.230
2026-08-14T00:52:29.273447,0.132,2.498,38.230
2026-08-14T00:52:29.273573,0.127,2.498,38.230
2026-08-14T00:52:29.273747,0.172,2.498,38.230
2026-08-14T00:52:29.276163,2.390,2.498,38.230
2026-08-14T00:52:29.276370,0.225,2.499,38.230
2026-08-14T00:52:29.276516,0.154,2.499,38.230
2026-08-14T00:52:29.277744,1.225,2.499,38.230
2026-08-14T00:52:29.277915,0.171,2.467,38.230
2026-08-14T00:52:29.280199,2.284,2.489,38.230
2026-08-14T00:52:29.280337,0.141,2.489,38.230
2026-08-14T00:52:29.280464,0.128,2.489,38.230
2026-08-14T00:52:29.280596,0.131,2.489,38.230
2026-08-14T00:52:29.318232,37.615,2.500,38.230
2026-08-14T00:52:29.318401,0.182,2.500,38.230
2026-08-14T00:52:29.318542,0.147,2.500,38.230
2026-08-14T00:52:29.320846,2.290,2.500,38.230
2026-08-14T00:52:29.320998,0.164,2.500,38.230
2026-08-14T00:52:29.321164,0.165,2.500,38.230
2026-08-14T00:52:29.321299,0.137,2.479,38.230
2026-08-14T00:52:29.323587,2.283,2.500,38.230
2026-08-14T00:52:29.323736,0.153,2.500,38.230
2026-08-14T00:52:29.323887,0.150,2.501,38.230
2026-08-14T00:52:29.324076,0.188,2.501,38.230
2026-08-14T00:52:29.326394,2.316,2.501,38.230
2026-08-14T00:52:29.326571,0.179,2.501,38.230
2026-08-14T00:52:29.327797,1.224,2.512,38.230
2026-08-14T00:52:29.327956,0.161,2.501,38.230
2026-08-14T00:52:29.328103,0.149,2.501,38.230
2026-08-14T00:52:29.330373,2.272,2.501,38.230
2026-08-14T00:52:29.330500,0.130,2.501,38.230
2026-08-14T00:52:29.330619,0.121,2.501,38.230
2026-08-14T00:52:29.330735,0.117,2.501,38.230
2026-08-14T00:52:29.368264,37.511,2.500,38.230
2026-08-14T00:52:29.368420,0.163,2.500,38.230
2026-08-14T00:52:29.368555,0.140,2.500,38.230
2026-08-14T00:52:29.370852,2.283,2.499,38.230
2026-08-14T00:52:29.370999,0.159,2.500,38.230
2026-08-14T00:52:29.371135,0.138,2.500,38.230
2026-08-14T00:52:29.371256,0.125,2.478,38.230
2026-08-14T00:52:29.373527,2.266,2.499,38.230
2026-08-14T00:52:29.373666,0.140,2.500,38.230
2026-08-14T00:52:29.373792,0.127,2.500,38.230
2026-08-14T00:52:29.373962,0.168,2.499,38.230
2026-08-14T00:52:29.376269,2.305,2.499,38.230
2026-08-14T00:52:29.376429,0.163,2.489,38.230
2026-08-14T00:52:29.376561,0.134,2.488,38.230
2026-08-14T00:52:29.376683,0.123,2.488,38.230
2026-08-14T00:52:29.377901,1.214,2.467,38.230
2026-08-14T00:52:29.378038,0.140,2.467,38.230
2026-08-14T00:52:29.380319,2.276,2.488,38.230
2026-08-14T00:52:29.380455,0.140,2.488,38.230
2026-08-14T00:52:29.380578,0.126,2.489,38.230
2026-08-14T00:52:29.418789,38.136,2.505,38.230
2026-08-14T00:52:29.419034,0.294,2.507,38.230
2026-08-14T00:52:29.419200,0.181,2.507,38.230
2026-08-14T00:52:29.420477,1.260,2.497,38.230
2026-08-14T00:52:29.420657,0.198,2.497,38.230
2026-08-14T00:52:29.420798,0.149,2.497,38.230
2026-08-14T00:52:29.420954,0.154,2.476,38.230
2026-08-14T00:52:29.423245,2.286,2.497,38.230
2026-08-14T00:52:29.423455,0.213,2.498,38.230
2026-08-14T00:52:29.423591,0.139,2.498,38.230
2026-08-14T00:52:29.423776,0.184,2.499,38.230
2026-08-14T00:52:29.426156,2.362,2.499,38.230
2026-08-14T00:52:29.426349,0.208,2.500,38.230
2026-08-14T00:52:29.427574,1.225,2.510,38.230
2026-08-14T00:52:29.427716,0.146,2.511,38.230
2026-08-14T00:52:29.431077,3.357,2.522,38.230
2026-08-14T00:52:29.431218,0.145,2.511,38.230
2026-08-14T00:52:29.431347,0.131,2.511,38.230
2026-08-14T00:52:29.431472,0.126,2.511,38.230
2026-08-14T00:52:29.431597,0.125,2.511,38.230
2026-08-14T00:52:29.468278,36.610,2.495,38.136
2026-08-14T00:52:29.468487,0.266,2.494,38.136
2026-08-14T00:52:29.468631,0.155,2.495,38.136
2026-08-14T00:52:29.470952,2.306,2.505,38.136
2026-08-14T00:52:29.471120,0.177,2.506,38.136
2026-08-14T00:52:29.471260,0.148,2.506,38.136
2026-08-14T00:52:29.471391,0.131,2.485,38.136
2026-08-14T00:52:29.473710,2.311,2.506,38.136
2026-08-14T00:52:29.473875,0.167,2.496,38.136
2026-08-14T00:52:29.474014,0.144,2.496,38.136
2026-08-14T00:52:29.474199,0.182,2.496,38.136
2026-08-14T00:52:29.476533,2.319,2.496,38.136
2026-08-14T00:52:29.476717,0.199,2.485,38.136
2026-08-14T00:52:29.476868,0.153,2.485,38.136
2026-08-14T00:52:29.477000,0.135,2.485,38.136
2026-08-14T00:52:29.478213,1.211,2.463,38.136
2026-08-14T00:52:29.478346,0.135,2.463,38.136
2026-08-14T00:52:29.480618,2.267,2.484,38.136
2026-08-14T00:52:29.480749,0.135,2.484,38.136
2026-08-14T00:52:29.480881,0.132,2.484,38.136
2026-08-14T00:52:29.518512,37.611,2.505,38.136
2026-08-14T00:52:29.518668,0.171,2.505,38.136
2026-08-14T00:52:29.518799,0.135,2.505,38.136
2026-08-14T00:52:29.521104,2.298,2.505,38.136
2026-08-14T00:52:29.521247,0.148,2.505,38.136
2026-08-14T00:52:29.521377,0.133,2.505,38.136
2026-08-14T00:52:29.521501,0.125,2.483,38.136
2026-08-14T00:52:29.523793,2.281,2.505,38.136
2026-08-14T00:52:29.523956,0.167,2.505,38.136
2026-08-14T00:52:29.524087,0.137,2.505,38.136
2026-08-14T00:52:29.524251,0.162,2.505,38.136
2026-08-14T00:52:29.526586,2.323,2.504,38.136
2026-08-14T00:52:29.526793,0.214,2.504,38.136
2026-08-14T00:52:29.528035,1.244,2.515,38.136
2026-08-14T00:52:29.528171,0.141,2.504,38.136
2026-08-14T00:52:29.528311,0.141,2.504,38.136
2026-08-14T00:52:29.530585,2.268,2.504,38.136
2026-08-14T00:52:29.530716,0.137,2.504,38.136
2026-08-14T00:52:29.530849,0.122,2.504,38.136
2026-08-14T00:52:29.530983,0.143,2.504,38.136
2026-08-14T00:52:29.564320,33.312,2.461,38.136
2026-08-14T00:52:29.568802,4.494,2.504,38.136
2026-08-14T00:52:29.568974,0.179,2.504,38.136
2026-08-14T00:52:29.569113,0.143,2.483,38.136
2026-08-14T00:52:29.570324,1.211,2.493,38.136
2026-08-14T00:52:29.570464,0.142,2.493,38.136
2026-08-14T00:52:29.570593,0.131,2.493,38.136
2026-08-14T00:52:29.573941,3.342,2.504,38.136
2026-08-14T00:52:29.574078,0.141,2.503,38.136
2026-08-14T00:52:29.574212,0.134,2.503,38.136
2026-08-14T00:52:29.574338,0.127,2.503,38.136
2026-08-14T00:52:29.574498,0.158,2.481,38.136
2026-08-14T00:52:29.575730,1.230,2.492,38.136
2026-08-14T00:52:29.575905,0.175,2.481,38.136
2026-08-14T00:52:29.576042,0.140,2.481,38.136
2026-08-14T00:52:29.577262,1.217,2.492,38.136
2026-08-14T00:52:29.577408,0.148,2.470,38.136
2026-08-14T00:52:29.580760,3.349,2.503,38.136
2026-08-14T00:52:29.580910,0.153,2.503,38.136
2026-08-14T00:52:29.581043,0.135,2.503,38.136
2026-08-14T00:52:29.581163,0.123,2.129,38.136
2026-08-14T00:52:29.618399,37.156,2.499,38.136
2026-08-14T00:52:29.618598,0.267,2.500,38.136
2026-08-14T00:52:29.618738,0.149,2.479,38.136
2026-08-14T00:52:29.619956,1.212,2.490,38.136
2026-08-14T00:52:29.620103,0.151,2.490,38.136
2026-08-14T00:52:29.621328,1.219,2.501,38.136
2026-08-14T00:52:29.621474,0.151,2.479,38.136
2026-08-14T00:52:29.623759,2.283,2.501,38.136
2026-08-14T00:52:29.623918,0.162,2.501,38.136
2026-08-14T00:52:29.624056,0.140,2.501,38.136
2026-08-14T00:52:29.624238,0.179,2.480,38.136
2026-08-14T00:52:29.626572,2.325,2.501,38.136
2026-08-14T00:52:29.626755,0.191,2.502,38.136
2026-08-14T00:52:29.627995,1.239,2.513,38.136
2026-08-14T00:52:29.628141,0.150,2.502,38.136
2026-08-14T00:52:29.628296,0.153,2.503,38.136
2026-08-14T00:52:29.630584,2.287,2.503,38.136
2026-08-14T00:52:29.630727,0.147,2.503,38.136
2026-08-14T00:52:29.630872,0.144,2.503,38.136
2026-08-14T00:52:29.631010,0.140,2.123,37.611
2026-08-14T00:52:29.668674,37.619,2.496,37.619
2026-08-14T00:52:29.668876,0.236,2.497,37.619
2026-08-14T00:52:29.669025,0.158,2.486,37.619
2026-08-14T00:52:29.670242,1.215,2.496,37.619
2026-08-14T00:52:29.670382,0.143,2.496,37.619
2026-08-14T00:52:29.670513,0.133,2.496,37.619
2026-08-14T00:52:29.673875,3.354,2.506,37.619
2026-08-14T00:52:29.674016,0.146,2.506,37.619
2026-08-14T00:52:29.674146,0.132,2.506,37.619
2026-08-14T00:52:29.674271,0.126,2.505,37.619
2026-08-14T00:52:29.674445,0.171,2.483,37.619
2026-08-14T00:52:29.676762,2.313,2.504,37.619
2026-08-14T00:52:29.676941,0.180,2.494,37.619
2026-08-14T00:52:29.677085,0.148,2.494,37.619
2026-08-14T00:52:29.677218,0.134,2.461,37.619
2026-08-14T00:52:29.677356,0.138,2.461,37.619
2026-08-14T00:52:29.680705,3.344,2.494,37.619
2026-08-14T00:52:29.680858,0.143,2.494,37.619
2026-08-14T00:52:29.681000,0.153,2.494,37.619
2026-08-14T00:52:29.681137,0.140,2.129,37.619
2026-08-14T00:52:29.718938,37.728,2.504,37.728
2026-08-14T00:52:29.719143,0.267,2.505,37.728
2026-08-14T00:52:29.719283,0.151,2.483,37.728
2026-08-14T00:52:29.720499,1.212,2.494,37.728
2026-08-14T00:52:29.720644,0.147,2.494,37.728
2026-08-14T00:52:29.720777,0.136,2.494,37.728
2026-08-14T00:52:29.723067,2.285,2.494,37.728
2026-08-14T00:52:29.723207,0.143,2.493,37.728
2026-08-14T00:52:29.723337,0.132,2.493,37.728
2026-08-14T00:52:29.723464,0.128,2.493,37.728
2026-08-14T00:52:29.723641,0.174,2.471,37.728
2026-08-14T00:52:29.726015,2.353,2.493,37.728
2026-08-14T00:52:29.728372,2.373,2.515,37.728
2026-08-14T00:52:29.728520,0.154,2.515,37.728
2026-08-14T00:52:29.728646,0.129,2.504,37.728
2026-08-14T00:52:29.728782,0.136,2.504,37.728
2026-08-14T00:52:29.731064,2.279,2.504,37.728
2026-08-14T00:52:29.731195,0.135,2.504,37.728
2026-08-14T00:52:29.732425,1.223,2.515,37.728
2026-08-14T00:52:29.732560,0.140,2.141,37.728
2026-08-14T00:52:29.768044,35.458,2.494,37.728
2026-08-14T00:52:29.768210,0.185,2.494,37.728
2026-08-14T00:52:29.768352,0.146,2.473,37.728
2026-08-14T00:52:29.770652,2.294,2.494,37.728
2026-08-14T00:52:29.770805,0.158,2.494,37.728
2026-08-14T00:52:29.770969,0.163,2.495,37.728
2026-08-14T00:52:29.771105,0.140,2.473,37.728
2026-08-14T00:52:29.773396,2.284,2.494,37.728
2026-08-14T00:52:29.773551,0.156,2.495,37.728
2026-08-14T00:52:29.773695,0.147,2.494,37.728
2026-08-14T00:52:29.773909,0.207,2.473,37.728
2026-08-14T00:52:29.776300,2.379,2.495,37.728
2026-08-14T00:52:29.776500,0.214,2.485,37.728
2026-08-14T00:52:29.776649,0.154,2.485,37.728
2026-08-14T00:52:29.776785,0.138,2.485,37.728
2026-08-14T00:52:29.778033,1.241,2.474,37.728
2026-08-14T00:52:29.780331,2.299,2.496,37.728
2026-08-14T00:52:29.780469,0.145,2.496,37.728
2026-08-14T00:52:29.780590,0.124,2.496,37.728
2026-08-14T00:52:29.780708,0.118,2.164,37.728
2026-08-14T00:52:29.819094,38.299,2.502,38.299
2026-08-14T00:52:29.819306,0.284,2.503,38.299
2026-08-14T00:52:29.819453,0.156,2.503,38.299
2026-08-14T00:52:29.820683,1.226,2.504,38.299
2026-08-14T00:52:29.820853,0.158,2.504,38.299
2026-08-14T00:52:29.820993,0.157,2.504,38.299
2026-08-14T00:52:29.821122,0.131,2.472,38.299
2026-08-14T00:52:29.824469,3.342,2.504,38.299
2026-08-14T00:52:29.824610,0.144,2.504,38.299
2026-08-14T00:52:29.824741,0.132,2.504,38.299
2026-08-14T00:52:29.824932,0.187,2.504,38.299
2026-08-14T00:52:29.826170,1.237,2.504,38.299
2026-08-14T00:52:29.826336,0.168,2.504,38.299
2026-08-14T00:52:29.828689,2.332,2.526,38.299
2026-08-14T00:52:29.828870,0.198,2.516,38.299
2026-08-14T00:52:29.829029,0.165,2.516,38.299
2026-08-14T00:52:29.830284,1.242,2.495,38.299
2026-08-14T00:52:29.830434,0.161,2.495,38.299
2026-08-14T00:52:29.830563,0.134,2.495,38.299
2026-08-14T00:52:29.830687,0.125,2.495,38.299
2026-08-14T00:52:29.868229,37.525,2.499,38.299
2026-08-14T00:52:29.868392,0.170,2.498,38.299
2026-08-14T00:52:29.868531,0.144,2.498,38.299
2026-08-14T00:52:29.870845,2.295,2.509,38.299
2026-08-14T00:52:29.871001,0.172,2.509,38.299
2026-08-14T00:52:29.871143,0.145,2.498,38.299
2026-08-14T00:52:29.873481,2.315,2.520,38.299
2026-08-14T00:52:29.873653,0.188,2.499,38.299
2026-08-14T00:52:29.873794,0.148,2.499,38.299
2026-08-14T00:52:29.873940,0.146,2.499,38.299
2026-08-14T00:52:29.874127,0.185,2.499,38.299
2026-08-14T00:52:29.876435,2.306,2.499,38.299
2026-08-14T00:52:29.876607,0.174,2.499,38.299
2026-08-14T00:52:29.876742,0.140,2.488,38.299
2026-08-14T00:52:29.877974,1.228,2.498,38.299
2026-08-14T00:52:29.878127,0.155,2.498,38.299
2026-08-14T00:52:29.880407,2.278,2.498,38.299
2026-08-14T00:52:29.880543,0.139,2.498,38.299
2026-08-14T00:52:29.880671,0.130,2.498,38.299
2026-08-14T00:52:29.880797,0.126,2.498,38.299
2026-08-14T00:52:29.918644,37.747,2.499,38.299
2026-08-14T00:52:29.918913,0.340,2.500,38.299
2026-08-14T00:52:29.919106,0.206,2.501,38.299
2026-08-14T00:52:29.920374,1.263,2.501,38.299
2026-08-14T00:52:29.920553,0.187,2.502,38.299
2026-08-14T00:52:29.920714,0.165,2.502,38.299
2026-08-14T00:52:29.920872,0.160,2.470,38.299
2026-08-14T00:52:29.923214,2.337,2.492,38.299
2026-08-14T00:52:29.923369,0.161,2.492,38.299
2026-08-14T00:52:29.923510,0.143,2.492,38.299
2026-08-14T00:52:29.923708,0.195,2.493,38.299
2026-08-14T00:52:29.925995,2.295,2.492,38.299
2026-08-14T00:52:29.926134,0.142,2.492,38.299
2026-08-14T00:52:29.928383,2.248,2.513,38.299
2026-08-14T00:52:29.928491,0.110,2.513,38.299
2026-08-14T00:52:29.928603,0.113,2.513,38.299
2026-08-14T00:52:29.930851,2.245,2.502,38.299
2026-08-14T00:52:29.930963,0.114,2.501,38.299
2026-08-14T00:52:29.931070,0.108,2.501,38.299
2026-08-14T00:52:29.931174,0.104,2.500,38.299
2026-08-14T00:52:29.968929,37.680,2.500,38.299
2026-08-14T00:52:29.969137,0.264,2.500,38.299
2026-08-14T00:52:29.969285,0.156,2.500,38.299
2026-08-14T00:52:29.970511,1.223,2.500,38.299
2026-08-14T00:52:29.970663,0.155,2.500,38.299
2026-08-14T00:52:29.970807,0.147,2.500,38.299
2026-08-14T00:52:29.970984,0.172,2.479,38.299
2026-08-14T00:52:29.973275,2.291,2.501,38.299
2026-08-14T00:52:29.973424,0.152,2.501,38.299
2026-08-14T00:52:29.973564,0.142,2.501,38.299
2026-08-14T00:52:29.973754,0.187,2.501,38.299
2026-08-14T00:52:29.976075,2.323,2.501,38.299
2026-08-14T00:52:29.976237,0.164,2.479,38.299
2026-08-14T00:52:29.976368,0.134,2.479,38.299
2026-08-14T00:52:29.976490,0.122,2.478,38.299
2026-08-14T00:52:29.977702,1.208,2.489,38.299
2026-08-14T00:52:29.979987,2.284,2.489,38.299
2026-08-14T00:52:29.980117,0.135,2.489,38.299
2026-08-14T00:52:29.980239,0.123,2.478,38.299
2026-08-14T00:52:29.980359,0.120,2.478,38.299
2026-08-14T00:52:30.018632,38.194,2.505,38.299
2026-08-14T00:52:30.018859,0.276,2.506,38.299
2026-08-14T00:52:30.019018,0.182,2.507,38.299
2026-08-14T00:52:30.020250,1.229,2.496,38.299
2026-08-14T00:52:30.020399,0.154,2.496,38.299
2026-08-14T00:52:30.020537,0.140,2.496,38.299
2026-08-14T00:52:30.023979,3.410,2.528,38.299
2026-08-14T00:52:30.024155,0.200,2.508,38.299
2026-08-14T00:52:30.024295,0.148,2.507,38.299
2026-08-14T00:52:30.024424,0.130,2.507,38.299
2026-08-14T00:52:30.024609,0.182,2.507,38.299
2026-08-14T00:52:30.026983,2.354,2.507,38.299
2026-08-14T00:52:30.028295,1.325,2.518,38.299
2026-08-14T00:52:30.028447,0.159,2.518,38.299
2026-08-14T00:52:30.028582,0.137,2.518,38.299
2026-08-14T00:52:30.030867,2.286,2.528,38.299
2026-08-14T00:52:30.030994,0.130,2.507,38.299
2026-08-14T00:52:30.031109,0.116,2.506,38.299
2026-08-14T00:52:30.031222,0.114,2.506,38.299
2026-08-14T00:52:30.031335,0.113,2.506,38.299
2026-08-14T00:52:30.067882,36.522,2.489,38.194
2026-08-14T00:52:30.068048,0.178,2.487,38.194
2026-08-14T00:52:30.068190,0.147,2.487,38.194
2026-08-14T00:52:30.070582,2.361,2.499,38.194
2026-08-14T00:52:30.070756,0.202,2.499,38.194
2026-08-14T00:52:30.070917,0.163,2.499,38.194
2026-08-14T00:52:30.073208,2.289,2.521,38.194
2026-08-14T00:52:30.073346,0.141,2.489,38.194
2026-08-14T00:52:30.073476,0.132,2.489,38.194
2026-08-14T00:52:30.073602,0.127,2.489,38.194
2026-08-14T00:52:30.073774,0.169,2.488,38.194
2026-08-14T00:52:30.076089,2.312,2.499,38.194
2026-08-14T00:52:30.076258,0.171,2.499,38.194
2026-08-14T00:52:30.076395,0.140,2.477,38.194
2026-08-14T00:52:30.077615,1.218,2.488,38.194
2026-08-14T00:52:30.077765,0.152,2.487,38.194
2026-08-14T00:52:30.080072,2.302,2.498,38.194
2026-08-14T00:52:30.080213,0.146,2.498,38.194
2026-08-14T00:52:30.080341,0.130,2.498,38.194
2026-08-14T00:52:30.080468,0.128,2.498,38.194
2026-08-14T00:52:30.118017,37.535,2.498,38.194
2026-08-14T00:52:30.118172,0.162,2.498,38.194
2026-08-14T00:52:30.118308,0.141,2.498,38.194
2026-08-14T00:52:30.119524,1.212,2.487,38.194
2026-08-14T00:52:30.119669,0.147,2.487,38.194
2026-08-14T00:52:30.123053,3.378,2.519,38.194
2026-08-14T00:52:30.123200,0.152,2.497,38.194
2026-08-14T00:52:30.123332,0.136,2.497,38.194
2026-08-14T00:52:30.123455,0.125,2.497,38.194
2026-08-14T00:52:30.123576,0.121,2.496,38.194
2026-08-14T00:52:30.125898,2.313,2.518,38.194
2026-08-14T00:52:30.128214,2.318,2.518,38.194
2026-08-14T00:52:30.128381,0.168,2.518,38.194
2026-08-14T00:52:30.128527,0.146,2.518,38.194
2026-08-14T00:52:30.128657,0.135,2.507,38.194
2026-08-14T00:52:30.130963,2.300,2.528,38.194
2026-08-14T00:52:30.131102,0.143,2.507,38.194
2026-08-14T00:52:30.131227,0.127,2.507,38.194
2026-08-14T00:52:30.131349,0.123,2.507,38.194
2026-08-14T00:52:30.131473,0.123,2.507,38.194
2026-08-14T00:52:30.167965,36.484,2.494,38.194
2026-08-14T00:52:30.168102,0.142,2.492,38.194
2026-08-14T00:52:30.168227,0.127,2.491,38.194
2026-08-14T00:52:30.170503,2.271,2.501,38.194
2026-08-14T00:52:30.170639,0.138,2.501,38.194
2026-08-14T00:52:30.170766,0.130,2.501,38.194
2026-08-14T00:52:30.173039,2.268,2.522,38.194
2026-08-14T00:52:30.173173,0.137,2.500,38.194
2026-08-14T00:52:30.173298,0.127,2.499,38.194
2026-08-14T00:52:30.173421,0.123,2.499,38.194
2026-08-14T00:52:30.173578,0.155,2.499,38.194
2026-08-14T00:52:30.175888,2.305,2.499,38.194
2026-08-14T00:52:30.176051,0.165,2.499,38.194
2026-08-14T00:52:30.176207,0.157,2.478,38.194
2026-08-14T00:52:30.177430,1.221,2.489,38.194
2026-08-14T00:52:30.178651,1.221,2.500,38.194
2026-08-14T00:52:30.180934,2.283,2.501,38.194
2026-08-14T00:52:30.181067,0.136,2.501,38.194
2026-08-14T00:52:30.181191,0.126,2.501,38.194
2026-08-14T00:52:30.181315,0.124,2.501,38.194
2026-08-14T00:52:30.218587,37.192,2.496,38.194
2026-08-14T00:52:30.218800,0.278,2.497,38.194
2026-08-14T00:52:30.218973,0.181,2.497,38.194
2026-08-14T00:52:30.220262,1.267,2.497,38.194
2026-08-14T00:52:30.220445,0.196,2.498,38.194
2026-08-14T00:52:30.220607,0.168,2.498,38.194
2026-08-14T00:52:30.220746,0.146,2.498,38.194
2026-08-14T00:52:30.223038,2.286,2.498,38.194
2026-08-14T00:52:30.223187,0.153,2.498,38.194
2026-08-14T00:52:30.226600,3.404,2.530,38.194
2026-08-14T00:52:30.226822,0.216,2.531,38.194
2026-08-14T00:52:30.228069,1.261,2.520,38.194
2026-08-14T00:52:30.228243,0.177,2.520,38.194
2026-08-14T00:52:30.228376,0.136,2.520,38.194
2026-08-14T00:52:30.228498,0.123,2.520,38.194
2026-08-14T00:52:30.231859,3.354,2.542,38.194
2026-08-14T00:52:30.231997,0.143,2.520,38.194
2026-08-14T00:52:30.232120,0.125,2.520,38.194
2026-08-14T00:52:30.232240,0.121,2.520,38.194
2026-08-14T00:52:30.232362,0.122,2.520,38.194
2026-08-14T00:52:30.268939,36.549,2.504,37.535
2026-08-14T00:52:30.269110,0.188,2.503,37.535
2026-08-14T00:52:30.269246,0.144,2.502,37.535
2026-08-14T00:52:30.270458,1.207,2.502,37.535
2026-08-14T00:52:30.270601,0.146,2.502,37.535
2026-08-14T00:52:30.270731,0.133,2.502,37.535
2026-08-14T00:52:30.270871,0.138,2.469,37.535
2026-08-14T00:52:30.273241,2.343,2.491,37.535
2026-08-14T00:52:30.273407,0.187,2.491,37.535
2026-08-14T00:52:30.273540,0.139,2.491,37.535
2026-08-14T00:52:30.273717,0.175,2.491,37.535
2026-08-14T00:52:30.276026,2.307,2.491,37.535
2026-08-14T00:52:30.276197,0.173,2.479,37.535
2026-08-14T00:52:30.276335,0.141,2.479,37.535
2026-08-14T00:52:30.276462,0.129,2.479,37.535
2026-08-14T00:52:30.277680,1.214,2.468,37.535
2026-08-14T00:52:30.277836,0.142,2.468,37.535
2026-08-14T00:52:30.280105,2.287,2.490,37.535
2026-08-14T00:52:30.280228,0.125,2.490,37.535
2026-08-14T00:52:30.280340,0.114,2.490,37.535
2026-08-14T00:52:30.317896,37.536,2.500,37.536
2026-08-14T00:52:30.318061,0.171,2.500,37.536
2026-08-14T00:52:30.318204,0.148,2.500,37.536
2026-08-14T00:52:30.320505,2.296,2.499,37.536
2026-08-14T00:52:30.320658,0.157,2.499,37.536
2026-08-14T00:52:30.320796,0.141,2.499,37.536
2026-08-14T00:52:30.323097,2.298,2.499,37.536
2026-08-14T00:52:30.323235,0.142,2.499,37.536
2026-08-14T00:52:30.323363,0.130,2.499,37.536
2026-08-14T00:52:30.323487,0.125,2.499,37.536
2026-08-14T00:52:30.323647,0.158,2.499,37.536
2026-08-14T00:52:30.325952,2.301,2.499,37.536
2026-08-14T00:52:30.328278,2.326,2.520,37.536
2026-08-14T00:52:30.328420,0.147,2.520,37.536
2026-08-14T00:52:30.328546,0.128,2.509,37.536
2026-08-14T00:52:30.328683,0.137,2.509,37.536
2026-08-14T00:52:30.330968,2.278,2.509,37.536
2026-08-14T00:52:30.331105,0.142,2.509,37.536
2026-08-14T00:52:30.332311,1.205,2.520,37.536
2026-08-14T00:52:30.332442,0.136,2.520,37.536
2026-08-14T00:52:30.368917,36.462,2.509,37.536
2026-08-14T00:52:30.369064,0.153,2.509,37.536
2026-08-14T00:52:30.369191,0.132,2.509,37.536
2026-08-14T00:52:30.370396,1.202,2.509,37.536
2026-08-14T00:52:30.370533,0.138,2.509,37.536
2026-08-14T00:52:30.370659,0.128,2.476,37.536
2026-08-14T00:52:30.370780,0.122,2.476,37.536
2026-08-14T00:52:30.373067,2.281,2.497,37.536
2026-08-14T00:52:30.373205,0.141,2.497,37.536
2026-08-14T00:52:30.373329,0.126,2.498,37.536
2026-08-14T00:52:30.373486,0.154,2.476,37.536
2026-08-14T00:52:30.375791,2.301,2.476,37.536
2026-08-14T00:52:30.375968,0.178,2.476,37.536
2026-08-14T00:52:30.376102,0.139,2.476,37.536
2026-08-14T00:52:30.376229,0.128,2.476,37.536
2026-08-14T00:52:30.377441,1.209,2.465,37.536
2026-08-14T00:52:30.380788,3.346,2.497,37.536
2026-08-14T00:52:30.380936,0.150,2.497,37.536
2026-08-14T00:52:30.381067,0.133,2.497,37.536
2026-08-14T00:52:30.381191,0.124,2.497,37.536
2026-08-14T00:52:30.418453,37.186,2.504,37.536
2026-08-14T00:52:30.418649,0.264,2.505,37.536
2026-08-14T00:52:30.418793,0.146,2.506,37.536
2026-08-14T00:52:30.421139,2.333,2.506,37.536
2026-08-14T00:52:30.421308,0.183,2.507,37.536
2026-08-14T00:52:30.421446,0.143,2.507,37.536
2026-08-14T00:52:30.421575,0.130,2.485,37.536
2026-08-14T00:52:30.423866,2.284,2.507,37.536
2026-08-14T00:52:30.424011,0.148,2.507,37.536
2026-08-14T00:52:30.424141,0.133,2.507,37.536
2026-08-14T00:52:30.424320,0.176,2.507,37.536
2026-08-14T00:52:30.426622,2.302,2.507,37.536
2026-08-14T00:52:30.426781,0.161,2.507,37.536
2026-08-14T00:52:30.428002,1.220,2.518,37.536
2026-08-14T00:52:30.428133,0.133,2.507,37.536
2026-08-14T00:52:30.428266,0.135,2.496,37.536
2026-08-14T00:52:30.430533,2.263,2.496,37.536
2026-08-14T00:52:30.430662,0.132,2.496,37.536
2026-08-14T00:52:30.430783,0.122,2.496,37.536
2026-08-14T00:52:30.430916,0.131,2.496,37.536
2026-08-14T00:52:30.468751,37.755,2.502,37.755
2026-08-14T00:52:30.468977,0.291,2.502,37.755
2026-08-14T00:52:30.469126,0.161,2.502,37.755
2026-08-14T00:52:30.470344,1.215,2.501,37.755
2026-08-14T00:52:30.470488,0.146,2.501,37.755
2026-08-14T00:52:30.470622,0.137,2.500,37.755
2026-08-14T00:52:30.472910,2.283,2.522,37.755
2026-08-14T00:52:30.473048,0.141,2.500,37.755
2026-08-14T00:52:30.473182,0.134,2.500,37.755
2026-08-14T00:52:30.473312,0.131,2.467,37.755
2026-08-14T00:52:30.473491,0.178,2.467,37.755
2026-08-14T00:52:30.475840,2.335,2.478,37.755
2026-08-14T00:52:30.476015,0.186,2.478,37.755
2026-08-14T00:52:30.476154,0.143,2.478,37.755
2026-08-14T00:52:30.477377,1.220,2.489,37.755
2026-08-14T00:52:30.477530,0.155,2.457,37.755
2026-08-14T00:52:30.480880,3.348,2.489,37.755
2026-08-14T00:52:30.481014,0.138,2.489,37.755
2026-08-14T00:52:30.481136,0.124,2.489,37.755
2026-08-14T00:52:30.481255,0.120,2.489,37.755
2026-08-14T00:52:30.518804,37.531,2.499,37.755
2026-08-14T00:52:30.518977,0.177,2.499,37.755
2026-08-14T00:52:30.519119,0.150,2.499,37.755
2026-08-14T00:52:30.520337,1.215,2.499,37.755
2026-08-14T00:52:30.520477,0.144,2.499,37.755
2026-08-14T00:52:30.520604,0.130,2.499,37.755
2026-08-14T00:52:30.520727,0.123,2.499,37.755
2026-08-14T00:52:30.522998,2.266,2.498,37.755
2026-08-14T00:52:30.523138,0.141,2.497,37.755
2026-08-14T00:52:30.523265,0.131,2.497,37.755
2026-08-14T00:52:30.523425,0.157,2.497,37.755
2026-08-14T00:52:30.526795,3.367,2.508,37.755
2026-08-14T00:52:30.526970,0.175,2.508,37.755
2026-08-14T00:52:30.528189,1.219,2.518,37.755
2026-08-14T00:52:30.528327,0.141,2.519,37.755
2026-08-14T00:52:30.528464,0.138,2.508,37.755
2026-08-14T00:52:30.530742,2.274,2.529,37.755
2026-08-14T00:52:30.530893,0.153,2.508,37.755
2026-08-14T00:52:30.531032,0.140,2.508,37.755
2026-08-14T00:52:30.531156,0.128,2.508,37.755
2026-08-14T00:52:30.564411,33.245,2.465,37.755
2026-08-14T00:52:30.568845,4.428,2.508,37.755
2026-08-14T00:52:30.568980,0.148,2.508,37.755
2026-08-14T00:52:30.569105,0.127,2.486,37.755
2026-08-14T00:52:30.570311,1.201,2.497,37.755
2026-08-14T00:52:30.570445,0.137,2.496,37.755
2026-08-14T00:52:30.570570,0.127,2.475,37.755
2026-08-14T00:52:30.572849,2.267,2.496,37.755
2026-08-14T00:52:30.572984,0.145,2.496,37.755
2026-08-14T00:52:30.573109,0.127,2.496,37.755
2026-08-14T00:52:30.573229,0.120,2.496,37.755
2026-08-14T00:52:30.573383,0.151,2.474,37.755
2026-08-14T00:52:30.575682,2.297,2.474,37.755
2026-08-14T00:52:30.575854,0.162,2.474,37.755
2026-08-14T00:52:30.575995,0.154,2.474,37.755
2026-08-14T00:52:30.577213,1.216,2.485,37.755
2026-08-14T00:52:30.577355,0.145,2.464,37.755
2026-08-14T00:52:30.580695,3.338,2.496,37.755
2026-08-14T00:52:30.580840,0.134,2.485,37.755
2026-08-14T00:52:30.580975,0.148,2.485,37.755
2026-08-14T00:52:30.581099,0.126,2.122,37.755
2026-08-14T00:52:30.618302,37.128,2.492,37.755
2026-08-14T00:52:30.618504,0.266,2.493,37.755
2026-08-14T00:52:30.618655,0.154,2.483,37.755
2026-08-14T00:52:30.620970,2.311,2.504,37.755
2026-08-14T00:52:30.621125,0.161,2.505,37.755
2026-08-14T00:52:30.621277,0.152,2.505,37.755
2026-08-14T00:52:30.623648,2.347,2.506,37.755
2026-08-14T00:52:30.623851,0.210,2.506,37.755
2026-08-14T00:52:30.624013,0.176,2.507,37.755
2026-08-14T00:52:30.624170,0.159,2.507,37.755
2026-08-14T00:52:30.624361,0.193,2.486,37.755
2026-08-14T00:52:30.626783,2.386,2.508,37.755
2026-08-14T00:52:30.628165,1.391,2.520,37.755
2026-08-14T00:52:30.628345,0.203,2.521,37.755
2026-08-14T00:52:30.628491,0.148,2.510,37.755
2026-08-14T00:52:30.630960,2.411,2.501,37.755
2026-08-14T00:52:30.631203,0.288,2.502,37.755
2026-08-14T00:52:30.631358,0.169,2.503,37.755
2026-08-14T00:52:30.631505,0.149,2.503,37.755
2026-08-14T00:52:30.631641,0.141,2.133,37.755
2026-08-14T00:52:30.668466,36.756,2.498,37.755
2026-08-14T00:52:30.668667,0.264,2.499,37.755
2026-08-14T00:52:30.668798,0.139,2.477,37.755
2026-08-14T00:52:30.670030,1.223,2.487,37.755
2026-08-14T00:52:30.670168,0.147,2.487,37.755
2026-08-14T00:52:30.670290,0.126,2.487,37.755
2026-08-14T00:52:30.673647,3.349,2.498,37.755
2026-08-14T00:52:30.673776,0.134,2.498,37.755
2026-08-14T00:52:30.673901,0.126,2.498,37.755
2026-08-14T00:52:30.674019,0.120,2.497,37.755
2026-08-14T00:52:30.674180,0.159,2.476,37.755
2026-08-14T00:52:30.676484,2.292,2.497,37.755
2026-08-14T00:52:30.676663,0.184,2.487,37.755
2026-08-14T00:52:30.676804,0.144,2.487,37.755
2026-08-14T00:52:30.678052,1.241,2.498,37.755
2026-08-14T00:52:30.678211,0.163,2.477,37.755
2026-08-14T00:52:30.680496,2.283,2.498,37.755
2026-08-14T00:52:30.680637,0.146,2.499,37.755
2026-08-14T00:52:30.680768,0.131,2.499,37.755
2026-08-14T00:52:30.680917,0.147,2.122,37.531
2026-08-14T00:52:30.718586,37.617,2.496,37.617
2026-08-14T00:52:30.718768,0.228,2.496,37.617
2026-08-14T00:52:30.718925,0.161,2.486,37.617
2026-08-14T00:52:30.720167,1.233,2.497,37.617
2026-08-14T00:52:30.720325,0.166,2.497,37.617
2026-08-14T00:52:30.720462,0.142,2.476,37.617
2026-08-14T00:52:30.720590,0.129,2.475,37.617
2026-08-14T00:52:30.723942,3.345,2.508,37.617
2026-08-14T00:52:30.724084,0.148,2.508,37.617
2026-08-14T00:52:30.724214,0.131,2.507,37.617
2026-08-14T00:52:30.724391,0.175,2.486,37.617
2026-08-14T00:52:30.726726,2.329,2.507,37.617
2026-08-14T00:52:30.726917,0.192,2.508,37.617
2026-08-14T00:52:30.728142,1.227,2.508,37.617
2026-08-14T00:52:30.728277,0.140,2.507,37.617
2026-08-14T00:52:30.728417,0.140,2.475,37.617
2026-08-14T00:52:30.729647,1.226,2.486,37.617
2026-08-14T00:52:30.730915,1.250,2.498,37.617
2026-08-14T00:52:30.732176,1.270,2.509,37.617
2026-08-14T00:52:30.732325,0.159,2.135,37.617
2026-08-14T00:52:30.768832,36.484,2.498,37.617
2026-08-14T00:52:30.768995,0.181,2.499,37.617
2026-08-14T00:52:30.769137,0.146,2.488,37.617
2026-08-14T00:52:30.770365,1.221,2.499,37.617
2026-08-14T00:52:30.770519,0.159,2.499,37.617
2026-08-14T00:52:30.770659,0.144,2.499,37.617
2026-08-14T00:52:30.770793,0.134,2.478,37.617
2026-08-14T00:52:30.773127,2.316,2.500,37.617
2026-08-14T00:52:30.773297,0.181,2.500,37.617
2026-08-14T00:52:30.773444,0.151,2.500,37.617
2026-08-14T00:52:30.773647,0.196,2.468,37.617
2026-08-14T00:52:30.776002,2.353,2.490,37.617
2026-08-14T00:52:30.776194,0.198,2.480,37.617
2026-08-14T00:52:30.776342,0.153,2.480,37.617
2026-08-14T00:52:30.776478,0.137,2.480,37.617
2026-08-14T00:52:30.777713,1.229,2.470,37.617
2026-08-14T00:52:30.780021,2.305,2.491,37.617
2026-08-14T00:52:30.780168,0.154,2.491,37.617
2026-08-14T00:52:30.780306,0.139,2.491,37.617
2026-08-14T00:52:30.780430,0.130,2.160,37.617
2026-08-14T00:52:30.818663,38.160,2.498,38.160
2026-08-14T00:52:30.818879,0.271,2.499,38.160
2026-08-14T00:52:30.819029,0.159,2.499,38.160
2026-08-14T00:52:30.820261,1.226,2.499,38.160
2026-08-14T00:52:30.820420,0.164,2.500,38.160
2026-08-14T00:52:30.820563,0.146,2.500,38.160
2026-08-14T00:52:30.820698,0.136,2.479,38.160
2026-08-14T00:52:30.822996,2.293,2.500,38.160
2026-08-14T00:52:30.823138,0.148,2.500,38.160
2026-08-14T00:52:30.824365,1.223,2.511,38.160
2026-08-14T00:52:30.824556,0.192,2.512,38.160
2026-08-14T00:52:30.826877,2.319,2.512,38.160
2026-08-14T00:52:30.827050,0.175,2.512,38.160
2026-08-14T00:52:30.828294,1.242,2.523,38.160
2026-08-14T00:52:30.828438,0.149,2.512,38.160
2026-08-14T00:52:30.828581,0.145,2.512,38.160
2026-08-14T00:52:30.830897,2.308,2.502,38.160
2026-08-14T00:52:30.831042,0.150,2.502,38.160
2026-08-14T00:52:30.831173,0.133,2.502,38.160
2026-08-14T00:52:30.831302,0.130,2.502,38.160
2026-08-14T00:52:30.868037,36.667,2.497,38.160
2026-08-14T00:52:30.868238,0.257,2.497,38.160
2026-08-14T00:52:30.868380,0.153,2.497,38.160
2026-08-14T00:52:30.870671,2.285,2.497,38.160
2026-08-14T00:52:30.870831,0.152,2.497,38.160
2026-08-14T00:52:30.870975,0.157,2.497,38.160
2026-08-14T00:52:30.871103,0.131,2.475,38.160
2026-08-14T00:52:30.873393,2.284,2.496,38.160
2026-08-14T00:52:30.873535,0.147,2.495,38.160
2026-08-14T00:52:30.873664,0.131,2.495,38.160
2026-08-14T00:52:30.873855,0.173,2.495,38.160
2026-08-14T00:52:30.876177,2.332,2.494,38.160
2026-08-14T00:52:30.876347,0.174,2.482,38.160
2026-08-14T00:52:30.876485,0.141,2.481,38.160
2026-08-14T00:52:30.876613,0.129,2.481,38.160
2026-08-14T00:52:30.877846,1.218,2.469,38.160
2026-08-14T00:52:30.877991,0.157,2.468,38.160
2026-08-14T00:52:30.880274,2.279,2.489,38.160
2026-08-14T00:52:30.880415,0.145,2.489,38.160
2026-08-14T00:52:30.880545,0.133,2.489,38.160
2026-08-14T00:52:30.918168,37.598,2.497,38.160
2026-08-14T00:52:30.918334,0.182,2.497,38.160
2026-08-14T00:52:30.918469,0.143,2.497,38.160
2026-08-14T00:52:30.920751,2.278,2.507,38.160
2026-08-14T00:52:30.920910,0.159,2.507,38.160
2026-08-14T00:52:30.921050,0.145,2.508,38.160
2026-08-14T00:52:30.923332,2.277,2.497,38.160
2026-08-14T00:52:30.923471,0.142,2.497,38.160
2026-08-14T00:52:30.923605,0.134,2.497,38.160
2026-08-14T00:52:30.923733,0.129,2.497,38.160
2026-08-14T00:52:30.923921,0.184,2.497,38.160
2026-08-14T00:52:30.926234,2.310,2.498,38.160
2026-08-14T00:52:30.928564,2.331,2.519,38.160
2026-08-14T00:52:30.928709,0.151,2.519,38.160
2026-08-14T00:52:30.928844,0.126,2.508,38.160
2026-08-14T00:52:30.928984,0.151,2.508,38.160
2026-08-14T00:52:30.930187,1.199,2.497,38.160
2026-08-14T00:52:30.930317,0.134,2.497,38.160
2026-08-14T00:52:30.930437,0.121,2.497,38.160
2026-08-14T00:52:30.930555,0.118,2.496,38.160
2026-08-14T00:52:30.968222,37.643,2.497,38.160
2026-08-14T00:52:30.968386,0.178,2.496,38.160
2026-08-14T00:52:30.968527,0.145,2.496,38.160
2026-08-14T00:52:30.970835,2.290,2.507,38.160
2026-08-14T00:52:30.970993,0.174,2.507,38.160
2026-08-14T00:52:30.971129,0.140,2.507,38.160
2026-08-14T00:52:30.971256,0.128,2.507,38.160
2026-08-14T00:52:30.973542,2.278,2.496,38.160
2026-08-14T00:52:30.973686,0.149,2.496,38.160
2026-08-14T00:52:30.973826,0.132,2.496,38.160
2026-08-14T00:52:30.973997,0.178,2.496,38.160
2026-08-14T00:52:30.976306,2.307,2.496,38.160
2026-08-14T00:52:30.976472,0.169,2.496,38.160
2026-08-14T00:52:30.976606,0.137,2.485,38.160
2026-08-14T00:52:30.976731,0.126,2.485,38.160
2026-08-14T00:52:30.977974,1.235,2.495,38.160
2026-08-14T00:52:30.980268,2.294,2.506,38.160
2026-08-14T00:52:30.980409,0.146,2.495,38.160
2026-08-14T00:52:30.980535,0.129,2.484,38.160
2026-08-14T00:52:30.980671,0.133,2.483,38.160
2026-08-14T00:52:31.018087,37.338,2.492,38.160
2026-08-14T00:52:31.018297,0.278,2.493,38.160
2026-08-14T00:52:31.018439,0.153,2.493,38.160
2026-08-14T00:52:31.020741,2.296,2.504,38.160
2026-08-14T00:52:31.020905,0.167,2.504,38.160
2026-08-14T00:52:31.021048,0.146,2.504,38.160
2026-08-14T00:52:31.023347,2.295,2.526,38.160
2026-08-14T00:52:31.023488,0.144,2.504,38.160
2026-08-14T00:52:31.023617,0.132,2.503,38.160
2026-08-14T00:52:31.023744,0.128,2.503,38.160
2026-08-14T00:52:31.023938,0.188,2.503,38.160
2026-08-14T00:52:31.026276,2.326,2.503,38.160
2026-08-14T00:52:31.027589,1.313,2.514,38.160
2026-08-14T00:52:31.027772,0.185,2.514,38.160
2026-08-14T00:52:31.027955,0.186,2.515,38.160
2026-08-14T00:52:31.031370,3.417,2.537,38.160
2026-08-14T00:52:31.031517,0.154,2.515,38.160
2026-08-14T00:52:31.031647,0.132,2.515,38.160
2026-08-14T00:52:31.031775,0.128,2.515,38.160
2026-08-14T00:52:31.031919,0.142,2.515,38.160
2026-08-14T00:52:31.068467,36.523,2.498,37.643
2026-08-14T00:52:31.068657,0.205,2.498,37.643
2026-08-14T00:52:31.068800,0.152,2.498,37.643
2026-08-14T00:52:31.070109,1.302,2.498,37.643
2026-08-14T00:52:31.070263,0.158,2.498,37.643
2026-08-14T00:52:31.070404,0.145,2.498,37.643
2026-08-14T00:52:31.070538,0.135,2.498,37.643
2026-08-14T00:52:31.072852,2.297,2.498,37.643
2026-08-14T00:52:31.073007,0.168,2.499,37.643
2026-08-14T00:52:31.073145,0.141,2.488,37.643
2026-08-14T00:52:31.073329,0.182,2.488,37.643
2026-08-14T00:52:31.075699,2.311,2.488,37.643
2026-08-14T00:52:31.075883,0.242,2.488,37.643
2026-08-14T00:52:31.076028,0.148,2.477,37.643
2026-08-14T00:52:31.076157,0.131,2.477,37.643
2026-08-14T00:52:31.077379,1.217,2.488,37.643
2026-08-14T00:52:31.080735,3.356,2.498,37.643
2026-08-14T00:52:31.080887,0.154,2.498,37.643
2026-08-14T00:52:31.081024,0.140,2.499,37.643
2026-08-14T00:52:31.081152,0.129,2.499,37.643
2026-08-14T00:52:31.118719,37.552,2.507,37.643
2026-08-14T00:52:31.118888,0.174,2.507,37.643
2026-08-14T00:52:31.119027,0.145,2.506,37.643
2026-08-14T00:52:31.120250,1.217,2.496,37.643
2026-08-14T00:52:31.120402,0.155,2.496,37.643
2026-08-14T00:52:31.120540,0.142,2.496,37.643
2026-08-14T00:52:31.122848,2.291,2.517,37.643
2026-08-14T00:52:31.122996,0.163,2.496,37.643
2026-08-14T00:52:31.123128,0.135,2.496,37.643
2026-08-14T00:52:31.123261,0.132,2.496,37.643
2026-08-14T00:52:31.123430,0.168,2.496,37.643
2026-08-14T00:52:31.126837,3.390,2.506,37.643
2026-08-14T00:52:31.128112,1.286,2.518,37.643
2026-08-14T00:52:31.128260,0.157,2.518,37.643
2026-08-14T00:52:31.128379,0.122,2.518,37.643
2026-08-14T00:52:31.128515,0.133,2.507,37.643
2026-08-14T00:52:31.130801,2.279,2.528,37.643
2026-08-14T00:52:31.130949,0.155,2.507,37.643
2026-08-14T00:52:31.132159,1.207,2.517,37.643
2026-08-14T00:52:31.132295,0.141,2.517,37.643
2026-08-14T00:52:31.168799,36.491,2.506,37.643
2026-08-14T00:52:31.168969,0.175,2.506,37.643
2026-08-14T00:52:31.169106,0.142,2.506,37.643
2026-08-14T00:52:31.170334,1.219,2.496,37.643
2026-08-14T00:52:31.170492,0.162,2.496,37.643
2026-08-14T00:52:31.172847,2.349,2.518,37.643
2026-08-14T00:52:31.172989,0.153,2.497,37.643
2026-08-14T00:52:31.173121,0.134,2.497,37.643
2026-08-14T00:52:31.173245,0.126,2.496,37.643
2026-08-14T00:52:31.173370,0.124,2.496,37.643
2026-08-14T00:52:31.175684,2.306,2.518,37.643
2026-08-14T00:52:31.175842,0.154,2.496,37.643
2026-08-14T00:52:31.175997,0.166,2.474,37.643
2026-08-14T00:52:31.177216,1.214,2.485,37.643
2026-08-14T00:52:31.177357,0.145,2.485,37.643
2026-08-14T00:52:31.180720,3.359,2.517,37.643
2026-08-14T00:52:31.180872,0.156,2.507,37.643
2026-08-14T00:52:31.181000,0.131,2.507,37.643
2026-08-14T00:52:31.181123,0.124,2.507,37.643
2026-08-14T00:52:31.181245,0.123,2.507,37.643
2026-08-14T00:52:31.218418,37.104,2.501,37.552
2026-08-14T00:52:31.218632,0.268,2.502,37.552
2026-08-14T00:52:31.218782,0.161,2.503,37.552
2026-08-14T00:52:31.220021,1.235,2.492,37.552
2026-08-14T00:52:31.220174,0.157,2.492,37.552
2026-08-14T00:52:31.220313,0.141,2.492,37.552
2026-08-14T00:52:31.220443,0.131,2.492,37.552
2026-08-14T00:52:31.222722,2.275,2.492,37.552
2026-08-14T00:52:31.222884,0.163,2.492,37.552
2026-08-14T00:52:31.224114,1.229,2.503,37.552
2026-08-14T00:52:31.224310,0.195,2.503,37.552
2026-08-14T00:52:31.226618,2.308,2.503,37.552
2026-08-14T00:52:31.226789,0.173,2.503,37.552
2026-08-14T00:52:31.226944,0.156,2.503,37.552
2026-08-14T00:52:31.229230,2.285,2.525,37.552
2026-08-14T00:52:31.230471,1.240,2.525,37.552
2026-08-14T00:52:31.230608,0.142,2.503,37.552
2026-08-14T00:52:31.230736,0.129,2.503,37.552
2026-08-14T00:52:31.230875,0.138,2.503,37.552
2026-08-14T00:52:31.232188,1.275,2.515,37.552
2026-08-14T00:52:31.268857,36.632,2.508,37.552
2026-08-14T00:52:31.269064,0.270,2.508,37.552
2026-08-14T00:52:31.269208,0.155,2.508,37.552
2026-08-14T00:52:31.270426,1.213,2.497,37.552
2026-08-14T00:52:31.270574,0.153,2.497,37.552
2026-08-14T00:52:31.270710,0.139,2.497,37.552
2026-08-14T00:52:31.270849,0.127,2.475,37.552
2026-08-14T00:52:31.273165,2.320,2.497,37.552
2026-08-14T00:52:31.273310,0.151,2.497,37.552
2026-08-14T00:52:31.273439,0.132,2.497,37.552
2026-08-14T00:52:31.273617,0.175,2.497,37.552
2026-08-14T00:52:31.275931,2.308,2.497,37.552
2026-08-14T00:52:31.276107,0.179,2.485,37.552
2026-08-14T00:52:31.276244,0.142,2.485,37.552
2026-08-14T00:52:31.276370,0.126,2.484,37.552
2026-08-14T00:52:31.277590,1.215,2.462,37.552
2026-08-14T00:52:31.279947,2.356,2.484,37.552
2026-08-14T00:52:31.280085,0.143,2.484,37.552
2026-08-14T00:52:31.280212,0.129,2.484,37.552
2026-08-14T00:52:31.280339,0.127,2.484,37.552
2026-08-14T00:52:31.318065,37.683,2.496,37.683
2026-08-14T00:52:31.318259,0.222,2.496,37.683
2026-08-14T00:52:31.318405,0.156,2.496,37.683
2026-08-14T00:52:31.320704,2.292,2.506,37.683
2026-08-14T00:52:31.320871,0.170,2.506,37.683
2026-08-14T00:52:31.321023,0.156,2.506,37.683
2026-08-14T00:52:31.321159,0.137,2.506,37.683
2026-08-14T00:52:31.323450,2.286,2.506,37.683
2026-08-14T00:52:31.323599,0.153,2.506,37.683
2026-08-14T00:52:31.323736,0.138,2.506,37.683
2026-08-14T00:52:31.323936,0.195,2.506,37.683
2026-08-14T00:52:31.326270,2.331,2.506,37.683
2026-08-14T00:52:31.326452,0.187,2.506,37.683
2026-08-14T00:52:31.328744,2.295,2.527,37.683
2026-08-14T00:52:31.328888,0.146,2.527,37.683
2026-08-14T00:52:31.329022,0.137,2.517,37.683
2026-08-14T00:52:31.329144,0.123,2.484,37.683
2026-08-14T00:52:31.331467,2.264,2.505,37.683
2026-08-14T00:52:31.331601,0.190,2.506,37.683
2026-08-14T00:52:31.331723,0.124,2.506,37.683
2026-08-14T00:52:31.368268,36.517,2.495,37.683
2026-08-14T00:52:31.368443,0.191,2.496,37.683
2026-08-14T00:52:31.368586,0.150,2.496,37.683
2026-08-14T00:52:31.370886,2.297,2.506,37.683
2026-08-14T00:52:31.371029,0.147,2.506,37.683
2026-08-14T00:52:31.371161,0.135,2.506,37.683
2026-08-14T00:52:31.373445,2.277,2.506,37.683
2026-08-14T00:52:31.373588,0.146,2.506,37.683
2026-08-14T00:52:31.373716,0.132,2.506,37.683
2026-08-14T00:52:31.373851,0.126,2.506,37.683
2026-08-14T00:52:31.374022,0.176,2.506,37.683
2026-08-14T00:52:31.376328,2.304,2.495,37.683
2026-08-14T00:52:31.376498,0.172,2.484,37.683
2026-08-14T00:52:31.376635,0.140,2.484,37.683
2026-08-14T00:52:31.377873,1.234,2.495,37.683
2026-08-14T00:52:31.378026,0.157,2.495,37.683
2026-08-14T00:52:31.380311,2.281,2.495,37.683
2026-08-14T00:52:31.380452,0.145,2.495,37.683
2026-08-14T00:52:31.380579,0.129,2.484,37.683
2026-08-14T00:52:31.380701,0.127,2.484,37.683
2026-08-14T00:52:31.418960,38.183,2.501,38.183
2026-08-14T00:52:31.419174,0.270,2.502,38.183
2026-08-14T00:52:31.419326,0.163,2.502,38.183
2026-08-14T00:52:31.420634,1.278,2.503,38.183
2026-08-14T00:52:31.420844,0.216,2.503,38.183
2026-08-14T00:52:31.421009,0.187,2.482,38.183
2026-08-14T00:52:31.421151,0.144,2.482,38.183
2026-08-14T00:52:31.423452,2.294,2.503,38.183
2026-08-14T00:52:31.423606,0.160,2.504,38.183
2026-08-14T00:52:31.423738,0.137,2.504,38.183
2026-08-14T00:52:31.423941,0.196,2.483,38.183
2026-08-14T00:52:31.426261,2.318,2.504,38.183
2026-08-14T00:52:31.426434,0.179,2.504,38.183
2026-08-14T00:52:31.427655,1.218,2.504,38.183
2026-08-14T00:52:31.427795,0.144,2.504,38.183
2026-08-14T00:52:31.427949,0.154,2.472,38.183
2026-08-14T00:52:31.430232,2.279,2.494,38.183
2026-08-14T00:52:31.430371,0.142,2.494,38.183
2026-08-14T00:52:31.430497,0.128,2.494,38.183
2026-08-14T00:52:31.430624,0.127,2.494,38.183
2026-08-14T00:52:31.468153,37.516,2.498,38.183
2026-08-14T00:52:31.468309,0.162,2.497,38.183
2026-08-14T00:52:31.468447,0.141,2.497,38.183
2026-08-14T00:52:31.470738,2.287,2.507,38.183
2026-08-14T00:52:31.470897,0.160,2.507,38.183
2026-08-14T00:52:31.471036,0.143,2.507,38.183
2026-08-14T00:52:31.473335,2.291,2.529,38.183
2026-08-14T00:52:31.473486,0.153,2.508,38.183
2026-08-14T00:52:31.473627,0.145,2.507,38.183
2026-08-14T00:52:31.473759,0.134,2.496,38.183
2026-08-14T00:52:31.473943,0.179,2.496,38.183
2026-08-14T00:52:31.476255,2.312,2.496,38.183
2026-08-14T00:52:31.476421,0.169,2.496,38.183
2026-08-14T00:52:31.476555,0.137,2.496,38.183
2026-08-14T00:52:31.477801,1.241,2.486,38.183
2026-08-14T00:52:31.477967,0.168,2.475,38.183
2026-08-14T00:52:31.480249,2.281,2.496,38.183
2026-08-14T00:52:31.480386,0.142,2.496,38.183
2026-08-14T00:52:31.480512,0.127,2.496,38.183
2026-08-14T00:52:31.480638,0.126,2.485,38.183
2026-08-14T00:52:31.518468,37.757,2.496,38.183
2026-08-14T00:52:31.518679,0.272,2.496,38.183
2026-08-14T00:52:31.518834,0.152,2.496,38.183
2026-08-14T00:52:31.521131,2.304,2.507,38.183
2026-08-14T00:52:31.521277,0.151,2.507,38.183
2026-08-14T00:52:31.521413,0.138,2.507,38.183
2026-08-14T00:52:31.521540,0.128,2.507,38.183
2026-08-14T00:52:31.523830,2.273,2.507,38.183
2026-08-14T00:52:31.523974,0.157,2.507,38.183
2026-08-14T00:52:31.524106,0.134,2.507,38.183
2026-08-14T00:52:31.524285,0.177,2.507,38.183
2026-08-14T00:52:31.526603,2.312,2.507,38.183
2026-08-14T00:52:31.526776,0.177,2.507,38.183
2026-08-14T00:52:31.528005,1.227,2.518,38.183
2026-08-14T00:52:31.528140,0.142,2.518,38.183
2026-08-14T00:52:31.528274,0.136,2.507,38.183
2026-08-14T00:52:31.530552,2.271,2.506,38.183
2026-08-14T00:52:31.530687,0.140,2.506,38.183
2026-08-14T00:52:31.530816,0.124,2.506,38.183
2026-08-14T00:52:31.530948,0.138,2.506,38.183
2026-08-14T00:52:31.564224,33.264,2.462,38.183
2026-08-14T00:52:31.568680,4.455,2.504,38.183
2026-08-14T00:52:31.568844,0.159,2.504,38.183
2026-08-14T00:52:31.568984,0.154,2.483,38.183
2026-08-14T00:52:31.570194,1.210,2.493,38.183
2026-08-14T00:52:31.570330,0.138,2.493,38.183
2026-08-14T00:52:31.570457,0.129,2.493,38.183
2026-08-14T00:52:31.573803,3.338,2.504,38.183
2026-08-14T00:52:31.573954,0.155,2.504,38.183
2026-08-14T00:52:31.574084,0.132,2.504,38.183
2026-08-14T00:52:31.574208,0.126,2.503,38.183
2026-08-14T00:52:31.574368,0.157,2.481,38.183
2026-08-14T00:52:31.575599,1.228,2.491,38.183
2026-08-14T00:52:31.575761,0.164,2.470,38.183
2026-08-14T00:52:31.575905,0.144,2.470,38.183
2026-08-14T00:52:31.577126,1.219,2.481,38.183
2026-08-14T00:52:31.577273,0.149,2.481,38.183
2026-08-14T00:52:31.580623,3.347,2.492,38.183
2026-08-14T00:52:31.580759,0.140,2.492,38.183
2026-08-14T00:52:31.580898,0.139,2.492,38.183
2026-08-14T00:52:31.581027,0.132,2.128,38.183
2026-08-14T00:52:31.618133,37.042,2.496,38.183
2026-08-14T00:52:31.618329,0.246,2.497,38.183
2026-08-14T00:52:31.618469,0.150,2.476,38.183
2026-08-14T00:52:31.620766,2.292,2.497,38.183
2026-08-14T00:52:31.620927,0.163,2.498,38.183
2026-08-14T00:52:31.621075,0.149,2.476,38.183
2026-08-14T00:52:31.623371,2.293,2.498,38.183
2026-08-14T00:52:31.623509,0.144,2.498,38.183
2026-08-14T00:52:31.623639,0.132,2.498,38.183
2026-08-14T00:52:31.623764,0.126,2.497,38.183
2026-08-14T00:52:31.623958,0.189,2.476,38.183
2026-08-14T00:52:31.626264,2.305,2.498,38.183
2026-08-14T00:52:31.627521,1.256,2.509,38.183
2026-08-14T00:52:31.627666,0.149,2.498,38.183
2026-08-14T00:52:31.627794,0.130,2.498,38.183
2026-08-14T00:52:31.631169,3.368,2.509,38.183
2026-08-14T00:52:31.631314,0.148,2.509,38.183
2026-08-14T00:52:31.631459,0.144,2.509,38.183
2026-08-14T00:52:31.631591,0.138,2.509,38.183
2026-08-14T00:52:31.631717,0.126,2.128,37.757
2026-08-14T00:52:31.668446,36.658,2.492,37.757
2026-08-14T00:52:31.668688,0.284,2.493,37.757
2026-08-14T00:52:31.668922,0.235,2.483,37.757
2026-08-14T00:52:31.670222,1.302,2.494,37.757
2026-08-14T00:52:31.670394,0.188,2.494,37.757
2026-08-14T00:52:31.670542,0.153,2.494,37.757
2026-08-14T00:52:31.670673,0.135,2.472,37.757
2026-08-14T00:52:31.673011,2.307,2.494,37.757
2026-08-14T00:52:31.673203,0.210,2.495,37.757
2026-08-14T00:52:31.673355,0.160,2.494,37.757
2026-08-14T00:52:31.673560,0.200,2.473,37.757
2026-08-14T00:52:31.675928,2.356,2.495,37.757
2026-08-14T00:52:31.676131,0.216,2.485,37.757
2026-08-14T00:52:31.676268,0.147,2.485,37.757
2026-08-14T00:52:31.676401,0.126,2.484,37.757
2026-08-14T00:52:31.677687,1.270,2.474,37.757
2026-08-14T00:52:31.677849,0.172,2.475,37.757
2026-08-14T00:52:31.680120,2.279,2.496,37.757
2026-08-14T00:52:31.680248,0.132,2.496,37.757
2026-08-14T00:52:31.680364,0.118,2.122,37.757
2026-08-14T00:52:31.717994,37.592,2.497,37.757
2026-08-14T00:52:31.718169,0.201,2.497,37.757
2026-08-14T00:52:31.718304,0.143,2.476,37.757
2026-08-14T00:52:31.720602,2.287,2.497,37.757
2026-08-14T00:52:31.720759,0.162,2.497,37.757
2026-08-14T00:52:31.720914,0.157,2.476,37.757
2026-08-14T00:52:31.721053,0.142,2.476,37.757
2026-08-14T00:52:31.723341,2.281,2.497,37.757
2026-08-14T00:52:31.723490,0.155,2.497,37.757
2026-08-14T00:52:31.723620,0.133,2.497,37.757
2026-08-14T00:52:31.723801,0.178,2.475,37.757
2026-08-14T00:52:31.726135,2.329,2.497,37.757
2026-08-14T00:52:31.726308,0.177,2.497,37.757
2026-08-14T00:52:31.728595,2.285,2.508,37.757
2026-08-14T00:52:31.728731,0.141,2.508,37.757
2026-08-14T00:52:31.728876,0.146,2.486,37.757
2026-08-14T00:52:31.730078,1.200,2.497,37.757
2026-08-14T00:52:31.730206,0.131,2.497,37.757
2026-08-14T00:52:31.730325,0.121,2.497,37.757
2026-08-14T00:52:31.730444,0.119,2.121,37.592
2026-08-14T00:52:31.768146,37.643,2.494,37.643
2026-08-14T00:52:31.768374,0.261,2.495,37.643
2026-08-14T00:52:31.768579,0.211,2.474,37.643
2026-08-14T00:52:31.770950,2.378,2.497,37.643
2026-08-14T00:52:31.771104,0.160,2.497,37.643
2026-08-14T00:52:31.771243,0.142,2.497,37.643
2026-08-14T00:52:31.773543,2.289,2.497,37.643
2026-08-14T00:52:31.773713,0.173,2.497,37.643
2026-08-14T00:52:31.773886,0.172,2.498,37.643
2026-08-14T00:52:31.774028,0.151,2.497,37.643
2026-08-14T00:52:31.774209,0.179,2.476,37.643
2026-08-14T00:52:31.776589,2.364,2.498,37.643
2026-08-14T00:52:31.776783,0.208,2.488,37.643
2026-08-14T00:52:31.776947,0.165,2.488,37.643
2026-08-14T00:52:31.777108,0.163,2.488,37.643
2026-08-14T00:52:31.777253,0.147,2.467,37.643
2026-08-14T00:52:31.780595,3.340,2.499,37.643
2026-08-14T00:52:31.780722,0.131,2.499,37.643
2026-08-14T00:52:31.780847,0.116,2.499,37.643
2026-08-14T00:52:31.780965,0.129,2.168,37.643
2026-08-14T00:52:31.818262,37.208,2.495,37.643
2026-08-14T00:52:31.818476,0.284,2.496,37.643
2026-08-14T00:52:31.818614,0.150,2.496,37.643
2026-08-14T00:52:31.819843,1.216,2.496,37.643
2026-08-14T00:52:31.820005,0.173,2.497,37.643
2026-08-14T00:52:31.820140,0.138,2.497,37.643
2026-08-14T00:52:31.823568,3.401,2.497,37.643
2026-08-14T00:52:31.823752,0.196,2.498,37.643
2026-08-14T00:52:31.823955,0.202,2.499,37.643
2026-08-14T00:52:31.824099,0.159,2.499,37.643
2026-08-14T00:52:31.824281,0.181,2.499,37.643
2026-08-14T00:52:31.828840,4.530,2.532,37.643
2026-08-14T00:52:31.829036,0.221,2.533,37.643
2026-08-14T00:52:31.829178,0.147,2.533,37.643
2026-08-14T00:52:31.829308,0.132,2.522,37.643
2026-08-14T00:52:31.830537,1.222,2.533,37.643
2026-08-14T00:52:31.832833,2.289,2.522,37.643
2026-08-14T00:52:31.832968,0.148,2.522,37.643
2026-08-14T00:52:31.833093,0.128,2.522,37.643
2026-08-14T00:52:31.833216,0.124,2.522,37.643
2026-08-14T00:52:31.868656,35.427,2.506,37.643
2026-08-14T00:52:31.868816,0.158,2.505,37.643
2026-08-14T00:52:31.868955,0.148,2.505,37.643
2026-08-14T00:52:31.870174,1.216,2.494,37.643
2026-08-14T00:52:31.870320,0.148,2.494,37.643
2026-08-14T00:52:31.870458,0.140,2.494,37.643
2026-08-14T00:52:31.873835,3.361,2.505,37.643
2026-08-14T00:52:31.873983,0.161,2.505,37.643
2026-08-14T00:52:31.874118,0.138,2.505,37.643
2026-08-14T00:52:31.874242,0.127,2.505,37.643
2026-08-14T00:52:31.874402,0.157,2.504,37.643
2026-08-14T00:52:31.875633,1.228,2.494,37.643
2026-08-14T00:52:31.875799,0.168,2.483,37.643
2026-08-14T00:52:31.875946,0.148,2.483,37.643
2026-08-14T00:52:31.877168,1.220,2.494,37.643
2026-08-14T00:52:31.877316,0.151,2.462,37.643
2026-08-14T00:52:31.880661,3.342,2.493,37.643
2026-08-14T00:52:31.880795,0.137,2.493,37.643
2026-08-14T00:52:31.880933,0.138,2.493,37.643
2026-08-14T00:52:31.881058,0.127,2.493,37.643
2026-08-14T00:52:31.918735,37.628,2.503,37.643
2026-08-14T00:52:31.918957,0.253,2.503,37.643
2026-08-14T00:52:31.919120,0.172,2.502,37.643
2026-08-14T00:52:31.920354,1.233,2.501,37.643
2026-08-14T00:52:31.920512,0.161,2.501,37.643
2026-08-14T00:52:31.920659,0.149,2.501,37.643
2026-08-14T00:52:31.922954,2.291,2.523,37.643
2026-08-14T00:52:31.923127,0.175,2.501,37.643
2026-08-14T00:52:31.923269,0.145,2.501,37.643
2026-08-14T00:52:31.923405,0.137,2.501,37.643
2026-08-14T00:52:31.923597,0.188,2.500,37.643
2026-08-14T00:52:31.925933,2.331,2.500,37.643
2026-08-14T00:52:31.928273,2.348,2.521,37.643
2026-08-14T00:52:31.928415,0.145,2.521,37.643
2026-08-14T00:52:31.928538,0.127,2.521,37.643
2026-08-14T00:52:31.928669,0.131,2.510,37.643
2026-08-14T00:52:31.930942,2.268,2.531,37.643
2026-08-14T00:52:31.931070,0.132,2.510,37.643
2026-08-14T00:52:31.931190,0.122,2.509,37.643
2026-08-14T00:52:31.931308,0.118,2.509,37.643
2026-08-14T00:52:31.968877,37.553,2.509,37.643
2026-08-14T00:52:31.969034,0.164,2.509,37.643
2026-08-14T00:52:31.969171,0.141,2.509,37.643
2026-08-14T00:52:31.970387,1.213,2.498,37.643
2026-08-14T00:52:31.970532,0.147,2.498,37.643
2026-08-14T00:52:31.970670,0.139,2.498,37.643
2026-08-14T00:52:31.970801,0.132,2.497,37.643
2026-08-14T00:52:31.973147,2.329,2.498,37.643
2026-08-14T00:52:31.973313,0.176,2.498,37.643
2026-08-14T00:52:31.973452,0.145,2.498,37.643
2026-08-14T00:52:31.973629,0.175,2.498,37.643
2026-08-14T00:52:31.975947,2.315,2.498,37.643
2026-08-14T00:52:31.976124,0.179,2.498,37.643
2026-08-14T00:52:31.976266,0.144,2.477,37.643
2026-08-14T00:52:31.976399,0.134,2.477,37.643
2026-08-14T00:52:31.977628,1.225,2.487,37.643
2026-08-14T00:52:31.979930,2.298,2.498,37.643
2026-08-14T00:52:31.980076,0.150,2.499,37.643
2026-08-14T00:52:31.980211,0.137,2.499,37.643
2026-08-14T00:52:31.980331,0.126,2.499,37.643
2026-08-14T00:52:32.018714,38.271,2.505,38.271
2026-08-14T00:52:32.019035,0.398,2.507,38.271
2026-08-14T00:52:32.019204,0.196,2.506,38.271
2026-08-14T00:52:32.020466,1.247,2.495,38.271
2026-08-14T00:52:32.020644,0.187,2.495,38.271
2026-08-14T00:52:32.020794,0.158,2.495,38.271
2026-08-14T00:52:32.020953,0.157,2.474,38.271
2026-08-14T00:52:32.023238,2.285,2.495,38.271
2026-08-14T00:52:32.023386,0.151,2.495,38.271
2026-08-14T00:52:32.023517,0.133,2.495,38.271
2026-08-14T00:52:32.023696,0.176,2.495,38.271
2026-08-14T00:52:32.026004,2.305,2.494,38.271
2026-08-14T00:52:32.026174,0.172,2.494,38.271
2026-08-14T00:52:32.027393,1.218,2.504,38.271
2026-08-14T00:52:32.027531,0.141,2.504,38.271
2026-08-14T00:52:32.030931,3.394,2.537,38.271
2026-08-14T00:52:32.031074,0.148,2.505,38.271
2026-08-14T00:52:32.031202,0.130,2.505,38.271
2026-08-14T00:52:32.031329,0.127,2.505,38.271
2026-08-14T00:52:32.031457,0.129,2.505,38.271
2026-08-14T00:52:32.068118,36.603,2.499,38.271
2026-08-14T00:52:32.068327,0.251,2.498,38.271
2026-08-14T00:52:32.068477,0.161,2.499,38.271
2026-08-14T00:52:32.070778,2.295,2.509,38.271
2026-08-14T00:52:32.070956,0.180,2.509,38.271
2026-08-14T00:52:32.071111,0.159,2.510,38.271
2026-08-14T00:52:32.071249,0.141,2.477,38.271
2026-08-14T00:52:32.073567,2.310,2.498,38.271
2026-08-14T00:52:32.073721,0.159,2.498,38.271
2026-08-14T00:52:32.073872,0.152,2.498,38.271
2026-08-14T00:52:32.074065,0.191,2.498,38.271
2026-08-14T00:52:32.076379,2.314,2.476,38.271
2026-08-14T00:52:32.076553,0.178,2.475,38.271
2026-08-14T00:52:32.076692,0.141,2.475,38.271
2026-08-14T00:52:32.076831,0.129,2.475,38.271
2026-08-14T00:52:32.078061,1.237,2.475,38.271
2026-08-14T00:52:32.078212,0.150,2.454,38.271
2026-08-14T00:52:32.080554,2.326,2.476,38.271
2026-08-14T00:52:32.080714,0.178,2.476,38.271
2026-08-14T00:52:32.080868,0.153,2.476,38.271
2026-08-14T00:52:32.118465,37.586,2.498,38.271
2026-08-14T00:52:32.118632,0.174,2.498,38.271
2026-08-14T00:52:32.118773,0.147,2.498,38.271
2026-08-14T00:52:32.121086,2.306,2.509,38.271
2026-08-14T00:52:32.121239,0.159,2.509,38.271
2026-08-14T00:52:32.121380,0.143,2.509,38.271
2026-08-14T00:52:32.121512,0.133,2.477,38.271
2026-08-14T00:52:32.123799,2.282,2.498,38.271
2026-08-14T00:52:32.123954,0.157,2.498,38.271
2026-08-14T00:52:32.124095,0.142,2.498,38.271
2026-08-14T00:52:32.124276,0.179,2.499,38.271
2026-08-14T00:52:32.126616,2.337,2.510,38.271
2026-08-14T00:52:32.126796,0.182,2.510,38.271
2026-08-14T00:52:32.128033,1.240,2.521,38.271
2026-08-14T00:52:32.128184,0.154,2.510,38.271
2026-08-14T00:52:32.128319,0.136,2.510,38.271
2026-08-14T00:52:32.130591,2.267,2.499,38.271
2026-08-14T00:52:32.130723,0.136,2.499,38.271
2026-08-14T00:52:32.130856,0.132,2.499,38.271
2026-08-14T00:52:32.130983,0.130,2.499,38.271
2026-08-14T00:52:32.168646,37.635,2.499,38.271
2026-08-14T00:52:32.168829,0.186,2.499,38.271
2026-08-14T00:52:32.168991,0.173,2.499,38.271
2026-08-14T00:52:32.170220,1.233,2.499,38.271
2026-08-14T00:52:32.170372,0.155,2.499,38.271
2026-08-14T00:52:32.170511,0.142,2.499,38.271
2026-08-14T00:52:32.170645,0.134,2.477,38.271
2026-08-14T00:52:32.172956,2.298,2.498,38.271
2026-08-14T00:52:32.173108,0.162,2.498,38.271
2026-08-14T00:52:32.173241,0.136,2.498,38.271
2026-08-14T00:52:32.173410,0.169,2.498,38.271
2026-08-14T00:52:32.175716,2.303,2.498,38.271
2026-08-14T00:52:32.175897,0.181,2.476,38.271
2026-08-14T00:52:32.176034,0.141,2.476,38.271
2026-08-14T00:52:32.176160,0.128,2.476,38.271
2026-08-14T00:52:32.177377,1.213,2.487,38.271
2026-08-14T00:52:32.180751,3.371,2.498,38.271
2026-08-14T00:52:32.180903,0.155,2.498,38.271
2026-08-14T00:52:32.181039,0.138,2.498,38.271
2026-08-14T00:52:32.181158,0.124,2.499,38.271
2026-08-14T00:52:32.218224,37.005,2.493,38.271
2026-08-14T00:52:32.218415,0.238,2.494,38.271
2026-08-14T00:52:32.218553,0.148,2.494,38.271
2026-08-14T00:52:32.220861,2.292,2.505,38.271
2026-08-14T00:52:32.221011,0.163,2.505,38.271
2026-08-14T00:52:32.221145,0.138,2.505,38.271
2026-08-14T00:52:32.223421,2.273,2.526,38.271
2026-08-14T00:52:32.223555,0.137,2.504,38.271
2026-08-14T00:52:32.223684,0.130,2.504,38.271
2026-08-14T00:52:32.223823,0.128,2.504,38.271
2026-08-14T00:52:32.224004,0.189,2.504,38.271
2026-08-14T00:52:32.226309,2.303,2.504,38.271
2026-08-14T00:52:32.227567,1.257,2.514,38.271
2026-08-14T00:52:32.227711,0.148,2.514,38.271
2026-08-14T00:52:32.227853,0.130,2.514,38.271
2026-08-14T00:52:32.231222,3.375,2.536,38.271
2026-08-14T00:52:32.231364,0.147,2.514,38.271
2026-08-14T00:52:32.231491,0.130,2.514,38.271
2026-08-14T00:52:32.231616,0.125,2.514,38.271
2026-08-14T00:52:32.231741,0.126,2.514,38.271
2026-08-14T00:52:32.268338,36.572,2.497,37.635
2026-08-14T00:52:32.268497,0.177,2.495,37.635
2026-08-14T00:52:32.268629,0.137,2.494,37.635
2026-08-14T00:52:32.270913,2.280,2.505,37.635
2026-08-14T00:52:32.271053,0.142,2.504,37.635
2026-08-14T00:52:32.271183,0.132,2.504,37.635
2026-08-14T00:52:32.273461,2.273,2.525,37.635
2026-08-14T00:52:32.273593,0.136,2.504,37.635
2026-08-14T00:52:32.273723,0.130,2.503,37.635
2026-08-14T00:52:32.273861,0.137,2.503,37.635
2026-08-14T00:52:32.274038,0.173,2.503,37.635
2026-08-14T00:52:32.276344,2.306,2.503,37.635
2026-08-14T00:52:32.276508,0.167,2.503,37.635
2026-08-14T00:52:32.276649,0.142,2.493,37.635
2026-08-14T00:52:32.278928,2.276,2.514,37.635
2026-08-14T00:52:32.281233,2.305,2.503,37.635
2026-08-14T00:52:32.281368,0.139,2.503,37.635
2026-08-14T00:52:32.281493,0.127,2.503,37.635
2026-08-14T00:52:32.281617,0.124,2.503,37.635
2026-08-14T00:52:32.281741,0.124,2.503,37.635
2026-08-14T00:52:32.318355,36.559,2.502,37.635
2026-08-14T00:52:32.318556,0.245,2.502,37.635
2026-08-14T00:52:32.318702,0.153,2.502,37.635
2026-08-14T00:52:32.319965,1.245,2.492,37.635
2026-08-14T00:52:32.320137,0.186,2.492,37.635
2026-08-14T00:52:32.320285,0.152,2.492,37.635
2026-08-14T00:52:32.323699,3.390,2.524,37.635
2026-08-14T00:52:32.323894,0.209,2.503,37.635
2026-08-14T00:52:32.324045,0.159,2.503,37.635
2026-08-14T00:52:32.324184,0.140,2.503,37.635
2026-08-14T00:52:32.324373,0.188,2.503,37.635
2026-08-14T00:52:32.326706,2.328,2.503,37.635
2026-08-14T00:52:32.327987,1.283,2.514,37.635
2026-08-14T00:52:32.328140,0.160,2.514,37.635
2026-08-14T00:52:32.328264,0.128,2.514,37.635
2026-08-14T00:52:32.331611,3.342,2.536,37.635
2026-08-14T00:52:32.331745,0.138,2.535,37.635
2026-08-14T00:52:32.331878,0.133,2.513,37.635
2026-08-14T00:52:32.332006,0.128,2.513,37.635
2026-08-14T00:52:32.332126,0.122,2.513,37.635
2026-08-14T00:52:32.368624,36.484,2.502,37.635
2026-08-14T00:52:32.368819,0.186,2.502,37.635
2026-08-14T00:52:32.368969,0.163,2.502,37.635
2026-08-14T00:52:32.370197,1.224,2.491,37.635
2026-08-14T00:52:32.370347,0.157,2.491,37.635
2026-08-14T00:52:32.370486,0.141,2.491,37.635
2026-08-14T00:52:32.373849,3.348,2.523,37.635
2026-08-14T00:52:32.373990,0.155,2.502,37.635
2026-08-14T00:52:32.374118,0.130,2.502,37.635
2026-08-14T00:52:32.374241,0.125,2.502,37.635
2026-08-14T00:52:32.374399,0.154,2.501,37.635
2026-08-14T00:52:32.376699,2.298,2.501,37.635
2026-08-14T00:52:32.376875,0.176,2.501,37.635
2026-08-14T00:52:32.377016,0.144,2.490,37.635
2026-08-14T00:52:32.378236,1.216,2.500,37.635
2026-08-14T00:52:32.378385,0.152,2.501,37.635
2026-08-14T00:52:32.378512,0.129,2.479,37.635
2026-08-14T00:52:32.380841,2.295,2.501,37.635
2026-08-14T00:52:32.381002,0.189,2.501,37.635
2026-08-14T00:52:32.381134,0.138,2.501,37.635
2026-08-14T00:52:32.418254,37.060,2.496,37.060
2026-08-14T00:52:32.418447,0.242,2.496,37.060
2026-08-14T00:52:32.418585,0.148,2.496,37.060
2026-08-14T00:52:32.420881,2.291,2.507,37.060
2026-08-14T00:52:32.421027,0.149,2.507,37.060
2026-08-14T00:52:32.421160,0.135,2.507,37.060
2026-08-14T00:52:32.421286,0.128,2.506,37.060
2026-08-14T00:52:32.423563,2.270,2.506,37.060
2026-08-14T00:52:32.423706,0.145,2.506,37.060
2026-08-14T00:52:32.423849,0.132,2.506,37.060
2026-08-14T00:52:32.424031,0.194,2.506,37.060
2026-08-14T00:52:32.426336,2.303,2.506,37.060
2026-08-14T00:52:32.426503,0.169,2.506,37.060
2026-08-14T00:52:32.427720,1.215,2.517,37.060
2026-08-14T00:52:32.427871,0.152,2.517,37.060
2026-08-14T00:52:32.431265,3.390,2.539,37.060
2026-08-14T00:52:32.431414,0.152,2.507,37.060
2026-08-14T00:52:32.431543,0.133,2.506,37.060
2026-08-14T00:52:32.431671,0.128,2.506,37.060
2026-08-14T00:52:32.432879,1.206,2.517,37.060
2026-08-14T00:52:32.468280,35.392,2.501,37.060
2026-08-14T00:52:32.468427,0.153,2.500,37.060
2026-08-14T00:52:32.468561,0.137,2.500,37.060
2026-08-14T00:52:32.470858,2.283,2.500,37.060
2026-08-14T00:52:32.471005,0.158,2.500,37.060
2026-08-14T00:52:32.471139,0.136,2.500,37.060
2026-08-14T00:52:32.473430,2.284,2.500,37.060
2026-08-14T00:52:32.473575,0.149,2.500,37.060
2026-08-14T00:52:32.473709,0.136,2.500,37.060
2026-08-14T00:52:32.473852,0.130,2.500,37.060
2026-08-14T00:52:32.474027,0.184,2.500,37.060
2026-08-14T00:52:32.476341,2.309,2.500,37.060
2026-08-14T00:52:32.476533,0.190,2.490,37.060
2026-08-14T00:52:32.476684,0.157,2.490,37.060
2026-08-14T00:52:32.477924,1.236,2.501,37.060
2026-08-14T00:52:32.478095,0.174,2.469,37.060
2026-08-14T00:52:32.480377,2.286,2.490,37.060
2026-08-14T00:52:32.480512,0.138,2.490,37.060
2026-08-14T00:52:32.480639,0.129,2.490,37.060
2026-08-14T00:52:32.480764,0.126,2.490,37.060
2026-08-14T00:52:32.518353,37.573,2.500,37.573
2026-08-14T00:52:32.518508,0.163,2.500,37.573
2026-08-14T00:52:32.518646,0.142,2.500,37.573
2026-08-14T00:52:32.520937,2.287,2.500,37.573
2026-08-14T00:52:32.521082,0.148,2.500,37.573
2026-08-14T00:52:32.521217,0.137,2.500,37.573
2026-08-14T00:52:32.521346,0.129,2.479,37.573
2026-08-14T00:52:32.523632,2.281,2.500,37.573
2026-08-14T00:52:32.523779,0.148,2.501,37.573
2026-08-14T00:52:32.523929,0.152,2.501,37.573
2026-08-14T00:52:32.524106,0.175,2.501,37.573
2026-08-14T00:52:32.526428,2.319,2.501,37.573
2026-08-14T00:52:32.526605,0.180,2.501,37.573
2026-08-14T00:52:32.527906,1.280,2.512,37.573
2026-08-14T00:52:32.528076,0.189,2.491,37.573
2026-08-14T00:52:32.528229,0.157,2.470,37.573
2026-08-14T00:52:32.530548,2.306,2.492,37.573
2026-08-14T00:52:32.530702,0.166,2.492,37.573
2026-08-14T00:52:32.530850,0.137,2.492,37.573
2026-08-14T00:52:32.530988,0.153,2.492,37.573
2026-08-14T00:52:32.562395,31.329,2.440,37.573
2026-08-14T00:52:32.567974,5.635,2.494,37.573
2026-08-14T00:52:32.568145,0.186,2.494,37.573
2026-08-14T00:52:32.568295,0.153,2.483,37.573
2026-08-14T00:52:32.570591,2.294,2.505,37.573
2026-08-14T00:52:32.570747,0.158,2.505,37.573
2026-08-14T00:52:32.570895,0.150,2.472,37.573
2026-08-14T00:52:32.571033,0.140,2.472,37.573
2026-08-14T00:52:32.573349,2.306,2.493,37.573
2026-08-14T00:52:32.573505,0.161,2.493,37.573
2026-08-14T00:52:32.573639,0.140,2.493,37.573
2026-08-14T00:52:32.573834,0.182,2.471,37.573
2026-08-14T00:52:32.576155,2.327,2.482,37.573
2026-08-14T00:52:32.576328,0.176,2.482,37.573
2026-08-14T00:52:32.576466,0.142,2.482,37.573
2026-08-14T00:52:32.576595,0.130,2.450,37.573
2026-08-14T00:52:32.577849,1.237,2.461,37.573
2026-08-14T00:52:32.580147,2.307,2.483,37.573
2026-08-14T00:52:32.580289,0.148,2.483,37.573
2026-08-14T00:52:32.580413,0.128,2.483,37.573
2026-08-14T00:52:32.580541,0.127,2.119,37.573
2026-08-14T00:52:32.618797,38.176,2.499,38.176
2026-08-14T00:52:32.619024,0.291,2.500,38.176
2026-08-14T00:52:32.619178,0.165,2.490,38.176
2026-08-14T00:52:32.620405,1.223,2.501,38.176
2026-08-14T00:52:32.620555,0.155,2.501,38.176
2026-08-14T00:52:32.620696,0.143,2.469,38.176
2026-08-14T00:52:32.620845,0.136,2.468,38.176
2026-08-14T00:52:32.624204,3.367,2.501,38.176
2026-08-14T00:52:32.624346,0.147,2.501,38.176
2026-08-14T00:52:32.624481,0.135,2.501,38.176
2026-08-14T00:52:32.624666,0.183,2.480,38.176
2026-08-14T00:52:32.625914,1.245,2.490,38.176
2026-08-14T00:52:32.626085,0.174,2.491,38.176
2026-08-14T00:52:32.628380,2.293,2.501,38.176
2026-08-14T00:52:32.628523,0.146,2.501,38.176
2026-08-14T00:52:32.628666,0.145,2.502,38.176
2026-08-14T00:52:32.630955,2.284,2.501,38.176
2026-08-14T00:52:32.631095,0.144,2.501,38.176
2026-08-14T00:52:32.631227,0.133,2.501,38.176
2026-08-14T00:52:32.631360,0.133,2.132,38.176
2026-08-14T00:52:32.668060,36.633,2.496,38.176
2026-08-14T00:52:32.668261,0.257,2.497,38.176
2026-08-14T00:52:32.668409,0.157,2.475,38.176
2026-08-14T00:52:32.670703,2.291,2.497,38.176
2026-08-14T00:52:32.670865,0.163,2.497,38.176
2026-08-14T00:52:32.671030,0.162,2.497,38.176
2026-08-14T00:52:32.671171,0.149,2.476,38.176
2026-08-14T00:52:32.673459,2.282,2.497,38.176
2026-08-14T00:52:32.673603,0.149,2.498,38.176
2026-08-14T00:52:32.673737,0.136,2.497,38.176
2026-08-14T00:52:32.673937,0.194,2.476,38.176
2026-08-14T00:52:32.676249,2.311,2.497,38.176
2026-08-14T00:52:32.676419,0.174,2.487,38.176
2026-08-14T00:52:32.676561,0.144,2.487,38.176
2026-08-14T00:52:32.676698,0.137,2.454,38.176
2026-08-14T00:52:32.677933,1.233,2.465,38.176
2026-08-14T00:52:32.680222,2.288,2.487,38.176
2026-08-14T00:52:32.680361,0.143,2.487,38.176
2026-08-14T00:52:32.680492,0.133,2.476,38.176
2026-08-14T00:52:32.680626,0.133,2.124,38.176
2026-08-14T00:52:32.718424,37.757,2.500,38.176
2026-08-14T00:52:32.718606,0.213,2.500,38.176
2026-08-14T00:52:32.718750,0.153,2.479,38.176
2026-08-14T00:52:32.719990,1.233,2.490,38.176
2026-08-14T00:52:32.720140,0.155,2.490,38.176
2026-08-14T00:52:32.720280,0.142,2.469,38.176
2026-08-14T00:52:32.723638,3.353,2.501,38.176
2026-08-14T00:52:32.723780,0.147,2.501,38.176
2026-08-14T00:52:32.723928,0.147,2.501,38.176
2026-08-14T00:52:32.724063,0.136,2.500,38.176
2026-08-14T00:52:32.724243,0.177,2.479,38.176
2026-08-14T00:52:32.726566,2.318,2.500,38.176
2026-08-14T00:52:32.727840,1.265,2.511,38.176
2026-08-14T00:52:32.727989,0.165,2.501,38.176
2026-08-14T00:52:32.728118,0.132,2.500,38.176
2026-08-14T00:52:32.728254,0.137,2.479,38.176
2026-08-14T00:52:32.730528,2.269,2.500,38.176
2026-08-14T00:52:32.730659,0.135,2.500,38.176
2026-08-14T00:52:32.731874,1.210,2.511,38.176
2026-08-14T00:52:32.732011,0.140,2.137,38.176
2026-08-14T00:52:32.768587,36.535,2.500,38.176
2026-08-14T00:52:32.768782,0.220,2.501,38.176
2026-08-14T00:52:32.768954,0.180,2.480,38.176
2026-08-14T00:52:32.770190,1.234,2.491,38.176
2026-08-14T00:52:32.770348,0.161,2.491,38.176
2026-08-14T00:52:32.770497,0.150,2.491,38.176
2026-08-14T00:52:32.770636,0.141,2.470,38.176
2026-08-14T00:52:32.772949,2.305,2.492,38.176
2026-08-14T00:52:32.773106,0.162,2.492,38.176
2026-08-14T00:52:32.773248,0.145,2.491,38.176
2026-08-14T00:52:32.773440,0.189,2.470,38.176
2026-08-14T00:52:32.775781,2.333,2.492,38.176
2026-08-14T00:52:32.775986,0.211,2.481,38.176
2026-08-14T00:52:32.776141,0.158,2.481,38.176
2026-08-14T00:52:32.776320,0.169,2.481,38.176
2026-08-14T00:52:32.777586,1.265,2.470,38.176
2026-08-14T00:52:32.779894,2.319,2.492,38.176
2026-08-14T00:52:32.780027,0.139,2.492,38.176
2026-08-14T00:52:32.780145,0.121,2.492,38.176
2026-08-14T00:52:32.780260,0.115,2.179,38.176
2026-08-14T00:52:32.818456,38.126,2.504,38.176
2026-08-14T00:52:32.818651,0.251,2.505,38.176
2026-08-14T00:52:32.818791,0.149,2.505,38.176
2026-08-14T00:52:32.821099,2.299,2.505,38.176
2026-08-14T00:52:32.821251,0.159,2.505,38.176
2026-08-14T00:52:32.821388,0.140,2.505,38.176
2026-08-14T00:52:32.821513,0.126,2.505,38.176
2026-08-14T00:52:32.822722,1.203,2.494,38.176
2026-08-14T00:52:32.822878,0.157,2.494,38.176
2026-08-14T00:52:32.824106,1.227,2.505,38.176
2026-08-14T00:52:32.824297,0.193,2.505,38.176
2026-08-14T00:52:32.826609,2.310,2.505,38.176
2026-08-14T00:52:32.826779,0.173,2.505,38.176
2026-08-14T00:52:32.828042,1.258,2.516,38.176
2026-08-14T00:52:32.828186,0.150,2.516,38.176
2026-08-14T00:52:32.828327,0.143,2.505,38.176
2026-08-14T00:52:32.830604,2.274,2.505,38.176
2026-08-14T00:52:32.830743,0.142,2.505,38.176
2026-08-14T00:52:32.830880,0.138,2.505,38.176
2026-08-14T00:52:32.831010,0.131,2.505,38.176
2026-08-14T00:52:32.868772,37.689,2.500,38.126
2026-08-14T00:52:32.869001,0.284,2.500,38.126
2026-08-14T00:52:32.869152,0.163,2.500,38.126
2026-08-14T00:52:32.870384,1.226,2.500,38.126
2026-08-14T00:52:32.870544,0.165,2.500,38.126
2026-08-14T00:52:32.870687,0.147,2.500,38.126
2026-08-14T00:52:32.872978,2.286,2.521,38.126
2026-08-14T00:52:32.873119,0.146,2.489,38.126
2026-08-14T00:52:32.873251,0.133,2.489,38.126
2026-08-14T00:52:32.873383,0.131,2.489,38.126
2026-08-14T00:52:32.873563,0.177,2.489,38.126
2026-08-14T00:52:32.875882,2.315,2.500,38.126
2026-08-14T00:52:32.876056,0.177,2.500,38.126
2026-08-14T00:52:32.876193,0.141,2.478,38.126
2026-08-14T00:52:32.877418,1.220,2.489,38.126
2026-08-14T00:52:32.877569,0.155,2.489,38.126
2026-08-14T00:52:32.879878,2.299,2.489,38.126
2026-08-14T00:52:32.880027,0.157,2.489,38.126
2026-08-14T00:52:32.880159,0.135,2.489,38.126
2026-08-14T00:52:32.880288,0.129,2.489,38.126
2026-08-14T00:52:32.917867,37.555,2.499,38.126
2026-08-14T00:52:32.918019,0.171,2.498,38.126
2026-08-14T00:52:32.918149,0.136,2.497,38.126
2026-08-14T00:52:32.920516,2.336,2.498,38.126
2026-08-14T00:52:32.920692,0.197,2.498,38.126
2026-08-14T00:52:32.920856,0.155,2.498,38.126
2026-08-14T00:52:32.923172,2.323,2.520,38.126
2026-08-14T00:52:32.923321,0.157,2.499,38.126
2026-08-14T00:52:32.923452,0.135,2.499,38.126
2026-08-14T00:52:32.923580,0.129,2.498,38.126
2026-08-14T00:52:32.923757,0.174,2.498,38.126
2026-08-14T00:52:32.926077,2.317,2.498,38.126
2026-08-14T00:52:32.928416,2.339,2.520,38.126
2026-08-14T00:52:32.928566,0.155,2.520,38.126
2026-08-14T00:52:32.928696,0.132,2.520,38.126
2026-08-14T00:52:32.928849,0.141,2.509,38.126
2026-08-14T00:52:32.931130,2.289,2.509,38.126
2026-08-14T00:52:32.931267,0.139,2.509,38.126
2026-08-14T00:52:32.932479,1.210,2.520,38.126
2026-08-14T00:52:32.932618,0.141,2.520,38.126
2026-08-14T00:52:32.968038,35.409,2.496,38.126
2026-08-14T00:52:32.968193,0.160,2.496,38.126
2026-08-14T00:52:32.968330,0.142,2.496,38.126
2026-08-14T00:52:32.970620,2.285,2.506,38.126
2026-08-14T00:52:32.970766,0.149,2.506,38.126
2026-08-14T00:52:32.970920,0.153,2.506,38.126
2026-08-14T00:52:32.973248,2.315,2.496,38.126
2026-08-14T00:52:32.973406,0.169,2.496,38.126
2026-08-14T00:52:32.973545,0.143,2.496,38.126
2026-08-14T00:52:32.973677,0.133,2.496,38.126
2026-08-14T00:52:32.973868,0.184,2.496,38.126
2026-08-14T00:52:32.976196,2.328,2.496,38.126
2026-08-14T00:52:32.976367,0.177,2.485,38.126
2026-08-14T00:52:32.976496,0.132,2.485,38.126
2026-08-14T00:52:32.977711,1.213,2.496,38.126
2026-08-14T00:52:32.977863,0.152,2.496,38.126
2026-08-14T00:52:32.980139,2.275,2.496,38.126
2026-08-14T00:52:32.980266,0.131,2.496,38.126
2026-08-14T00:52:32.980387,0.122,2.485,38.126
2026-08-14T00:52:32.980503,0.117,2.485,38.126
2026-08-14T00:52:33.018664,38.098,2.501,38.126
2026-08-14T00:52:33.018894,0.275,2.501,38.126
2026-08-14T00:52:33.019040,0.158,2.501,38.126
2026-08-14T00:52:33.020252,1.211,2.501,38.126
2026-08-14T00:52:33.020396,0.146,2.501,38.126
2026-08-14T00:52:33.020529,0.135,2.500,38.126
2026-08-14T00:52:33.022806,2.273,2.522,38.126
2026-08-14T00:52:33.022957,0.152,2.500,38.126
2026-08-14T00:52:33.023088,0.133,2.500,38.126
2026-08-14T00:52:33.024295,1.205,2.510,38.126
2026-08-14T00:52:33.024483,0.186,2.510,38.126
2026-08-14T00:52:33.026912,2.399,2.511,38.126
2026-08-14T00:52:33.028224,1.335,2.522,38.126
2026-08-14T00:52:33.028372,0.160,2.522,38.126
2026-08-14T00:52:33.028502,0.132,2.522,38.126
2026-08-14T00:52:33.028636,0.135,2.511,38.126
2026-08-14T00:52:33.030915,2.273,2.510,38.126
2026-08-14T00:52:33.031049,0.138,2.510,38.126
2026-08-14T00:52:33.032254,1.203,2.521,38.126
2026-08-14T00:52:33.032388,0.136,2.521,38.126
2026-08-14T00:52:33.067803,35.403,2.494,38.098
2026-08-14T00:52:33.067970,0.172,2.493,38.098
2026-08-14T00:52:33.068108,0.142,2.493,38.098
2026-08-14T00:52:33.070404,2.291,2.493,38.098
2026-08-14T00:52:33.070553,0.152,2.493,38.098
2026-08-14T00:52:33.070698,0.146,2.493,38.098
2026-08-14T00:52:33.072996,2.292,2.515,38.098
2026-08-14T00:52:33.073144,0.153,2.504,38.098
2026-08-14T00:52:33.073280,0.139,2.504,38.098
2026-08-14T00:52:33.073411,0.132,2.493,38.098
2026-08-14T00:52:33.073588,0.173,2.493,38.098
2026-08-14T00:52:33.075915,2.323,2.493,38.098
2026-08-14T00:52:33.076090,0.178,2.493,38.098
2026-08-14T00:52:33.076231,0.144,2.482,38.098
2026-08-14T00:52:33.077466,1.229,2.493,38.098
2026-08-14T00:52:33.077625,0.164,2.493,38.098
2026-08-14T00:52:33.079949,2.317,2.493,38.098
2026-08-14T00:52:33.080096,0.153,2.493,38.098
2026-08-14T00:52:33.080230,0.136,2.493,38.098
2026-08-14T00:52:33.080361,0.132,2.493,38.098
2026-08-14T00:52:33.118154,37.718,2.494,38.098
2026-08-14T00:52:33.118370,0.280,2.494,38.098
2026-08-14T00:52:33.118524,0.163,2.494,38.098
2026-08-14T00:52:33.120838,2.302,2.504,38.098
2026-08-14T00:52:33.120995,0.169,2.505,38.098
2026-08-14T00:52:33.121136,0.144,2.505,38.098
2026-08-14T00:52:33.123423,2.283,2.504,38.098
2026-08-14T00:52:33.123566,0.147,2.504,38.098
2026-08-14T00:52:33.123701,0.136,2.505,38.098
2026-08-14T00:52:33.123842,0.132,2.505,38.098
2026-08-14T00:52:33.124032,0.196,2.505,38.098
2026-08-14T00:52:33.126345,2.312,2.505,38.098
2026-08-14T00:52:33.128683,2.337,2.526,38.098
2026-08-14T00:52:33.128844,0.154,2.526,38.098
2026-08-14T00:52:33.128980,0.148,2.516,38.098
2026-08-14T00:52:33.129122,0.143,2.516,38.098
2026-08-14T00:52:33.130330,1.204,2.505,38.098
2026-08-14T00:52:33.130469,0.143,2.504,38.098
2026-08-14T00:52:33.130598,0.130,2.504,38.098
2026-08-14T00:52:33.130726,0.129,2.504,38.098
2026-08-14T00:52:33.168283,37.544,2.504,38.098
2026-08-14T00:52:33.168443,0.164,2.504,38.098
2026-08-14T00:52:33.168583,0.143,2.504,38.098
2026-08-14T00:52:33.169827,1.230,2.493,38.098
2026-08-14T00:52:33.169978,0.164,2.493,38.098
2026-08-14T00:52:33.170116,0.141,2.493,38.098
2026-08-14T00:52:33.173474,3.353,2.503,38.098
2026-08-14T00:52:33.173622,0.150,2.503,38.098
2026-08-14T00:52:33.173772,0.148,2.503,38.098
2026-08-14T00:52:33.173928,0.159,2.503,38.098
2026-08-14T00:52:33.174114,0.185,2.504,38.098
2026-08-14T00:52:33.176421,2.309,2.503,38.098
2026-08-14T00:52:33.176586,0.165,2.482,38.098
2026-08-14T00:52:33.176720,0.137,2.482,38.098
2026-08-14T00:52:33.177944,1.221,2.492,38.098
2026-08-14T00:52:33.178090,0.149,2.493,38.098
2026-08-14T00:52:33.180367,2.274,2.492,38.098
2026-08-14T00:52:33.180502,0.138,2.492,38.098
2026-08-14T00:52:33.180629,0.128,2.482,38.098
2026-08-14T00:52:33.180753,0.124,2.481,38.098
2026-08-14T00:52:33.218044,37.208,2.499,38.098
2026-08-14T00:52:33.218259,0.282,2.501,38.098
2026-08-14T00:52:33.218407,0.159,2.501,38.098
2026-08-14T00:52:33.219659,1.233,2.490,38.098
2026-08-14T00:52:33.219881,0.222,2.491,38.098
2026-08-14T00:52:33.220112,0.224,2.492,38.098
2026-08-14T00:52:33.223615,3.484,2.503,38.098
2026-08-14T00:52:33.223835,0.237,2.504,38.098
2026-08-14T00:52:33.224011,0.202,2.505,38.098
2026-08-14T00:52:33.224147,0.141,2.505,38.098
2026-08-14T00:52:33.224332,0.182,2.505,38.098
2026-08-14T00:52:33.226679,2.343,2.505,38.098
2026-08-14T00:52:33.227956,1.275,2.516,38.098
2026-08-14T00:52:33.228108,0.160,2.516,38.098
2026-08-14T00:52:33.228233,0.128,2.505,38.098
2026-08-14T00:52:33.231585,3.345,2.537,38.098
2026-08-14T00:52:33.231720,0.141,2.516,38.098
2026-08-14T00:52:33.231854,0.133,2.516,38.098
2026-08-14T00:52:33.231982,0.130,2.516,38.098
2026-08-14T00:52:33.232106,0.125,2.516,38.098
2026-08-14T00:52:33.268719,36.552,2.501,37.718
2026-08-14T00:52:33.268935,0.260,2.500,37.718
2026-08-14T00:52:33.269084,0.159,2.500,37.718
2026-08-14T00:52:33.270310,1.223,2.501,37.718
2026-08-14T00:52:33.270463,0.156,2.501,37.718
2026-08-14T00:52:33.270604,0.143,2.501,37.718
2026-08-14T00:52:33.272907,2.297,2.501,37.718
2026-08-14T00:52:33.273055,0.152,2.501,37.718
2026-08-14T00:52:33.273193,0.139,2.501,37.718
2026-08-14T00:52:33.273329,0.136,2.490,37.718
2026-08-14T00:52:33.273516,0.185,2.490,37.718
2026-08-14T00:52:33.275845,2.315,2.490,37.718
2026-08-14T00:52:33.276027,0.194,2.478,37.718
2026-08-14T00:52:33.276173,0.149,2.478,37.718
2026-08-14T00:52:33.277407,1.229,2.489,37.718
2026-08-14T00:52:33.277578,0.173,2.489,37.718
2026-08-14T00:52:33.279893,2.311,2.490,37.718
2026-08-14T00:52:33.280069,0.168,2.490,37.718
2026-08-14T00:52:33.280247,0.181,2.480,37.718
2026-08-14T00:52:33.280410,0.168,2.480,37.718
2026-08-14T00:52:33.318198,37.722,2.503,37.722
2026-08-14T00:52:33.318407,0.274,2.504,37.722
2026-08-14T00:52:33.318548,0.151,2.504,37.722
2026-08-14T00:52:33.320855,2.291,2.504,37.722
2026-08-14T00:52:33.321006,0.165,2.505,37.722
2026-08-14T00:52:33.321143,0.139,2.504,37.722
2026-08-14T00:52:33.321267,0.126,2.483,37.722
2026-08-14T00:52:33.323544,2.271,2.504,37.722
2026-08-14T00:52:33.323687,0.146,2.504,37.722
2026-08-14T00:52:33.323829,0.132,2.504,37.722
2026-08-14T00:52:33.324014,0.192,2.504,37.722
2026-08-14T00:52:33.326324,2.308,2.504,37.722
2026-08-14T00:52:33.326494,0.173,2.504,37.722
2026-08-14T00:52:33.327713,1.217,2.515,37.722
2026-08-14T00:52:33.327868,0.155,2.504,37.722
2026-08-14T00:52:33.328021,0.155,2.504,37.722
2026-08-14T00:52:33.330334,2.310,2.504,37.722
2026-08-14T00:52:33.330474,0.145,2.504,37.722
2026-08-14T00:52:33.330602,0.130,2.504,37.722
2026-08-14T00:52:33.330729,0.128,2.504,37.722
2026-08-14T00:52:33.368354,37.585,2.502,37.722
2026-08-14T00:52:33.368530,0.208,2.502,37.722
2026-08-14T00:52:33.368667,0.143,2.501,37.722
2026-08-14T00:52:33.370954,2.282,2.501,37.722
2026-08-14T00:52:33.371096,0.146,2.501,37.722
2026-08-14T00:52:33.371228,0.134,2.501,37.722
2026-08-14T00:52:33.371352,0.125,2.479,37.722
2026-08-14T00:52:33.373640,2.280,2.501,37.722
2026-08-14T00:52:33.373786,0.150,2.501,37.722
2026-08-14T00:52:33.373935,0.148,2.501,37.722
2026-08-14T00:52:33.374114,0.179,2.501,37.722
2026-08-14T00:52:33.376422,2.304,2.501,37.722
2026-08-14T00:52:33.376591,0.172,2.479,37.722
2026-08-14T00:52:33.376727,0.139,2.479,37.722
2026-08-14T00:52:33.376869,0.140,2.479,37.722
2026-08-14T00:52:33.378089,1.218,2.490,37.722
2026-08-14T00:52:33.380379,2.288,2.500,37.722
2026-08-14T00:52:33.380515,0.141,2.500,37.722
2026-08-14T00:52:33.380644,0.129,2.500,37.722
2026-08-14T00:52:33.380769,0.127,2.500,37.722
2026-08-14T00:52:33.417936,37.110,2.496,37.722
2026-08-14T00:52:33.418128,0.237,2.497,37.722
2026-08-14T00:52:33.418266,0.148,2.497,37.722
2026-08-14T00:52:33.420550,2.280,2.507,37.722
2026-08-14T00:52:33.420691,0.145,2.507,37.722
2026-08-14T00:52:33.420837,0.134,2.507,37.722
2026-08-14T00:52:33.420974,0.148,2.475,37.722
2026-08-14T00:52:33.423254,2.278,2.496,37.722
2026-08-14T00:52:33.423394,0.142,2.496,37.722
2026-08-14T00:52:33.423523,0.131,2.496,37.722
2026-08-14T00:52:33.423701,0.175,2.496,37.722
2026-08-14T00:52:33.426019,2.312,2.496,37.722
2026-08-14T00:52:33.426189,0.176,2.496,37.722
2026-08-14T00:52:33.427407,1.216,2.507,37.722
2026-08-14T00:52:33.427539,0.138,2.496,37.722
2026-08-14T00:52:33.430918,3.373,2.528,37.722
2026-08-14T00:52:33.431053,0.140,2.507,37.722
2026-08-14T00:52:33.431175,0.124,2.507,37.722
2026-08-14T00:52:33.431294,0.120,2.507,37.722
2026-08-14T00:52:33.431412,0.119,2.507,37.722
2026-08-14T00:52:33.468008,36.543,2.500,37.722
2026-08-14T00:52:33.468198,0.228,2.499,37.722
2026-08-14T00:52:33.468344,0.155,2.499,37.722
2026-08-14T00:52:33.470635,2.288,2.510,37.722
2026-08-14T00:52:33.470778,0.147,2.509,37.722
2026-08-14T00:52:33.470925,0.147,2.508,37.722
2026-08-14T00:52:33.471059,0.136,2.475,37.722
2026-08-14T00:52:33.473339,2.274,2.495,37.722
2026-08-14T00:52:33.473479,0.144,2.495,37.722
2026-08-14T00:52:33.473607,0.130,2.495,37.722
2026-08-14T00:52:33.473780,0.170,2.494,37.722
2026-08-14T00:52:33.476095,2.312,2.494,37.722
2026-08-14T00:52:33.476263,0.170,2.483,37.722
2026-08-14T00:52:33.476399,0.138,2.483,37.722
2026-08-14T00:52:33.476526,0.129,2.483,37.722
2026-08-14T00:52:33.477746,1.215,2.462,37.722
2026-08-14T00:52:33.477900,0.155,2.462,37.722
2026-08-14T00:52:33.480178,2.280,2.483,37.722
2026-08-14T00:52:33.480306,0.131,2.483,37.722
2026-08-14T00:52:33.480427,0.122,2.483,37.722
2026-08-14T00:52:33.518025,37.559,2.493,37.722
2026-08-14T00:52:33.518206,0.206,2.493,37.722
2026-08-14T00:52:33.518352,0.153,2.493,37.722
2026-08-14T00:52:33.520647,2.292,2.503,37.722
2026-08-14T00:52:33.520795,0.153,2.503,37.722
2026-08-14T00:52:33.520950,0.156,2.503,37.722
2026-08-14T00:52:33.521078,0.131,2.482,37.722
2026-08-14T00:52:33.523354,2.272,2.503,37.722
2026-08-14T00:52:33.523494,0.141,2.503,37.722
2026-08-14T00:52:33.523620,0.129,2.503,37.722
2026-08-14T00:52:33.523790,0.167,2.503,37.722
2026-08-14T00:52:33.526106,2.313,2.503,37.722
2026-08-14T00:52:33.526273,0.170,2.502,37.722
2026-08-14T00:52:33.528561,2.286,2.524,37.722
2026-08-14T00:52:33.528708,0.151,2.513,37.722
2026-08-14T00:52:33.528858,0.149,2.513,37.722
2026-08-14T00:52:33.528995,0.139,2.491,37.722
2026-08-14T00:52:33.531277,2.276,2.512,37.722
2026-08-14T00:52:33.531417,0.145,2.512,37.722
2026-08-14T00:52:33.531544,0.129,2.511,37.722
2026-08-14T00:52:33.564991,33.382,2.468,37.585
2026-08-14T00:52:33.568414,3.469,2.500,37.585
2026-08-14T00:52:33.568567,0.166,2.500,37.585
2026-08-14T00:52:33.568706,0.142,2.479,37.585
2026-08-14T00:52:33.569937,1.226,2.489,37.585
2026-08-14T00:52:33.570080,0.148,2.489,37.585
2026-08-14T00:52:33.570213,0.135,2.489,37.585
2026-08-14T00:52:33.573560,3.342,2.500,37.585
2026-08-14T00:52:33.573701,0.144,2.500,37.585
2026-08-14T00:52:33.573842,0.131,2.500,37.585
2026-08-14T00:52:33.573974,0.142,2.500,37.585
2026-08-14T00:52:33.574150,0.176,2.478,37.585
2026-08-14T00:52:33.576462,2.307,2.500,37.585
2026-08-14T00:52:33.576637,0.177,2.489,37.585
2026-08-14T00:52:33.576776,0.142,2.489,37.585
2026-08-14T00:52:33.578017,1.238,2.500,37.585
2026-08-14T00:52:33.578169,0.155,2.478,37.585
2026-08-14T00:52:33.580450,2.279,2.500,37.585
2026-08-14T00:52:33.580586,0.139,2.500,37.585
2026-08-14T00:52:33.580714,0.130,2.500,37.585
2026-08-14T00:52:33.580849,0.126,2.125,37.559
2026-08-14T00:52:33.618009,37.110,2.494,37.559
2026-08-14T00:52:33.618198,0.238,2.495,37.559
2026-08-14T00:52:33.618338,0.147,2.474,37.559
2026-08-14T00:52:33.620714,2.342,2.496,37.559
2026-08-14T00:52:33.620912,0.222,2.497,37.559
2026-08-14T00:52:33.621061,0.157,2.497,37.559
2026-08-14T00:52:33.623359,2.295,2.497,37.559
2026-08-14T00:52:33.623503,0.147,2.497,37.559
2026-08-14T00:52:33.623634,0.134,2.497,37.559
2026-08-14T00:52:33.623760,0.127,2.497,37.559
2026-08-14T00:52:33.623955,0.189,2.475,37.559
2026-08-14T00:52:33.626322,2.351,2.497,37.559
2026-08-14T00:52:33.627664,1.339,2.509,37.559
2026-08-14T00:52:33.627842,0.183,2.510,37.559
2026-08-14T00:52:33.627991,0.164,2.499,37.559
2026-08-14T00:52:33.631357,3.364,2.510,37.559
2026-08-14T00:52:33.631498,0.144,2.510,37.559
2026-08-14T00:52:33.631627,0.131,2.510,37.559
2026-08-14T00:52:33.631754,0.127,2.510,37.559
2026-08-14T00:52:33.631900,0.144,2.140,37.559
2026-08-14T00:52:33.668421,36.511,2.503,37.559
2026-08-14T00:52:33.668603,0.185,2.503,37.559
2026-08-14T00:52:33.668742,0.146,2.482,37.559
2026-08-14T00:52:33.669965,1.218,2.493,37.559
2026-08-14T00:52:33.670118,0.156,2.493,37.559
2026-08-14T00:52:33.670264,0.147,2.493,37.559
2026-08-14T00:52:33.670401,0.138,2.471,37.559
2026-08-14T00:52:33.672687,2.284,2.493,37.559
2026-08-14T00:52:33.672842,0.148,2.493,37.559
2026-08-14T00:52:33.672979,0.147,2.493,37.559
2026-08-14T00:52:33.673159,0.178,2.471,37.559
2026-08-14T00:52:33.676559,3.394,2.504,37.559
2026-08-14T00:52:33.676738,0.182,2.493,37.559
2026-08-14T00:52:33.676915,0.171,2.494,37.559
2026-08-14T00:52:33.677062,0.154,2.461,37.559
2026-08-14T00:52:33.677208,0.149,2.462,37.559
2026-08-14T00:52:33.680626,3.397,2.494,37.559
2026-08-14T00:52:33.680793,0.183,2.495,37.559
2026-08-14T00:52:33.680953,0.165,2.495,37.559
2026-08-14T00:52:33.681082,0.134,2.131,37.559
2026-08-14T00:52:33.718745,37.634,2.505,37.634
2026-08-14T00:52:33.718942,0.210,2.506,37.634
2026-08-14T00:52:33.719091,0.159,2.485,37.634
2026-08-14T00:52:33.720314,1.220,2.495,37.634
2026-08-14T00:52:33.720466,0.155,2.495,37.634
2026-08-14T00:52:33.720610,0.146,2.495,37.634
2026-08-14T00:52:33.722923,2.302,2.496,37.634
2026-08-14T00:52:33.723081,0.167,2.496,37.634
2026-08-14T00:52:33.723223,0.145,2.496,37.634
2026-08-14T00:52:33.723361,0.139,2.496,37.634
2026-08-14T00:52:33.723544,0.180,2.474,37.634
2026-08-14T00:52:33.725871,2.323,2.496,37.634
2026-08-14T00:52:33.728224,2.351,2.518,37.634
2026-08-14T00:52:33.728383,0.165,2.519,37.634
2026-08-14T00:52:33.728521,0.140,2.508,37.634
2026-08-14T00:52:33.728665,0.145,2.508,37.634
2026-08-14T00:52:33.730943,2.277,2.508,37.634
2026-08-14T00:52:33.731074,0.135,2.508,37.634
2026-08-14T00:52:33.732272,1.195,2.518,37.634
2026-08-14T00:52:33.732406,0.136,2.144,37.634
2026-08-14T00:52:33.768010,35.530,2.497,37.634
2026-08-14T00:52:33.768210,0.263,2.499,37.634
2026-08-14T00:52:33.768349,0.149,2.477,37.634
2026-08-14T00:52:33.770647,2.292,2.498,37.634
2026-08-14T00:52:33.770791,0.149,2.498,37.634
2026-08-14T00:52:33.770936,0.145,2.499,37.634
2026-08-14T00:52:33.773213,2.274,2.499,37.634
2026-08-14T00:52:33.773353,0.142,2.499,37.634
2026-08-14T00:52:33.773481,0.131,2.499,37.634
2026-08-14T00:52:33.773612,0.129,2.498,37.634
2026-08-14T00:52:33.773792,0.180,2.477,37.634
2026-08-14T00:52:33.775044,1.248,2.488,37.634
2026-08-14T00:52:33.776345,1.289,2.478,37.634
2026-08-14T00:52:33.776508,0.175,2.478,37.634
2026-08-14T00:52:33.777739,1.230,2.489,37.634
2026-08-14T00:52:33.777914,0.176,2.489,37.634
2026-08-14T00:52:33.780208,2.292,2.489,37.634
2026-08-14T00:52:33.780351,0.148,2.489,37.634
2026-08-14T00:52:33.780480,0.131,2.489,37.634
2026-08-14T00:52:33.780608,0.129,2.157,37.634
2026-08-14T00:52:33.817851,37.164,2.494,37.634
2026-08-14T00:52:33.818047,0.265,2.495,37.634
2026-08-14T00:52:33.818186,0.148,2.495,37.634
2026-08-14T00:52:33.820472,2.283,2.505,37.634
2026-08-14T00:52:33.820614,0.145,2.505,37.634
2026-08-14T00:52:33.820749,0.137,2.505,37.634
2026-08-14T00:52:33.820892,0.141,2.473,37.634
2026-08-14T00:52:33.824287,3.383,2.506,37.634
2026-08-14T00:52:33.824440,0.162,2.506,37.634
2026-08-14T00:52:33.824575,0.139,2.506,37.634
2026-08-14T00:52:33.824755,0.179,2.506,37.634
2026-08-14T00:52:33.826006,1.247,2.495,37.634
2026-08-14T00:52:33.826175,0.171,2.495,37.634
2026-08-14T00:52:33.827391,1.216,2.506,37.634
2026-08-14T00:52:33.827530,0.141,2.495,37.634
2026-08-14T00:52:33.830896,3.362,2.527,37.634
2026-08-14T00:52:33.831040,0.147,2.506,37.634
2026-08-14T00:52:33.831174,0.136,2.506,37.634
2026-08-14T00:52:33.831302,0.128,2.506,37.634
2026-08-14T00:52:33.831428,0.127,2.506,37.634
2026-08-14T00:52:33.867908,36.468,2.499,37.634
2026-08-14T00:52:33.868057,0.155,2.499,37.634
2026-08-14T00:52:33.868189,0.136,2.499,37.634
2026-08-14T00:52:33.870478,2.284,2.498,37.634
2026-08-14T00:52:33.870623,0.148,2.497,37.634
2026-08-14T00:52:33.870756,0.135,2.497,37.634
2026-08-14T00:52:33.873038,2.277,2.497,37.634
2026-08-14T00:52:33.873178,0.143,2.497,37.634
2026-08-14T00:52:33.873310,0.134,2.497,37.634
2026-08-14T00:52:33.873468,0.156,2.497,37.634
2026-08-14T00:52:33.873639,0.170,2.497,37.634
2026-08-14T00:52:33.875964,2.320,2.497,37.634
2026-08-14T00:52:33.876140,0.180,2.485,37.634
2026-08-14T00:52:33.876280,0.143,2.485,37.634
2026-08-14T00:52:33.877498,1.219,2.495,37.634
2026-08-14T00:52:33.877633,0.137,2.463,37.634
2026-08-14T00:52:33.879911,2.274,2.484,37.634
2026-08-14T00:52:33.880038,0.132,2.484,37.634
2026-08-14T00:52:33.880156,0.119,2.484,37.634
2026-08-14T00:52:33.880273,0.117,2.484,37.634
2026-08-14T00:52:33.917817,37.522,2.494,37.634
2026-08-14T00:52:33.917968,0.165,2.494,37.634
2026-08-14T00:52:33.918100,0.136,2.494,37.634
2026-08-14T00:52:33.920386,2.281,2.504,37.634
2026-08-14T00:52:33.920527,0.144,2.504,37.634
2026-08-14T00:52:33.920657,0.132,2.504,37.634
2026-08-14T00:52:33.920784,0.127,2.504,37.634
2026-08-14T00:52:33.923083,2.292,2.504,37.634
2026-08-14T00:52:33.923226,0.148,2.504,37.634
2026-08-14T00:52:33.923358,0.134,2.504,37.634
2026-08-14T00:52:33.923520,0.159,2.504,37.634
2026-08-14T00:52:33.925838,2.306,2.493,37.634
2026-08-14T00:52:33.926009,0.181,2.493,37.634
2026-08-14T00:52:33.928305,2.294,2.514,37.634
2026-08-14T00:52:33.928448,0.147,2.514,37.634
2026-08-14T00:52:33.928589,0.142,2.514,37.634
2026-08-14T00:52:33.928718,0.131,2.481,37.634
2026-08-14T00:52:33.931003,2.278,2.502,37.634
2026-08-14T00:52:33.932229,1.232,2.513,37.634
2026-08-14T00:52:33.932357,0.132,2.513,37.634
2026-08-14T00:52:33.967798,35.413,2.491,37.522
2026-08-14T00:52:33.967987,0.204,2.490,37.522
2026-08-14T00:52:33.968132,0.152,2.490,37.522
2026-08-14T00:52:33.970425,2.290,2.501,37.522
2026-08-14T00:52:33.970571,0.149,2.501,37.522
2026-08-14T00:52:33.970707,0.138,2.501,37.522
2026-08-14T00:52:33.970851,0.130,2.479,37.522
2026-08-14T00:52:33.973135,2.295,2.501,37.522
2026-08-14T00:52:33.973270,0.138,2.500,37.522
2026-08-14T00:52:33.973396,0.127,2.500,37.522
2026-08-14T00:52:33.973560,0.161,2.500,37.522
2026-08-14T00:52:33.975872,2.310,2.500,37.522
2026-08-14T00:52:33.976033,0.165,2.478,37.522
2026-08-14T00:52:33.976164,0.133,2.478,37.522
2026-08-14T00:52:33.976287,0.124,2.478,37.522
2026-08-14T00:52:33.977498,1.207,2.488,37.522
2026-08-14T00:52:33.979779,2.281,2.488,37.522
2026-08-14T00:52:33.979927,0.150,2.488,37.522
2026-08-14T00:52:33.980054,0.129,2.478,37.522
2026-08-14T00:52:33.980181,0.127,2.478,37.522
2026-08-14T00:52:34.018515,38.258,2.505,38.258
2026-08-14T00:52:34.018722,0.273,2.505,38.258
2026-08-14T00:52:34.018876,0.161,2.505,38.258
2026-08-14T00:52:34.020095,1.217,2.494,38.258
2026-08-14T00:52:34.020239,0.147,2.494,38.258
2026-08-14T00:52:34.020371,0.135,2.494,38.258
2026-08-14T00:52:34.020498,0.128,2.473,38.258
2026-08-14T00:52:34.023863,3.356,2.505,38.258
2026-08-14T00:52:34.024008,0.150,2.505,38.258
2026-08-14T00:52:34.024139,0.134,2.505,38.258
2026-08-14T00:52:34.024317,0.175,2.505,38.258
2026-08-14T00:52:34.026619,2.301,2.516,38.258
2026-08-14T00:52:34.026779,0.163,2.505,38.258
2026-08-14T00:52:34.028000,1.219,2.515,38.258
2026-08-14T00:52:34.028133,0.136,2.504,38.258
2026-08-14T00:52:34.028265,0.134,2.504,38.258
2026-08-14T00:52:34.030534,2.265,2.503,38.258
2026-08-14T00:52:34.030666,0.134,2.503,38.258
2026-08-14T00:52:34.030786,0.122,2.503,38.258
2026-08-14T00:52:34.030920,0.131,2.503,38.258
2026-08-14T00:52:34.068455,37.526,2.507,38.258
2026-08-14T00:52:34.068607,0.155,2.506,38.258
2026-08-14T00:52:34.068741,0.138,2.506,38.258
2026-08-14T00:52:34.069978,1.225,2.495,38.258
2026-08-14T00:52:34.070136,0.166,2.495,38.258
2026-08-14T00:52:34.073498,3.361,2.527,38.258
2026-08-14T00:52:34.073644,0.149,2.527,38.258
2026-08-14T00:52:34.073776,0.135,2.495,38.258
2026-08-14T00:52:34.073922,0.145,2.495,38.258
2026-08-14T00:52:34.074061,0.138,2.495,38.258
2026-08-14T00:52:34.076414,2.344,2.516,38.258
2026-08-14T00:52:34.076575,0.169,2.506,38.258
2026-08-14T00:52:34.076736,0.162,2.506,38.258
2026-08-14T00:52:34.077954,1.217,2.506,38.258
2026-08-14T00:52:34.078090,0.140,2.506,38.258
2026-08-14T00:52:34.078225,0.136,2.473,38.258
2026-08-14T00:52:34.080526,2.294,2.495,38.258
2026-08-14T00:52:34.080669,0.146,2.495,38.258
2026-08-14T00:52:34.080794,0.129,2.495,38.258
2026-08-14T00:52:34.080937,0.141,2.495,38.258
2026-08-14T00:52:34.118670,37.676,2.507,38.258
2026-08-14T00:52:34.118891,0.262,2.508,38.258
2026-08-14T00:52:34.119045,0.165,2.509,38.258
2026-08-14T00:52:34.120272,1.226,2.498,38.258
2026-08-14T00:52:34.120425,0.156,2.498,38.258
2026-08-14T00:52:34.120567,0.143,2.498,38.258
2026-08-14T00:52:34.120702,0.136,2.477,38.258
2026-08-14T00:52:34.123000,2.292,2.498,38.258
2026-08-14T00:52:34.123150,0.154,2.498,38.258
2026-08-14T00:52:34.123287,0.138,2.498,38.258
2026-08-14T00:52:34.123474,0.185,2.498,38.258
2026-08-14T00:52:34.125794,2.316,2.498,38.258
2026-08-14T00:52:34.125982,0.189,2.498,38.258
2026-08-14T00:52:34.128288,2.305,2.520,38.258
2026-08-14T00:52:34.128437,0.152,2.509,38.258
2026-08-14T00:52:34.128584,0.149,2.509,38.258
2026-08-14T00:52:34.130887,2.297,2.510,38.258
2026-08-14T00:52:34.131036,0.154,2.510,38.258
2026-08-14T00:52:34.131172,0.137,2.510,38.258
2026-08-14T00:52:34.131294,0.128,2.510,38.258
2026-08-14T00:52:34.167866,36.517,2.500,38.258
2026-08-14T00:52:34.168045,0.220,2.501,38.258
2026-08-14T00:52:34.168184,0.147,2.501,38.258
2026-08-14T00:52:34.170473,2.286,2.501,38.258
2026-08-14T00:52:34.170616,0.146,2.501,38.258
2026-08-14T00:52:34.170753,0.137,2.501,38.258
2026-08-14T00:52:34.170897,0.142,2.501,38.258
2026-08-14T00:52:34.173181,2.282,2.501,38.258
2026-08-14T00:52:34.173325,0.144,2.501,38.258
2026-08-14T00:52:34.175609,2.285,2.522,38.258
2026-08-14T00:52:34.175794,0.185,2.523,38.258
2026-08-14T00:52:34.175956,0.163,2.501,38.258
2026-08-14T00:52:34.176111,0.157,2.501,38.258
2026-08-14T00:52:34.178397,2.283,2.501,38.258
2026-08-14T00:52:34.178540,0.144,2.501,38.258
2026-08-14T00:52:34.178698,0.154,2.501,38.258
2026-08-14T00:52:34.181001,2.305,2.523,38.258
2026-08-14T00:52:34.181140,0.143,2.501,38.258
2026-08-14T00:52:34.181268,0.130,2.490,38.258
2026-08-14T00:52:34.181394,0.126,2.490,38.258
2026-08-14T00:52:34.218602,37.142,2.508,38.258
2026-08-14T00:52:34.218804,0.257,2.508,38.258
2026-08-14T00:52:34.218961,0.165,2.508,38.258
2026-08-14T00:52:34.220178,1.215,2.498,38.258
2026-08-14T00:52:34.220334,0.154,2.498,38.258
2026-08-14T00:52:34.220473,0.145,2.498,38.258
2026-08-14T00:52:34.223842,3.353,2.530,38.258
2026-08-14T00:52:34.223989,0.162,2.509,38.258
2026-08-14T00:52:34.224119,0.133,2.509,38.258
2026-08-14T00:52:34.224248,0.129,2.509,38.258
2026-08-14T00:52:34.224425,0.175,2.509,38.258
2026-08-14T00:52:34.225661,1.234,2.498,38.258
2026-08-14T00:52:34.228178,2.454,2.521,38.258
2026-08-14T00:52:34.228453,0.313,2.523,38.258
2026-08-14T00:52:34.228627,0.193,2.523,38.258
2026-08-14T00:52:34.230963,2.331,2.535,38.258
2026-08-14T00:52:34.231675,0.719,2.519,38.258
2026-08-14T00:52:34.231824,0.145,2.519,38.258
2026-08-14T00:52:34.231966,0.152,2.519,38.258
2026-08-14T00:52:34.232099,0.135,2.519,38.258
2026-08-14T00:52:34.268649,36.510,2.502,37.676
2026-08-14T00:52:34.268846,0.214,2.501,37.676
2026-08-14T00:52:34.269011,0.176,2.501,37.676
2026-08-14T00:52:34.270237,1.231,2.501,37.676
2026-08-14T00:52:34.270380,0.147,2.501,37.676
2026-08-14T00:52:34.270514,0.136,2.501,37.676
2026-08-14T00:52:34.272790,2.274,2.523,37.676
2026-08-14T00:52:34.272940,0.149,2.491,37.676
2026-08-14T00:52:34.273076,0.140,2.491,37.676
2026-08-14T00:52:34.273204,0.129,2.491,37.676
2026-08-14T00:52:34.273377,0.171,2.491,37.676
2026-08-14T00:52:34.275711,2.328,2.491,37.676
2026-08-14T00:52:34.275895,0.186,2.491,37.676
2026-08-14T00:52:34.276036,0.145,2.480,37.676
2026-08-14T00:52:34.277254,1.217,2.491,37.676
2026-08-14T00:52:34.277397,0.145,2.491,37.676
2026-08-14T00:52:34.280736,3.336,2.502,37.676
2026-08-14T00:52:34.280887,0.148,2.502,37.676
2026-08-14T00:52:34.281015,0.136,2.502,37.676
2026-08-14T00:52:34.281137,0.123,2.502,37.676
2026-08-14T00:52:34.318800,37.611,2.503,37.676
2026-08-14T00:52:34.319009,0.246,2.504,37.676
2026-08-14T00:52:34.319153,0.153,2.504,37.676
2026-08-14T00:52:34.319320,0.165,2.494,37.676
2026-08-14T00:52:34.319457,0.141,2.493,37.676
2026-08-14T00:52:34.322829,3.352,2.493,37.676
2026-08-14T00:52:34.323010,0.189,2.494,37.676
2026-08-14T00:52:34.323161,0.156,2.494,37.676
2026-08-14T00:52:34.323305,0.147,2.494,37.676
2026-08-14T00:52:34.323437,0.137,2.494,37.676
2026-08-14T00:52:34.325763,2.322,2.494,37.676
2026-08-14T00:52:34.328124,2.356,2.515,37.676
2026-08-14T00:52:34.328302,0.182,2.516,37.676
2026-08-14T00:52:34.328441,0.144,2.505,37.676
2026-08-14T00:52:34.328569,0.130,2.505,37.676
2026-08-14T00:52:34.330858,2.285,2.526,37.676
2026-08-14T00:52:34.330991,0.137,2.505,37.676
2026-08-14T00:52:34.331113,0.124,2.505,37.676
2026-08-14T00:52:34.331231,0.119,2.504,37.676
2026-08-14T00:52:34.331350,0.119,2.504,37.676
2026-08-14T00:52:34.367828,36.453,2.492,37.611
2026-08-14T00:52:34.367992,0.177,2.491,37.611
2026-08-14T00:52:34.368133,0.147,2.491,37.611
2026-08-14T00:52:34.370425,2.288,2.502,37.611
2026-08-14T00:52:34.370574,0.151,2.501,37.611
2026-08-14T00:52:34.370711,0.140,2.501,37.611
2026-08-14T00:52:34.370857,0.131,2.501,37.611
2026-08-14T00:52:34.373141,2.297,2.501,37.611
2026-08-14T00:52:34.373278,0.140,2.501,37.611
2026-08-14T00:52:34.373405,0.127,2.501,37.611
2026-08-14T00:52:34.373572,0.165,2.501,37.611
2026-08-14T00:52:34.375881,2.308,2.501,37.611
2026-08-14T00:52:34.376043,0.165,2.501,37.611
2026-08-14T00:52:34.376176,0.134,2.479,37.611
2026-08-14T00:52:34.376299,0.125,2.479,37.611
2026-08-14T00:52:34.378578,2.275,2.500,37.611
2026-08-14T00:52:34.380884,2.304,2.500,37.611
2026-08-14T00:52:34.381020,0.141,2.500,37.611
2026-08-14T00:52:34.381144,0.126,2.500,37.611
2026-08-14T00:52:34.381268,0.124,2.500,37.611
2026-08-14T00:52:34.418437,37.103,2.506,37.611
2026-08-14T00:52:34.418638,0.254,2.506,37.611
2026-08-14T00:52:34.418779,0.152,2.506,37.611
2026-08-14T00:52:34.420010,1.227,2.495,37.611
2026-08-14T00:52:34.420157,0.150,2.495,37.611
2026-08-14T00:52:34.420288,0.134,2.495,37.611
2026-08-14T00:52:34.423645,3.352,2.527,37.611
2026-08-14T00:52:34.423782,0.142,2.506,37.611
2026-08-14T00:52:34.426091,2.305,2.528,37.611
2026-08-14T00:52:34.426234,0.145,2.506,37.611
2026-08-14T00:52:34.426414,0.179,2.506,37.611
2026-08-14T00:52:34.427648,1.233,2.517,37.611
2026-08-14T00:52:34.427825,0.168,2.517,37.611
2026-08-14T00:52:34.427970,0.156,2.496,37.611
2026-08-14T00:52:34.430264,2.292,2.517,37.611
2026-08-14T00:52:34.430412,0.151,2.517,37.611
2026-08-14T00:52:34.432714,2.297,2.517,37.611
2026-08-14T00:52:34.432867,0.155,2.517,37.611
2026-08-14T00:52:34.432998,0.135,2.517,37.611
2026-08-14T00:52:34.433126,0.128,2.517,37.611
2026-08-14T00:52:34.468553,35.416,2.500,37.611
2026-08-14T00:52:34.468705,0.158,2.499,37.611
2026-08-14T00:52:34.468848,0.137,2.499,37.611
2026-08-14T00:52:34.470067,1.225,2.499,37.611
2026-08-14T00:52:34.470212,0.146,2.499,37.611
2026-08-14T00:52:34.470345,0.135,2.499,37.611
2026-08-14T00:52:34.473696,3.347,2.499,37.611
2026-08-14T00:52:34.473850,0.144,2.498,37.611
2026-08-14T00:52:34.473991,0.153,2.499,37.611
2026-08-14T00:52:34.474122,0.133,2.499,37.611
2026-08-14T00:52:34.474288,0.164,2.499,37.611
2026-08-14T00:52:34.476616,2.320,2.509,37.611
2026-08-14T00:52:34.476793,0.181,2.487,37.611
2026-08-14T00:52:34.476949,0.158,2.485,37.611
2026-08-14T00:52:34.477086,0.140,2.485,37.611
2026-08-14T00:52:34.477228,0.143,2.463,37.611
2026-08-14T00:52:34.480574,3.343,2.489,37.611
2026-08-14T00:52:34.480711,0.141,2.489,37.611
2026-08-14T00:52:34.480846,0.127,2.489,37.611
2026-08-14T00:52:34.480975,0.139,2.489,37.611
2026-08-14T00:52:34.518525,37.539,2.499,37.611
2026-08-14T00:52:34.518676,0.156,2.498,37.611
2026-08-14T00:52:34.518826,0.137,2.498,37.611
2026-08-14T00:52:34.520075,1.249,2.498,37.611
2026-08-14T00:52:34.520236,0.172,2.499,37.611
2026-08-14T00:52:34.520375,0.145,2.499,37.611
2026-08-14T00:52:34.522685,2.301,2.499,37.611
2026-08-14T00:52:34.522841,0.152,2.499,37.611
2026-08-14T00:52:34.522976,0.147,2.499,37.611
2026-08-14T00:52:34.523102,0.128,2.499,37.611
2026-08-14T00:52:34.523297,0.190,2.499,37.611
2026-08-14T00:52:34.525607,2.308,2.499,37.611
2026-08-14T00:52:34.527938,2.330,2.520,37.611
2026-08-14T00:52:34.528082,0.149,2.520,37.611
2026-08-14T00:52:34.528211,0.131,2.510,37.611
2026-08-14T00:52:34.528347,0.136,2.510,37.611
2026-08-14T00:52:34.530631,2.277,2.499,37.611
2026-08-14T00:52:34.530769,0.143,2.499,37.611
2026-08-14T00:52:34.531986,1.215,2.510,37.611
2026-08-14T00:52:34.532123,0.140,2.510,37.611
2026-08-14T00:52:34.564534,32.334,2.457,37.539
2026-08-14T00:52:34.567973,3.496,2.490,37.539
2026-08-14T00:52:34.568134,0.175,2.490,37.539
2026-08-14T00:52:34.568277,0.146,2.490,37.539
2026-08-14T00:52:34.570571,2.290,2.511,37.539
2026-08-14T00:52:34.570722,0.154,2.479,37.539
2026-08-14T00:52:34.570880,0.158,2.479,37.539
2026-08-14T00:52:34.573175,2.291,2.500,37.539
2026-08-14T00:52:34.573333,0.155,2.500,37.539
2026-08-14T00:52:34.573477,0.151,2.500,37.539
2026-08-14T00:52:34.573605,0.133,2.478,37.539
2026-08-14T00:52:34.573782,0.173,2.457,37.539
2026-08-14T00:52:34.576101,2.316,2.478,37.539
2026-08-14T00:52:34.576270,0.171,2.478,37.539
2026-08-14T00:52:34.576408,0.139,2.478,37.539
2026-08-14T00:52:34.577632,1.222,2.468,37.539
2026-08-14T00:52:34.577782,0.153,2.468,37.539
2026-08-14T00:52:34.580071,2.286,2.490,37.539
2026-08-14T00:52:34.580209,0.140,2.490,37.539
2026-08-14T00:52:34.580336,0.129,2.490,37.539
2026-08-14T00:52:34.580462,0.126,2.127,37.539
2026-08-14T00:52:34.618654,38.137,2.506,38.137
2026-08-14T00:52:34.618854,0.232,2.507,38.137
2026-08-14T00:52:34.618994,0.161,2.486,38.137
2026-08-14T00:52:34.620207,1.211,2.496,38.137
2026-08-14T00:52:34.620349,0.144,2.496,38.137
2026-08-14T00:52:34.620482,0.135,2.496,38.137
2026-08-14T00:52:34.620608,0.127,2.475,38.137
2026-08-14T00:52:34.623956,3.342,2.507,38.137
2026-08-14T00:52:34.624099,0.145,2.507,38.137
2026-08-14T00:52:34.624234,0.135,2.507,38.137
2026-08-14T00:52:34.624413,0.179,2.485,38.137
2026-08-14T00:52:34.626864,2.402,2.508,38.137
2026-08-14T00:52:34.627135,0.298,2.509,38.137
2026-08-14T00:52:34.627310,0.193,2.510,38.137
2026-08-14T00:52:34.627450,0.146,2.489,38.137
2026-08-14T00:52:34.630830,3.364,2.499,38.137
2026-08-14T00:52:34.630981,0.164,2.500,38.137
2026-08-14T00:52:34.631113,0.136,2.500,38.137
2026-08-14T00:52:34.631256,0.136,2.500,38.137
2026-08-14T00:52:34.631409,0.152,2.130,38.137
2026-08-14T00:52:34.667993,36.560,2.493,38.137
2026-08-14T00:52:34.668175,0.204,2.494,38.137
2026-08-14T00:52:34.668322,0.153,2.483,38.137
2026-08-14T00:52:34.670619,2.293,2.505,38.137
2026-08-14T00:52:34.670773,0.157,2.505,38.137
2026-08-14T00:52:34.670933,0.159,2.473,38.137
2026-08-14T00:52:34.671077,0.147,2.473,38.137
2026-08-14T00:52:34.673375,2.291,2.473,38.137
2026-08-14T00:52:34.673529,0.160,2.473,38.137
2026-08-14T00:52:34.673666,0.139,2.473,38.137
2026-08-14T00:52:34.673867,0.196,2.462,38.137
2026-08-14T00:52:34.675127,1.256,2.473,38.137
2026-08-14T00:52:34.675310,0.188,2.473,38.137
2026-08-14T00:52:34.676536,1.225,2.463,38.137
2026-08-14T00:52:34.676683,0.151,2.463,38.137
2026-08-14T00:52:34.677909,1.226,2.452,38.137
2026-08-14T00:52:34.678045,0.139,2.452,38.137
2026-08-14T00:52:34.680353,2.291,2.473,38.137
2026-08-14T00:52:34.680522,0.175,2.474,38.137
2026-08-14T00:52:34.680677,0.159,2.121,38.137
2026-08-14T00:52:34.718284,37.584,2.496,38.137
2026-08-14T00:52:34.718461,0.197,2.496,38.137
2026-08-14T00:52:34.718606,0.151,2.485,38.137
2026-08-14T00:52:34.720916,2.305,2.507,38.137
2026-08-14T00:52:34.721070,0.158,2.507,38.137
2026-08-14T00:52:34.721218,0.148,2.475,38.137
2026-08-14T00:52:34.721357,0.140,2.475,38.137
2026-08-14T00:52:34.723647,2.287,2.497,38.137
2026-08-14T00:52:34.723798,0.154,2.497,38.137
2026-08-14T00:52:34.723950,0.152,2.497,38.137
2026-08-14T00:52:34.724138,0.187,2.475,38.137
2026-08-14T00:52:34.726458,2.318,2.497,38.137
2026-08-14T00:52:34.726639,0.182,2.497,38.137
2026-08-14T00:52:34.727882,1.240,2.508,38.137
2026-08-14T00:52:34.728032,0.154,2.508,38.137
2026-08-14T00:52:34.728182,0.152,2.476,38.137
2026-08-14T00:52:34.730499,2.310,2.498,38.137
2026-08-14T00:52:34.730648,0.154,2.498,38.137
2026-08-14T00:52:34.730786,0.139,2.498,38.137
2026-08-14T00:52:34.730925,0.143,2.124,38.137
2026-08-14T00:52:34.768526,37.565,2.498,38.137
2026-08-14T00:52:34.768702,0.200,2.499,38.137
2026-08-14T00:52:34.768851,0.145,2.488,38.137
2026-08-14T00:52:34.770068,1.225,2.498,38.137
2026-08-14T00:52:34.770210,0.146,2.498,38.137
2026-08-14T00:52:34.770342,0.135,2.477,38.137
2026-08-14T00:52:34.770467,0.125,2.476,38.137
2026-08-14T00:52:34.772742,2.269,2.498,38.137
2026-08-14T00:52:34.772893,0.153,2.498,38.137
2026-08-14T00:52:34.773026,0.136,2.497,38.137
2026-08-14T00:52:34.773207,0.177,2.476,38.137
2026-08-14T00:52:34.775517,2.308,2.476,38.137
2026-08-14T00:52:34.775685,0.170,2.476,38.137
2026-08-14T00:52:34.775837,0.139,2.476,38.137
2026-08-14T00:52:34.775982,0.156,2.476,38.137
2026-08-14T00:52:34.777241,1.249,2.466,38.137
2026-08-14T00:52:34.777400,0.169,2.466,38.137
2026-08-14T00:52:34.779686,2.286,2.477,38.137
2026-08-14T00:52:34.779838,0.144,2.477,38.137
2026-08-14T00:52:34.779976,0.150,2.155,38.137
2026-08-14T00:52:34.818404,38.345,2.504,38.345
2026-08-14T00:52:34.818623,0.290,2.505,38.345
2026-08-14T00:52:34.818772,0.160,2.505,38.345
2026-08-14T00:52:34.821144,2.366,2.506,38.345
2026-08-14T00:52:34.821298,0.158,2.506,38.345
2026-08-14T00:52:34.821436,0.141,2.506,38.345
2026-08-14T00:52:34.821566,0.131,2.484,38.345
2026-08-14T00:52:34.823867,2.290,2.505,38.345
2026-08-14T00:52:34.824017,0.157,2.505,38.345
2026-08-14T00:52:34.824149,0.135,2.505,38.345
2026-08-14T00:52:34.824335,0.183,2.506,38.345
2026-08-14T00:52:34.826642,2.305,2.505,38.345
2026-08-14T00:52:34.826817,0.171,2.505,38.345
2026-08-14T00:52:34.828039,1.226,2.516,38.345
2026-08-14T00:52:34.828174,0.141,2.505,38.345
2026-08-14T00:52:34.828309,0.137,2.505,38.345
2026-08-14T00:52:34.830580,2.267,2.505,38.345
2026-08-14T00:52:34.830711,0.134,2.505,38.345
2026-08-14T00:52:34.830848,0.124,2.505,38.345
2026-08-14T00:52:34.830978,0.143,2.505,38.345
2026-08-14T00:52:34.868639,37.610,2.500,38.345
2026-08-14T00:52:34.868839,0.227,2.500,38.345
2026-08-14T00:52:34.868985,0.165,2.500,38.345
2026-08-14T00:52:34.870204,1.216,2.500,38.345
2026-08-14T00:52:34.870350,0.149,2.500,38.345
2026-08-14T00:52:34.870485,0.138,2.500,38.345
2026-08-14T00:52:34.870614,0.130,2.500,38.345
2026-08-14T00:52:34.872905,2.284,2.489,38.345
2026-08-14T00:52:34.873050,0.149,2.490,38.345
2026-08-14T00:52:34.873177,0.130,2.489,38.345
2026-08-14T00:52:34.873358,0.177,2.489,38.345
2026-08-14T00:52:34.875670,2.309,2.489,38.345
2026-08-14T00:52:34.875853,0.176,2.487,38.345
2026-08-14T00:52:34.875987,0.149,2.487,38.345
2026-08-14T00:52:34.876112,0.127,2.487,38.345
2026-08-14T00:52:34.877327,1.210,2.465,38.345
2026-08-14T00:52:34.880676,3.347,2.497,38.345
2026-08-14T00:52:34.880822,0.139,2.497,38.345
2026-08-14T00:52:34.880952,0.141,2.497,38.345
2026-08-14T00:52:34.881074,0.125,2.497,38.345
2026-08-14T00:52:34.918725,37.603,2.507,38.345
2026-08-14T00:52:34.918921,0.229,2.507,38.345
2026-08-14T00:52:34.919061,0.149,2.507,38.345
2026-08-14T00:52:34.920279,1.214,2.497,38.345
2026-08-14T00:52:34.920426,0.150,2.497,38.345
2026-08-14T00:52:34.920559,0.136,2.496,38.345
2026-08-14T00:52:34.922850,2.276,2.518,38.345
2026-08-14T00:52:34.922992,0.155,2.496,38.345
2026-08-14T00:52:34.923124,0.134,2.496,38.345
2026-08-14T00:52:34.923250,0.127,2.496,38.345
2026-08-14T00:52:34.923429,0.175,2.496,38.345
2026-08-14T00:52:34.925743,2.309,2.506,38.345
2026-08-14T00:52:34.928100,2.357,2.528,38.345
2026-08-14T00:52:34.928245,0.152,2.517,38.345
2026-08-14T00:52:34.928372,0.126,2.517,38.345
2026-08-14T00:52:34.928504,0.137,2.506,38.345
2026-08-14T00:52:34.930775,2.266,2.527,38.345
2026-08-14T00:52:34.930920,0.146,2.506,38.345
2026-08-14T00:52:34.931043,0.127,2.505,38.345
2026-08-14T00:52:34.931162,0.120,2.505,38.345
2026-08-14T00:52:34.967774,36.570,2.495,38.345
2026-08-14T00:52:34.967968,0.221,2.495,38.345
2026-08-14T00:52:34.968116,0.156,2.495,38.345
2026-08-14T00:52:34.970441,2.318,2.495,38.345
2026-08-14T00:52:34.970594,0.159,2.495,38.345
2026-08-14T00:52:34.970734,0.144,2.495,38.345
2026-08-14T00:52:34.973016,2.277,2.517,38.345
2026-08-14T00:52:34.973155,0.143,2.495,38.345
2026-08-14T00:52:34.973291,0.135,2.495,38.345
2026-08-14T00:52:34.973421,0.133,2.495,38.345
2026-08-14T00:52:34.973593,0.169,2.495,38.345
2026-08-14T00:52:34.975915,2.317,2.495,38.345
2026-08-14T00:52:34.976088,0.177,2.495,38.345
2026-08-14T00:52:34.976226,0.141,2.484,38.345
2026-08-14T00:52:34.977452,1.221,2.494,38.345
2026-08-14T00:52:34.977604,0.156,2.494,38.345
2026-08-14T00:52:34.979904,2.294,2.494,38.345
2026-08-14T00:52:34.980045,0.147,2.494,38.345
2026-08-14T00:52:34.980173,0.131,2.494,38.345
2026-08-14T00:52:34.980303,0.129,2.494,38.345
2026-08-14T00:52:35.018561,38.193,2.500,38.345
2026-08-14T00:52:35.018756,0.251,2.501,38.345
2026-08-14T00:52:35.018912,0.162,2.501,38.345
2026-08-14T00:52:35.020143,1.227,2.501,38.345
2026-08-14T00:52:35.020288,0.150,2.501,38.345
2026-08-14T00:52:35.020421,0.136,2.501,38.345
2026-08-14T00:52:35.022703,2.277,2.522,38.345
2026-08-14T00:52:35.022855,0.144,2.501,38.345
2026-08-14T00:52:35.024084,1.237,2.512,38.345
2026-08-14T00:52:35.024224,0.144,2.512,38.345
2026-08-14T00:52:35.024404,0.179,2.512,38.345
2026-08-14T00:52:35.028861,4.443,2.533,38.345
2026-08-14T00:52:35.029036,0.188,2.534,38.345
2026-08-14T00:52:35.029175,0.141,2.534,38.345
2026-08-14T00:52:35.029303,0.130,2.533,38.345
2026-08-14T00:52:35.029443,0.139,2.522,38.345
2026-08-14T00:52:35.030655,1.208,2.533,38.345
2026-08-14T00:52:35.030794,0.141,2.511,38.345
2026-08-14T00:52:35.032024,1.225,2.522,38.345
2026-08-14T00:52:35.032169,0.151,2.522,38.345
2026-08-14T00:52:35.067845,35.594,2.494,38.193
2026-08-14T00:52:35.068071,0.292,2.494,38.193
2026-08-14T00:52:35.068227,0.168,2.495,38.193
2026-08-14T00:52:35.070529,2.299,2.494,38.193
2026-08-14T00:52:35.070688,0.163,2.494,38.193
2026-08-14T00:52:35.070845,0.150,2.494,38.193
2026-08-14T00:52:35.073140,2.301,2.516,38.193
2026-08-14T00:52:35.073290,0.152,2.494,38.193
2026-08-14T00:52:35.073431,0.144,2.494,38.193
2026-08-14T00:52:35.073566,0.136,2.494,38.193
2026-08-14T00:52:35.073755,0.186,2.494,38.193
2026-08-14T00:52:35.076076,2.321,2.494,38.193
2026-08-14T00:52:35.076246,0.171,2.494,38.193
2026-08-14T00:52:35.076380,0.138,2.483,38.193
2026-08-14T00:52:35.077602,1.218,2.494,38.193
2026-08-14T00:52:35.077755,0.155,2.494,38.193
2026-08-14T00:52:35.080041,2.282,2.495,38.193
2026-08-14T00:52:35.080183,0.145,2.495,38.193
2026-08-14T00:52:35.080312,0.132,2.495,38.193
2026-08-14T00:52:35.080438,0.126,2.495,38.193
2026-08-14T00:52:35.118113,37.638,2.495,38.193
2026-08-14T00:52:35.118286,0.203,2.495,38.193
2026-08-14T00:52:35.118422,0.141,2.494,38.193
2026-08-14T00:52:35.120707,2.280,2.505,38.193
2026-08-14T00:52:35.120863,0.158,2.505,38.193
2026-08-14T00:52:35.121000,0.140,2.505,38.193
2026-08-14T00:52:35.121127,0.129,2.505,38.193
2026-08-14T00:52:35.123403,2.271,2.505,38.193
2026-08-14T00:52:35.123541,0.140,2.505,38.193
2026-08-14T00:52:35.123674,0.133,2.505,38.193
2026-08-14T00:52:35.123861,0.183,2.505,38.193
2026-08-14T00:52:35.126175,2.313,2.505,38.193
2026-08-14T00:52:35.126348,0.175,2.505,38.193
2026-08-14T00:52:35.127560,1.214,2.516,38.193
2026-08-14T00:52:35.127690,0.133,2.516,38.193
2026-08-14T00:52:35.127833,0.132,2.505,38.193
2026-08-14T00:52:35.130107,2.282,2.494,38.193
2026-08-14T00:52:35.130236,0.132,2.494,38.193
2026-08-14T00:52:35.130357,0.122,2.494,38.193
2026-08-14T00:52:35.130475,0.118,2.494,38.193
2026-08-14T00:52:35.168019,37.530,2.493,38.193
2026-08-14T00:52:35.168171,0.158,2.493,38.193
2026-08-14T00:52:35.168305,0.138,2.492,38.193
2026-08-14T00:52:35.170587,2.280,2.503,38.193
2026-08-14T00:52:35.170722,0.137,2.503,38.193
2026-08-14T00:52:35.170861,0.138,2.503,38.193
2026-08-14T00:52:35.170987,0.129,2.482,38.193
2026-08-14T00:52:35.173259,2.268,2.503,38.193
2026-08-14T00:52:35.173398,0.138,2.503,38.193
2026-08-14T00:52:35.173526,0.133,2.503,38.193
2026-08-14T00:52:35.173708,0.177,2.503,38.193
2026-08-14T00:52:35.176011,2.302,2.503,38.193
2026-08-14T00:52:35.176173,0.165,2.481,38.193
2026-08-14T00:52:35.176305,0.135,2.481,38.193
2026-08-14T00:52:35.176430,0.126,2.481,38.193
2026-08-14T00:52:35.177641,1.208,2.491,38.193
2026-08-14T00:52:35.179922,2.279,2.491,38.193
2026-08-14T00:52:35.180056,0.137,2.491,38.193
2026-08-14T00:52:35.180185,0.129,2.491,38.193
2026-08-14T00:52:35.180309,0.127,2.491,38.193
2026-08-14T00:52:35.199767,19.432,2.320,38.193
2026-08-14T00:52:35.217788,17.968,2.498,38.193
2026-08-14T00:52:35.218016,0.289,2.499,38.193
2026-08-14T00:52:35.218162,0.158,2.477,38.193
2026-08-14T00:52:35.220463,2.298,2.499,38.193
2026-08-14T00:52:35.220610,0.152,2.499,38.193
2026-08-14T00:52:35.220744,0.136,2.477,38.193
2026-08-14T00:52:35.224091,3.343,2.509,38.193
2026-08-14T00:52:35.224231,0.141,2.509,38.193
2026-08-14T00:52:35.224360,0.131,2.509,38.193
2026-08-14T00:52:35.224487,0.128,2.509,38.193
2026-08-14T00:52:35.224668,0.176,2.488,38.193
2026-08-14T00:52:35.225914,1.245,2.498,38.193
2026-08-14T00:52:35.227176,1.261,2.509,38.193
2026-08-14T00:52:35.227322,0.150,2.499,38.193
2026-08-14T00:52:35.227450,0.130,2.498,38.193
2026-08-14T00:52:35.230823,3.357,2.509,38.193
2026-08-14T00:52:35.230970,0.160,2.509,38.193
2026-08-14T00:52:35.231099,0.132,2.509,38.193
2026-08-14T00:52:35.231233,0.132,2.509,38.193
2026-08-14T00:52:35.231362,0.130,2.129,37.638
2026-08-14T00:52:35.267917,36.525,2.491,37.638
2026-08-14T00:52:35.268093,0.197,2.492,37.638
2026-08-14T00:52:35.268235,0.149,2.481,37.638
2026-08-14T00:52:35.270535,2.294,2.502,37.638
2026-08-14T00:52:35.270687,0.156,2.503,37.638
2026-08-14T00:52:35.270839,0.142,2.481,37.638
2026-08-14T00:52:35.270983,0.154,2.481,37.638
2026-08-14T00:52:35.273291,2.298,2.492,37.638
2026-08-14T00:52:35.273446,0.164,2.492,37.638
2026-08-14T00:52:35.273583,0.140,2.492,37.638
2026-08-14T00:52:35.273761,0.175,2.449,37.638
2026-08-14T00:52:35.274985,1.220,2.459,37.638
2026-08-14T00:52:35.275156,0.176,2.460,37.638
2026-08-14T00:52:35.276466,1.278,2.471,37.638
2026-08-14T00:52:35.276650,0.211,2.472,37.638
2026-08-14T00:52:35.277957,1.287,2.473,37.638
2026-08-14T00:52:35.278135,0.199,2.473,37.638
2026-08-14T00:52:35.280426,2.292,2.484,37.638
2026-08-14T00:52:35.280570,0.148,2.484,37.638
2026-08-14T00:52:35.280701,0.133,2.129,37.638
2026-08-14T00:52:35.318428,37.675,2.503,37.675
2026-08-14T00:52:35.318616,0.230,2.504,37.675
2026-08-14T00:52:35.318754,0.148,2.482,37.675
2026-08-14T00:52:35.319980,1.222,2.493,37.675
2026-08-14T00:52:35.320124,0.146,2.493,37.675
2026-08-14T00:52:35.320256,0.134,2.471,37.675
2026-08-14T00:52:35.320382,0.127,2.471,37.675
2026-08-14T00:52:35.322658,2.271,2.492,37.675
2026-08-14T00:52:35.322803,0.146,2.492,37.675
2026-08-14T00:52:35.322951,0.147,2.492,37.675
2026-08-14T00:52:35.323131,0.180,2.471,37.675
2026-08-14T00:52:35.326516,3.382,2.503,37.675
2026-08-14T00:52:35.326689,0.175,2.503,37.675
2026-08-14T00:52:35.327910,1.221,2.503,37.675
2026-08-14T00:52:35.328043,0.138,2.503,37.675
2026-08-14T00:52:35.328175,0.134,2.481,37.675
2026-08-14T00:52:35.330445,2.265,2.503,37.675
2026-08-14T00:52:35.330575,0.134,2.503,37.675
2026-08-14T00:52:35.330695,0.121,2.503,37.675
2026-08-14T00:52:35.330823,0.118,2.127,37.675
2026-08-14T00:52:35.368561,37.700,2.502,37.700
2026-08-14T00:52:35.368760,0.230,2.503,37.700
2026-08-14T00:52:35.368937,0.183,2.482,37.700
2026-08-14T00:52:35.370168,1.231,2.493,37.700
2026-08-14T00:52:35.370318,0.155,2.493,37.700
2026-08-14T00:52:35.370456,0.140,2.493,37.700
2026-08-14T00:52:35.372739,2.277,2.493,37.700
2026-08-14T00:52:35.372894,0.157,2.494,37.700
2026-08-14T00:52:35.373028,0.138,2.494,37.700
2026-08-14T00:52:35.373162,0.133,2.493,37.700
2026-08-14T00:52:35.373351,0.183,2.472,37.700
2026-08-14T00:52:35.375671,2.320,2.493,37.700
2026-08-14T00:52:35.375858,0.178,2.483,37.700
2026-08-14T00:52:35.376000,0.158,2.483,37.700
2026-08-14T00:52:35.377225,1.222,2.494,37.700
2026-08-14T00:52:35.377384,0.159,2.473,37.700
2026-08-14T00:52:35.380755,3.371,2.505,37.700
2026-08-14T00:52:35.380901,0.147,2.505,37.700
2026-08-14T00:52:35.381027,0.129,2.505,37.700
2026-08-14T00:52:35.381148,0.123,2.131,37.700
2026-08-14T00:52:35.418239,37.035,2.500,37.700
2026-08-14T00:52:35.418432,0.238,2.501,37.700
2026-08-14T00:52:35.418571,0.147,2.480,37.700
2026-08-14T00:52:35.419782,1.207,2.491,37.700
2026-08-14T00:52:35.419943,0.163,2.491,37.700
2026-08-14T00:52:35.420080,0.140,2.491,37.700
2026-08-14T00:52:35.423427,3.343,2.502,37.700
2026-08-14T00:52:35.423563,0.140,2.502,37.700
2026-08-14T00:52:35.423693,0.130,2.502,37.700
2026-08-14T00:52:35.423828,0.127,2.501,37.700
2026-08-14T00:52:35.424015,0.192,2.480,37.700
2026-08-14T00:52:35.426322,2.307,2.501,37.700
2026-08-14T00:52:35.427580,1.257,2.513,37.700
2026-08-14T00:52:35.427719,0.143,2.513,37.700
2026-08-14T00:52:35.431080,3.356,2.534,37.700
2026-08-14T00:52:35.431233,0.157,2.513,37.700
2026-08-14T00:52:35.431362,0.131,2.513,37.700
2026-08-14T00:52:35.431483,0.124,2.513,37.700
2026-08-14T00:52:35.431601,0.118,2.513,37.700
2026-08-14T00:52:35.431723,0.122,2.320,37.700
2026-08-14T00:52:35.468310,36.543,2.506,37.700
2026-08-14T00:52:35.468503,0.219,2.505,37.700
2026-08-14T00:52:35.468651,0.159,2.505,37.700
2026-08-14T00:52:35.469899,1.241,2.494,37.700
2026-08-14T00:52:35.470058,0.164,2.494,37.700
2026-08-14T00:52:35.470203,0.148,2.495,37.700
2026-08-14T00:52:35.470337,0.135,2.462,37.700
2026-08-14T00:52:35.472677,2.336,2.484,37.700
2026-08-14T00:52:35.472827,0.145,2.485,37.700
2026-08-14T00:52:35.472959,0.141,2.485,37.700
2026-08-14T00:52:35.473134,0.173,2.485,37.700
2026-08-14T00:52:35.475443,2.306,2.495,37.700
2026-08-14T00:52:35.475612,0.172,2.484,37.700
2026-08-14T00:52:35.475750,0.139,2.484,37.700
2026-08-14T00:52:35.475892,0.141,2.484,37.700
2026-08-14T00:52:35.478240,2.328,2.474,37.700
2026-08-14T00:52:35.480574,2.347,2.496,37.700
2026-08-14T00:52:35.480717,0.150,2.496,37.700
2026-08-14T00:52:35.480861,0.144,2.496,37.700
2026-08-14T00:52:35.480998,0.137,2.496,37.700
2026-08-14T00:52:35.518650,37.612,2.507,37.700
2026-08-14T00:52:35.518849,0.219,2.507,37.700
2026-08-14T00:52:35.519001,0.169,2.508,37.700
2026-08-14T00:52:35.520226,1.223,2.497,37.700
2026-08-14T00:52:35.520378,0.155,2.497,37.700
2026-08-14T00:52:35.520521,0.144,2.497,37.700
2026-08-14T00:52:35.522821,2.286,2.518,37.700
2026-08-14T00:52:35.522972,0.162,2.497,37.700
2026-08-14T00:52:35.523111,0.143,2.497,37.700
2026-08-14T00:52:35.523247,0.136,2.497,37.700
2026-08-14T00:52:35.523433,0.183,2.497,37.700
2026-08-14T00:52:35.525751,2.317,2.508,37.700
2026-08-14T00:52:35.528092,2.341,2.529,37.700
2026-08-14T00:52:35.528240,0.152,2.518,37.700
2026-08-14T00:52:35.528368,0.130,2.517,37.700
2026-08-14T00:52:35.528507,0.139,2.506,37.700
2026-08-14T00:52:35.530784,2.274,2.527,37.700
2026-08-14T00:52:35.530933,0.150,2.505,37.700
2026-08-14T00:52:35.532142,1.208,2.516,37.700
2026-08-14T00:52:35.532278,0.139,2.516,37.700
2026-08-14T00:52:35.564662,32.327,2.462,37.700
2026-08-14T00:52:35.568082,3.464,2.495,37.700
2026-08-14T00:52:35.568233,0.162,2.495,37.700
2026-08-14T00:52:35.568365,0.135,2.484,37.700
2026-08-14T00:52:35.570646,2.277,2.505,37.700
2026-08-14T00:52:35.570789,0.145,2.505,37.700
2026-08-14T00:52:35.570945,0.156,2.506,37.700
2026-08-14T00:52:35.573227,2.279,2.506,37.700
2026-08-14T00:52:35.573373,0.148,2.506,37.700
2026-08-14T00:52:35.573506,0.137,2.506,37.700
2026-08-14T00:52:35.573633,0.128,2.505,37.700
2026-08-14T00:52:35.573822,0.176,2.473,37.700
2026-08-14T00:52:35.575068,1.253,2.484,37.700
2026-08-14T00:52:35.576354,1.285,2.484,37.700
2026-08-14T00:52:35.576504,0.153,2.485,37.700
2026-08-14T00:52:35.577733,1.226,2.495,37.700
2026-08-14T00:52:35.577893,0.162,2.474,37.700
2026-08-14T00:52:35.580234,2.325,2.496,37.700
2026-08-14T00:52:35.580386,0.169,2.497,37.700
2026-08-14T00:52:35.580516,0.133,2.497,37.700
2026-08-14T00:52:35.580639,0.125,2.121,37.612
2026-08-14T00:52:35.617931,37.196,2.491,37.612
2026-08-14T00:52:35.618145,0.295,2.492,37.612
2026-08-14T00:52:35.618316,0.180,2.482,37.612
2026-08-14T00:52:35.620617,2.298,2.503,37.612
2026-08-14T00:52:35.620765,0.152,2.503,37.612
2026-08-14T00:52:35.620915,0.151,2.482,37.612
2026-08-14T00:52:35.623211,2.289,2.503,37.612
2026-08-14T00:52:35.623374,0.163,2.503,37.612
2026-08-14T00:52:35.623523,0.152,2.504,37.612
2026-08-14T00:52:35.623664,0.144,2.503,37.612
2026-08-14T00:52:35.623868,0.200,2.482,37.612
2026-08-14T00:52:35.626320,2.413,2.504,37.612
2026-08-14T00:52:35.627724,1.413,2.517,37.612
2026-08-14T00:52:35.627966,0.256,2.507,37.612
2026-08-14T00:52:35.628138,0.186,2.507,37.612
2026-08-14T00:52:35.628300,0.169,2.475,37.612
2026-08-14T00:52:35.630649,2.326,2.497,37.612
2026-08-14T00:52:35.630832,0.188,2.498,37.612
2026-08-14T00:52:35.632116,1.278,2.509,37.612
2026-08-14T00:52:35.632294,0.196,2.141,37.612
2026-08-14T00:52:35.668041,35.696,2.496,37.612
2026-08-14T00:52:35.668225,0.239,2.496,37.612
2026-08-14T00:52:35.668353,0.136,2.486,37.612
2026-08-14T00:52:35.670621,2.264,2.507,37.612
2026-08-14T00:52:35.670754,0.137,2.507,37.612
2026-08-14T00:52:35.670891,0.137,2.475,37.612
2026-08-14T00:52:35.673160,2.264,2.496,37.612
2026-08-14T00:52:35.673290,0.134,2.496,37.612
2026-08-14T00:52:35.673412,0.123,2.496,37.612
2026-08-14T00:52:35.673532,0.120,2.495,37.612
2026-08-14T00:52:35.673697,0.163,2.474,37.612
2026-08-14T00:52:35.675982,2.282,2.484,37.612
2026-08-14T00:52:35.676139,0.159,2.484,37.612
2026-08-14T00:52:35.676263,0.128,2.452,37.612
2026-08-14T00:52:35.677470,1.202,2.462,37.612
2026-08-14T00:52:35.677610,0.143,2.462,37.612
2026-08-14T00:52:35.679884,2.270,2.484,37.612
2026-08-14T00:52:35.680011,0.132,2.484,37.612
2026-08-14T00:52:35.680127,0.118,2.484,37.612
2026-08-14T00:52:35.680242,0.115,2.120,37.612
2026-08-14T00:52:35.717913,37.627,2.494,37.627
2026-08-14T00:52:35.718097,0.213,2.494,37.627
2026-08-14T00:52:35.718253,0.159,2.484,37.627
2026-08-14T00:52:35.720545,2.295,2.505,37.627
2026-08-14T00:52:35.720690,0.148,2.505,37.627
2026-08-14T00:52:35.720835,0.136,2.505,37.627
2026-08-14T00:52:35.720968,0.144,2.483,37.627
2026-08-14T00:52:35.723248,2.276,2.504,37.627
2026-08-14T00:52:35.723388,0.144,2.504,37.627
2026-08-14T00:52:35.723518,0.131,2.504,37.627
2026-08-14T00:52:35.723695,0.174,2.483,37.627
2026-08-14T00:52:35.726005,2.307,2.504,37.627
2026-08-14T00:52:35.726177,0.174,2.504,37.627
2026-08-14T00:52:35.727394,1.216,2.515,37.627
2026-08-14T00:52:35.727532,0.141,2.493,37.627
2026-08-14T00:52:35.727667,0.137,2.471,37.627
2026-08-14T00:52:35.729937,2.266,2.492,37.627
2026-08-14T00:52:35.730067,0.134,2.492,37.627
2026-08-14T00:52:35.730188,0.122,2.492,37.627
2026-08-14T00:52:35.730306,0.118,2.117,37.627
2026-08-14T00:52:35.767864,37.534,2.490,37.627
2026-08-14T00:52:35.768019,0.170,2.490,37.627
2026-08-14T00:52:35.768158,0.143,2.479,37.627
2026-08-14T00:52:35.770440,2.280,2.501,37.627
2026-08-14T00:52:35.770579,0.142,2.501,37.627
2026-08-14T00:52:35.770708,0.131,2.479,37.627
2026-08-14T00:52:35.772996,2.282,2.500,37.627
2026-08-14T00:52:35.773133,0.140,2.500,37.627
2026-08-14T00:52:35.773260,0.129,2.500,37.627
2026-08-14T00:52:35.773384,0.124,2.500,37.627
2026-08-14T00:52:35.773556,0.168,2.478,37.627
2026-08-14T00:52:35.775873,2.314,2.478,37.627
2026-08-14T00:52:35.776040,0.170,2.478,37.627
2026-08-14T00:52:35.776175,0.138,2.478,37.627
2026-08-14T00:52:35.777430,1.240,2.489,37.627
2026-08-14T00:52:35.777602,0.182,2.468,37.627
2026-08-14T00:52:35.779895,2.294,2.490,37.627
2026-08-14T00:52:35.780030,0.139,2.479,37.627
2026-08-14T00:52:35.780152,0.125,2.479,37.627
2026-08-14T00:52:35.780270,0.119,2.157,37.627
2026-08-14T00:52:35.818577,38.222,2.504,38.222
2026-08-14T00:52:35.818784,0.277,2.505,38.222
2026-08-14T00:52:35.818954,0.176,2.506,38.222
2026-08-14T00:52:35.820190,1.232,2.495,38.222
2026-08-14T00:52:35.820341,0.156,2.495,38.222
2026-08-14T00:52:35.820476,0.140,2.495,38.222
2026-08-14T00:52:35.823838,3.344,2.506,38.222
2026-08-14T00:52:35.823982,0.159,2.506,38.222
2026-08-14T00:52:35.824115,0.134,2.506,38.222
2026-08-14T00:52:35.824270,0.155,2.506,38.222
2026-08-14T00:52:35.824453,0.182,2.506,38.222
2026-08-14T00:52:35.825686,1.231,2.506,38.222
2026-08-14T00:52:35.828026,2.338,2.517,38.222
2026-08-14T00:52:35.828173,0.151,2.517,38.222
2026-08-14T00:52:35.828309,0.137,2.506,38.222
2026-08-14T00:52:35.830635,2.319,2.527,38.222
2026-08-14T00:52:35.830778,0.149,2.506,38.222
2026-08-14T00:52:35.830922,0.144,2.505,38.222
2026-08-14T00:52:35.831052,0.133,2.505,38.222
2026-08-14T00:52:35.831177,0.126,2.505,38.222
2026-08-14T00:52:35.867752,36.525,2.499,38.222
2026-08-14T00:52:35.867955,0.239,2.498,38.222
2026-08-14T00:52:35.868097,0.151,2.498,38.222
2026-08-14T00:52:35.870381,2.282,2.498,38.222
2026-08-14T00:52:35.870521,0.144,2.498,38.222
2026-08-14T00:52:35.870654,0.135,2.497,38.222
2026-08-14T00:52:35.872942,2.283,2.497,38.222
2026-08-14T00:52:35.873080,0.141,2.497,38.222
2026-08-14T00:52:35.873209,0.131,2.497,38.222
2026-08-14T00:52:35.873334,0.126,2.497,38.222
2026-08-14T00:52:35.873509,0.172,2.496,38.222
2026-08-14T00:52:35.875826,2.302,2.495,38.222
2026-08-14T00:52:35.875999,0.183,2.483,38.222
2026-08-14T00:52:35.876138,0.144,2.482,38.222
2026-08-14T00:52:35.877361,1.220,2.492,38.222
2026-08-14T00:52:35.877511,0.152,2.492,38.222
2026-08-14T00:52:35.879790,2.277,2.492,38.222
2026-08-14T00:52:35.879938,0.150,2.491,38.222
2026-08-14T00:52:35.880069,0.133,2.480,38.222
2026-08-14T00:52:35.880195,0.127,2.479,38.222
2026-08-14T00:52:35.918008,37.739,2.500,38.222
2026-08-14T00:52:35.918197,0.254,2.500,38.222
2026-08-14T00:52:35.918328,0.140,2.500,38.222
2026-08-14T00:52:35.920601,2.269,2.500,38.222
2026-08-14T00:52:35.920737,0.139,2.500,38.222
2026-08-14T00:52:35.920879,0.141,2.500,38.222
2026-08-14T00:52:35.921003,0.127,2.478,38.222
2026-08-14T00:52:35.923269,2.263,2.500,38.222
2026-08-14T00:52:35.923403,0.135,2.500,38.222
2026-08-14T00:52:35.923525,0.124,2.500,38.222
2026-08-14T00:52:35.923695,0.168,2.500,38.222
2026-08-14T00:52:35.925998,2.301,2.500,38.222
2026-08-14T00:52:35.926157,0.160,2.500,38.222
2026-08-14T00:52:35.928435,2.276,2.522,38.222
2026-08-14T00:52:35.928567,0.136,2.511,38.222
2026-08-14T00:52:35.928699,0.133,2.511,38.222
2026-08-14T00:52:35.928836,0.122,2.489,38.222
2026-08-14T00:52:35.931109,2.282,2.511,38.222
2026-08-14T00:52:35.931291,0.184,2.512,38.222
2026-08-14T00:52:35.931419,0.132,2.512,38.222
2026-08-14T00:52:35.967920,36.487,2.500,38.222
2026-08-14T00:52:35.968078,0.163,2.500,38.222
2026-08-14T00:52:35.968215,0.142,2.500,38.222
2026-08-14T00:52:35.970504,2.285,2.500,38.222
2026-08-14T00:52:35.970650,0.149,2.500,38.222
2026-08-14T00:52:35.970785,0.138,2.500,38.222
2026-08-14T00:52:35.970936,0.148,2.500,38.222
2026-08-14T00:52:35.973219,2.282,2.500,38.222
2026-08-14T00:52:35.973365,0.148,2.500,38.222
2026-08-14T00:52:35.973503,0.138,2.500,38.222
2026-08-14T00:52:35.973682,0.173,2.500,38.222
2026-08-14T00:52:35.976002,2.322,2.500,38.222
2026-08-14T00:52:35.976175,0.175,2.500,38.222
2026-08-14T00:52:35.976317,0.144,2.489,38.222
2026-08-14T00:52:35.976450,0.135,2.489,38.222
2026-08-14T00:52:35.977679,1.224,2.500,38.222
2026-08-14T00:52:35.977842,0.150,2.479,38.222
2026-08-14T00:52:35.980139,2.307,2.501,38.222
2026-08-14T00:52:35.980289,0.154,2.501,38.222
2026-08-14T00:52:35.980424,0.139,2.501,38.222
2026-08-14T00:52:36.018653,38.169,2.507,38.222
2026-08-14T00:52:36.018871,0.248,2.508,38.222
2026-08-14T00:52:36.019019,0.177,2.509,38.222
2026-08-14T00:52:36.020237,1.216,2.498,38.222
2026-08-14T00:52:36.020379,0.146,2.498,38.222
2026-08-14T00:52:36.020512,0.135,2.498,38.222
2026-08-14T00:52:36.020639,0.128,2.476,38.222
2026-08-14T00:52:36.022923,2.280,2.498,38.222
2026-08-14T00:52:36.023063,0.143,2.498,38.222
2026-08-14T00:52:36.023192,0.131,2.498,38.222
2026-08-14T00:52:36.023368,0.173,2.498,38.222
2026-08-14T00:52:36.027819,4.439,2.519,38.222
2026-08-14T00:52:36.027988,0.180,2.519,38.222
2026-08-14T00:52:36.028124,0.139,2.519,38.222
2026-08-14T00:52:36.028251,0.128,2.508,38.222
2026-08-14T00:52:36.030561,2.304,2.530,38.222
2026-08-14T00:52:36.030726,0.168,2.508,38.222
2026-08-14T00:52:36.030874,0.148,2.508,38.222
2026-08-14T00:52:36.031011,0.138,2.509,38.222
2026-08-14T00:52:36.031141,0.131,2.509,38.222
2026-08-14T00:52:36.067677,36.505,2.492,38.169
2026-08-14T00:52:36.067860,0.195,2.491,38.169
2026-08-14T00:52:36.067999,0.157,2.490,38.169
2026-08-14T00:52:36.070479,2.419,2.502,38.169
2026-08-14T00:52:36.070692,0.261,2.503,38.169
2026-08-14T00:52:36.070866,0.160,2.504,38.169
2026-08-14T00:52:36.071003,0.164,2.472,38.169
2026-08-14T00:52:36.073289,2.280,2.493,38.169
2026-08-14T00:52:36.073439,0.154,2.493,38.169
2026-08-14T00:52:36.073569,0.134,2.493,38.169
2026-08-14T00:52:36.073744,0.174,2.493,38.169
2026-08-14T00:52:36.076056,2.307,2.504,38.169
2026-08-14T00:52:36.076221,0.167,2.482,38.169
2026-08-14T00:52:36.076351,0.134,2.482,38.169
2026-08-14T00:52:36.076470,0.121,2.482,38.169
2026-08-14T00:52:36.077682,1.208,2.471,38.169
2026-08-14T00:52:36.079958,2.276,2.492,38.169
2026-08-14T00:52:36.080087,0.132,2.492,38.169
2026-08-14T00:52:36.080207,0.122,2.492,38.169
2026-08-14T00:52:36.080328,0.121,2.492,38.169
2026-08-14T00:52:36.117913,37.568,2.502,38.169
2026-08-14T00:52:36.118070,0.165,2.501,38.169
2026-08-14T00:52:36.118205,0.140,2.501,38.169
2026-08-14T00:52:36.120497,2.287,2.501,38.169
2026-08-14T00:52:36.120643,0.149,2.501,38.169
2026-08-14T00:52:36.120779,0.138,2.501,38.169
2026-08-14T00:52:36.120927,0.146,2.480,38.169
2026-08-14T00:52:36.123214,2.285,2.501,38.169
2026-08-14T00:52:36.123360,0.148,2.501,38.169
2026-08-14T00:52:36.123492,0.134,2.502,38.169
2026-08-14T00:52:36.123660,0.166,2.501,38.169
2026-08-14T00:52:36.126087,2.399,2.502,38.169
2026-08-14T00:52:36.126332,0.257,2.503,38.169
2026-08-14T00:52:36.127578,1.256,2.514,38.169
2026-08-14T00:52:36.127735,0.161,2.504,38.169
2026-08-14T00:52:36.127889,0.158,2.504,38.169
2026-08-14T00:52:36.129117,1.226,2.493,38.169
2026-08-14T00:52:36.130329,1.213,2.504,38.169
2026-08-14T00:52:36.131552,1.222,2.515,38.169
2026-08-14T00:52:36.131687,0.139,2.515,38.169
2026-08-14T00:52:36.168179,36.480,2.502,38.169
2026-08-14T00:52:36.168334,0.162,2.501,38.169
2026-08-14T00:52:36.168471,0.140,2.501,38.169
2026-08-14T00:52:36.170764,2.289,2.502,38.169
2026-08-14T00:52:36.170924,0.162,2.502,38.169
2026-08-14T00:52:36.171065,0.144,2.502,38.169
2026-08-14T00:52:36.171198,0.134,2.502,38.169
2026-08-14T00:52:36.173487,2.281,2.502,38.169
2026-08-14T00:52:36.173636,0.154,2.502,38.169
2026-08-14T00:52:36.173770,0.137,2.502,38.169
2026-08-14T00:52:36.173964,0.189,2.503,38.169
2026-08-14T00:52:36.176290,2.323,2.503,38.169
2026-08-14T00:52:36.176471,0.183,2.503,38.169
2026-08-14T00:52:36.176630,0.164,2.482,38.169
2026-08-14T00:52:36.176766,0.137,2.482,38.169
2026-08-14T00:52:36.176928,0.160,2.482,38.169
2026-08-14T00:52:36.180319,3.386,2.515,38.169
2026-08-14T00:52:36.180464,0.151,2.494,38.169
2026-08-14T00:52:36.180598,0.137,2.493,38.169
2026-08-14T00:52:36.180717,0.123,2.493,38.169
2026-08-14T00:52:36.217887,37.090,2.499,38.169
2026-08-14T00:52:36.218091,0.268,2.500,38.169
2026-08-14T00:52:36.218254,0.167,2.500,38.169
2026-08-14T00:52:36.220562,2.310,2.501,38.169
2026-08-14T00:52:36.220711,0.152,2.501,38.169
2026-08-14T00:52:36.220860,0.150,2.501,38.169
2026-08-14T00:52:36.220999,0.140,2.501,38.169
2026-08-14T00:52:36.226481,5.479,2.533,38.169
2026-08-14T00:52:36.226621,0.143,2.533,38.169
2026-08-14T00:52:36.227840,1.207,2.543,38.169
2026-08-14T00:52:36.228030,0.200,2.544,38.169
2026-08-14T00:52:36.228173,0.146,2.522,38.169
2026-08-14T00:52:36.228327,0.154,2.522,38.169
2026-08-14T00:52:36.230622,2.289,2.543,38.169
2026-08-14T00:52:36.230765,0.148,2.543,38.169
2026-08-14T00:52:36.230924,0.158,2.532,38.169
2026-08-14T00:52:36.231066,0.142,2.532,38.169
2026-08-14T00:52:36.232265,1.199,2.521,38.169
2026-08-14T00:52:36.232395,0.133,2.521,38.169
2026-08-14T00:52:36.232516,0.122,2.521,38.169
2026-08-14T00:52:36.268026,35.469,2.494,37.568
2026-08-14T00:52:36.268217,0.218,2.494,37.568
2026-08-14T00:52:36.268367,0.158,2.493,37.568
2026-08-14T00:52:36.270690,2.319,2.504,37.568
2026-08-14T00:52:36.270862,0.159,2.505,37.568
2026-08-14T00:52:36.271016,0.172,2.505,37.568
2026-08-14T00:52:36.273334,2.313,2.527,37.568
2026-08-14T00:52:36.273485,0.155,2.506,37.568
2026-08-14T00:52:36.273622,0.140,2.506,37.568
2026-08-14T00:52:36.273757,0.135,2.506,37.568
2026-08-14T00:52:36.273956,0.194,2.506,37.568
2026-08-14T00:52:36.276268,2.312,2.485,37.568
2026-08-14T00:52:36.276438,0.173,2.485,37.568
2026-08-14T00:52:36.276575,0.140,2.485,37.568
2026-08-14T00:52:36.277799,1.221,2.495,37.568
2026-08-14T00:52:36.277966,0.167,2.474,37.568
2026-08-14T00:52:36.280297,2.312,2.496,37.568
2026-08-14T00:52:36.280465,0.183,2.496,37.568
2026-08-14T00:52:36.280601,0.143,2.496,37.568
2026-08-14T00:52:36.280730,0.129,2.496,37.568
2026-08-14T00:52:36.318472,37.691,2.508,37.691
2026-08-14T00:52:36.318671,0.235,2.508,37.691
2026-08-14T00:52:36.318840,0.161,2.508,37.691
2026-08-14T00:52:36.320072,1.245,2.496,37.691
2026-08-14T00:52:36.320226,0.158,2.495,37.691
2026-08-14T00:52:36.320368,0.144,2.495,37.691
2026-08-14T00:52:36.322658,2.285,2.516,37.691
2026-08-14T00:52:36.322823,0.154,2.495,37.691
2026-08-14T00:52:36.322974,0.164,2.495,37.691
2026-08-14T00:52:36.323111,0.140,2.495,37.691
2026-08-14T00:52:36.323300,0.186,2.496,37.691
2026-08-14T00:52:36.325623,2.320,2.496,37.691
2026-08-14T00:52:36.327969,2.345,2.517,37.691
2026-08-14T00:52:36.328117,0.157,2.518,37.691
2026-08-14T00:52:36.328238,0.124,2.518,37.691
2026-08-14T00:52:36.328368,0.130,2.507,37.691
2026-08-14T00:52:36.330637,2.264,2.507,37.691
2026-08-14T00:52:36.330765,0.132,2.507,37.691
2026-08-14T00:52:36.330900,0.134,2.507,37.691
2026-08-14T00:52:36.331022,0.123,2.507,37.691
2026-08-14T00:52:36.367710,36.622,2.497,37.691
2026-08-14T00:52:36.367936,0.273,2.499,37.691
2026-08-14T00:52:36.368088,0.164,2.499,37.691
2026-08-14T00:52:36.370385,2.294,2.499,37.691
2026-08-14T00:52:36.370528,0.149,2.499,37.691
2026-08-14T00:52:36.370663,0.137,2.499,37.691
2026-08-14T00:52:36.372938,2.272,2.520,37.691
2026-08-14T00:52:36.373082,0.143,2.499,37.691
2026-08-14T00:52:36.373214,0.136,2.499,37.691
2026-08-14T00:52:36.373341,0.128,2.499,37.691
2026-08-14T00:52:36.373518,0.175,2.499,37.691
2026-08-14T00:52:36.375832,2.301,2.498,37.691
2026-08-14T00:52:36.376003,0.182,2.497,37.691
2026-08-14T00:52:36.376142,0.142,2.486,37.691
2026-08-14T00:52:36.377364,1.220,2.496,37.691
2026-08-14T00:52:36.377522,0.158,2.496,37.691
2026-08-14T00:52:36.379842,2.306,2.507,37.691
2026-08-14T00:52:36.379984,0.157,2.497,37.691
2026-08-14T00:52:36.380113,0.131,2.486,37.691
2026-08-14T00:52:36.380240,0.127,2.486,37.691
2026-08-14T00:52:36.418387,38.091,2.502,38.091
2026-08-14T00:52:36.418577,0.235,2.502,38.091
2026-08-14T00:52:36.418716,0.149,2.502,38.091
2026-08-14T00:52:36.419936,1.217,2.492,38.091
2026-08-14T00:52:36.420079,0.145,2.492,38.091
2026-08-14T00:52:36.423430,3.349,2.524,38.091
2026-08-14T00:52:36.423569,0.143,2.524,38.091
2026-08-14T00:52:36.423698,0.130,2.502,38.091
2026-08-14T00:52:36.423843,0.129,2.502,38.091
2026-08-14T00:52:36.423983,0.153,2.502,38.091
2026-08-14T00:52:36.426313,2.327,2.523,38.091
2026-08-14T00:52:36.427643,1.301,2.513,38.091
2026-08-14T00:52:36.427873,0.252,2.514,38.091
2026-08-14T00:52:36.428029,0.165,2.514,38.091
2026-08-14T00:52:36.428162,0.136,2.514,38.091
2026-08-14T00:52:36.430497,2.319,2.536,38.091
2026-08-14T00:52:36.430657,0.169,2.503,38.091
2026-08-14T00:52:36.430791,0.141,2.503,38.091
2026-08-14T00:52:36.432071,1.261,2.515,38.091
2026-08-14T00:52:36.433317,1.256,2.526,38.091
2026-08-14T00:52:36.467702,34.379,2.499,38.091
2026-08-14T00:52:36.467876,0.181,2.498,38.091
2026-08-14T00:52:36.468023,0.150,2.498,38.091
2026-08-14T00:52:36.470318,2.292,2.498,38.091
2026-08-14T00:52:36.470467,0.153,2.498,38.091
2026-08-14T00:52:36.470608,0.143,2.497,38.091
2026-08-14T00:52:36.474002,3.386,2.530,38.091
2026-08-14T00:52:36.474151,0.154,2.477,38.091
2026-08-14T00:52:36.474292,0.143,2.477,38.091
2026-08-14T00:52:36.474426,0.136,2.466,38.091
2026-08-14T00:52:36.474637,0.206,2.466,38.091
2026-08-14T00:52:36.474788,0.154,2.466,38.091
2026-08-14T00:52:36.474967,0.177,2.466,38.091
2026-08-14T00:52:36.475117,0.152,2.445,38.091
2026-08-14T00:52:36.475251,0.136,2.445,38.091
2026-08-14T00:52:36.478610,3.355,2.477,38.091
2026-08-14T00:52:36.478749,0.143,2.477,38.091
2026-08-14T00:52:36.478890,0.141,2.466,38.091
2026-08-14T00:52:36.479024,0.135,2.466,38.091
2026-08-14T00:52:36.479148,0.125,2.466,38.091
2026-08-14T00:52:36.517888,38.703,2.499,38.703
2026-08-14T00:52:36.518074,0.209,2.499,38.703
2026-08-14T00:52:36.518218,0.154,2.499,38.703
2026-08-14T00:52:36.519442,1.220,2.488,38.703
2026-08-14T00:52:36.519593,0.155,2.487,38.703
2026-08-14T00:52:36.520841,1.237,2.498,38.703
2026-08-14T00:52:36.523140,2.307,2.498,38.703
2026-08-14T00:52:36.523283,0.147,2.498,38.703
2026-08-14T00:52:36.523419,0.138,2.498,38.703
2026-08-14T00:52:36.523557,0.137,2.498,38.703
2026-08-14T00:52:36.523742,0.183,2.498,38.703
2026-08-14T00:52:36.526077,2.333,2.498,38.703
2026-08-14T00:52:36.527351,1.273,2.509,38.703
2026-08-14T00:52:36.527491,0.150,2.509,38.703
2026-08-14T00:52:36.527613,0.123,2.498,38.703
2026-08-14T00:52:36.530955,3.339,2.530,38.703
2026-08-14T00:52:36.531085,0.133,2.508,38.703
2026-08-14T00:52:36.531204,0.120,2.507,38.703
2026-08-14T00:52:36.531321,0.118,2.507,38.703
2026-08-14T00:52:36.531438,0.117,2.507,38.703
2026-08-14T00:52:36.564724,33.272,2.463,38.703
2026-08-14T00:52:36.568096,3.374,2.494,38.703
2026-08-14T00:52:36.568240,0.150,2.494,38.703
2026-08-14T00:52:36.568375,0.136,2.483,38.703
2026-08-14T00:52:36.570657,2.281,2.504,38.703
2026-08-14T00:52:36.570792,0.137,2.504,38.703
2026-08-14T00:52:36.570932,0.140,2.483,38.703
2026-08-14T00:52:36.573205,2.271,2.504,38.703
2026-08-14T00:52:36.573338,0.135,2.504,38.703
2026-08-14T00:52:36.573472,0.133,2.504,38.703
2026-08-14T00:52:36.573604,0.134,2.503,38.703
2026-08-14T00:52:36.573760,0.155,2.481,38.703
2026-08-14T00:52:36.575004,1.241,2.470,38.703
2026-08-14T00:52:36.576262,1.258,2.481,38.703
2026-08-14T00:52:36.576404,0.146,2.482,38.703
2026-08-14T00:52:36.577633,1.226,2.493,38.703
2026-08-14T00:52:36.577781,0.151,2.471,38.703
2026-08-14T00:52:36.580071,2.286,2.493,38.703
2026-08-14T00:52:36.580210,0.143,2.493,38.703
2026-08-14T00:52:36.580341,0.131,2.493,38.703
2026-08-14T00:52:36.580466,0.128,2.128,38.703
2026-08-14T00:52:36.618759,38.215,2.508,38.703
2026-08-14T00:52:36.618978,0.283,2.509,38.703
2026-08-14T00:52:36.619122,0.154,2.487,38.703
2026-08-14T00:52:36.620339,1.214,2.498,38.703
2026-08-14T00:52:36.620485,0.149,2.498,38.703
2026-08-14T00:52:36.620619,0.136,2.477,38.703
2026-08-14T00:52:36.620747,0.129,2.477,38.703
2026-08-14T00:52:36.624092,3.340,2.509,38.703
2026-08-14T00:52:36.624232,0.143,2.509,38.703
2026-08-14T00:52:36.624359,0.129,2.508,38.703
2026-08-14T00:52:36.624537,0.175,2.487,38.703
2026-08-14T00:52:36.627924,3.384,2.519,38.703
2026-08-14T00:52:36.628093,0.171,2.519,38.703
2026-08-14T00:52:36.628230,0.140,2.509,38.703
2026-08-14T00:52:36.628358,0.129,2.508,38.703
2026-08-14T00:52:36.630650,2.285,2.508,38.703
2026-08-14T00:52:36.630791,0.144,2.508,38.703
2026-08-14T00:52:36.630933,0.144,2.508,38.703
2026-08-14T00:52:36.632163,1.227,2.519,38.703
2026-08-14T00:52:36.632300,0.141,2.140,38.703
2026-08-14T00:52:36.667751,35.421,2.492,38.703
2026-08-14T00:52:36.667951,0.217,2.492,38.703
2026-08-14T00:52:36.668115,0.169,2.482,38.703
2026-08-14T00:52:36.670513,2.369,2.504,38.703
2026-08-14T00:52:36.670704,0.218,2.473,38.703
2026-08-14T00:52:36.670880,0.178,2.473,38.703
2026-08-14T00:52:36.671041,0.162,2.473,38.703
2026-08-14T00:52:36.673384,2.324,2.495,38.703
2026-08-14T00:52:36.673578,0.207,2.496,38.703
2026-08-14T00:52:36.673736,0.163,2.474,38.703
2026-08-14T00:52:36.673963,0.224,2.463,38.703
2026-08-14T00:52:36.676333,2.360,2.485,38.703
2026-08-14T00:52:36.676513,0.200,2.485,38.703
2026-08-14T00:52:36.676641,0.133,2.485,38.703
2026-08-14T00:52:36.676757,0.116,2.463,38.703
2026-08-14T00:52:36.676934,0.173,2.463,38.703
2026-08-14T00:52:36.677087,0.155,2.463,38.703
2026-08-14T00:52:36.680509,3.390,2.484,38.703
2026-08-14T00:52:36.680663,0.184,2.474,38.703
2026-08-14T00:52:36.680779,0.123,2.131,38.703
2026-08-14T00:52:36.718261,37.459,2.504,38.703
2026-08-14T00:52:36.718425,0.174,2.504,38.703
2026-08-14T00:52:36.718577,0.151,2.483,38.703
2026-08-14T00:52:36.719842,1.253,2.494,38.703
2026-08-14T00:52:36.720001,0.173,2.494,38.703
2026-08-14T00:52:36.720146,0.148,2.462,38.703
2026-08-14T00:52:36.720281,0.136,2.461,38.703
2026-08-14T00:52:36.723644,3.357,2.493,38.703
2026-08-14T00:52:36.723792,0.152,2.494,38.703
2026-08-14T00:52:36.723946,0.153,2.493,38.703
2026-08-14T00:52:36.724137,0.189,2.493,38.703
2026-08-14T00:52:36.726486,2.345,2.515,38.703
2026-08-14T00:52:36.726669,0.187,2.515,38.703
2026-08-14T00:52:36.727904,1.238,2.527,38.703
2026-08-14T00:52:36.728038,0.138,2.494,38.703
2026-08-14T00:52:36.728169,0.133,2.494,38.703
2026-08-14T00:52:36.730439,2.264,2.515,38.703
2026-08-14T00:52:36.730569,0.135,2.515,38.703
2026-08-14T00:52:36.730688,0.120,2.515,38.703
2026-08-14T00:52:36.730820,0.122,2.130,38.215
2026-08-14T00:52:36.768476,37.633,2.504,38.215
2026-08-14T00:52:36.768651,0.195,2.504,38.215
2026-08-14T00:52:36.768793,0.149,2.494,38.215
2026-08-14T00:52:36.770032,1.232,2.504,38.215
2026-08-14T00:52:36.770186,0.158,2.494,38.215
2026-08-14T00:52:36.770325,0.143,2.472,38.215
2026-08-14T00:52:36.772607,2.278,2.493,38.215
2026-08-14T00:52:36.772746,0.143,2.493,38.215
2026-08-14T00:52:36.772888,0.141,2.493,38.215
2026-08-14T00:52:36.773017,0.131,2.493,38.215
2026-08-14T00:52:36.773188,0.167,2.471,38.215
2026-08-14T00:52:36.775498,2.309,2.482,38.215
2026-08-14T00:52:36.775667,0.171,2.482,38.215
2026-08-14T00:52:36.775801,0.137,2.482,38.215
2026-08-14T00:52:36.777036,1.231,2.461,38.215
2026-08-14T00:52:36.777192,0.155,2.461,38.215
2026-08-14T00:52:36.780681,3.439,2.494,38.215
2026-08-14T00:52:36.780875,0.238,2.495,38.215
2026-08-14T00:52:36.781014,0.149,2.496,38.215
2026-08-14T00:52:36.781143,0.131,2.164,38.215
2026-08-14T00:52:36.818375,37.155,2.502,38.215
2026-08-14T00:52:36.818582,0.270,2.503,38.215
2026-08-14T00:52:36.818723,0.151,2.503,38.215
2026-08-14T00:52:36.819944,1.218,2.493,38.215
2026-08-14T00:52:36.820095,0.152,2.493,38.215
2026-08-14T00:52:36.820233,0.140,2.493,38.215
2026-08-14T00:52:36.822512,2.277,2.493,38.215
2026-08-14T00:52:36.822652,0.142,2.493,38.215
2026-08-14T00:52:36.823886,1.231,2.504,38.215
2026-08-14T00:52:36.824026,0.143,2.504,38.215
2026-08-14T00:52:36.824208,0.181,2.504,38.215
2026-08-14T00:52:36.826519,2.308,2.515,38.215
2026-08-14T00:52:36.827778,1.260,2.515,38.215
2026-08-14T00:52:36.827936,0.159,2.515,38.215
2026-08-14T00:52:36.828075,0.140,2.504,38.215
2026-08-14T00:52:36.831432,3.354,2.536,38.215
2026-08-14T00:52:36.831570,0.142,2.515,38.215
2026-08-14T00:52:36.831698,0.129,2.515,38.215
2026-08-14T00:52:36.831836,0.127,2.515,38.215
2026-08-14T00:52:36.831967,0.141,2.515,38.215
2026-08-14T00:52:36.868485,36.506,2.498,37.633
2026-08-14T00:52:36.868637,0.159,2.497,37.633
2026-08-14T00:52:36.868775,0.140,2.497,37.633
2026-08-14T00:52:36.870002,1.224,2.497,37.633
2026-08-14T00:52:36.870147,0.147,2.497,37.633
2026-08-14T00:52:36.870284,0.139,2.497,37.633
2026-08-14T00:52:36.870415,0.132,2.497,37.633
2026-08-14T00:52:36.872695,2.275,2.486,37.633
2026-08-14T00:52:36.872852,0.147,2.486,37.633
2026-08-14T00:52:36.872990,0.151,2.486,37.633
2026-08-14T00:52:36.873159,0.169,2.486,37.633
2026-08-14T00:52:36.875464,2.304,2.475,37.633
2026-08-14T00:52:36.875625,0.163,2.475,37.633
2026-08-14T00:52:36.875756,0.133,2.475,37.633
2026-08-14T00:52:36.875899,0.140,2.475,37.633
2026-08-14T00:52:36.877200,1.271,2.465,37.633
2026-08-14T00:52:36.880648,3.453,2.498,37.633
2026-08-14T00:52:36.880827,0.188,2.499,37.633
2026-08-14T00:52:36.880971,0.160,2.488,37.633
2026-08-14T00:52:36.881103,0.135,2.488,37.633
2026-08-14T00:52:36.917723,36.570,2.500,37.633
2026-08-14T00:52:36.917934,0.249,2.500,37.633
2026-08-14T00:52:36.918076,0.152,2.500,37.633
2026-08-14T00:52:36.920389,2.308,2.499,37.633
2026-08-14T00:52:36.920536,0.151,2.498,37.633
2026-08-14T00:52:36.920672,0.139,2.498,37.633
2026-08-14T00:52:36.922952,2.276,2.519,37.633
2026-08-14T00:52:36.923090,0.141,2.497,37.633
2026-08-14T00:52:36.923219,0.131,2.497,37.633
2026-08-14T00:52:36.923346,0.127,2.496,37.633
2026-08-14T00:52:36.923524,0.175,2.496,37.633
2026-08-14T00:52:36.925913,2.370,2.496,37.633
2026-08-14T00:52:36.928309,2.400,2.518,37.633
2026-08-14T00:52:36.928468,0.172,2.518,37.633
2026-08-14T00:52:36.928597,0.135,2.518,37.633
2026-08-14T00:52:36.928732,0.136,2.518,37.633
2026-08-14T00:52:36.931007,2.269,2.539,37.633
2026-08-14T00:52:36.931140,0.138,2.507,37.633
2026-08-14T00:52:36.932342,1.200,2.517,37.633
2026-08-14T00:52:36.932474,0.134,2.517,37.633
2026-08-14T00:52:36.967936,35.442,2.497,37.633
2026-08-14T00:52:36.968105,0.179,2.497,37.633
2026-08-14T00:52:36.968244,0.146,2.497,37.633
2026-08-14T00:52:36.970539,2.291,2.507,37.633
2026-08-14T00:52:36.970687,0.151,2.507,37.633
2026-08-14T00:52:36.970838,0.141,2.507,37.633
2026-08-14T00:52:36.973131,2.300,2.528,37.633
2026-08-14T00:52:36.973280,0.150,2.496,37.633
2026-08-14T00:52:36.973417,0.139,2.496,37.633
2026-08-14T00:52:36.973562,0.142,2.496,37.633
2026-08-14T00:52:36.973745,0.184,2.496,37.633
2026-08-14T00:52:36.976076,2.327,2.496,37.633
2026-08-14T00:52:36.976255,0.182,2.496,37.633
2026-08-14T00:52:36.976398,0.146,2.485,37.633
2026-08-14T00:52:36.977628,1.228,2.496,37.633
2026-08-14T00:52:36.977786,0.160,2.496,37.633
2026-08-14T00:52:36.980071,2.288,2.496,37.633
2026-08-14T00:52:36.980198,0.129,2.496,37.633
2026-08-14T00:52:36.980316,0.120,2.496,37.633
2026-08-14T00:52:36.980432,0.116,2.496,37.633
2026-08-14T00:52:37.018751,38.238,2.502,38.238
2026-08-14T00:52:37.018981,0.291,2.503,38.238
2026-08-14T00:52:37.019134,0.164,2.503,38.238
2026-08-14T00:52:37.020367,1.228,2.503,38.238
2026-08-14T00:52:37.020525,0.162,2.503,38.238
2026-08-14T00:52:37.020668,0.146,2.503,38.238
2026-08-14T00:52:37.020801,0.134,2.482,38.238
2026-08-14T00:52:37.023098,2.293,2.503,38.238
2026-08-14T00:52:37.023240,0.146,2.504,38.238
2026-08-14T00:52:37.023369,0.130,2.504,38.238
2026-08-14T00:52:37.023546,0.175,2.504,38.238
2026-08-14T00:52:37.025865,2.313,2.504,38.238
2026-08-14T00:52:37.026036,0.175,2.504,38.238
2026-08-14T00:52:37.027255,1.217,2.514,38.238
2026-08-14T00:52:37.027395,0.142,2.504,38.238
2026-08-14T00:52:37.030839,3.402,2.536,38.238
2026-08-14T00:52:37.031020,0.213,2.504,38.238
2026-08-14T00:52:37.031159,0.148,2.503,38.238
2026-08-14T00:52:37.031288,0.133,2.503,38.238
2026-08-14T00:52:37.031417,0.129,2.503,38.238
2026-08-14T00:52:37.067940,36.505,2.496,38.238
2026-08-14T00:52:37.068102,0.173,2.495,38.238
2026-08-14T00:52:37.068237,0.141,2.495,38.238
2026-08-14T00:52:37.070520,2.279,2.506,38.238
2026-08-14T00:52:37.070663,0.146,2.506,38.238
2026-08-14T00:52:37.070795,0.135,2.506,38.238
2026-08-14T00:52:37.070939,0.141,2.484,38.238
2026-08-14T00:52:37.073219,2.279,2.506,38.238
2026-08-14T00:52:37.073358,0.142,2.495,38.238
2026-08-14T00:52:37.073486,0.130,2.495,38.238
2026-08-14T00:52:37.073661,0.172,2.495,38.238
2026-08-14T00:52:37.075967,2.303,2.494,38.238
2026-08-14T00:52:37.076136,0.170,2.484,38.238
2026-08-14T00:52:37.076273,0.141,2.483,38.238
2026-08-14T00:52:37.076399,0.128,2.483,38.238
2026-08-14T00:52:37.077616,1.212,2.462,38.238
2026-08-14T00:52:37.079911,2.294,2.483,38.238
2026-08-14T00:52:37.080047,0.139,2.483,38.238
2026-08-14T00:52:37.080173,0.129,2.483,38.238
2026-08-14T00:52:37.080296,0.124,2.483,38.238
2026-08-14T00:52:37.117966,37.629,2.495,38.238
2026-08-14T00:52:37.118146,0.210,2.495,38.238
2026-08-14T00:52:37.118283,0.145,2.495,38.238
2026-08-14T00:52:37.120567,2.281,2.506,38.238
2026-08-14T00:52:37.120708,0.144,2.506,38.238
2026-08-14T00:52:37.120851,0.132,2.506,38.238
2026-08-14T00:52:37.120989,0.148,2.506,38.238
2026-08-14T00:52:37.123268,2.276,2.506,38.238
2026-08-14T00:52:37.123407,0.143,2.506,38.238
2026-08-14T00:52:37.123535,0.129,2.505,38.238
2026-08-14T00:52:37.123730,0.191,2.506,38.238
2026-08-14T00:52:37.126003,2.269,2.505,38.238
2026-08-14T00:52:37.126174,0.175,2.505,38.238
2026-08-14T00:52:37.128609,2.385,2.528,38.238
2026-08-14T00:52:37.128795,0.233,2.529,38.238
2026-08-14T00:52:37.128967,0.176,2.518,38.238
2026-08-14T00:52:37.129096,0.133,2.485,38.238
2026-08-14T00:52:37.130299,1.199,2.495,38.238
2026-08-14T00:52:37.131520,1.221,2.505,38.238
2026-08-14T00:52:37.131652,0.137,2.506,38.238
2026-08-14T00:52:37.168152,36.485,2.505,38.238
2026-08-14T00:52:37.168305,0.161,2.504,38.238
2026-08-14T00:52:37.168443,0.140,2.504,38.238
2026-08-14T00:52:37.170737,2.289,2.503,38.238
2026-08-14T00:52:37.170904,0.167,2.504,38.238
2026-08-14T00:52:37.171048,0.149,2.504,38.238
2026-08-14T00:52:37.171183,0.135,2.482,38.238
2026-08-14T00:52:37.173520,2.320,2.504,38.238
2026-08-14T00:52:37.173691,0.181,2.505,38.238
2026-08-14T00:52:37.173846,0.147,2.505,38.238
2026-08-14T00:52:37.174047,0.212,2.505,38.238
2026-08-14T00:52:37.176410,2.360,2.505,38.238
2026-08-14T00:52:37.176616,0.209,2.483,38.238
2026-08-14T00:52:37.176761,0.148,2.483,38.238
2026-08-14T00:52:37.176920,0.156,2.483,38.238
2026-08-14T00:52:37.177069,0.153,2.483,38.238
2026-08-14T00:52:37.180415,3.345,2.494,38.238
2026-08-14T00:52:37.180544,0.134,2.494,38.238
2026-08-14T00:52:37.180663,0.120,2.483,38.238
2026-08-14T00:52:37.180780,0.118,2.483,38.238
2026-08-14T00:52:37.217889,37.048,2.499,38.238
2026-08-14T00:52:37.218098,0.247,2.500,38.238
2026-08-14T00:52:37.218268,0.180,2.500,38.238
2026-08-14T00:52:37.220566,2.302,2.500,38.238
2026-08-14T00:52:37.220716,0.150,2.500,38.238
2026-08-14T00:52:37.220887,0.166,2.501,38.238
2026-08-14T00:52:37.223179,2.296,2.500,38.238
2026-08-14T00:52:37.223321,0.147,2.500,38.238
2026-08-14T00:52:37.223452,0.132,2.500,38.238
2026-08-14T00:52:37.223577,0.127,2.500,38.238
2026-08-14T00:52:37.223756,0.175,2.500,38.238
2026-08-14T00:52:37.226074,2.315,2.500,38.238
2026-08-14T00:52:37.227334,1.260,2.511,38.238
2026-08-14T00:52:37.227482,0.151,2.511,38.238
2026-08-14T00:52:37.227611,0.132,2.500,38.238
2026-08-14T00:52:37.231009,3.390,2.532,38.238
2026-08-14T00:52:37.231153,0.150,2.511,38.238
2026-08-14T00:52:37.231288,0.135,2.511,38.238
2026-08-14T00:52:37.231411,0.126,2.511,38.238
2026-08-14T00:52:37.231531,0.121,2.511,38.238
2026-08-14T00:52:37.268004,36.460,2.493,37.629
2026-08-14T00:52:37.268155,0.157,2.492,37.629
2026-08-14T00:52:37.268289,0.137,2.492,37.629
2026-08-14T00:52:37.270594,2.300,2.502,37.629
2026-08-14T00:52:37.270741,0.150,2.502,37.629
2026-08-14T00:52:37.270898,0.156,2.502,37.629
2026-08-14T00:52:37.273189,2.288,2.524,37.629
2026-08-14T00:52:37.273334,0.149,2.502,37.629
2026-08-14T00:52:37.273469,0.136,2.502,37.629
2026-08-14T00:52:37.273593,0.128,2.502,37.629
2026-08-14T00:52:37.273751,0.155,2.502,37.629
2026-08-14T00:52:37.276067,2.311,2.502,37.629
2026-08-14T00:52:37.276252,0.181,2.502,37.629
2026-08-14T00:52:37.276417,0.166,2.492,37.629
2026-08-14T00:52:37.277668,1.249,2.503,37.629
2026-08-14T00:52:37.277856,0.177,2.470,37.629
2026-08-14T00:52:37.280156,2.316,2.491,37.629
2026-08-14T00:52:37.280295,0.144,2.491,37.629
2026-08-14T00:52:37.280425,0.132,2.491,37.629
2026-08-14T00:52:37.280550,0.126,2.491,37.629
2026-08-14T00:52:37.318207,37.614,2.502,37.629
2026-08-14T00:52:37.318389,0.213,2.503,37.629
2026-08-14T00:52:37.318529,0.148,2.503,37.629
2026-08-14T00:52:37.319791,1.252,2.493,37.629
2026-08-14T00:52:37.319966,0.178,2.493,37.629
2026-08-14T00:52:37.320110,0.150,2.493,37.629
2026-08-14T00:52:37.320244,0.135,2.493,37.629
2026-08-14T00:52:37.322538,2.288,2.493,37.629
2026-08-14T00:52:37.322689,0.153,2.493,37.629
2026-08-14T00:52:37.322842,0.138,2.493,37.629
2026-08-14T00:52:37.323037,0.209,2.494,37.629
2026-08-14T00:52:37.326418,3.383,2.505,37.629
2026-08-14T00:52:37.326581,0.165,2.504,37.629
2026-08-14T00:52:37.327831,1.228,2.515,37.629
2026-08-14T00:52:37.327982,0.171,2.516,37.629
2026-08-14T00:52:37.328118,0.141,2.505,37.629
2026-08-14T00:52:37.330387,2.266,2.505,37.629
2026-08-14T00:52:37.330539,0.154,2.505,37.629
2026-08-14T00:52:37.330661,0.125,2.505,37.629
2026-08-14T00:52:37.330781,0.120,2.505,37.629
2026-08-14T00:52:37.368425,37.596,2.505,37.614
2026-08-14T00:52:37.368608,0.220,2.505,37.614
2026-08-14T00:52:37.368743,0.142,2.505,37.614
2026-08-14T00:52:37.369956,1.210,2.494,37.614
2026-08-14T00:52:37.370099,0.146,2.494,37.614
2026-08-14T00:52:37.370234,0.136,2.494,37.614
2026-08-14T00:52:37.372510,2.273,2.515,37.614
2026-08-14T00:52:37.372646,0.138,2.494,37.614
2026-08-14T00:52:37.372774,0.130,2.494,37.614
2026-08-14T00:52:37.372915,0.139,2.494,37.614
2026-08-14T00:52:37.373094,0.178,2.494,37.614
2026-08-14T00:52:37.375434,2.334,2.494,37.614
2026-08-14T00:52:37.375610,0.181,2.494,37.614
2026-08-14T00:52:37.375748,0.141,2.472,37.614
2026-08-14T00:52:37.376980,1.229,2.482,37.614
2026-08-14T00:52:37.377125,0.149,2.482,37.614
2026-08-14T00:52:37.380471,3.340,2.514,37.614
2026-08-14T00:52:37.380606,0.139,2.503,37.614
2026-08-14T00:52:37.380726,0.124,2.492,37.614
2026-08-14T00:52:37.380856,0.128,2.492,37.614
2026-08-14T00:52:37.417981,37.083,2.498,37.614
2026-08-14T00:52:37.418196,0.233,2.499,37.614
2026-08-14T00:52:37.418372,0.187,2.499,37.614
2026-08-14T00:52:37.420671,2.303,2.499,37.614
2026-08-14T00:52:37.420834,0.154,2.499,37.614
2026-08-14T00:52:37.420975,0.156,2.499,37.614
2026-08-14T00:52:37.423253,2.276,2.521,37.614
2026-08-14T00:52:37.423392,0.141,2.499,37.614
2026-08-14T00:52:37.423520,0.131,2.498,37.614
2026-08-14T00:52:37.423646,0.127,2.498,37.614
2026-08-14T00:52:37.423833,0.172,2.498,37.614
2026-08-14T00:52:37.426144,2.320,2.497,37.614
2026-08-14T00:52:37.427402,1.258,2.508,37.614
2026-08-14T00:52:37.427548,0.149,2.508,37.614
2026-08-14T00:52:37.427678,0.132,2.508,37.614
2026-08-14T00:52:37.431025,3.345,2.540,37.614
2026-08-14T00:52:37.431155,0.133,2.507,37.614
2026-08-14T00:52:37.431274,0.120,2.507,37.614
2026-08-14T00:52:37.431393,0.120,2.507,37.614
2026-08-14T00:52:37.431509,0.116,2.507,37.614
2026-08-14T00:52:37.467982,36.458,2.501,37.614
2026-08-14T00:52:37.468133,0.158,2.501,37.614
2026-08-14T00:52:37.468268,0.137,2.500,37.614
2026-08-14T00:52:37.470556,2.284,2.500,37.614
2026-08-14T00:52:37.470700,0.147,2.500,37.614
2026-08-14T00:52:37.470842,0.136,2.500,37.614
2026-08-14T00:52:37.473119,2.283,2.499,37.614
2026-08-14T00:52:37.473257,0.139,2.499,37.614
2026-08-14T00:52:37.473383,0.129,2.499,37.614
2026-08-14T00:52:37.473503,0.122,2.499,37.614
2026-08-14T00:52:37.473657,0.151,2.499,37.614
2026-08-14T00:52:37.475953,2.293,2.499,37.614
2026-08-14T00:52:37.476112,0.161,2.488,37.614
2026-08-14T00:52:37.476241,0.132,2.488,37.614
2026-08-14T00:52:37.477458,1.214,2.498,37.614
2026-08-14T00:52:37.477601,0.145,2.466,37.614
2026-08-14T00:52:37.480012,2.366,2.488,37.614
2026-08-14T00:52:37.480199,0.221,2.489,37.614
2026-08-14T00:52:37.480368,0.167,2.489,37.614
2026-08-14T00:52:37.480538,0.169,2.490,37.614
2026-08-14T00:52:37.518261,37.692,2.502,37.692
2026-08-14T00:52:37.518443,0.220,2.503,37.692
2026-08-14T00:52:37.518582,0.145,2.503,37.692
2026-08-14T00:52:37.519796,1.212,2.492,37.692
2026-08-14T00:52:37.519954,0.158,2.492,37.692
2026-08-14T00:52:37.520088,0.138,2.492,37.692
2026-08-14T00:52:37.520217,0.130,2.470,37.692
2026-08-14T00:52:37.523572,3.350,2.502,37.692
2026-08-14T00:52:37.523712,0.144,2.502,37.692
2026-08-14T00:52:37.523852,0.129,2.502,37.692
2026-08-14T00:52:37.524033,0.189,2.503,37.692
2026-08-14T00:52:37.526342,2.307,2.503,37.692
2026-08-14T00:52:37.526507,0.168,2.503,37.692
2026-08-14T00:52:37.527724,1.215,2.513,37.692
2026-08-14T00:52:37.527872,0.148,2.502,37.692
2026-08-14T00:52:37.528024,0.155,2.502,37.692
2026-08-14T00:52:37.530305,2.278,2.502,37.692
2026-08-14T00:52:37.530442,0.140,2.501,37.692
2026-08-14T00:52:37.530569,0.128,2.501,37.692
2026-08-14T00:52:37.530696,0.127,2.501,37.692
2026-08-14T00:52:37.563986,33.276,2.458,37.692
2026-08-14T00:52:37.568429,4.447,2.500,37.692
2026-08-14T00:52:37.568571,0.149,2.500,37.692
2026-08-14T00:52:37.568697,0.129,2.489,37.692
2026-08-14T00:52:37.569928,1.225,2.500,37.692
2026-08-14T00:52:37.570064,0.140,2.500,37.692
2026-08-14T00:52:37.570192,0.130,2.500,37.692
2026-08-14T00:52:37.573544,3.343,2.510,37.692
2026-08-14T00:52:37.573685,0.146,2.510,37.692
2026-08-14T00:52:37.573823,0.130,2.510,37.692
2026-08-14T00:52:37.573951,0.139,2.509,37.692
2026-08-14T00:52:37.574113,0.160,2.477,37.692
2026-08-14T00:52:37.575344,1.229,2.488,37.692
2026-08-14T00:52:37.575507,0.164,2.477,37.692
2026-08-14T00:52:37.575638,0.134,2.477,37.692
2026-08-14T00:52:37.576866,1.224,2.487,37.692
2026-08-14T00:52:37.578091,1.224,2.477,37.692
2026-08-14T00:52:37.580375,2.285,2.498,37.692
2026-08-14T00:52:37.580508,0.137,2.498,37.692
2026-08-14T00:52:37.580633,0.126,2.499,37.692
2026-08-14T00:52:37.580757,0.124,2.124,37.692
2026-08-14T00:52:37.618083,37.240,2.494,37.692
2026-08-14T00:52:37.618300,0.288,2.495,37.692
2026-08-14T00:52:37.618441,0.153,2.485,37.692
2026-08-14T00:52:37.620752,2.297,2.506,37.692
2026-08-14T00:52:37.620933,0.188,2.507,37.692
2026-08-14T00:52:37.621082,0.156,2.486,37.692
2026-08-14T00:52:37.621211,0.131,2.486,37.692
2026-08-14T00:52:37.623491,2.276,2.507,37.692
2026-08-14T00:52:37.623633,0.144,2.507,37.692
2026-08-14T00:52:37.625942,2.305,2.528,37.692
2026-08-14T00:52:37.626140,0.197,2.507,37.692
2026-08-14T00:52:37.628451,2.312,2.528,37.692
2026-08-14T00:52:37.628611,0.164,2.529,37.692
2026-08-14T00:52:37.628741,0.133,2.518,37.692
2026-08-14T00:52:37.628875,0.133,2.517,37.692
2026-08-14T00:52:37.629009,0.136,2.485,37.692
2026-08-14T00:52:37.632349,3.334,2.517,37.692
2026-08-14T00:52:37.632483,0.138,2.518,37.692
2026-08-14T00:52:37.632604,0.123,2.517,37.692
2026-08-14T00:52:37.632723,0.119,2.148,37.692
2026-08-14T00:52:37.668118,35.382,2.499,37.692
2026-08-14T00:52:37.668270,0.156,2.499,37.692
2026-08-14T00:52:37.668406,0.140,2.477,37.692
2026-08-14T00:52:37.669621,1.212,2.488,37.692
2026-08-14T00:52:37.669766,0.147,2.488,37.692
2026-08-14T00:52:37.669925,0.158,2.467,37.692
2026-08-14T00:52:37.673274,3.349,2.499,37.692
2026-08-14T00:52:37.673409,0.139,2.499,37.692
2026-08-14T00:52:37.673535,0.127,2.499,37.692
2026-08-14T00:52:37.673658,0.124,2.498,37.692
2026-08-14T00:52:37.673828,0.155,2.477,37.692
2026-08-14T00:52:37.676137,2.318,2.487,37.692
2026-08-14T00:52:37.676295,0.161,2.487,37.692
2026-08-14T00:52:37.676425,0.132,2.487,37.692
2026-08-14T00:52:37.677705,1.255,2.467,37.692
2026-08-14T00:52:37.677896,0.207,2.467,37.692
2026-08-14T00:52:37.680239,2.331,2.489,37.692
2026-08-14T00:52:37.680397,0.174,2.490,37.692
2026-08-14T00:52:37.680526,0.135,2.490,37.692
2026-08-14T00:52:37.680649,0.124,2.127,37.692
2026-08-14T00:52:37.718312,37.618,2.501,37.692
2026-08-14T00:52:37.718513,0.230,2.502,37.692
2026-08-14T00:52:37.718669,0.165,2.481,37.692
2026-08-14T00:52:37.719913,1.239,2.492,37.692
2026-08-14T00:52:37.720073,0.163,2.492,37.692
2026-08-14T00:52:37.720216,0.148,2.471,37.692
2026-08-14T00:52:37.720352,0.137,2.471,37.692
2026-08-14T00:52:37.722636,2.280,2.492,37.692
2026-08-14T00:52:37.722780,0.145,2.493,37.692
2026-08-14T00:52:37.722940,0.157,2.493,37.692
2026-08-14T00:52:37.723127,0.191,2.472,37.692
2026-08-14T00:52:37.726514,3.384,2.504,37.692
2026-08-14T00:52:37.726686,0.174,2.504,37.692
2026-08-14T00:52:37.727915,1.226,2.505,37.692
2026-08-14T00:52:37.728058,0.147,2.505,37.692
2026-08-14T00:52:37.728199,0.143,2.482,37.692
2026-08-14T00:52:37.728328,0.130,2.481,37.692
2026-08-14T00:52:37.730605,2.273,2.502,37.692
2026-08-14T00:52:37.731843,1.230,2.513,37.692
2026-08-14T00:52:37.731982,0.149,2.138,37.618
2026-08-14T00:52:37.768433,36.440,2.500,37.618
2026-08-14T00:52:37.768592,0.163,2.500,37.618
2026-08-14T00:52:37.768730,0.143,2.489,37.618
2026-08-14T00:52:37.769949,1.215,2.500,37.618
2026-08-14T00:52:37.770094,0.148,2.500,37.618
2026-08-14T00:52:37.770231,0.139,2.500,37.618
2026-08-14T00:52:37.772517,2.281,2.489,37.618
2026-08-14T00:52:37.772659,0.144,2.489,37.618
2026-08-14T00:52:37.772792,0.135,2.489,37.618
2026-08-14T00:52:37.772933,0.142,2.489,37.618
2026-08-14T00:52:37.773093,0.159,2.468,37.618
2026-08-14T00:52:37.775422,2.324,2.489,37.618
2026-08-14T00:52:37.775600,0.178,2.479,37.618
2026-08-14T00:52:37.775738,0.143,2.479,37.618
2026-08-14T00:52:37.776960,1.220,2.489,37.618
2026-08-14T00:52:37.777113,0.156,2.468,37.618
2026-08-14T00:52:37.780561,3.425,2.501,37.618
2026-08-14T00:52:37.780721,0.181,2.501,37.618
2026-08-14T00:52:37.780867,0.148,2.502,37.618
2026-08-14T00:52:37.781001,0.136,2.170,37.618
2026-08-14T00:52:37.818292,37.210,2.498,37.618
2026-08-14T00:52:37.818507,0.282,2.499,37.618
2026-08-14T00:52:37.818648,0.154,2.499,37.618
2026-08-14T00:52:37.819974,1.288,2.500,37.618
2026-08-14T00:52:37.820169,0.224,2.501,37.618
2026-08-14T00:52:37.820313,0.152,2.501,37.618
2026-08-14T00:52:37.822603,2.285,2.491,37.618
2026-08-14T00:52:37.822750,0.152,2.491,37.618
2026-08-14T00:52:37.823989,1.236,2.502,37.618
2026-08-14T00:52:37.824130,0.145,2.502,37.618
2026-08-14T00:52:37.824311,0.180,2.502,37.618
2026-08-14T00:52:37.825541,1.229,2.502,37.618
2026-08-14T00:52:37.827873,2.330,2.524,37.618
2026-08-14T00:52:37.828017,0.148,2.524,37.618
2026-08-14T00:52:37.828139,0.125,2.513,37.618
2026-08-14T00:52:37.830419,2.276,2.523,37.618
2026-08-14T00:52:37.830552,0.136,2.502,37.618
2026-08-14T00:52:37.830672,0.122,2.502,37.618
2026-08-14T00:52:37.830791,0.119,2.502,37.618
2026-08-14T00:52:37.830925,0.133,2.502,37.618
2026-08-14T00:52:37.867540,36.575,2.495,37.618
2026-08-14T00:52:37.867728,0.213,2.494,37.618
2026-08-14T00:52:37.867887,0.167,2.494,37.618
2026-08-14T00:52:37.870181,2.291,2.494,37.618
2026-08-14T00:52:37.870326,0.151,2.494,37.618
2026-08-14T00:52:37.870458,0.135,2.494,37.618
2026-08-14T00:52:37.870584,0.126,2.494,37.618
2026-08-14T00:52:37.872866,2.276,2.494,37.618
2026-08-14T00:52:37.873006,0.144,2.494,37.618
2026-08-14T00:52:37.873133,0.128,2.472,37.618
2026-08-14T00:52:37.873304,0.169,2.472,37.618
2026-08-14T00:52:37.875634,2.323,2.472,37.618
2026-08-14T00:52:37.875819,0.179,2.472,37.618
2026-08-14T00:52:37.875965,0.158,2.472,37.618
2026-08-14T00:52:37.876094,0.133,2.472,37.618
2026-08-14T00:52:37.877314,1.214,2.483,37.618
2026-08-14T00:52:37.879592,2.280,2.472,37.618
2026-08-14T00:52:37.879723,0.135,2.472,37.618
2026-08-14T00:52:37.879853,0.120,2.472,37.618
2026-08-14T00:52:37.879976,0.133,2.473,37.618
2026-08-14T00:52:37.917641,37.630,2.495,37.630
2026-08-14T00:52:37.917839,0.202,2.495,37.630
2026-08-14T00:52:37.917989,0.173,2.496,37.630
2026-08-14T00:52:37.920290,2.298,2.507,37.630
2026-08-14T00:52:37.920443,0.157,2.507,37.630
2026-08-14T00:52:37.920583,0.143,2.507,37.630
2026-08-14T00:52:37.922875,2.288,2.496,37.630
2026-08-14T00:52:37.923019,0.148,2.496,37.630
2026-08-14T00:52:37.923149,0.133,2.496,37.630
2026-08-14T00:52:37.923274,0.126,2.496,37.630
2026-08-14T00:52:37.923446,0.169,2.496,37.630
2026-08-14T00:52:37.925751,2.303,2.496,37.630
2026-08-14T00:52:37.928106,2.349,2.518,37.630
2026-08-14T00:52:37.928256,0.156,2.518,37.630
2026-08-14T00:52:37.928384,0.132,2.507,37.630
2026-08-14T00:52:37.928521,0.136,2.506,37.630
2026-08-14T00:52:37.930798,2.273,2.506,37.630
2026-08-14T00:52:37.930945,0.149,2.506,37.630
2026-08-14T00:52:37.932153,1.207,2.516,37.630
2026-08-14T00:52:37.932290,0.139,2.516,37.630
2026-08-14T00:52:37.967718,35.418,2.494,37.630
2026-08-14T00:52:37.967883,0.169,2.494,37.630
2026-08-14T00:52:37.968026,0.147,2.494,37.630
2026-08-14T00:52:37.970318,2.288,2.504,37.630
2026-08-14T00:52:37.970463,0.148,2.504,37.630
2026-08-14T00:52:37.970601,0.140,2.504,37.630
2026-08-14T00:52:37.970731,0.131,2.504,37.630
2026-08-14T00:52:37.973016,2.279,2.504,37.630
2026-08-14T00:52:37.973163,0.150,2.504,37.630
2026-08-14T00:52:37.973295,0.134,2.504,37.630
2026-08-14T00:52:37.973451,0.156,2.503,37.630
2026-08-14T00:52:37.975753,2.298,2.492,37.630
2026-08-14T00:52:37.975930,0.179,2.492,37.630
2026-08-14T00:52:37.976069,0.142,2.482,37.630
2026-08-14T00:52:37.976195,0.128,2.481,37.630
2026-08-14T00:52:37.977408,1.210,2.492,37.630
2026-08-14T00:52:37.979689,2.280,2.514,37.630
2026-08-14T00:52:37.979831,0.135,2.492,37.630
2026-08-14T00:52:37.979983,0.161,2.481,37.630
2026-08-14T00:52:37.980109,0.129,2.481,37.630
2026-08-14T00:52:38.018252,38.106,2.498,38.106
2026-08-14T00:52:38.018421,0.199,2.498,38.106
2026-08-14T00:52:38.018557,0.140,2.498,38.106
2026-08-14T00:52:38.019826,1.239,2.499,38.106
2026-08-14T00:52:38.019995,0.194,2.499,38.106
2026-08-14T00:52:38.020133,0.145,2.499,38.106
2026-08-14T00:52:38.020262,0.129,2.478,38.106
2026-08-14T00:52:38.025752,5.484,2.531,38.106
2026-08-14T00:52:38.025912,0.161,2.531,38.106
2026-08-14T00:52:38.028195,2.283,2.553,38.106
2026-08-14T00:52:38.028380,0.186,2.553,38.106
2026-08-14T00:52:38.028523,0.146,2.531,38.106
2026-08-14T00:52:38.028677,0.154,2.531,38.106
2026-08-14T00:52:38.030971,2.290,2.552,38.106
2026-08-14T00:52:38.031111,0.144,2.542,38.106
2026-08-14T00:52:38.031252,0.142,2.541,38.106
2026-08-14T00:52:38.031380,0.129,2.508,38.106
2026-08-14T00:52:38.031506,0.126,2.508,38.106
2026-08-14T00:52:38.032712,1.202,2.518,38.106
2026-08-14T00:52:38.033946,1.233,2.529,38.106
2026-08-14T00:52:38.068527,34.512,2.502,38.106
2026-08-14T00:52:38.068749,0.280,2.502,38.106
2026-08-14T00:52:38.068916,0.175,2.503,38.106
2026-08-14T00:52:38.070143,1.228,2.502,38.106
2026-08-14T00:52:38.070295,0.155,2.501,38.106
2026-08-14T00:52:38.070436,0.143,2.501,38.106
2026-08-14T00:52:38.072720,2.280,2.501,38.106
2026-08-14T00:52:38.072879,0.160,2.501,38.106
2026-08-14T00:52:38.073022,0.145,2.490,38.106
2026-08-14T00:52:38.073153,0.134,2.490,38.106
2026-08-14T00:52:38.073337,0.180,2.490,38.106
2026-08-14T00:52:38.075647,2.308,2.501,38.106
2026-08-14T00:52:38.075831,0.174,2.479,38.106
2026-08-14T00:52:38.075980,0.162,2.480,38.106
2026-08-14T00:52:38.077266,1.267,2.491,38.106
2026-08-14T00:52:38.077445,0.194,2.470,38.106
2026-08-14T00:52:38.079725,2.283,2.492,38.106
2026-08-14T00:52:38.079869,0.146,2.492,38.106
2026-08-14T00:52:38.080000,0.133,2.492,38.106
2026-08-14T00:52:38.080124,0.125,2.492,38.106
2026-08-14T00:52:38.117774,37.606,2.502,38.106
2026-08-14T00:52:38.117983,0.237,2.503,38.106
2026-08-14T00:52:38.118129,0.157,2.502,38.106
2026-08-14T00:52:38.120420,2.289,2.502,38.106
2026-08-14T00:52:38.120563,0.147,2.502,38.106
2026-08-14T00:52:38.120692,0.131,2.502,38.106
2026-08-14T00:52:38.122970,2.273,2.524,38.106
2026-08-14T00:52:38.123107,0.141,2.502,38.106
2026-08-14T00:52:38.123235,0.130,2.502,38.106
2026-08-14T00:52:38.123362,0.127,2.502,38.106
2026-08-14T00:52:38.123536,0.171,2.502,38.106
2026-08-14T00:52:38.125851,2.303,2.502,38.106
2026-08-14T00:52:38.128185,2.343,2.524,38.106
2026-08-14T00:52:38.128332,0.150,2.524,38.106
2026-08-14T00:52:38.128460,0.132,2.524,38.106
2026-08-14T00:52:38.128599,0.138,2.513,38.106
2026-08-14T00:52:38.129819,1.205,2.502,38.106
2026-08-14T00:52:38.129962,0.155,2.502,38.106
2026-08-14T00:52:38.130090,0.131,2.502,38.106
2026-08-14T00:52:38.130217,0.128,2.502,38.106
2026-08-14T00:52:38.167760,37.532,2.501,38.106
2026-08-14T00:52:38.167923,0.165,2.501,38.106
2026-08-14T00:52:38.168059,0.141,2.501,38.106
2026-08-14T00:52:38.170350,2.287,2.501,38.106
2026-08-14T00:52:38.170496,0.148,2.501,38.106
2026-08-14T00:52:38.170629,0.136,2.500,38.106
2026-08-14T00:52:38.170758,0.129,2.479,38.106
2026-08-14T00:52:38.173046,2.281,2.500,38.106
2026-08-14T00:52:38.173192,0.151,2.500,38.106
2026-08-14T00:52:38.173325,0.135,2.500,38.106
2026-08-14T00:52:38.173486,0.160,2.500,38.106
2026-08-14T00:52:38.175794,2.302,2.500,38.106
2026-08-14T00:52:38.175973,0.180,2.479,38.106
2026-08-14T00:52:38.176111,0.144,2.479,38.106
2026-08-14T00:52:38.176236,0.126,2.479,38.106
2026-08-14T00:52:38.177451,1.211,2.489,38.106
2026-08-14T00:52:38.179733,2.282,2.489,38.106
2026-08-14T00:52:38.179877,0.144,2.489,38.106
2026-08-14T00:52:38.180008,0.135,2.479,38.106
2026-08-14T00:52:38.180132,0.126,2.478,38.106
2026-08-14T00:52:38.218283,38.112,2.505,38.112
2026-08-14T00:52:38.218455,0.201,2.506,38.112
2026-08-14T00:52:38.218587,0.140,2.506,38.112
2026-08-14T00:52:38.219856,1.235,2.495,38.112
2026-08-14T00:52:38.220023,0.193,2.496,38.112
2026-08-14T00:52:38.220185,0.168,2.496,38.112
2026-08-14T00:52:38.222468,2.280,2.517,38.112
2026-08-14T00:52:38.222613,0.147,2.496,38.112
2026-08-14T00:52:38.223850,1.224,2.507,38.112
2026-08-14T00:52:38.223995,0.157,2.507,38.112
2026-08-14T00:52:38.224186,0.190,2.507,38.112
2026-08-14T00:52:38.226495,2.309,2.507,38.112
2026-08-14T00:52:38.227755,1.260,2.518,38.112
2026-08-14T00:52:38.227913,0.159,2.518,38.112
2026-08-14T00:52:38.228052,0.142,2.519,38.112
2026-08-14T00:52:38.228192,0.141,2.508,38.112
2026-08-14T00:52:38.230469,2.274,2.508,38.112
2026-08-14T00:52:38.230606,0.139,2.508,38.112
2026-08-14T00:52:38.231822,1.205,2.518,38.112
2026-08-14T00:52:38.231963,0.151,2.519,38.112
2026-08-14T00:52:38.268531,36.533,2.503,38.112
2026-08-14T00:52:38.268712,0.207,2.503,38.112
2026-08-14T00:52:38.268865,0.160,2.503,38.112
2026-08-14T00:52:38.270089,1.223,2.503,38.112
2026-08-14T00:52:38.270230,0.146,2.502,38.112
2026-08-14T00:52:38.270365,0.136,2.502,38.112
2026-08-14T00:52:38.270491,0.128,2.502,38.112
2026-08-14T00:52:38.272765,2.269,2.470,38.112
2026-08-14T00:52:38.272917,0.153,2.470,38.112
2026-08-14T00:52:38.273046,0.132,2.449,38.112
2026-08-14T00:52:38.273216,0.168,2.448,38.112
2026-08-14T00:52:38.275522,2.304,2.470,38.112
2026-08-14T00:52:38.275687,0.167,2.470,38.112
2026-08-14T00:52:38.275833,0.136,2.449,38.112
2026-08-14T00:52:38.275963,0.141,2.449,38.112
2026-08-14T00:52:38.277194,1.223,2.459,38.112
2026-08-14T00:52:38.280551,3.361,2.492,38.112
2026-08-14T00:52:38.280684,0.138,2.492,38.112
2026-08-14T00:52:38.280804,0.122,2.481,38.112
2026-08-14T00:52:38.280939,0.133,2.470,38.112
2026-08-14T00:52:38.317704,36.688,2.492,38.112
2026-08-14T00:52:38.317938,0.293,2.492,38.112
2026-08-14T00:52:38.318092,0.168,2.492,38.112
2026-08-14T00:52:38.320389,2.294,2.502,38.112
2026-08-14T00:52:38.320539,0.153,2.502,38.112
2026-08-14T00:52:38.320680,0.142,2.502,38.112
2026-08-14T00:52:38.320850,0.148,2.481,38.112
2026-08-14T00:52:38.323157,2.323,2.503,38.112
2026-08-14T00:52:38.323307,0.155,2.503,38.112
2026-08-14T00:52:38.323437,0.135,2.503,38.112
2026-08-14T00:52:38.323615,0.175,2.503,38.112
2026-08-14T00:52:38.325922,2.305,2.503,38.112
2026-08-14T00:52:38.326096,0.173,2.503,38.112
2026-08-14T00:52:38.327339,1.235,2.513,38.112
2026-08-14T00:52:38.327492,0.162,2.502,38.112
2026-08-14T00:52:38.327638,0.150,2.502,38.112
2026-08-14T00:52:38.329954,2.310,2.502,38.112
2026-08-14T00:52:38.330096,0.148,2.502,38.112
2026-08-14T00:52:38.330225,0.130,2.502,38.112
2026-08-14T00:52:38.330351,0.127,2.502,38.112
2026-08-14T00:52:38.367923,37.557,2.502,38.112
2026-08-14T00:52:38.368082,0.166,2.501,38.112
2026-08-14T00:52:38.368220,0.142,2.501,38.112
2026-08-14T00:52:38.370516,2.292,2.501,38.112
2026-08-14T00:52:38.370664,0.151,2.501,38.112
2026-08-14T00:52:38.370803,0.140,2.501,38.112
2026-08-14T00:52:38.373106,2.297,2.501,38.112
2026-08-14T00:52:38.373253,0.151,2.501,38.112
2026-08-14T00:52:38.373387,0.136,2.501,38.112
2026-08-14T00:52:38.373513,0.129,2.502,38.112
2026-08-14T00:52:38.373673,0.157,2.501,38.112
2026-08-14T00:52:38.375989,2.310,2.501,38.112
2026-08-14T00:52:38.376159,0.174,2.480,38.112
2026-08-14T00:52:38.376292,0.137,2.480,38.112
2026-08-14T00:52:38.377513,1.217,2.490,38.112
2026-08-14T00:52:38.377658,0.148,2.491,38.112
2026-08-14T00:52:38.379934,2.274,2.501,38.112
2026-08-14T00:52:38.380068,0.137,2.501,38.112
2026-08-14T00:52:38.380193,0.126,2.501,38.112
2026-08-14T00:52:38.380316,0.124,2.501,38.112
2026-08-14T00:52:38.418454,38.103,2.507,38.112
2026-08-14T00:52:38.418621,0.195,2.507,38.112
2026-08-14T00:52:38.418759,0.142,2.507,38.112
2026-08-14T00:52:38.420032,1.253,2.497,38.112
2026-08-14T00:52:38.420202,0.184,2.497,38.112
2026-08-14T00:52:38.420340,0.147,2.497,38.112
2026-08-14T00:52:38.420468,0.128,2.497,38.112
2026-08-14T00:52:38.423828,3.344,2.508,38.112
2026-08-14T00:52:38.423975,0.158,2.508,38.112
2026-08-14T00:52:38.424105,0.134,2.508,38.112
2026-08-14T00:52:38.424278,0.171,2.508,38.112
2026-08-14T00:52:38.427653,3.372,2.519,38.112
2026-08-14T00:52:38.427858,0.194,2.519,38.112
2026-08-14T00:52:38.428007,0.163,2.519,38.112
2026-08-14T00:52:38.428141,0.134,2.519,38.112
2026-08-14T00:52:38.429407,1.251,2.519,38.112
2026-08-14T00:52:38.430688,1.277,2.509,38.112
2026-08-14T00:52:38.430864,0.175,2.510,38.112
2026-08-14T00:52:38.432099,1.251,2.521,38.112
2026-08-14T00:52:38.432246,0.150,2.521,38.112
2026-08-14T00:52:38.467783,35.501,2.495,38.103
2026-08-14T00:52:38.467988,0.231,2.495,38.103
2026-08-14T00:52:38.468135,0.157,2.495,38.103
2026-08-14T00:52:38.470432,2.293,2.506,38.103
2026-08-14T00:52:38.470582,0.153,2.506,38.103
2026-08-14T00:52:38.470724,0.144,2.505,38.103
2026-08-14T00:52:38.470873,0.147,2.484,38.103
2026-08-14T00:52:38.473164,2.288,2.505,38.103
2026-08-14T00:52:38.473313,0.152,2.495,38.103
2026-08-14T00:52:38.473451,0.140,2.495,38.103
2026-08-14T00:52:38.473640,0.186,2.495,38.103
2026-08-14T00:52:38.475974,2.327,2.495,38.103
2026-08-14T00:52:38.476156,0.186,2.484,38.103
2026-08-14T00:52:38.476301,0.149,2.484,38.103
2026-08-14T00:52:38.476436,0.136,2.484,38.103
2026-08-14T00:52:38.477651,1.216,2.495,38.103
2026-08-14T00:52:38.477780,0.132,2.473,38.103
2026-08-14T00:52:38.480062,2.276,2.495,38.103
2026-08-14T00:52:38.480195,0.137,2.484,38.103
2026-08-14T00:52:38.480317,0.123,2.484,38.103
2026-08-14T00:52:38.517980,37.626,2.495,38.103
2026-08-14T00:52:38.518156,0.202,2.494,38.103
2026-08-14T00:52:38.518291,0.144,2.494,38.103
2026-08-14T00:52:38.519505,1.210,2.494,38.103
2026-08-14T00:52:38.519646,0.144,2.494,38.103
2026-08-14T00:52:38.522994,3.345,2.526,38.103
2026-08-14T00:52:38.523132,0.141,2.526,38.103
2026-08-14T00:52:38.523259,0.128,2.505,38.103
2026-08-14T00:52:38.523385,0.126,2.505,38.103
2026-08-14T00:52:38.523509,0.124,2.505,38.103
2026-08-14T00:52:38.525834,2.310,2.526,38.103
2026-08-14T00:52:38.528148,2.323,2.526,38.103
2026-08-14T00:52:38.528315,0.169,2.526,38.103
2026-08-14T00:52:38.528452,0.140,2.526,38.103
2026-08-14T00:52:38.528579,0.128,2.526,38.103
2026-08-14T00:52:38.530865,2.283,2.537,38.103
2026-08-14T00:52:38.530996,0.134,2.505,38.103
2026-08-14T00:52:38.531116,0.122,2.504,38.103
2026-08-14T00:52:38.532333,1.212,2.515,38.103
2026-08-14T00:52:38.532464,0.133,2.515,38.103
2026-08-14T00:52:38.564395,31.864,2.467,38.103
2026-08-14T00:52:38.567880,3.510,2.499,38.103
2026-08-14T00:52:38.568058,0.209,2.500,38.103
2026-08-14T00:52:38.568213,0.158,2.478,38.103
2026-08-14T00:52:38.570553,2.335,2.500,38.103
2026-08-14T00:52:38.570712,0.165,2.500,38.103
2026-08-14T00:52:38.570870,0.159,2.500,38.103
2026-08-14T00:52:38.573151,2.283,2.500,38.103
2026-08-14T00:52:38.573284,0.137,2.500,38.103
2026-08-14T00:52:38.573409,0.126,2.500,38.103
2026-08-14T00:52:38.573530,0.122,2.499,38.103
2026-08-14T00:52:38.573701,0.168,2.478,38.103
2026-08-14T00:52:38.576003,2.297,2.499,38.103
2026-08-14T00:52:38.576168,0.169,2.488,38.103
2026-08-14T00:52:38.576299,0.133,2.488,38.103
2026-08-14T00:52:38.576420,0.123,2.488,38.103
2026-08-14T00:52:38.578760,2.317,2.488,38.103
2026-08-14T00:52:38.580002,1.255,2.499,38.103
2026-08-14T00:52:38.580138,0.143,2.499,38.103
2026-08-14T00:52:38.580260,0.124,2.499,38.103
2026-08-14T00:52:38.580382,0.123,2.125,38.103
2026-08-14T00:52:38.617440,37.039,2.493,38.103
2026-08-14T00:52:38.617593,0.165,2.494,38.103
2026-08-14T00:52:38.617729,0.138,2.472,38.103
2026-08-14T00:52:38.620085,2.327,2.494,38.103
2026-08-14T00:52:38.620266,0.203,2.495,38.103
2026-08-14T00:52:38.620407,0.148,2.473,38.103
2026-08-14T00:52:38.622723,2.310,2.495,38.103
2026-08-14T00:52:38.622889,0.168,2.495,38.103
2026-08-14T00:52:38.626258,3.369,2.527,38.103
2026-08-14T00:52:38.626394,0.141,2.527,38.103
2026-08-14T00:52:38.626566,0.171,2.506,38.103
2026-08-14T00:52:38.628870,2.301,2.527,38.103
2026-08-14T00:52:38.629033,0.163,2.527,38.103
2026-08-14T00:52:38.629165,0.135,2.517,38.103
2026-08-14T00:52:38.629286,0.123,2.516,38.103
2026-08-14T00:52:38.629415,0.130,2.495,38.103
2026-08-14T00:52:38.630615,1.195,2.505,38.103
2026-08-14T00:52:38.630743,0.131,2.506,38.103
2026-08-14T00:52:38.631982,1.235,2.517,38.103
2026-08-14T00:52:38.632115,0.137,2.137,37.626
2026-08-14T00:52:38.667608,35.458,2.490,37.626
2026-08-14T00:52:38.667790,0.205,2.490,37.626
2026-08-14T00:52:38.667956,0.172,2.479,37.626
2026-08-14T00:52:38.670267,2.307,2.501,37.626
2026-08-14T00:52:38.670419,0.156,2.501,37.626
2026-08-14T00:52:38.670561,0.145,2.501,37.626
2026-08-14T00:52:38.672860,2.285,2.490,37.626
2026-08-14T00:52:38.673008,0.160,2.490,37.626
2026-08-14T00:52:38.673144,0.139,2.490,37.626
2026-08-14T00:52:38.673278,0.134,2.490,37.626
2026-08-14T00:52:38.673460,0.179,2.458,37.626
2026-08-14T00:52:38.675806,2.339,2.480,37.626
2026-08-14T00:52:38.676002,0.198,2.480,37.626
2026-08-14T00:52:38.676149,0.152,2.480,37.626
2026-08-14T00:52:38.677372,1.225,2.480,37.626
2026-08-14T00:52:38.677513,0.144,2.468,37.626
2026-08-14T00:52:38.679784,2.267,2.489,37.626
2026-08-14T00:52:38.679924,0.143,2.478,37.626
2026-08-14T00:52:38.680047,0.125,2.478,37.626
2026-08-14T00:52:38.680164,0.118,2.124,37.626
2026-08-14T00:52:38.717818,37.603,2.498,37.626
2026-08-14T00:52:38.718008,0.225,2.499,37.626
2026-08-14T00:52:38.718151,0.154,2.477,37.626
2026-08-14T00:52:38.720446,2.290,2.499,37.626
2026-08-14T00:52:38.720594,0.151,2.499,37.626
2026-08-14T00:52:38.720732,0.140,2.499,37.626
2026-08-14T00:52:38.720879,0.145,2.477,37.626
2026-08-14T00:52:38.723168,2.286,2.499,37.626
2026-08-14T00:52:38.723315,0.150,2.499,37.626
2026-08-14T00:52:38.723447,0.135,2.498,37.626
2026-08-14T00:52:38.723626,0.176,2.477,37.626
2026-08-14T00:52:38.725944,2.315,2.498,37.626
2026-08-14T00:52:38.726123,0.177,2.498,37.626
2026-08-14T00:52:38.727398,1.260,2.509,37.626
2026-08-14T00:52:38.727574,0.188,2.499,37.626
2026-08-14T00:52:38.727748,0.177,2.500,37.626
2026-08-14T00:52:38.730049,2.304,2.500,37.626
2026-08-14T00:52:38.730183,0.143,2.500,37.626
2026-08-14T00:52:38.730304,0.123,2.500,37.626
2026-08-14T00:52:38.730427,0.123,2.125,37.603
2026-08-14T00:52:38.767976,37.533,2.498,37.603
2026-08-14T00:52:38.768134,0.165,2.498,37.603
2026-08-14T00:52:38.768277,0.146,2.488,37.603
2026-08-14T00:52:38.770582,2.300,2.509,37.603
2026-08-14T00:52:38.770734,0.156,2.477,37.603
2026-08-14T00:52:38.770889,0.155,2.478,37.603
2026-08-14T00:52:38.773172,2.283,2.499,37.603
2026-08-14T00:52:38.773308,0.140,2.499,37.603
2026-08-14T00:52:38.773437,0.130,2.499,37.603
2026-08-14T00:52:38.773562,0.125,2.477,37.603
2026-08-14T00:52:38.773730,0.166,2.456,37.603
2026-08-14T00:52:38.776037,2.301,2.477,37.603
2026-08-14T00:52:38.776207,0.174,2.478,37.603
2026-08-14T00:52:38.776341,0.137,2.478,37.603
2026-08-14T00:52:38.777564,1.219,2.467,37.603
2026-08-14T00:52:38.777713,0.151,2.467,37.603
2026-08-14T00:52:38.780041,2.315,2.489,37.603
2026-08-14T00:52:38.780195,0.165,2.479,37.603
2026-08-14T00:52:38.780327,0.136,2.479,37.603
2026-08-14T00:52:38.780452,0.127,2.161,37.603
2026-08-14T00:52:38.817588,37.077,2.497,37.603
2026-08-14T00:52:38.817779,0.239,2.497,37.603
2026-08-14T00:52:38.817933,0.161,2.497,37.603
2026-08-14T00:52:38.820301,2.340,2.497,37.603
2026-08-14T00:52:38.820478,0.199,2.498,37.603
2026-08-14T00:52:38.820620,0.150,2.498,37.603
2026-08-14T00:52:38.823970,3.347,2.508,37.603
2026-08-14T00:52:38.824107,0.141,2.508,37.603
2026-08-14T00:52:38.824232,0.127,2.508,37.603
2026-08-14T00:52:38.824353,0.122,2.508,37.603
2026-08-14T00:52:38.824526,0.169,2.508,37.603
2026-08-14T00:52:38.825754,1.226,2.498,37.603
2026-08-14T00:52:38.828079,2.324,2.519,37.603
2026-08-14T00:52:38.828219,0.144,2.519,37.603
2026-08-14T00:52:38.828343,0.126,2.519,37.603
2026-08-14T00:52:38.828477,0.134,2.497,37.603
2026-08-14T00:52:38.829696,1.217,2.497,37.603
2026-08-14T00:52:38.829834,0.132,2.497,37.603
2026-08-14T00:52:38.829958,0.132,2.497,37.603
2026-08-14T00:52:38.830075,0.119,2.497,37.603
2026-08-14T00:52:38.867756,37.621,2.503,37.621
2026-08-14T00:52:38.867969,0.255,2.504,37.621
2026-08-14T00:52:38.868125,0.165,2.504,37.621
2026-08-14T00:52:38.870425,2.297,2.504,37.621
2026-08-14T00:52:38.870577,0.156,2.503,37.621
2026-08-14T00:52:38.870747,0.169,2.503,37.621
2026-08-14T00:52:38.870903,0.156,2.482,37.621
2026-08-14T00:52:38.873198,2.290,2.503,37.621
2026-08-14T00:52:38.873349,0.156,2.471,37.621
2026-08-14T00:52:38.873487,0.140,2.471,37.621
2026-08-14T00:52:38.873673,0.185,2.471,37.621
2026-08-14T00:52:38.876019,2.341,2.471,37.621
2026-08-14T00:52:38.876199,0.183,2.472,37.621
2026-08-14T00:52:38.876343,0.148,2.472,37.621
2026-08-14T00:52:38.876481,0.139,2.472,37.621
2026-08-14T00:52:38.878778,2.296,2.494,37.621
2026-08-14T00:52:38.880003,1.224,2.494,37.621
2026-08-14T00:52:38.880136,0.137,2.494,37.621
2026-08-14T00:52:38.880256,0.122,2.483,37.621
2026-08-14T00:52:38.880379,0.121,2.483,37.621
2026-08-14T00:52:38.918021,37.608,2.504,37.621
2026-08-14T00:52:38.918200,0.200,2.504,37.621
2026-08-14T00:52:38.918342,0.151,2.504,37.621
2026-08-14T00:52:38.919565,1.219,2.493,37.621
2026-08-14T00:52:38.919717,0.154,2.493,37.621
2026-08-14T00:52:38.919872,0.156,2.493,37.621
2026-08-14T00:52:38.923231,3.355,2.504,37.621
2026-08-14T00:52:38.923375,0.149,2.504,37.621
2026-08-14T00:52:38.923504,0.131,2.504,37.621
2026-08-14T00:52:38.923628,0.125,2.504,37.621
2026-08-14T00:52:38.923797,0.166,2.503,37.621
2026-08-14T00:52:38.923954,0.157,2.482,37.621
2026-08-14T00:52:38.926273,2.317,2.503,37.621
2026-08-14T00:52:38.926418,0.148,2.503,37.621
2026-08-14T00:52:38.927641,1.221,2.503,37.621
2026-08-14T00:52:38.927792,0.152,2.503,37.621
2026-08-14T00:52:38.930083,2.287,2.503,37.621
2026-08-14T00:52:38.930223,0.145,2.503,37.621
2026-08-14T00:52:38.930349,0.129,2.503,37.621
2026-08-14T00:52:38.930472,0.125,2.503,37.621
2026-08-14T00:52:38.968004,37.518,2.502,37.621
2026-08-14T00:52:38.968154,0.156,2.502,37.621
2026-08-14T00:52:38.968288,0.137,2.501,37.621
2026-08-14T00:52:38.969503,1.212,2.491,37.621
2026-08-14T00:52:38.969646,0.145,2.491,37.621
2026-08-14T00:52:38.969780,0.136,2.490,37.621
2026-08-14T00:52:38.973137,3.354,2.523,37.621
2026-08-14T00:52:38.973270,0.136,2.501,37.621
2026-08-14T00:52:38.973395,0.126,2.501,37.621
2026-08-14T00:52:38.973521,0.125,2.501,37.621
2026-08-14T00:52:38.973678,0.155,2.501,37.621
2026-08-14T00:52:38.975988,2.308,2.500,37.621
2026-08-14T00:52:38.976149,0.163,2.500,37.621
2026-08-14T00:52:38.976281,0.134,2.489,37.621
2026-08-14T00:52:38.977499,1.214,2.499,37.621
2026-08-14T00:52:38.977646,0.150,2.499,37.621
2026-08-14T00:52:38.979921,2.274,2.499,37.621
2026-08-14T00:52:38.980056,0.137,2.499,37.621
2026-08-14T00:52:38.980180,0.126,2.499,37.621
2026-08-14T00:52:38.980302,0.124,2.499,37.621
2026-08-14T00:52:39.018410,38.084,2.504,38.084
2026-08-14T00:52:39.018564,0.172,2.504,38.084
2026-08-14T00:52:39.018692,0.133,2.504,38.084
2026-08-14T00:52:39.019925,1.223,2.493,38.084
2026-08-14T00:52:39.020072,0.153,2.493,38.084
2026-08-14T00:52:39.020203,0.135,2.493,38.084
2026-08-14T00:52:39.023590,3.369,2.504,38.084
2026-08-14T00:52:39.023744,0.165,2.504,38.084
2026-08-14T00:52:39.023887,0.148,2.504,38.084
2026-08-14T00:52:39.024014,0.130,2.505,38.084
2026-08-14T00:52:39.024182,0.166,2.505,38.084
2026-08-14T00:52:39.026481,2.296,2.504,38.084
2026-08-14T00:52:39.027733,1.252,2.515,38.084
2026-08-14T00:52:39.027880,0.150,2.515,38.084
2026-08-14T00:52:39.028012,0.133,2.505,38.084
2026-08-14T00:52:39.031365,3.350,2.537,38.084
2026-08-14T00:52:39.031496,0.134,2.515,38.084
2026-08-14T00:52:39.031616,0.121,2.514,38.084
2026-08-14T00:52:39.031734,0.119,2.514,38.084
2026-08-14T00:52:39.031869,0.132,2.514,38.084
2026-08-14T00:52:39.068357,36.475,2.508,38.084
2026-08-14T00:52:39.068512,0.162,2.507,38.084
2026-08-14T00:52:39.068648,0.140,2.507,38.084
2026-08-14T00:52:39.069876,1.224,2.496,38.084
2026-08-14T00:52:39.070025,0.151,2.496,38.084
2026-08-14T00:52:39.070161,0.138,2.495,38.084
2026-08-14T00:52:39.072462,2.290,2.485,38.084
2026-08-14T00:52:39.072618,0.162,2.485,38.084
2026-08-14T00:52:39.072761,0.145,2.485,38.084
2026-08-14T00:52:39.072931,0.162,2.486,38.084
2026-08-14T00:52:39.073141,0.210,2.486,38.084
2026-08-14T00:52:39.075470,2.334,2.497,38.084
2026-08-14T00:52:39.075669,0.205,2.476,38.084
2026-08-14T00:52:39.075800,0.135,2.476,38.084
2026-08-14T00:52:39.077034,1.230,2.487,38.084
2026-08-14T00:52:39.077176,0.145,2.487,38.084
2026-08-14T00:52:39.079457,2.279,2.498,38.084
2026-08-14T00:52:39.079586,0.132,2.498,38.084
2026-08-14T00:52:39.079705,0.121,2.497,38.084
2026-08-14T00:52:39.079833,0.118,2.497,38.084
2026-08-14T00:52:39.117597,37.706,2.498,38.084
2026-08-14T00:52:39.117805,0.260,2.498,38.084
2026-08-14T00:52:39.117971,0.173,2.498,38.084
2026-08-14T00:52:39.120270,2.298,2.498,38.084
2026-08-14T00:52:39.120426,0.158,2.498,38.084
2026-08-14T00:52:39.120568,0.145,2.498,38.084
2026-08-14T00:52:39.122864,2.290,2.520,38.084
2026-08-14T00:52:39.123012,0.152,2.498,38.084
2026-08-14T00:52:39.123150,0.140,2.498,38.084
2026-08-14T00:52:39.123283,0.134,2.498,38.084
2026-08-14T00:52:39.123469,0.183,2.498,38.084
2026-08-14T00:52:39.125817,2.334,2.498,38.084
2026-08-14T00:52:39.128166,2.358,2.520,38.084
2026-08-14T00:52:39.128314,0.158,2.520,38.084
2026-08-14T00:52:39.128443,0.129,2.520,38.084
2026-08-14T00:52:39.128577,0.134,2.498,38.084
2026-08-14T00:52:39.130858,2.275,2.509,38.084
2026-08-14T00:52:39.130993,0.138,2.509,38.084
2026-08-14T00:52:39.132194,1.201,2.519,38.084
2026-08-14T00:52:39.132325,0.133,2.519,38.084
2026-08-14T00:52:39.167852,35.484,2.498,38.084
2026-08-14T00:52:39.168037,0.214,2.498,38.084
2026-08-14T00:52:39.168187,0.159,2.498,38.084
2026-08-14T00:52:39.170485,2.295,2.509,38.084
2026-08-14T00:52:39.170639,0.158,2.509,38.084
2026-08-14T00:52:39.170772,0.136,2.509,38.084
2026-08-14T00:52:39.170913,0.139,2.477,38.084
2026-08-14T00:52:39.173189,2.274,2.498,38.084
2026-08-14T00:52:39.173328,0.141,2.498,38.084
2026-08-14T00:52:39.173456,0.131,2.498,38.084
2026-08-14T00:52:39.173626,0.167,2.498,38.084
2026-08-14T00:52:39.174867,1.237,2.509,38.084
2026-08-14T00:52:39.175032,0.168,2.488,38.084
2026-08-14T00:52:39.176249,1.214,2.498,38.084
2026-08-14T00:52:39.176387,0.143,2.487,38.084
2026-08-14T00:52:39.177606,1.215,2.498,38.084
2026-08-14T00:52:39.177745,0.142,2.477,38.084
2026-08-14T00:52:39.180031,2.281,2.498,38.084
2026-08-14T00:52:39.180172,0.145,2.498,38.084
2026-08-14T00:52:39.180299,0.130,2.498,38.084
2026-08-14T00:52:39.218425,38.103,2.504,38.103
2026-08-14T00:52:39.218586,0.176,2.504,38.103
2026-08-14T00:52:39.218723,0.141,2.504,38.103
2026-08-14T00:52:39.219942,1.215,2.504,38.103
2026-08-14T00:52:39.220093,0.152,2.504,38.103
2026-08-14T00:52:39.220236,0.144,2.505,38.103
2026-08-14T00:52:39.220380,0.143,2.472,38.103
2026-08-14T00:52:39.222821,2.384,2.495,38.103
2026-08-14T00:52:39.223018,0.251,2.496,38.103
2026-08-14T00:52:39.223147,0.140,2.496,38.103
2026-08-14T00:52:39.223318,0.169,2.496,38.103
2026-08-14T00:52:39.225617,2.296,2.496,38.103
2026-08-14T00:52:39.225778,0.163,2.496,38.103
2026-08-14T00:52:39.226999,1.219,2.507,38.103
2026-08-14T00:52:39.227135,0.137,2.496,38.103
2026-08-14T00:52:39.230519,3.373,2.529,38.103
2026-08-14T00:52:39.230668,0.158,2.507,38.103
2026-08-14T00:52:39.230796,0.134,2.507,38.103
2026-08-14T00:52:39.230948,0.147,2.508,38.103
2026-08-14T00:52:39.231077,0.134,2.508,38.103
2026-08-14T00:52:39.267922,36.756,2.494,38.103
2026-08-14T00:52:39.268153,0.302,2.496,38.103
2026-08-14T00:52:39.268314,0.172,2.496,38.103
2026-08-14T00:52:39.270638,2.315,2.507,38.103
2026-08-14T00:52:39.270801,0.171,2.507,38.103
2026-08-14T00:52:39.270973,0.171,2.508,38.103
2026-08-14T00:52:39.271119,0.150,2.475,38.103
2026-08-14T00:52:39.273413,2.292,2.497,38.103
2026-08-14T00:52:39.273566,0.155,2.497,38.103
2026-08-14T00:52:39.273706,0.143,2.497,38.103
2026-08-14T00:52:39.273911,0.200,2.497,38.103
2026-08-14T00:52:39.275166,1.257,2.487,38.103
2026-08-14T00:52:39.275337,0.173,2.476,38.103
2026-08-14T00:52:39.275476,0.141,2.476,38.103
2026-08-14T00:52:39.275604,0.130,2.476,38.103
2026-08-14T00:52:39.276835,1.216,2.455,38.103
2026-08-14T00:52:39.276979,0.156,2.455,38.103
2026-08-14T00:52:39.279259,2.279,2.476,38.103
2026-08-14T00:52:39.279396,0.140,2.477,38.103
2026-08-14T00:52:39.279551,0.154,2.477,38.103
2026-08-14T00:52:39.318406,38.798,2.500,38.798
2026-08-14T00:52:39.318597,0.241,2.501,38.798
2026-08-14T00:52:39.318737,0.148,2.501,38.798
2026-08-14T00:52:39.319951,1.212,2.501,38.798
2026-08-14T00:52:39.320093,0.144,2.501,38.798
2026-08-14T00:52:39.320228,0.137,2.501,38.798
2026-08-14T00:52:39.320355,0.127,2.479,38.798
2026-08-14T00:52:39.322632,2.272,2.500,38.798
2026-08-14T00:52:39.322772,0.143,2.500,38.798
2026-08-14T00:52:39.322917,0.144,2.500,38.798
2026-08-14T00:52:39.323099,0.181,2.500,38.798
2026-08-14T00:52:39.325415,2.312,2.499,38.798
2026-08-14T00:52:39.325588,0.176,2.499,38.798
2026-08-14T00:52:39.327883,2.294,2.521,38.798
2026-08-14T00:52:39.328021,0.142,2.510,38.798
2026-08-14T00:52:39.328157,0.138,2.510,38.798
2026-08-14T00:52:39.328278,0.122,2.488,38.798
2026-08-14T00:52:39.330547,2.264,2.510,38.798
2026-08-14T00:52:39.331768,1.220,2.521,38.798
2026-08-14T00:52:39.331901,0.136,2.521,38.798
2026-08-14T00:52:39.368539,36.580,2.510,38.798
2026-08-14T00:52:39.368749,0.251,2.509,38.798
2026-08-14T00:52:39.368915,0.175,2.509,38.798
2026-08-14T00:52:39.370208,1.272,2.499,38.798
2026-08-14T00:52:39.370380,0.194,2.500,38.798
2026-08-14T00:52:39.370522,0.146,2.500,38.798
2026-08-14T00:52:39.370654,0.133,2.478,38.798
2026-08-14T00:52:39.372937,2.278,2.499,38.798
2026-08-14T00:52:39.373080,0.146,2.499,38.798
2026-08-14T00:52:39.373209,0.132,2.499,38.798
2026-08-14T00:52:39.373390,0.177,2.499,38.798
2026-08-14T00:52:39.375696,2.304,2.499,38.798
2026-08-14T00:52:39.375879,0.184,2.477,38.798
2026-08-14T00:52:39.376024,0.147,2.477,38.798
2026-08-14T00:52:39.376152,0.130,2.477,38.798
2026-08-14T00:52:39.377461,1.282,2.489,38.798
2026-08-14T00:52:39.379805,2.352,2.489,38.798
2026-08-14T00:52:39.379967,0.177,2.490,38.798
2026-08-14T00:52:39.380094,0.132,2.479,38.798
2026-08-14T00:52:39.380216,0.122,2.479,38.798
2026-08-14T00:52:39.418395,38.151,2.506,38.798
2026-08-14T00:52:39.418564,0.187,2.505,38.798
2026-08-14T00:52:39.418706,0.147,2.505,38.798
2026-08-14T00:52:39.419931,1.219,2.494,38.798
2026-08-14T00:52:39.420082,0.155,2.494,38.798
2026-08-14T00:52:39.420222,0.142,2.494,38.798
2026-08-14T00:52:39.423620,3.376,2.527,38.798
2026-08-14T00:52:39.423783,0.181,2.506,38.798
2026-08-14T00:52:39.423937,0.157,2.506,38.798
2026-08-14T00:52:39.424077,0.141,2.506,38.798
2026-08-14T00:52:39.424259,0.181,2.506,38.798
2026-08-14T00:52:39.427638,3.376,2.528,38.798
2026-08-14T00:52:39.427822,0.175,2.528,38.798
2026-08-14T00:52:39.427972,0.162,2.517,38.798
2026-08-14T00:52:39.429227,1.251,2.528,38.798
2026-08-14T00:52:39.430458,1.232,2.529,38.798
2026-08-14T00:52:39.431740,1.265,2.540,38.798
2026-08-14T00:52:39.431916,0.190,2.519,38.798
2026-08-14T00:52:39.432080,0.159,2.519,38.798
2026-08-14T00:52:39.432253,0.173,2.519,38.798
2026-08-14T00:52:39.467850,35.551,2.494,38.798
2026-08-14T00:52:39.468048,0.245,2.495,38.798
2026-08-14T00:52:39.468194,0.155,2.495,38.798
2026-08-14T00:52:39.470526,2.325,2.506,38.798
2026-08-14T00:52:39.470684,0.163,2.506,38.798
2026-08-14T00:52:39.470839,0.147,2.506,38.798
2026-08-14T00:52:39.473127,2.296,2.527,38.798
2026-08-14T00:52:39.473267,0.144,2.505,38.798
2026-08-14T00:52:39.473398,0.134,2.504,38.798
2026-08-14T00:52:39.473529,0.130,2.504,38.798
2026-08-14T00:52:39.473710,0.178,2.504,38.798
2026-08-14T00:52:39.476021,2.309,2.504,38.798
2026-08-14T00:52:39.476192,0.174,2.504,38.798
2026-08-14T00:52:39.476328,0.139,2.493,38.798
2026-08-14T00:52:39.477547,1.214,2.504,38.798
2026-08-14T00:52:39.477699,0.155,2.472,38.798
2026-08-14T00:52:39.480002,2.294,2.493,38.798
2026-08-14T00:52:39.480171,0.167,2.494,38.798
2026-08-14T00:52:39.480331,0.163,2.494,38.798
2026-08-14T00:52:39.480472,0.149,2.494,38.798
2026-08-14T00:52:39.518040,37.548,2.502,38.798
2026-08-14T00:52:39.518208,0.183,2.501,38.798
2026-08-14T00:52:39.518347,0.144,2.500,38.798
2026-08-14T00:52:39.519635,1.261,2.490,38.798
2026-08-14T00:52:39.519826,0.196,2.490,38.798
2026-08-14T00:52:39.519980,0.172,2.490,38.798
2026-08-14T00:52:39.523394,3.409,2.523,38.798
2026-08-14T00:52:39.523546,0.158,2.501,38.798
2026-08-14T00:52:39.523683,0.140,2.501,38.798
2026-08-14T00:52:39.523828,0.135,2.501,38.798
2026-08-14T00:52:39.524024,0.202,2.501,38.798
2026-08-14T00:52:39.526342,2.319,2.512,38.798
2026-08-14T00:52:39.527636,1.286,2.523,38.798
2026-08-14T00:52:39.527793,0.167,2.523,38.798
2026-08-14T00:52:39.527961,0.163,2.523,38.798
2026-08-14T00:52:39.528116,0.161,2.513,38.798
2026-08-14T00:52:39.530399,2.281,2.534,38.798
2026-08-14T00:52:39.530536,0.141,2.513,38.798
2026-08-14T00:52:39.531744,1.205,2.523,38.798
2026-08-14T00:52:39.531894,0.152,2.523,38.798
2026-08-14T00:52:39.564215,32.297,2.458,38.151
2026-08-14T00:52:39.567608,3.406,2.490,38.151
2026-08-14T00:52:39.567760,0.160,2.490,38.151
2026-08-14T00:52:39.567913,0.153,2.480,38.151
2026-08-14T00:52:39.569126,1.214,2.490,38.151
2026-08-14T00:52:39.569266,0.143,2.490,38.151
2026-08-14T00:52:39.572614,3.344,2.523,38.151
2026-08-14T00:52:39.572753,0.143,2.501,38.151
2026-08-14T00:52:39.572897,0.142,2.501,38.151
2026-08-14T00:52:39.573037,0.140,2.501,38.151
2026-08-14T00:52:39.573162,0.129,2.501,38.151
2026-08-14T00:52:39.575476,2.307,2.501,38.151
2026-08-14T00:52:39.575623,0.151,2.500,38.151
2026-08-14T00:52:39.575777,0.154,2.479,38.151
2026-08-14T00:52:39.577003,1.222,2.490,38.151
2026-08-14T00:52:39.577143,0.144,2.490,38.151
2026-08-14T00:52:39.580492,3.348,2.522,38.151
2026-08-14T00:52:39.580622,0.134,2.501,38.151
2026-08-14T00:52:39.580740,0.120,2.490,38.151
2026-08-14T00:52:39.580871,0.129,2.490,38.151
2026-08-14T00:52:39.580996,0.126,2.125,38.151
2026-08-14T00:52:39.618085,37.053,2.493,38.151
2026-08-14T00:52:39.618289,0.213,2.494,38.151
2026-08-14T00:52:39.618495,0.207,2.483,38.151
2026-08-14T00:52:39.620915,2.412,2.505,38.151
2026-08-14T00:52:39.621117,0.221,2.506,38.151
2026-08-14T00:52:39.621268,0.163,2.506,38.151
2026-08-14T00:52:39.621403,0.136,2.485,38.151
2026-08-14T00:52:39.623702,2.287,2.506,38.151
2026-08-14T00:52:39.623894,0.194,2.507,38.151
2026-08-14T00:52:39.624039,0.157,2.507,38.151
2026-08-14T00:52:39.624216,0.176,2.485,38.151
2026-08-14T00:52:39.625443,1.226,2.496,38.151
2026-08-14T00:52:39.625603,0.162,2.496,38.151
2026-08-14T00:52:39.626821,1.208,2.507,38.151
2026-08-14T00:52:39.626956,0.144,2.495,38.151
2026-08-14T00:52:39.630317,3.358,2.505,38.151
2026-08-14T00:52:39.630452,0.139,2.505,38.151
2026-08-14T00:52:39.630574,0.125,2.505,38.151
2026-08-14T00:52:39.630696,0.122,2.505,38.151
2026-08-14T00:52:39.630832,0.122,2.125,37.548
2026-08-14T00:52:39.668445,37.584,2.498,37.584
2026-08-14T00:52:39.668631,0.215,2.499,37.584
2026-08-14T00:52:39.668779,0.156,2.489,37.584
2026-08-14T00:52:39.670018,1.236,2.499,37.584
2026-08-14T00:52:39.670169,0.154,2.499,37.584
2026-08-14T00:52:39.670308,0.142,2.467,37.584
2026-08-14T00:52:39.672606,2.291,2.488,37.584
2026-08-14T00:52:39.672756,0.155,2.488,37.584
2026-08-14T00:52:39.672908,0.152,2.488,37.584
2026-08-14T00:52:39.673052,0.146,2.488,37.584
2026-08-14T00:52:39.673238,0.183,2.456,37.584
2026-08-14T00:52:39.675556,2.316,2.477,37.584
2026-08-14T00:52:39.675724,0.174,2.478,37.584
2026-08-14T00:52:39.675876,0.152,2.467,37.584
2026-08-14T00:52:39.677122,1.244,2.467,37.584
2026-08-14T00:52:39.678349,1.227,2.466,37.584
2026-08-14T00:52:39.679564,1.216,2.477,37.584
2026-08-14T00:52:39.679699,0.139,2.476,37.584
2026-08-14T00:52:39.679837,0.128,2.476,37.584
2026-08-14T00:52:39.679969,0.141,2.122,37.584
2026-08-14T00:52:39.717631,37.629,2.496,37.629
2026-08-14T00:52:39.717827,0.207,2.496,37.629
2026-08-14T00:52:39.717983,0.174,2.475,37.629
2026-08-14T00:52:39.720282,2.296,2.496,37.629
2026-08-14T00:52:39.720434,0.156,2.496,37.629
2026-08-14T00:52:39.720575,0.143,2.475,37.629
2026-08-14T00:52:39.720708,0.135,2.474,37.629
2026-08-14T00:52:39.723009,2.294,2.496,37.629
2026-08-14T00:52:39.723159,0.154,2.496,37.629
2026-08-14T00:52:39.723295,0.138,2.496,37.629
2026-08-14T00:52:39.723475,0.178,2.475,37.629
2026-08-14T00:52:39.725829,2.336,2.496,37.629
2026-08-14T00:52:39.726035,0.221,2.497,37.629
2026-08-14T00:52:39.728328,2.298,2.508,37.629
2026-08-14T00:52:39.728463,0.137,2.508,37.629
2026-08-14T00:52:39.728614,0.146,2.486,37.629
2026-08-14T00:52:39.728740,0.136,2.486,37.629
2026-08-14T00:52:39.731024,2.279,2.507,37.629
2026-08-14T00:52:39.731158,0.138,2.507,37.629
2026-08-14T00:52:39.731280,0.123,2.133,37.629
2026-08-14T00:52:39.767753,36.458,2.495,37.629
2026-08-14T00:52:39.767922,0.175,2.496,37.629
2026-08-14T00:52:39.768068,0.150,2.485,37.629
2026-08-14T00:52:39.769287,1.216,2.495,37.629
2026-08-14T00:52:39.769436,0.152,2.495,37.629
2026-08-14T00:52:39.770647,1.213,2.473,37.629
2026-08-14T00:52:39.770787,0.140,2.472,37.629
2026-08-14T00:52:39.773077,2.286,2.494,37.629
2026-08-14T00:52:39.773213,0.141,2.494,37.629
2026-08-14T00:52:39.773338,0.127,2.493,37.629
2026-08-14T00:52:39.773499,0.158,2.472,37.629
2026-08-14T00:52:39.775800,2.300,2.482,37.629
2026-08-14T00:52:39.775977,0.176,2.482,37.629
2026-08-14T00:52:39.776109,0.137,2.482,37.629
2026-08-14T00:52:39.776235,0.126,2.481,37.629
2026-08-14T00:52:39.777455,1.216,2.471,37.629
2026-08-14T00:52:39.779783,2.313,2.492,37.629
2026-08-14T00:52:39.779952,0.181,2.482,37.629
2026-08-14T00:52:39.780086,0.141,2.482,37.629
2026-08-14T00:52:39.780208,0.124,2.160,37.629
2026-08-14T00:52:39.818448,38.178,2.508,38.178
2026-08-14T00:52:39.818645,0.244,2.509,38.178
2026-08-14T00:52:39.818794,0.158,2.509,38.178
2026-08-14T00:52:39.820044,1.245,2.509,38.178
2026-08-14T00:52:39.820197,0.157,2.509,38.178
2026-08-14T00:52:39.820341,0.147,2.477,38.178
2026-08-14T00:52:39.823707,3.358,2.509,38.178
2026-08-14T00:52:39.823900,0.189,2.510,38.178
2026-08-14T00:52:39.824066,0.172,2.510,38.178
2026-08-14T00:52:39.824204,0.145,2.510,38.178
2026-08-14T00:52:39.824383,0.177,2.489,38.178
2026-08-14T00:52:39.827746,3.361,2.521,38.178
2026-08-14T00:52:39.827933,0.188,2.522,38.178
2026-08-14T00:52:39.830455,2.435,2.534,38.178
2026-08-14T00:52:39.830740,0.344,2.536,38.178
2026-08-14T00:52:39.830959,0.235,2.505,38.178
2026-08-14T00:52:39.831129,0.176,2.505,38.178
2026-08-14T00:52:39.832354,1.228,2.516,38.178
2026-08-14T00:52:39.832497,0.150,2.516,38.178
2026-08-14T00:52:39.832622,0.129,2.516,38.178
2026-08-14T00:52:39.868126,35.451,2.500,38.178
2026-08-14T00:52:39.868319,0.231,2.500,38.178
2026-08-14T00:52:39.868458,0.151,2.500,38.178
2026-08-14T00:52:39.869673,1.211,2.488,38.178
2026-08-14T00:52:39.869830,0.145,2.487,38.178
2026-08-14T00:52:39.869974,0.157,2.487,38.178
2026-08-14T00:52:39.870105,0.133,2.487,38.178
2026-08-14T00:52:39.873462,3.352,2.498,38.178
2026-08-14T00:52:39.873604,0.145,2.497,38.178
2026-08-14T00:52:39.873732,0.131,2.497,38.178
2026-08-14T00:52:39.873923,0.186,2.497,38.178
2026-08-14T00:52:39.875159,1.237,2.497,38.178
2026-08-14T00:52:39.875324,0.167,2.497,38.178
2026-08-14T00:52:39.875460,0.138,2.486,38.178
2026-08-14T00:52:39.875587,0.128,2.486,38.178
2026-08-14T00:52:39.876805,1.213,2.465,38.178
2026-08-14T00:52:39.880171,3.364,2.497,38.178
2026-08-14T00:52:39.880309,0.142,2.497,38.178
2026-08-14T00:52:39.880434,0.127,2.497,38.178
2026-08-14T00:52:39.880561,0.126,2.497,38.178
2026-08-14T00:52:39.918279,37.672,2.498,38.178
2026-08-14T00:52:39.918474,0.227,2.498,38.178
2026-08-14T00:52:39.918618,0.155,2.498,38.178
2026-08-14T00:52:39.920920,2.299,2.509,38.178
2026-08-14T00:52:39.921069,0.151,2.509,38.178
2026-08-14T00:52:39.922287,1.217,2.520,38.178
2026-08-14T00:52:39.924573,2.286,2.520,38.178
2026-08-14T00:52:39.924710,0.140,2.520,38.178
2026-08-14T00:52:39.925934,1.222,2.530,38.178
2026-08-14T00:52:39.926072,0.140,2.530,38.178
2026-08-14T00:52:39.926251,0.178,2.530,38.178
2026-08-14T00:52:39.928558,2.304,2.530,38.178
2026-08-14T00:52:39.928727,0.171,2.530,38.178
2026-08-14T00:52:39.928884,0.157,2.530,38.178
2026-08-14T00:52:39.929035,0.153,2.519,38.178
2026-08-14T00:52:39.929176,0.143,2.508,38.178
2026-08-14T00:52:39.929304,0.129,2.497,38.178
2026-08-14T00:52:39.929430,0.125,2.497,38.178
2026-08-14T00:52:39.929554,0.125,2.497,38.178
2026-08-14T00:52:39.931865,2.304,2.519,38.178
2026-08-14T00:52:39.968351,36.479,2.507,38.178
2026-08-14T00:52:39.968505,0.161,2.507,38.178
2026-08-14T00:52:39.968643,0.142,2.507,38.178
2026-08-14T00:52:39.969859,1.213,2.496,38.178
2026-08-14T00:52:39.970004,0.148,2.496,38.178
2026-08-14T00:52:39.970132,0.130,2.496,38.178
2026-08-14T00:52:39.970255,0.123,2.495,38.178
2026-08-14T00:52:39.973594,3.334,2.506,38.178
2026-08-14T00:52:39.973731,0.140,2.506,38.178
2026-08-14T00:52:39.974944,1.209,2.516,38.178
2026-08-14T00:52:39.975118,0.175,2.516,38.178
2026-08-14T00:52:39.975257,0.143,2.495,38.178
2026-08-14T00:52:39.975406,0.150,2.494,38.178
2026-08-14T00:52:39.977691,2.281,2.494,38.178
2026-08-14T00:52:39.977844,0.143,2.494,38.178
2026-08-14T00:52:39.977991,0.161,2.494,38.178
2026-08-14T00:52:39.978139,0.147,2.494,38.178
2026-08-14T00:52:39.980412,2.273,2.494,38.178
2026-08-14T00:52:39.982700,2.287,2.515,38.178
2026-08-14T00:52:39.982838,0.132,2.515,38.178
2026-08-14T00:52:40.017740,34.890,2.500,38.178
2026-08-14T00:52:40.017920,0.192,2.500,38.178
2026-08-14T00:52:40.018067,0.152,2.500,38.178
2026-08-14T00:52:40.020370,2.298,2.511,38.178
2026-08-14T00:52:40.020521,0.156,2.511,38.178
2026-08-14T00:52:40.022821,2.289,2.522,38.178
2026-08-14T00:52:40.022995,0.173,2.522,38.178
2026-08-14T00:52:40.025359,2.351,2.523,38.178
2026-08-14T00:52:40.025530,0.194,2.523,38.178
2026-08-14T00:52:40.025664,0.140,2.523,38.178
2026-08-14T00:52:40.025857,0.176,2.523,38.178
2026-08-14T00:52:40.028176,2.329,2.524,38.178
2026-08-14T00:52:40.028348,0.175,2.524,38.178
2026-08-14T00:52:40.028483,0.139,2.524,38.178
2026-08-14T00:52:40.028611,0.129,2.524,38.178
2026-08-14T00:52:40.028749,0.138,2.513,38.178
2026-08-14T00:52:40.028896,0.144,2.491,38.178
2026-08-14T00:52:40.029031,0.137,2.491,38.178
2026-08-14T00:52:40.031339,2.302,2.512,38.178
2026-08-14T00:52:40.031487,0.150,2.513,38.178
2026-08-14T00:52:40.067964,36.467,2.496,37.672
2026-08-14T00:52:40.068115,0.158,2.495,37.672
2026-08-14T00:52:40.068250,0.139,2.495,37.672
2026-08-14T00:52:40.070539,2.284,2.505,37.672
2026-08-14T00:52:40.070684,0.148,2.505,37.672
2026-08-14T00:52:40.070831,0.137,2.505,37.672
2026-08-14T00:52:40.073120,2.296,2.494,37.672
2026-08-14T00:52:40.073263,0.146,2.494,37.672
2026-08-14T00:52:40.075559,2.295,2.515,37.672
2026-08-14T00:52:40.075693,0.137,2.515,37.672
2026-08-14T00:52:40.075866,0.171,2.515,37.672
2026-08-14T00:52:40.076012,0.148,2.483,37.672
2026-08-14T00:52:40.078332,2.316,2.504,37.672
2026-08-14T00:52:40.078474,0.145,2.481,37.672
2026-08-14T00:52:40.078600,0.129,2.479,37.672
2026-08-14T00:52:40.078732,0.133,2.478,37.672
2026-08-14T00:52:40.080069,1.289,2.489,37.672
2026-08-14T00:52:40.080262,0.230,2.479,37.672
2026-08-14T00:52:40.080402,0.149,2.479,37.672
2026-08-14T00:52:40.080538,0.136,2.479,37.672
2026-08-14T00:52:40.118286,37.701,2.502,37.701
2026-08-14T00:52:40.118472,0.224,2.502,37.701
2026-08-14T00:52:40.118611,0.148,2.502,37.701
2026-08-14T00:52:40.120907,2.291,2.512,37.701
2026-08-14T00:52:40.121054,0.151,2.512,37.701
2026-08-14T00:52:40.122276,1.218,2.523,37.701
2026-08-14T00:52:40.122416,0.145,2.523,37.701
2026-08-14T00:52:40.124693,2.274,2.512,37.701
2026-08-14T00:52:40.124846,0.143,2.512,37.701
2026-08-14T00:52:40.124985,0.151,2.513,37.701
2026-08-14T00:52:40.125165,0.179,2.512,37.701
2026-08-14T00:52:40.127494,2.326,2.523,37.701
2026-08-14T00:52:40.127667,0.175,2.523,37.701
2026-08-14T00:52:40.127804,0.140,2.523,37.701
2026-08-14T00:52:40.127952,0.147,2.524,37.701
2026-08-14T00:52:40.130310,2.339,2.535,37.701
2026-08-14T00:52:40.130464,0.172,2.503,37.701
2026-08-14T00:52:40.130590,0.129,2.503,37.701
2026-08-14T00:52:40.132875,2.280,2.524,37.701
2026-08-14T00:52:40.133012,0.141,2.525,37.701
2026-08-14T00:52:40.167390,34.366,2.491,37.701
2026-08-14T00:52:40.167542,0.158,2.491,37.701
2026-08-14T00:52:40.167677,0.139,2.491,37.701
2026-08-14T00:52:40.171057,3.373,2.501,37.701
2026-08-14T00:52:40.171208,0.155,2.501,37.701
2026-08-14T00:52:40.171345,0.140,2.491,37.701
2026-08-14T00:52:40.171495,0.151,2.469,37.701
2026-08-14T00:52:40.172702,1.203,2.480,37.701
2026-08-14T00:52:40.172856,0.144,2.469,37.701
2026-08-14T00:52:40.175154,2.308,2.491,37.701
2026-08-14T00:52:40.175331,0.178,2.491,37.701
2026-08-14T00:52:40.175469,0.142,2.469,37.701
2026-08-14T00:52:40.175619,0.149,2.469,37.701
2026-08-14T00:52:40.177912,2.288,2.490,37.701
2026-08-14T00:52:40.178047,0.139,2.490,37.701
2026-08-14T00:52:40.178180,0.135,2.490,37.701
2026-08-14T00:52:40.180476,2.290,2.512,37.701
2026-08-14T00:52:40.180614,0.142,2.512,37.701
2026-08-14T00:52:40.180740,0.128,2.512,37.701
2026-08-14T00:52:40.180875,0.134,2.490,37.701
2026-08-14T00:52:40.218047,37.113,2.496,37.701
2026-08-14T00:52:40.218241,0.243,2.497,37.701
2026-08-14T00:52:40.218387,0.154,2.497,37.701
2026-08-14T00:52:40.220688,2.297,2.508,37.701
2026-08-14T00:52:40.220856,0.157,2.508,37.701
2026-08-14T00:52:40.222096,1.249,2.520,37.701
2026-08-14T00:52:40.225519,3.405,2.552,37.701
2026-08-14T00:52:40.225682,0.184,2.521,37.701
2026-08-14T00:52:40.225823,0.136,2.521,37.701
2026-08-14T00:52:40.225959,0.147,2.510,37.701
2026-08-14T00:52:40.226129,0.172,2.510,37.701
2026-08-14T00:52:40.228426,2.293,2.532,37.701
2026-08-14T00:52:40.228596,0.167,2.532,37.701
2026-08-14T00:52:40.228744,0.149,2.511,37.701
2026-08-14T00:52:40.228885,0.144,2.511,37.701
2026-08-14T00:52:40.229029,0.145,2.510,37.701
2026-08-14T00:52:40.229149,0.123,2.510,37.701
2026-08-14T00:52:40.229267,0.118,2.489,37.701
2026-08-14T00:52:40.232619,3.344,2.499,37.701
2026-08-14T00:52:40.232756,0.141,2.499,37.701
2026-08-14T00:52:40.268361,35.538,2.506,37.701
2026-08-14T00:52:40.268559,0.256,2.506,37.701
2026-08-14T00:52:40.268699,0.149,2.506,37.701
2026-08-14T00:52:40.269918,1.216,2.496,37.701
2026-08-14T00:52:40.270062,0.147,2.495,37.701
2026-08-14T00:52:40.270195,0.135,2.474,37.701
2026-08-14T00:52:40.270319,0.125,2.473,37.701
2026-08-14T00:52:40.273679,3.355,2.483,37.701
2026-08-14T00:52:40.273832,0.143,2.483,37.701
2026-08-14T00:52:40.275047,1.224,2.494,37.701
2026-08-14T00:52:40.275236,0.191,2.494,37.701
2026-08-14T00:52:40.275378,0.145,2.472,37.701
2026-08-14T00:52:40.275533,0.155,2.472,37.701
2026-08-14T00:52:40.277828,2.282,2.493,37.701
2026-08-14T00:52:40.277969,0.153,2.494,37.701
2026-08-14T00:52:40.278110,0.143,2.494,37.701
2026-08-14T00:52:40.278238,0.129,2.493,37.701
2026-08-14T00:52:40.280514,2.272,2.515,37.701
2026-08-14T00:52:40.282821,2.298,2.515,37.701
2026-08-14T00:52:40.282966,0.153,2.515,37.701
2026-08-14T00:52:40.317453,34.445,2.495,37.701
2026-08-14T00:52:40.317643,0.225,2.495,37.701
2026-08-14T00:52:40.317789,0.154,2.495,37.701
2026-08-14T00:52:40.320147,2.340,2.496,37.701
2026-08-14T00:52:40.320310,0.182,2.496,37.701
2026-08-14T00:52:40.322649,2.325,2.518,37.701
2026-08-14T00:52:40.322820,0.171,2.497,37.701
2026-08-14T00:52:40.325147,2.328,2.519,37.701
2026-08-14T00:52:40.325307,0.169,2.497,37.701
2026-08-14T00:52:40.325440,0.140,2.497,37.701
2026-08-14T00:52:40.325617,0.174,2.498,37.701
2026-08-14T00:52:40.327964,2.337,2.519,37.701
2026-08-14T00:52:40.328147,0.190,2.498,37.701
2026-08-14T00:52:40.328287,0.145,2.498,37.701
2026-08-14T00:52:40.328416,0.130,2.498,37.701
2026-08-14T00:52:40.329638,1.217,2.509,37.701
2026-08-14T00:52:40.329777,0.143,2.498,37.701
2026-08-14T00:52:40.329922,0.144,2.497,37.701
2026-08-14T00:52:40.332284,2.330,2.518,37.701
2026-08-14T00:52:40.332476,0.209,2.519,37.701
2026-08-14T00:52:40.368078,35.571,2.498,37.113
2026-08-14T00:52:40.368267,0.227,2.498,37.113
2026-08-14T00:52:40.368412,0.152,2.498,37.113
2026-08-14T00:52:40.370731,2.312,2.498,37.113
2026-08-14T00:52:40.370900,0.172,2.498,37.113
2026-08-14T00:52:40.371046,0.150,2.488,37.113
2026-08-14T00:52:40.373329,2.280,2.509,37.113
2026-08-14T00:52:40.373471,0.145,2.488,37.113
2026-08-14T00:52:40.374697,1.223,2.499,37.113
2026-08-14T00:52:40.374856,0.151,2.499,37.113
2026-08-14T00:52:40.375044,0.197,2.499,37.113
2026-08-14T00:52:40.375189,0.148,2.477,37.113
2026-08-14T00:52:40.378627,3.422,2.509,37.113
2026-08-14T00:52:40.378826,0.200,2.510,37.113
2026-08-14T00:52:40.378967,0.155,2.510,37.113
2026-08-14T00:52:40.379109,0.145,2.488,37.113
2026-08-14T00:52:40.379239,0.130,2.488,37.113
2026-08-14T00:52:40.380449,1.206,2.499,37.113
2026-08-14T00:52:40.382746,2.298,2.499,37.113
2026-08-14T00:52:40.382889,0.145,2.499,37.113
2026-08-14T00:52:40.418911,35.996,2.515,37.113
2026-08-14T00:52:40.419079,0.187,2.515,37.113
2026-08-14T00:52:40.419213,0.140,2.515,37.113
2026-08-14T00:52:40.420426,1.210,2.494,37.113
2026-08-14T00:52:40.420566,0.144,2.494,37.113
2026-08-14T00:52:40.422858,2.289,2.515,37.113
2026-08-14T00:52:40.422997,0.141,2.515,37.113
2026-08-14T00:52:40.425282,2.279,2.526,37.113
2026-08-14T00:52:40.425450,0.164,2.526,37.113
2026-08-14T00:52:40.425609,0.163,2.505,37.113
2026-08-14T00:52:40.425796,0.192,2.505,37.113
2026-08-14T00:52:40.428127,2.327,2.527,37.113
2026-08-14T00:52:40.428298,0.175,2.527,37.113
2026-08-14T00:52:40.428434,0.139,2.505,37.113
2026-08-14T00:52:40.428562,0.129,2.505,37.113
2026-08-14T00:52:40.429782,1.215,2.516,37.113
2026-08-14T00:52:40.429935,0.155,2.495,37.113
2026-08-14T00:52:40.430071,0.139,2.495,37.113
2026-08-14T00:52:40.432349,2.274,2.516,37.113
2026-08-14T00:52:40.432485,0.140,2.516,37.113
2026-08-14T00:52:40.467907,35.410,2.499,35.996
2026-08-14T00:52:40.468063,0.163,2.498,35.996
2026-08-14T00:52:40.468200,0.141,2.498,35.996
2026-08-14T00:52:40.470489,2.285,2.498,35.996
2026-08-14T00:52:40.470635,0.148,2.498,35.996
2026-08-14T00:52:40.470772,0.139,2.487,35.996
2026-08-14T00:52:40.470922,0.148,2.454,35.996
2026-08-14T00:52:40.473217,2.289,2.475,35.996
2026-08-14T00:52:40.473388,0.168,2.476,35.996
2026-08-14T00:52:40.475713,2.321,2.497,35.996
2026-08-14T00:52:40.475934,0.227,2.498,35.996
2026-08-14T00:52:40.476102,0.173,2.477,35.996
2026-08-14T00:52:40.476261,0.162,2.477,35.996
2026-08-14T00:52:40.477477,1.214,2.487,35.996
2026-08-14T00:52:40.477618,0.144,2.487,35.996
2026-08-14T00:52:40.477756,0.140,2.487,35.996
2026-08-14T00:52:40.478994,1.233,2.498,35.996
2026-08-14T00:52:40.480211,1.218,2.509,35.996
2026-08-14T00:52:40.482506,2.295,2.499,35.996
2026-08-14T00:52:40.482643,0.140,2.499,35.996
2026-08-14T00:52:40.518112,35.445,2.498,35.996
2026-08-14T00:52:40.518273,0.180,2.497,35.996
2026-08-14T00:52:40.518405,0.138,2.497,35.996
2026-08-14T00:52:40.520685,2.275,2.508,35.996
2026-08-14T00:52:40.520839,0.145,2.508,35.996
2026-08-14T00:52:40.522058,1.228,2.519,35.996
2026-08-14T00:52:40.525466,3.388,2.551,35.996
2026-08-14T00:52:40.525628,0.181,2.519,35.996
2026-08-14T00:52:40.525762,0.139,2.519,35.996
2026-08-14T00:52:40.525904,0.142,2.509,35.996
2026-08-14T00:52:40.526080,0.174,2.508,35.996
2026-08-14T00:52:40.528425,2.330,2.530,35.996
2026-08-14T00:52:40.528608,0.196,2.531,35.996
2026-08-14T00:52:40.528748,0.144,2.509,35.996
2026-08-14T00:52:40.528890,0.141,2.509,35.996
2026-08-14T00:52:40.529036,0.148,2.509,35.996
2026-08-14T00:52:40.529166,0.132,2.509,35.996
2026-08-14T00:52:40.529291,0.126,2.488,35.996
2026-08-14T00:52:40.532635,3.339,2.498,35.996
2026-08-14T00:52:40.532771,0.139,2.498,35.996
2026-08-14T00:52:40.564043,31.225,2.466,35.996
2026-08-14T00:52:40.567542,3.502,2.499,35.996
2026-08-14T00:52:40.567728,0.220,2.499,35.996
2026-08-14T00:52:40.567896,0.172,2.478,35.996
2026-08-14T00:52:40.570214,2.311,2.499,35.996
2026-08-14T00:52:40.570372,0.168,2.477,35.996
2026-08-14T00:52:40.570524,0.151,2.477,35.996
2026-08-14T00:52:40.572799,2.280,2.477,35.996
2026-08-14T00:52:40.572935,0.138,2.476,35.996
2026-08-14T00:52:40.575208,2.270,2.498,35.996
2026-08-14T00:52:40.575332,0.130,2.497,35.996
2026-08-14T00:52:40.575487,0.155,2.475,35.996
2026-08-14T00:52:40.575607,0.121,2.475,35.996
2026-08-14T00:52:40.577958,2.331,2.497,35.996
2026-08-14T00:52:40.578110,0.164,2.497,35.996
2026-08-14T00:52:40.578231,0.127,2.486,35.996
2026-08-14T00:52:40.578358,0.129,2.486,35.996
2026-08-14T00:52:40.578469,0.113,2.486,35.996
2026-08-14T00:52:40.580706,2.236,2.485,35.996
2026-08-14T00:52:40.581938,1.214,2.495,35.996
2026-08-14T00:52:40.582139,0.198,2.141,35.996
2026-08-14T00:52:40.619270,37.101,2.510,37.101
2026-08-14T00:52:40.619457,0.222,2.510,37.101
2026-08-14T00:52:40.619602,0.152,2.489,37.101
2026-08-14T00:52:40.620838,1.221,2.499,37.101
2026-08-14T00:52:40.620993,0.167,2.499,37.101
2026-08-14T00:52:40.622219,1.227,2.489,37.101
2026-08-14T00:52:40.625759,3.487,2.522,37.101
2026-08-14T00:52:40.626005,0.283,2.513,37.101
2026-08-14T00:52:40.626176,0.185,2.513,37.101
2026-08-14T00:52:40.626327,0.152,2.513,37.101
2026-08-14T00:52:40.626547,0.212,2.513,37.101
2026-08-14T00:52:40.628152,1.557,2.495,37.101
2026-08-14T00:52:40.628408,0.303,2.496,37.101
2026-08-14T00:52:40.628560,0.162,2.496,37.101
2026-08-14T00:52:40.629837,1.250,2.507,37.101
2026-08-14T00:52:40.630045,0.227,2.508,37.101
2026-08-14T00:52:40.630200,0.162,2.497,37.101
2026-08-14T00:52:40.630339,0.143,2.476,37.101
2026-08-14T00:52:40.632670,2.309,2.498,37.101
2026-08-14T00:52:40.632835,0.176,2.139,37.101
2026-08-14T00:52:40.667518,34.635,2.484,37.101
2026-08-14T00:52:40.667701,0.239,2.485,37.101
2026-08-14T00:52:40.667852,0.133,2.474,37.101
2026-08-14T00:52:40.670156,2.323,2.496,37.101
2026-08-14T00:52:40.670287,0.137,2.474,37.101
2026-08-14T00:52:40.670405,0.121,2.474,37.101
2026-08-14T00:52:40.673740,3.323,2.485,37.101
2026-08-14T00:52:40.673892,0.155,2.485,37.101
2026-08-14T00:52:40.675120,1.228,2.495,37.101
2026-08-14T00:52:40.675255,0.139,2.495,37.101
2026-08-14T00:52:40.675430,0.174,2.473,37.101
2026-08-14T00:52:40.675566,0.139,2.473,37.101
2026-08-14T00:52:40.677882,2.311,2.494,37.101
2026-08-14T00:52:40.678023,0.145,2.495,37.101
2026-08-14T00:52:40.678146,0.125,2.484,37.101
2026-08-14T00:52:40.678279,0.133,2.483,37.101
2026-08-14T00:52:40.678400,0.122,2.483,37.101
2026-08-14T00:52:40.680677,2.272,2.483,37.101
2026-08-14T00:52:40.681907,1.229,2.494,37.101
2026-08-14T00:52:40.682039,0.136,2.141,37.101
2026-08-14T00:52:40.717567,35.484,2.495,37.101
2026-08-14T00:52:40.717756,0.221,2.495,37.101
2026-08-14T00:52:40.717913,0.163,2.474,37.101
2026-08-14T00:52:40.720213,2.297,2.496,37.101
2026-08-14T00:52:40.720359,0.151,2.496,37.101
2026-08-14T00:52:40.721574,1.214,2.507,37.101
2026-08-14T00:52:40.721715,0.144,2.485,37.101
2026-08-14T00:52:40.725071,3.351,2.517,37.101
2026-08-14T00:52:40.725215,0.148,2.495,37.101
2026-08-14T00:52:40.725347,0.134,2.494,37.101
2026-08-14T00:52:40.725526,0.177,2.494,37.101
2026-08-14T00:52:40.727842,2.307,2.516,37.101
2026-08-14T00:52:40.728016,0.182,2.505,37.101
2026-08-14T00:52:40.728153,0.141,2.505,37.101
2026-08-14T00:52:40.728281,0.129,2.505,37.101
2026-08-14T00:52:40.729505,1.217,2.505,37.101
2026-08-14T00:52:40.729652,0.149,2.494,37.101
2026-08-14T00:52:40.729794,0.142,2.473,37.101
2026-08-14T00:52:40.732093,2.297,2.494,37.101
2026-08-14T00:52:40.732238,0.148,2.141,37.101
2026-08-14T00:52:40.767672,35.426,2.494,37.101
2026-08-14T00:52:40.767836,0.155,2.494,37.101
2026-08-14T00:52:40.767976,0.157,2.473,37.101
2026-08-14T00:52:40.770257,2.279,2.494,37.101
2026-08-14T00:52:40.770396,0.142,2.483,37.101
2026-08-14T00:52:40.770524,0.131,2.451,37.101
2026-08-14T00:52:40.770646,0.123,2.450,37.101
2026-08-14T00:52:40.772918,2.267,2.472,37.101
2026-08-14T00:52:40.773054,0.139,2.472,37.101
2026-08-14T00:52:40.775336,2.278,2.493,37.101
2026-08-14T00:52:40.775510,0.176,2.471,37.101
2026-08-14T00:52:40.775650,0.143,2.470,37.101
2026-08-14T00:52:40.775800,0.149,2.471,37.101
2026-08-14T00:52:40.778106,2.300,2.492,37.101
2026-08-14T00:52:40.778247,0.145,2.492,37.101
2026-08-14T00:52:40.778386,0.140,2.492,37.101
2026-08-14T00:52:40.780668,2.277,2.514,37.101
2026-08-14T00:52:40.780805,0.141,2.482,37.101
2026-08-14T00:52:40.780964,0.155,2.482,37.101
2026-08-14T00:52:40.781101,0.141,2.171,37.101
2026-08-14T00:52:40.817788,36.629,2.502,37.101
2026-08-14T00:52:40.818010,0.265,2.503,37.101
2026-08-14T00:52:40.818163,0.165,2.503,37.101
2026-08-14T00:52:40.821070,2.883,2.508,37.101
2026-08-14T00:52:40.821240,0.193,2.509,37.101
2026-08-14T00:52:40.822463,1.223,2.519,37.101
2026-08-14T00:52:40.825939,3.450,2.531,37.101
2026-08-14T00:52:40.826113,0.196,2.532,37.101
2026-08-14T00:52:40.826249,0.144,2.510,37.101
2026-08-14T00:52:40.826377,0.130,2.510,37.101
2026-08-14T00:52:40.826556,0.177,2.511,37.101
2026-08-14T00:52:40.827798,1.238,2.522,37.101
2026-08-14T00:52:40.827990,0.191,2.500,37.101
2026-08-14T00:52:40.828130,0.146,2.500,37.101
2026-08-14T00:52:40.830418,2.287,2.522,37.101
2026-08-14T00:52:40.830564,0.148,2.522,37.101
2026-08-14T00:52:40.830687,0.125,2.522,37.101
2026-08-14T00:52:40.830807,0.120,2.501,37.101
2026-08-14T00:52:40.833088,2.276,2.512,37.101
2026-08-14T00:52:40.833221,0.136,2.511,37.101
2026-08-14T00:52:40.867754,34.469,2.485,36.629
2026-08-14T00:52:40.867971,0.268,2.485,36.629
2026-08-14T00:52:40.868115,0.154,2.485,36.629
2026-08-14T00:52:40.869348,1.227,2.485,36.629
2026-08-14T00:52:40.869493,0.149,2.485,36.629
2026-08-14T00:52:40.870724,1.225,2.485,36.629
2026-08-14T00:52:40.870881,0.162,2.452,36.629
2026-08-14T00:52:40.873170,2.288,2.472,36.629
2026-08-14T00:52:40.873311,0.145,2.471,36.629
2026-08-14T00:52:40.874522,1.209,2.482,36.629
2026-08-14T00:52:40.874710,0.189,2.482,36.629
2026-08-14T00:52:40.874876,0.165,2.468,36.629
2026-08-14T00:52:40.875042,0.167,2.466,36.629
2026-08-14T00:52:40.877331,2.286,2.488,36.629
2026-08-14T00:52:40.877470,0.142,2.477,36.629
2026-08-14T00:52:40.877611,0.143,2.476,36.629
2026-08-14T00:52:40.878842,1.218,2.486,36.629
2026-08-14T00:52:40.881141,2.306,2.508,36.629
2026-08-14T00:52:40.882375,1.235,2.497,36.629
2026-08-14T00:52:40.882515,0.144,2.497,36.629
2026-08-14T00:52:40.918085,35.515,2.506,36.629
2026-08-14T00:52:40.918276,0.238,2.506,36.629
2026-08-14T00:52:40.918415,0.147,2.506,36.629
2026-08-14T00:52:40.920700,2.281,2.505,36.629
2026-08-14T00:52:40.920852,0.145,2.506,36.629
2026-08-14T00:52:40.922073,1.228,2.517,36.629
2026-08-14T00:52:40.924358,2.285,2.506,36.629
2026-08-14T00:52:40.924495,0.141,2.506,36.629
2026-08-14T00:52:40.925720,1.222,2.506,36.629
2026-08-14T00:52:40.925871,0.152,2.506,36.629
2026-08-14T00:52:40.926054,0.182,2.506,36.629
2026-08-14T00:52:40.928365,2.308,2.528,36.629
2026-08-14T00:52:40.928537,0.174,2.507,36.629
2026-08-14T00:52:40.928675,0.142,2.507,36.629
2026-08-14T00:52:40.928821,0.138,2.507,36.629
2026-08-14T00:52:40.928970,0.156,2.507,36.629
2026-08-14T00:52:40.929100,0.132,2.507,36.629
2026-08-14T00:52:40.929227,0.128,2.486,36.629
2026-08-14T00:52:40.932635,3.385,2.507,36.629
2026-08-14T00:52:40.932796,0.178,2.508,36.629
2026-08-14T00:52:40.968292,35.482,2.507,36.629
2026-08-14T00:52:40.968458,0.177,2.507,36.629
2026-08-14T00:52:40.968601,0.148,2.507,36.629
2026-08-14T00:52:40.969834,1.217,2.496,36.629
2026-08-14T00:52:40.969987,0.167,2.496,36.629
2026-08-14T00:52:40.970129,0.145,2.486,36.629
2026-08-14T00:52:40.973516,3.375,2.518,36.629
2026-08-14T00:52:40.973675,0.168,2.486,36.629
2026-08-14T00:52:40.974920,1.242,2.497,36.629
2026-08-14T00:52:40.975069,0.153,2.497,36.629
2026-08-14T00:52:40.975250,0.181,2.497,36.629
2026-08-14T00:52:40.975399,0.151,2.476,36.629
2026-08-14T00:52:40.977723,2.322,2.497,36.629
2026-08-14T00:52:40.977880,0.159,2.497,36.629
2026-08-14T00:52:40.978017,0.139,2.497,36.629
2026-08-14T00:52:40.978157,0.140,2.487,36.629
2026-08-14T00:52:40.979374,1.215,2.497,36.629
2026-08-14T00:52:40.980585,1.211,2.508,36.629
2026-08-14T00:52:40.981822,1.226,2.497,36.629
2026-08-14T00:52:40.981964,0.154,2.497,36.629
2026-08-14T00:52:41.017367,35.393,2.497,36.629
2026-08-14T00:52:41.017520,0.160,2.497,36.629
2026-08-14T00:52:41.017656,0.140,2.497,36.629
2026-08-14T00:52:41.020503,2.832,2.502,36.629
2026-08-14T00:52:41.020656,0.167,2.503,36.629
2026-08-14T00:52:41.021883,1.224,2.514,36.629
2026-08-14T00:52:41.022027,0.148,2.514,36.629
2026-08-14T00:52:41.025373,3.344,2.525,36.629
2026-08-14T00:52:41.025515,0.145,2.525,36.629
2026-08-14T00:52:41.025646,0.131,2.503,36.629
2026-08-14T00:52:41.025845,0.179,2.503,36.629
2026-08-14T00:52:41.028224,2.379,2.526,36.629
2026-08-14T00:52:41.028420,0.210,2.526,36.629
2026-08-14T00:52:41.028589,0.172,2.505,36.629
2026-08-14T00:52:41.028721,0.136,2.505,36.629
2026-08-14T00:52:41.029947,1.221,2.516,36.629
2026-08-14T00:52:41.030090,0.146,2.494,36.629
2026-08-14T00:52:41.030223,0.134,2.494,36.629
2026-08-14T00:52:41.032496,2.271,2.515,36.629
2026-08-14T00:52:41.032627,0.134,2.515,36.629
2026-08-14T00:52:41.068155,35.489,2.504,35.515
2026-08-14T00:52:41.068330,0.205,2.503,35.515
2026-08-14T00:52:41.068466,0.144,2.503,35.515
2026-08-14T00:52:41.070762,2.291,2.497,35.515
2026-08-14T00:52:41.070918,0.159,2.497,35.515
2026-08-14T00:52:41.071057,0.142,2.486,35.515
2026-08-14T00:52:41.071184,0.128,2.453,35.515
2026-08-14T00:52:41.073461,2.273,2.474,35.515
2026-08-14T00:52:41.073600,0.142,2.474,35.515
2026-08-14T00:52:41.074816,1.207,2.484,35.515
2026-08-14T00:52:41.075004,0.193,2.484,35.515
2026-08-14T00:52:41.075146,0.147,2.474,35.515
2026-08-14T00:52:41.075302,0.156,2.473,35.515
2026-08-14T00:52:41.077588,2.283,2.495,35.515
2026-08-14T00:52:41.077727,0.142,2.473,35.515
2026-08-14T00:52:41.077881,0.153,2.473,35.515
2026-08-14T00:52:41.079113,1.229,2.484,35.515
2026-08-14T00:52:41.080333,1.220,2.495,35.515
2026-08-14T00:52:41.082632,2.300,2.495,35.515
2026-08-14T00:52:41.082764,0.136,2.495,35.515
2026-08-14T00:52:41.118381,35.556,2.506,35.556
2026-08-14T00:52:41.118572,0.243,2.506,35.556
2026-08-14T00:52:41.118705,0.142,2.506,35.556
2026-08-14T00:52:41.120996,2.286,2.517,35.556
2026-08-14T00:52:41.121136,0.142,2.516,35.556
2026-08-14T00:52:41.122370,1.233,2.517,35.556
2026-08-14T00:52:41.125724,3.351,2.548,35.556
2026-08-14T00:52:41.125879,0.157,2.527,35.556
2026-08-14T00:52:41.126019,0.144,2.527,35.556
2026-08-14T00:52:41.126150,0.132,2.516,35.556
2026-08-14T00:52:41.126327,0.176,2.516,35.556
2026-08-14T00:52:41.127566,1.234,2.527,35.556
2026-08-14T00:52:41.127732,0.170,2.527,35.556
2026-08-14T00:52:41.127886,0.153,2.506,35.556
2026-08-14T00:52:41.130187,2.300,2.527,35.556
2026-08-14T00:52:41.130339,0.154,2.527,35.556
2026-08-14T00:52:41.130468,0.132,2.516,35.556
2026-08-14T00:52:41.130594,0.126,2.495,35.556
2026-08-14T00:52:41.130719,0.125,2.484,35.556
2026-08-14T00:52:41.131925,1.202,2.494,35.556
2026-08-14T00:52:41.167385,35.452,2.493,35.556
2026-08-14T00:52:41.167534,0.155,2.493,35.556
2026-08-14T00:52:41.167668,0.137,2.493,35.556
2026-08-14T00:52:41.169957,2.284,2.493,35.556
2026-08-14T00:52:41.170103,0.149,2.493,35.556
2026-08-14T00:52:41.170237,0.137,2.482,35.556
2026-08-14T00:52:41.170366,0.128,2.460,35.556
2026-08-14T00:52:41.172650,2.277,2.481,35.556
2026-08-14T00:52:41.172796,0.150,2.471,35.556
2026-08-14T00:52:41.175102,2.303,2.492,35.556
2026-08-14T00:52:41.175282,0.181,2.492,35.556
2026-08-14T00:52:41.175429,0.149,2.471,35.556
2026-08-14T00:52:41.175583,0.155,2.470,35.556
2026-08-14T00:52:41.177883,2.297,2.492,35.556
2026-08-14T00:52:41.178023,0.143,2.492,35.556
2026-08-14T00:52:41.178159,0.138,2.492,35.556
2026-08-14T00:52:41.178283,0.126,2.492,35.556
2026-08-14T00:52:41.180557,2.268,2.513,35.556
2026-08-14T00:52:41.182874,2.317,2.503,35.556
2026-08-14T00:52:41.183011,0.140,2.502,35.556
2026-08-14T00:52:41.217347,34.328,2.491,35.556
2026-08-14T00:52:41.217492,0.150,2.490,35.556
2026-08-14T00:52:41.217623,0.133,2.490,35.556
2026-08-14T00:52:41.221510,3.876,2.517,35.556
2026-08-14T00:52:41.221663,0.163,2.517,35.556
2026-08-14T00:52:41.222890,1.225,2.528,35.556
2026-08-14T00:52:41.223028,0.142,2.495,35.556
2026-08-14T00:52:41.225304,2.274,2.516,35.556
2026-08-14T00:52:41.225438,0.138,2.505,35.556
2026-08-14T00:52:41.225561,0.124,2.505,35.556
2026-08-14T00:52:41.225724,0.160,2.505,35.556
2026-08-14T00:52:41.228067,2.318,2.526,35.556
2026-08-14T00:52:41.228305,0.241,2.506,35.556
2026-08-14T00:52:41.228468,0.179,2.506,35.556
2026-08-14T00:52:41.228601,0.139,2.506,35.556
2026-08-14T00:52:41.229843,1.224,2.517,35.556
2026-08-14T00:52:41.230000,0.169,2.506,35.556
2026-08-14T00:52:41.230150,0.150,2.496,35.556
2026-08-14T00:52:41.232431,2.285,2.506,35.556
2026-08-14T00:52:41.232567,0.138,2.506,35.556
2026-08-14T00:52:41.268023,35.442,2.507,35.556
2026-08-14T00:52:41.268183,0.166,2.507,35.556
2026-08-14T00:52:41.268322,0.145,2.507,35.556
2026-08-14T00:52:41.269544,1.217,2.491,35.556
2026-08-14T00:52:41.269710,0.167,2.491,35.556
2026-08-14T00:52:41.269868,0.155,2.480,35.556
2026-08-14T00:52:41.273227,3.363,2.512,35.556
2026-08-14T00:52:41.273363,0.139,2.480,35.556
2026-08-14T00:52:41.274586,1.221,2.491,35.556
2026-08-14T00:52:41.274722,0.139,2.491,35.556
2026-08-14T00:52:41.274909,0.183,2.491,35.556
2026-08-14T00:52:41.275057,0.151,2.469,35.556
2026-08-14T00:52:41.277374,2.315,2.490,35.556
2026-08-14T00:52:41.277521,0.148,2.489,35.556
2026-08-14T00:52:41.277648,0.130,2.489,35.556
2026-08-14T00:52:41.277783,0.136,2.478,35.556
2026-08-14T00:52:41.279000,1.213,2.489,35.556
2026-08-14T00:52:41.280213,1.212,2.500,35.556
2026-08-14T00:52:41.282510,2.297,2.500,35.556
2026-08-14T00:52:41.282639,0.135,2.500,35.556
2026-08-14T00:52:41.318351,35.632,2.502,35.632
2026-08-14T00:52:41.318560,0.273,2.502,35.632
2026-08-14T00:52:41.318723,0.165,2.502,35.632
2026-08-14T00:52:41.319957,1.237,2.492,35.632
2026-08-14T00:52:41.320108,0.156,2.492,35.632
2026-08-14T00:52:41.322451,2.323,2.514,35.632
2026-08-14T00:52:41.322638,0.196,2.514,35.632
2026-08-14T00:52:41.324940,2.307,2.515,35.632
2026-08-14T00:52:41.325086,0.153,2.515,35.632
2026-08-14T00:52:41.325218,0.134,2.504,35.632
2026-08-14T00:52:41.325397,0.177,2.504,35.632
2026-08-14T00:52:41.327703,2.303,2.526,35.632
2026-08-14T00:52:41.327894,0.192,2.526,35.632
2026-08-14T00:52:41.328040,0.149,2.505,35.632
2026-08-14T00:52:41.328173,0.134,2.504,35.632
2026-08-14T00:52:41.328314,0.141,2.504,35.632
2026-08-14T00:52:41.329536,1.219,2.504,35.632
2026-08-14T00:52:41.329673,0.140,2.493,35.632
2026-08-14T00:52:41.329801,0.130,2.472,35.632
2026-08-14T00:52:41.329952,0.148,2.472,35.632
2026-08-14T00:52:41.367531,37.565,2.492,37.565
2026-08-14T00:52:41.367691,0.168,2.491,37.565
2026-08-14T00:52:41.367843,0.145,2.491,37.565
2026-08-14T00:52:41.370142,2.306,2.491,37.565
2026-08-14T00:52:41.370288,0.150,2.492,37.565
2026-08-14T00:52:41.370426,0.141,2.481,37.565
2026-08-14T00:52:41.370559,0.132,2.448,37.565
2026-08-14T00:52:41.372854,2.280,2.470,37.565
2026-08-14T00:52:41.373005,0.162,2.470,37.565
2026-08-14T00:52:41.374221,1.217,2.481,37.565
2026-08-14T00:52:41.374408,0.185,2.481,37.565
2026-08-14T00:52:41.375655,1.246,2.481,37.565
2026-08-14T00:52:41.375842,0.175,2.481,37.565
2026-08-14T00:52:41.377067,1.239,2.492,37.565
2026-08-14T00:52:41.377205,0.142,2.470,37.565
2026-08-14T00:52:41.377343,0.139,2.470,37.565
2026-08-14T00:52:41.380688,3.341,2.502,37.565
2026-08-14T00:52:41.380836,0.140,2.502,37.565
2026-08-14T00:52:41.380976,0.150,2.503,37.565
2026-08-14T00:52:41.381103,0.130,2.492,37.565
2026-08-14T00:52:41.417589,36.475,2.502,37.565
2026-08-14T00:52:41.417741,0.158,2.502,37.565
2026-08-14T00:52:41.417889,0.148,2.502,37.565
2026-08-14T00:52:41.420184,2.293,2.502,37.565
2026-08-14T00:52:41.420330,0.148,2.502,37.565
2026-08-14T00:52:41.422137,1.789,2.519,37.565
2026-08-14T00:52:41.425523,3.398,2.551,37.565
2026-08-14T00:52:41.425672,0.155,2.530,37.565
2026-08-14T00:52:41.425823,0.139,2.530,37.565
2026-08-14T00:52:41.425971,0.159,2.509,37.565
2026-08-14T00:52:41.426152,0.181,2.509,37.565
2026-08-14T00:52:41.427412,1.252,2.520,37.565
2026-08-14T00:52:41.427622,0.207,2.520,37.565
2026-08-14T00:52:41.427774,0.166,2.499,37.565
2026-08-14T00:52:41.430097,2.315,2.521,37.565
2026-08-14T00:52:41.430261,0.172,2.521,37.565
2026-08-14T00:52:41.430387,0.133,2.521,37.565
2026-08-14T00:52:41.430507,0.120,2.500,37.565
2026-08-14T00:52:41.432774,2.263,2.499,37.565
2026-08-14T00:52:41.432918,0.145,2.499,37.565
2026-08-14T00:52:41.467388,34.428,2.500,37.565
2026-08-14T00:52:41.467572,0.217,2.501,37.565
2026-08-14T00:52:41.467715,0.151,2.501,37.565
2026-08-14T00:52:41.470004,2.287,2.485,37.565
2026-08-14T00:52:41.470145,0.145,2.485,37.565
2026-08-14T00:52:41.470277,0.133,2.474,37.565
2026-08-14T00:52:41.470402,0.126,2.474,37.565
2026-08-14T00:52:41.472701,2.293,2.474,37.565
2026-08-14T00:52:41.472857,0.145,2.474,37.565
2026-08-14T00:52:41.475144,2.299,2.496,37.565
2026-08-14T00:52:41.475331,0.187,2.496,37.565
2026-08-14T00:52:41.475473,0.145,2.474,37.565
2026-08-14T00:52:41.475626,0.153,2.473,37.565
2026-08-14T00:52:41.477912,2.282,2.494,37.565
2026-08-14T00:52:41.478053,0.143,2.495,37.565
2026-08-14T00:52:41.478193,0.141,2.484,37.565
2026-08-14T00:52:41.478319,0.128,2.483,37.565
2026-08-14T00:52:41.480594,2.271,2.504,37.565
2026-08-14T00:52:41.482892,2.297,2.505,37.565
2026-08-14T00:52:41.483025,0.137,2.505,37.565
2026-08-14T00:52:41.517499,34.428,2.494,37.565
2026-08-14T00:52:41.517683,0.218,2.495,37.565
2026-08-14T00:52:41.517842,0.153,2.495,37.565
2026-08-14T00:52:41.520148,2.315,2.506,37.565
2026-08-14T00:52:41.520299,0.154,2.506,37.565
2026-08-14T00:52:41.521523,1.223,2.517,37.565
2026-08-14T00:52:41.521670,0.150,2.484,37.565
2026-08-14T00:52:41.525083,3.390,2.517,37.565
2026-08-14T00:52:41.525248,0.186,2.507,37.565
2026-08-14T00:52:41.525385,0.141,2.507,37.565
2026-08-14T00:52:41.525565,0.178,2.507,37.565
2026-08-14T00:52:41.527887,2.319,2.528,37.565
2026-08-14T00:52:41.528059,0.175,2.507,37.565
2026-08-14T00:52:41.528197,0.141,2.507,37.565
2026-08-14T00:52:41.528325,0.129,2.507,37.565
2026-08-14T00:52:41.528462,0.138,2.507,37.565
2026-08-14T00:52:41.529685,1.217,2.507,37.565
2026-08-14T00:52:41.529842,0.142,2.496,37.565
2026-08-14T00:52:41.529985,0.160,2.475,37.565
2026-08-14T00:52:41.532272,2.283,2.496,37.565
2026-08-14T00:52:41.564522,32.244,2.462,37.565
2026-08-14T00:52:41.568086,3.510,2.495,37.565
2026-08-14T00:52:41.568287,0.257,2.496,37.565
2026-08-14T00:52:41.568434,0.154,2.485,37.565
2026-08-14T00:52:41.570732,2.293,2.506,37.565
2026-08-14T00:52:41.570901,0.170,2.485,37.565
2026-08-14T00:52:41.571044,0.149,2.484,37.565
2026-08-14T00:52:41.573334,2.285,2.484,37.565
2026-08-14T00:52:41.573483,0.152,2.484,37.565
2026-08-14T00:52:41.575795,2.309,2.506,37.565
2026-08-14T00:52:41.575955,0.162,2.506,37.565
2026-08-14T00:52:41.576145,0.192,2.484,37.565
2026-08-14T00:52:41.576284,0.143,2.484,37.565
2026-08-14T00:52:41.577536,1.247,2.495,37.565
2026-08-14T00:52:41.577683,0.150,2.495,37.565
2026-08-14T00:52:41.577824,0.132,2.495,37.565
2026-08-14T00:52:41.577975,0.160,2.484,37.565
2026-08-14T00:52:41.578106,0.133,2.484,37.565
2026-08-14T00:52:41.580381,2.272,2.506,37.565
2026-08-14T00:52:41.582712,2.326,2.528,37.565
2026-08-14T00:52:41.582876,0.166,2.154,36.475
2026-08-14T00:52:41.618312,35.431,2.506,36.475
2026-08-14T00:52:41.618465,0.158,2.506,36.475
2026-08-14T00:52:41.618602,0.141,2.485,36.475
2026-08-14T00:52:41.620903,2.296,2.506,36.475
2026-08-14T00:52:41.621050,0.150,2.506,36.475
2026-08-14T00:52:41.622855,1.779,2.523,36.475
2026-08-14T00:52:41.623018,0.185,2.502,36.475
2026-08-14T00:52:41.625335,2.316,2.523,36.475
2026-08-14T00:52:41.625486,0.156,2.513,36.475
2026-08-14T00:52:41.625630,0.145,2.512,36.475
2026-08-14T00:52:41.625826,0.181,2.502,36.475
2026-08-14T00:52:41.628205,2.371,2.524,36.475
2026-08-14T00:52:41.628420,0.234,2.513,36.475
2026-08-14T00:52:41.628565,0.153,2.514,36.475
2026-08-14T00:52:41.628695,0.132,2.514,36.475
2026-08-14T00:52:41.629954,1.243,2.493,36.475
2026-08-14T00:52:41.630117,0.172,2.493,36.475
2026-08-14T00:52:41.630251,0.140,2.493,36.475
2026-08-14T00:52:41.630379,0.129,2.493,36.475
2026-08-14T00:52:41.632676,2.289,2.151,35.431
2026-08-14T00:52:41.668395,35.654,2.506,35.654
2026-08-14T00:52:41.668619,0.279,2.507,35.654
2026-08-14T00:52:41.668781,0.172,2.486,35.654
2026-08-14T00:52:41.670090,1.288,2.497,35.654
2026-08-14T00:52:41.670280,0.207,2.482,35.654
2026-08-14T00:52:41.670440,0.165,2.449,35.654
2026-08-14T00:52:41.672784,2.322,2.471,35.654
2026-08-14T00:52:41.673006,0.230,2.472,35.654
2026-08-14T00:52:41.675398,2.379,2.494,35.654
2026-08-14T00:52:41.675576,0.204,2.494,35.654
2026-08-14T00:52:41.675775,0.200,2.484,35.654
2026-08-14T00:52:41.675938,0.164,2.483,35.654
2026-08-14T00:52:41.677361,1.389,2.496,35.654
2026-08-14T00:52:41.677553,0.220,2.475,35.654
2026-08-14T00:52:41.677727,0.177,2.475,35.654
2026-08-14T00:52:41.677900,0.174,2.475,35.654
2026-08-14T00:52:41.680214,2.306,2.497,35.654
2026-08-14T00:52:41.680366,0.162,2.476,35.654
2026-08-14T00:52:41.682626,2.267,2.497,35.654
2026-08-14T00:52:41.682745,0.121,2.154,35.654
2026-08-14T00:52:41.718109,35.344,2.505,35.654
2026-08-14T00:52:41.718269,0.168,2.505,35.654
2026-08-14T00:52:41.718409,0.145,2.484,35.654
2026-08-14T00:52:41.720723,2.308,2.506,35.654
2026-08-14T00:52:41.720891,0.169,2.506,35.654
2026-08-14T00:52:41.722125,1.234,2.517,35.654
2026-08-14T00:52:41.724417,2.294,2.517,35.654
2026-08-14T00:52:41.724555,0.142,2.517,35.654
2026-08-14T00:52:41.725783,1.224,2.506,35.654
2026-08-14T00:52:41.725936,0.155,2.506,35.654
2026-08-14T00:52:41.726115,0.180,2.506,35.654
2026-08-14T00:52:41.727346,1.229,2.517,35.654
2026-08-14T00:52:41.727514,0.169,2.496,35.654
2026-08-14T00:52:41.727648,0.137,2.496,35.654
2026-08-14T00:52:41.729939,2.288,2.517,35.654
2026-08-14T00:52:41.730093,0.154,2.518,35.654
2026-08-14T00:52:41.730236,0.142,2.496,35.654
2026-08-14T00:52:41.730367,0.137,2.475,35.654
2026-08-14T00:52:41.732721,2.329,2.497,35.654
2026-08-14T00:52:41.732904,0.199,2.154,35.654
2026-08-14T00:52:41.767342,34.418,2.496,35.654
2026-08-14T00:52:41.767516,0.193,2.497,35.654
2026-08-14T00:52:41.767653,0.146,2.475,35.654
2026-08-14T00:52:41.769936,2.280,2.496,35.654
2026-08-14T00:52:41.770077,0.144,2.486,35.654
2026-08-14T00:52:41.770210,0.135,2.485,35.654
2026-08-14T00:52:41.770338,0.129,2.453,35.654
2026-08-14T00:52:41.773697,3.352,2.484,35.654
2026-08-14T00:52:41.773848,0.146,2.485,35.654
2026-08-14T00:52:41.775063,1.222,2.495,35.654
2026-08-14T00:52:41.775250,0.187,2.474,35.654
2026-08-14T00:52:41.775392,0.145,2.473,35.654
2026-08-14T00:52:41.775543,0.152,2.473,35.654
2026-08-14T00:52:41.777837,2.282,2.495,35.654
2026-08-14T00:52:41.777981,0.152,2.495,35.654
2026-08-14T00:52:41.778121,0.143,2.484,35.654
2026-08-14T00:52:41.780398,2.274,2.506,35.654
2026-08-14T00:52:41.780535,0.139,2.506,35.654
2026-08-14T00:52:41.780661,0.127,2.484,35.654
2026-08-14T00:52:41.780788,0.126,2.163,35.654
2026-08-14T00:52:41.817457,36.614,2.494,36.614
2026-08-14T00:52:41.817646,0.235,2.494,36.614
2026-08-14T00:52:41.817785,0.148,2.494,36.614
2026-08-14T00:52:41.820082,2.291,2.494,36.614
2026-08-14T00:52:41.820227,0.150,2.493,36.614
2026-08-14T00:52:41.823065,2.822,2.520,36.614
2026-08-14T00:52:41.825393,2.337,2.521,36.614
2026-08-14T00:52:41.825539,0.153,2.521,36.614
2026-08-14T00:52:41.825672,0.134,2.499,36.614
2026-08-14T00:52:41.825798,0.128,2.498,36.614
2026-08-14T00:52:41.826003,0.198,2.499,36.614
2026-08-14T00:52:41.828319,2.312,2.520,36.614
2026-08-14T00:52:41.828513,0.196,2.510,36.614
2026-08-14T00:52:41.828651,0.147,2.510,36.614
2026-08-14T00:52:41.828771,0.122,2.510,36.614
2026-08-14T00:52:41.828917,0.144,2.509,36.614
2026-08-14T00:52:41.829047,0.131,2.509,36.614
2026-08-14T00:52:41.830291,1.226,2.499,36.614
2026-08-14T00:52:41.832611,2.327,2.499,36.614
2026-08-14T00:52:41.832751,0.148,2.499,36.614
2026-08-14T00:52:41.868373,35.549,2.500,36.614
2026-08-14T00:52:41.868582,0.268,2.501,36.614
2026-08-14T00:52:41.868724,0.155,2.501,36.614
2026-08-14T00:52:41.869947,1.218,2.490,36.614
2026-08-14T00:52:41.870095,0.152,2.490,36.614
2026-08-14T00:52:41.870229,0.137,2.474,36.614
2026-08-14T00:52:41.870353,0.125,2.473,36.614
2026-08-14T00:52:41.872633,2.274,2.473,36.614
2026-08-14T00:52:41.872775,0.145,2.473,36.614
2026-08-14T00:52:41.874066,1.286,2.484,36.614
2026-08-14T00:52:41.874264,0.198,2.485,36.614
2026-08-14T00:52:41.875506,1.241,2.473,36.614
2026-08-14T00:52:41.875677,0.174,2.473,36.614
2026-08-14T00:52:41.878058,2.365,2.495,36.614
2026-08-14T00:52:41.878220,0.175,2.495,36.614
2026-08-14T00:52:41.878365,0.149,2.484,36.614
2026-08-14T00:52:41.878494,0.132,2.484,36.614
2026-08-14T00:52:41.880765,2.269,2.505,36.614
2026-08-14T00:52:41.882004,1.237,2.516,36.614
2026-08-14T00:52:41.882138,0.137,2.495,36.614
2026-08-14T00:52:41.917858,35.629,2.494,36.614
2026-08-14T00:52:41.918105,0.322,2.495,36.614
2026-08-14T00:52:41.918260,0.166,2.495,36.614
2026-08-14T00:52:41.920563,2.298,2.505,36.614
2026-08-14T00:52:41.920720,0.162,2.504,36.614
2026-08-14T00:52:41.921919,1.207,2.515,36.614
2026-08-14T00:52:41.922035,0.118,2.493,36.614
2026-08-14T00:52:41.925344,3.307,2.524,36.614
2026-08-14T00:52:41.925461,0.119,2.501,36.614
2026-08-14T00:52:41.925566,0.106,2.500,36.614
2026-08-14T00:52:41.925715,0.147,2.500,36.614
2026-08-14T00:52:41.927980,2.264,2.521,36.614
2026-08-14T00:52:41.928117,0.139,2.508,36.614
2026-08-14T00:52:41.928226,0.111,2.507,36.614
2026-08-14T00:52:41.928328,0.102,2.506,36.614
2026-08-14T00:52:41.928437,0.110,2.506,36.614
2026-08-14T00:52:41.929648,1.205,2.495,36.614
2026-08-14T00:52:41.929763,0.118,2.494,36.614
2026-08-14T00:52:41.929880,0.119,2.473,36.614
2026-08-14T00:52:41.932150,2.259,2.494,36.614
2026-08-14T00:52:41.967583,35.425,2.495,36.614
2026-08-14T00:52:41.967734,0.158,2.495,36.614
2026-08-14T00:52:41.967890,0.156,2.495,36.614
2026-08-14T00:52:41.970189,2.296,2.495,36.614
2026-08-14T00:52:41.970335,0.150,2.494,36.614
2026-08-14T00:52:41.970471,0.137,2.484,36.614
2026-08-14T00:52:41.970601,0.131,2.462,36.614
2026-08-14T00:52:41.972919,2.310,2.484,36.614
2026-08-14T00:52:41.973069,0.154,2.473,36.614
2026-08-14T00:52:41.974283,1.216,2.483,36.614
2026-08-14T00:52:41.974455,0.172,2.483,36.614
2026-08-14T00:52:41.975688,1.231,2.483,36.614
2026-08-14T00:52:41.975866,0.178,2.483,36.614
2026-08-14T00:52:41.978155,2.289,2.505,36.614
2026-08-14T00:52:41.978294,0.142,2.484,36.614
2026-08-14T00:52:41.978431,0.139,2.483,36.614
2026-08-14T00:52:41.978556,0.126,2.483,36.614
2026-08-14T00:52:41.979759,1.199,2.494,36.614
2026-08-14T00:52:41.982110,2.339,2.494,36.614
2026-08-14T00:52:41.982264,0.165,2.494,36.614
2026-08-14T00:52:42.017697,35.426,2.504,36.614
2026-08-14T00:52:42.017867,0.157,2.503,36.614
2026-08-14T00:52:42.018019,0.173,2.504,36.614
2026-08-14T00:52:42.020311,2.289,2.504,36.614
2026-08-14T00:52:42.020457,0.149,2.504,36.614
2026-08-14T00:52:42.023327,2.857,2.531,36.614
2026-08-14T00:52:42.025648,2.324,2.553,36.614
2026-08-14T00:52:42.025800,0.159,2.521,36.614
2026-08-14T00:52:42.025957,0.159,2.521,36.614
2026-08-14T00:52:42.026080,0.130,2.510,36.614
2026-08-14T00:52:42.026237,0.155,2.510,36.614
2026-08-14T00:52:42.027459,1.220,2.521,36.614
2026-08-14T00:52:42.027616,0.157,2.521,36.614
2026-08-14T00:52:42.027743,0.130,2.499,36.614
2026-08-14T00:52:42.030118,2.337,2.521,36.614
2026-08-14T00:52:42.030305,0.217,2.522,36.614
2026-08-14T00:52:42.030437,0.140,2.500,36.614
2026-08-14T00:52:42.030561,0.125,2.500,36.614
2026-08-14T00:52:42.032845,2.269,2.522,36.614
2026-08-14T00:52:42.032987,0.153,2.522,36.614
2026-08-14T00:52:42.067554,34.510,2.501,35.629
2026-08-14T00:52:42.067761,0.253,2.501,35.629
2026-08-14T00:52:42.067931,0.172,2.501,35.629
2026-08-14T00:52:42.070242,2.313,2.502,35.629
2026-08-14T00:52:42.070394,0.158,2.502,35.629
2026-08-14T00:52:42.070532,0.140,2.475,35.629
2026-08-14T00:52:42.070663,0.132,2.453,35.629
2026-08-14T00:52:42.072947,2.278,2.474,35.629
2026-08-14T00:52:42.073092,0.149,2.474,35.629
2026-08-14T00:52:42.074306,1.211,2.485,35.629
2026-08-14T00:52:42.074501,0.196,2.485,35.629
2026-08-14T00:52:42.075763,1.259,2.474,35.629
2026-08-14T00:52:42.075952,0.191,2.474,35.629
2026-08-14T00:52:42.077177,1.223,2.485,35.629
2026-08-14T00:52:42.077320,0.148,2.485,35.629
2026-08-14T00:52:42.077463,0.143,2.485,35.629
2026-08-14T00:52:42.079736,2.271,2.507,35.629
2026-08-14T00:52:42.079883,0.150,2.496,35.629
2026-08-14T00:52:42.080009,0.129,2.474,35.629
2026-08-14T00:52:42.080136,0.126,2.474,35.629
2026-08-14T00:52:42.117902,37.687,2.495,37.687
2026-08-14T00:52:42.118090,0.262,2.495,37.687
2026-08-14T00:52:42.118210,0.130,2.495,37.687
2026-08-14T00:52:42.120488,2.269,2.505,37.687
2026-08-14T00:52:42.120632,0.147,2.505,37.687
2026-08-14T00:52:42.121857,1.213,2.516,37.687
2026-08-14T00:52:42.121998,0.154,2.516,37.687
2026-08-14T00:52:42.125346,3.346,2.527,37.687
2026-08-14T00:52:42.125511,0.164,2.527,37.687
2026-08-14T00:52:42.125642,0.134,2.516,37.687
2026-08-14T00:52:42.125835,0.179,2.516,37.687
2026-08-14T00:52:42.128154,2.327,2.526,37.687
2026-08-14T00:52:42.128323,0.173,2.526,37.687
2026-08-14T00:52:42.128458,0.138,2.504,37.687
2026-08-14T00:52:42.128585,0.127,2.504,37.687
2026-08-14T00:52:42.128722,0.137,2.504,37.687
2026-08-14T00:52:42.128860,0.135,2.504,37.687
2026-08-14T00:52:42.129002,0.142,2.482,37.687
2026-08-14T00:52:42.129134,0.133,2.471,37.687
2026-08-14T00:52:42.131406,2.272,2.493,37.687
2026-08-14T00:52:42.167925,36.507,2.501,37.687
2026-08-14T00:52:42.168082,0.164,2.500,37.687
2026-08-14T00:52:42.168220,0.142,2.500,37.687
2026-08-14T00:52:42.170518,2.292,2.500,37.687
2026-08-14T00:52:42.170665,0.151,2.499,37.687
2026-08-14T00:52:42.170801,0.139,2.489,37.687
2026-08-14T00:52:42.173097,2.292,2.511,37.687
2026-08-14T00:52:42.173234,0.141,2.479,37.687
2026-08-14T00:52:42.175527,2.290,2.501,37.687
2026-08-14T00:52:42.175664,0.141,2.501,37.687
2026-08-14T00:52:42.175838,0.161,2.501,37.687
2026-08-14T00:52:42.175986,0.160,2.480,37.687
2026-08-14T00:52:42.176138,0.153,2.480,37.687
2026-08-14T00:52:42.176270,0.133,2.480,37.687
2026-08-14T00:52:42.177491,1.217,2.492,37.687
2026-08-14T00:52:42.177637,0.147,2.492,37.687
2026-08-14T00:52:42.177764,0.130,2.481,37.687
2026-08-14T00:52:42.180060,2.289,2.503,37.687
2026-08-14T00:52:42.180200,0.144,2.503,37.687
2026-08-14T00:52:42.180325,0.128,2.482,37.687
2026-08-14T00:52:42.217905,37.565,2.503,37.687
2026-08-14T00:52:42.218060,0.162,2.503,37.687
2026-08-14T00:52:42.218194,0.138,2.503,37.687
2026-08-14T00:52:42.220482,2.284,2.503,37.687
2026-08-14T00:52:42.220627,0.147,2.503,37.687
2026-08-14T00:52:42.221854,1.215,2.514,37.687
2026-08-14T00:52:42.221999,0.157,2.514,37.687
2026-08-14T00:52:42.225931,3.920,2.530,37.687
2026-08-14T00:52:42.226085,0.164,2.530,37.687
2026-08-14T00:52:42.226215,0.136,2.519,37.687
2026-08-14T00:52:42.226381,0.164,2.519,37.687
2026-08-14T00:52:42.228681,2.297,2.530,37.687
2026-08-14T00:52:42.228863,0.168,2.530,37.687
2026-08-14T00:52:42.229028,0.173,2.509,37.687
2026-08-14T00:52:42.229192,0.163,2.509,37.687
2026-08-14T00:52:42.229359,0.169,2.509,37.687
2026-08-14T00:52:42.229499,0.149,2.509,37.687
2026-08-14T00:52:42.229624,0.127,2.499,37.687
2026-08-14T00:52:42.229750,0.127,2.477,37.687
2026-08-14T00:52:42.232087,2.313,2.498,37.687
2026-08-14T00:52:42.267681,35.548,2.499,37.687
2026-08-14T00:52:42.267897,0.269,2.500,37.687
2026-08-14T00:52:42.268048,0.163,2.500,37.687
2026-08-14T00:52:42.270334,2.284,2.500,37.687
2026-08-14T00:52:42.270476,0.145,2.500,37.687
2026-08-14T00:52:42.270608,0.134,2.473,37.687
2026-08-14T00:52:42.272894,2.281,2.473,37.687
2026-08-14T00:52:42.273033,0.142,2.472,37.687
2026-08-14T00:52:42.274254,1.219,2.483,37.687
2026-08-14T00:52:42.274392,0.140,2.483,37.687
2026-08-14T00:52:42.274572,0.178,2.483,37.687
2026-08-14T00:52:42.275833,1.249,2.484,37.687
2026-08-14T00:52:42.278166,2.341,2.505,37.687
2026-08-14T00:52:42.278314,0.153,2.506,37.687
2026-08-14T00:52:42.278443,0.132,2.484,37.687
2026-08-14T00:52:42.278582,0.139,2.483,37.687
2026-08-14T00:52:42.279789,1.203,2.493,37.687
2026-08-14T00:52:42.279938,0.150,2.494,37.687
2026-08-14T00:52:42.280066,0.131,2.472,37.687
2026-08-14T00:52:42.280191,0.125,2.472,37.687
2026-08-14T00:52:42.317876,37.622,2.503,37.687
2026-08-14T00:52:42.318075,0.246,2.503,37.687
2026-08-14T00:52:42.318220,0.157,2.503,37.687
2026-08-14T00:52:42.320566,2.331,2.503,37.687
2026-08-14T00:52:42.320731,0.176,2.503,37.687
2026-08-14T00:52:42.321956,1.226,2.514,37.687
2026-08-14T00:52:42.324249,2.294,2.536,37.687
2026-08-14T00:52:42.324387,0.142,2.514,37.687
2026-08-14T00:52:42.325612,1.222,2.525,37.687
2026-08-14T00:52:42.325749,0.140,2.514,37.687
2026-08-14T00:52:42.325937,0.185,2.514,37.687
2026-08-14T00:52:42.327198,1.259,2.514,37.687
2026-08-14T00:52:42.327369,0.173,2.514,37.687
2026-08-14T00:52:42.327504,0.138,2.503,37.687
2026-08-14T00:52:42.329791,2.285,2.525,37.687
2026-08-14T00:52:42.329969,0.178,2.525,37.687
2026-08-14T00:52:42.330100,0.134,2.504,37.687
2026-08-14T00:52:42.330220,0.122,2.503,37.687
2026-08-14T00:52:42.332490,2.265,2.525,37.687
2026-08-14T00:52:42.332622,0.137,2.525,37.687
2026-08-14T00:52:42.368226,35.537,2.503,37.622
2026-08-14T00:52:42.368431,0.257,2.503,37.622
2026-08-14T00:52:42.368578,0.157,2.504,37.622
2026-08-14T00:52:42.370912,2.326,2.504,37.622
2026-08-14T00:52:42.371069,0.163,2.504,37.622
2026-08-14T00:52:42.371212,0.147,2.494,37.622
2026-08-14T00:52:42.371345,0.133,2.493,37.622
2026-08-14T00:52:42.373629,2.282,2.483,37.622
2026-08-14T00:52:42.373773,0.147,2.483,37.622
2026-08-14T00:52:42.374998,1.220,2.493,37.622
2026-08-14T00:52:42.375188,0.192,2.494,37.622
2026-08-14T00:52:42.375330,0.146,2.472,37.622
2026-08-14T00:52:42.375483,0.153,2.472,37.622
2026-08-14T00:52:42.377769,2.282,2.493,37.622
2026-08-14T00:52:42.377920,0.152,2.493,37.622
2026-08-14T00:52:42.378066,0.149,2.493,37.622
2026-08-14T00:52:42.378195,0.130,2.493,37.622
2026-08-14T00:52:42.380471,2.272,2.515,37.622
2026-08-14T00:52:42.382768,2.297,2.536,37.622
2026-08-14T00:52:42.382913,0.147,2.515,37.622
2026-08-14T00:52:42.418308,35.388,2.504,37.622
2026-08-14T00:52:42.418452,0.149,2.504,37.622
2026-08-14T00:52:42.418577,0.129,2.504,37.622
2026-08-14T00:52:42.420863,2.280,2.503,37.622
2026-08-14T00:52:42.420999,0.140,2.503,37.622
2026-08-14T00:52:42.422211,1.210,2.514,37.622
2026-08-14T00:52:42.422344,0.136,2.493,37.622
2026-08-14T00:52:42.425180,2.821,2.519,37.622
2026-08-14T00:52:42.425334,0.165,2.498,37.622
2026-08-14T00:52:42.425463,0.134,2.498,37.622
2026-08-14T00:52:42.425633,0.168,2.498,37.622
2026-08-14T00:52:42.427937,2.301,2.519,37.622
2026-08-14T00:52:42.428100,0.165,2.520,37.622
2026-08-14T00:52:42.428233,0.136,2.520,37.622
2026-08-14T00:52:42.428361,0.128,2.509,37.622
2026-08-14T00:52:42.429593,1.225,2.520,37.622
2026-08-14T00:52:42.429737,0.149,2.520,37.622
2026-08-14T00:52:42.429883,0.146,2.498,37.622
2026-08-14T00:52:42.432217,2.315,2.520,37.622
2026-08-14T00:52:42.432384,0.179,2.520,37.622
2026-08-14T00:52:42.467847,35.452,2.499,37.622
2026-08-14T00:52:42.468009,0.175,2.499,37.622
2026-08-14T00:52:42.468149,0.143,2.500,37.622
2026-08-14T00:52:42.469372,1.220,2.489,37.622
2026-08-14T00:52:42.469526,0.155,2.489,37.622
2026-08-14T00:52:42.470754,1.226,2.489,37.622
2026-08-14T00:52:42.470918,0.166,2.489,37.622
2026-08-14T00:52:42.473209,2.289,2.473,37.622
2026-08-14T00:52:42.473356,0.151,2.473,37.622
2026-08-14T00:52:42.475647,2.288,2.494,37.622
2026-08-14T00:52:42.475852,0.193,2.495,37.622
2026-08-14T00:52:42.476005,0.167,2.473,37.622
2026-08-14T00:52:42.476168,0.163,2.473,37.622
2026-08-14T00:52:42.477384,1.215,2.484,37.622
2026-08-14T00:52:42.477521,0.140,2.483,37.622
2026-08-14T00:52:42.477658,0.138,2.483,37.622
2026-08-14T00:52:42.478889,1.226,2.494,37.622
2026-08-14T00:52:42.480103,1.215,2.505,37.622
2026-08-14T00:52:42.482399,2.296,2.526,37.622
2026-08-14T00:52:42.482535,0.139,2.505,37.622
2026-08-14T00:52:42.518088,35.501,2.504,37.622
2026-08-14T00:52:42.518283,0.235,2.504,37.622
2026-08-14T00:52:42.518421,0.150,2.504,37.622
2026-08-14T00:52:42.520715,2.286,2.504,37.622
2026-08-14T00:52:42.520874,0.162,2.504,37.622
2026-08-14T00:52:42.522092,1.219,2.515,37.622
2026-08-14T00:52:42.522230,0.141,2.493,37.622
2026-08-14T00:52:42.524505,2.273,2.515,37.622
2026-08-14T00:52:42.524641,0.139,2.504,37.622
2026-08-14T00:52:42.524775,0.135,2.504,37.622
2026-08-14T00:52:42.524959,0.180,2.504,37.622
2026-08-14T00:52:42.527292,2.330,2.515,37.622
2026-08-14T00:52:42.527460,0.172,2.493,37.622
2026-08-14T00:52:42.527595,0.138,2.493,37.622
2026-08-14T00:52:42.527721,0.126,2.493,37.622
2026-08-14T00:52:42.530005,2.281,2.514,37.622
2026-08-14T00:52:42.530137,0.136,2.504,37.622
2026-08-14T00:52:42.530259,0.123,2.503,37.622
2026-08-14T00:52:42.530377,0.120,2.503,37.622
2026-08-14T00:52:42.531575,1.193,2.514,37.622
2026-08-14T00:52:42.563827,32.229,2.460,35.537
2026-08-14T00:52:42.568275,4.461,2.502,35.537
2026-08-14T00:52:42.568446,0.175,2.502,35.537
2026-08-14T00:52:42.568584,0.142,2.480,35.537
2026-08-14T00:52:42.569802,1.215,2.491,35.537
2026-08-14T00:52:42.569960,0.159,2.480,35.537
2026-08-14T00:52:42.570097,0.139,2.459,35.537
2026-08-14T00:52:42.570228,0.133,2.458,35.537
2026-08-14T00:52:42.572502,2.271,2.469,35.537
2026-08-14T00:52:42.572637,0.138,2.469,35.537
2026-08-14T00:52:42.574911,2.271,2.490,35.537
2026-08-14T00:52:42.575078,0.168,2.479,35.537
2026-08-14T00:52:42.575220,0.143,2.479,35.537
2026-08-14T00:52:42.575370,0.149,2.479,35.537
2026-08-14T00:52:42.577652,2.279,2.479,35.537
2026-08-14T00:52:42.577790,0.141,2.478,35.537
2026-08-14T00:52:42.577945,0.154,2.478,35.537
2026-08-14T00:52:42.580233,2.285,2.500,35.537
2026-08-14T00:52:42.580370,0.142,2.479,35.537
2026-08-14T00:52:42.580494,0.126,2.479,35.537
2026-08-14T00:52:42.580619,0.125,2.125,35.501
2026-08-14T00:52:42.617495,36.798,2.490,36.798
2026-08-14T00:52:42.617707,0.276,2.491,36.798
2026-08-14T00:52:42.617870,0.173,2.470,36.798
2026-08-14T00:52:42.620169,2.297,2.491,36.798
2026-08-14T00:52:42.620312,0.147,2.491,36.798
2026-08-14T00:52:42.622610,2.293,2.513,36.798
2026-08-14T00:52:42.625457,2.835,2.518,36.798
2026-08-14T00:52:42.625613,0.170,2.518,36.798
2026-08-14T00:52:42.625750,0.140,2.508,36.798
2026-08-14T00:52:42.625892,0.141,2.507,36.798
2026-08-14T00:52:42.626084,0.190,2.508,36.798
2026-08-14T00:52:42.628395,2.309,2.529,36.798
2026-08-14T00:52:42.628577,0.184,2.508,36.798
2026-08-14T00:52:42.628717,0.143,2.508,36.798
2026-08-14T00:52:42.628857,0.139,2.508,36.798
2026-08-14T00:52:42.629004,0.148,2.508,36.798
2026-08-14T00:52:42.629133,0.131,2.487,36.798
2026-08-14T00:52:42.629258,0.126,2.465,36.798
2026-08-14T00:52:42.630478,1.211,2.476,36.798
2026-08-14T00:52:42.631766,1.284,2.135,36.798
2026-08-14T00:52:42.667464,35.632,2.489,36.798
2026-08-14T00:52:42.667671,0.273,2.491,36.798
2026-08-14T00:52:42.667824,0.154,2.470,36.798
2026-08-14T00:52:42.670118,2.300,2.491,36.798
2026-08-14T00:52:42.670259,0.145,2.480,36.798
2026-08-14T00:52:42.670390,0.133,2.480,36.798
2026-08-14T00:52:42.672661,2.268,2.475,36.798
2026-08-14T00:52:42.672796,0.136,2.475,36.798
2026-08-14T00:52:42.675113,2.311,2.496,36.798
2026-08-14T00:52:42.675259,0.151,2.496,36.798
2026-08-14T00:52:42.675445,0.185,2.475,36.798
2026-08-14T00:52:42.675590,0.147,2.475,36.798
2026-08-14T00:52:42.677977,2.369,2.497,36.798
2026-08-14T00:52:42.678157,0.195,2.498,36.798
2026-08-14T00:52:42.678292,0.139,2.487,36.798
2026-08-14T00:52:42.678432,0.141,2.487,36.798
2026-08-14T00:52:42.678561,0.130,2.487,36.798
2026-08-14T00:52:42.680904,2.320,2.487,36.798
2026-08-14T00:52:42.682188,1.289,2.498,36.798
2026-08-14T00:52:42.682346,0.170,2.145,36.798
2026-08-14T00:52:42.717801,35.444,2.498,36.798
2026-08-14T00:52:42.717976,0.183,2.498,36.798
2026-08-14T00:52:42.718117,0.148,2.488,36.798
2026-08-14T00:52:42.720401,2.279,2.509,36.798
2026-08-14T00:52:42.720543,0.146,2.498,36.798
2026-08-14T00:52:42.722836,2.281,2.519,36.798
2026-08-14T00:52:42.722984,0.158,2.498,36.798
2026-08-14T00:52:42.725317,2.317,2.519,36.798
2026-08-14T00:52:42.725484,0.179,2.498,36.798
2026-08-14T00:52:42.725647,0.157,2.498,36.798
2026-08-14T00:52:42.725863,0.209,2.498,36.798
2026-08-14T00:52:42.728194,2.346,2.520,36.798
2026-08-14T00:52:42.728356,0.166,2.510,36.798
2026-08-14T00:52:42.728486,0.133,2.510,36.798
2026-08-14T00:52:42.728608,0.122,2.510,36.798
2026-08-14T00:52:42.729843,1.222,2.509,36.798
2026-08-14T00:52:42.729977,0.146,2.499,36.798
2026-08-14T00:52:42.732245,2.266,2.498,36.798
2026-08-14T00:52:42.732377,0.132,2.498,36.798
2026-08-14T00:52:42.732515,0.136,2.145,36.798
2026-08-14T00:52:42.767940,35.416,2.497,36.798
2026-08-14T00:52:42.768099,0.165,2.497,36.798
2026-08-14T00:52:42.768237,0.141,2.475,36.798
2026-08-14T00:52:42.770533,2.291,2.497,36.798
2026-08-14T00:52:42.770686,0.156,2.486,36.798
2026-08-14T00:52:42.770835,0.140,2.486,36.798
2026-08-14T00:52:42.773117,2.291,2.486,36.798
2026-08-14T00:52:42.773256,0.143,2.486,36.798
2026-08-14T00:52:42.775575,2.314,2.508,36.798
2026-08-14T00:52:42.775717,0.146,2.508,36.798
2026-08-14T00:52:42.775900,0.179,2.486,36.798
2026-08-14T00:52:42.776043,0.149,2.486,36.798
2026-08-14T00:52:42.777287,1.240,2.497,36.798
2026-08-14T00:52:42.777431,0.147,2.497,36.798
2026-08-14T00:52:42.777558,0.129,2.476,36.798
2026-08-14T00:52:42.777698,0.138,2.476,36.798
2026-08-14T00:52:42.778920,1.219,2.487,36.798
2026-08-14T00:52:42.780134,1.214,2.497,36.798
2026-08-14T00:52:42.782465,2.320,2.509,36.798
2026-08-14T00:52:42.782618,0.163,2.188,36.798
2026-08-14T00:52:42.818149,35.486,2.498,36.798
2026-08-14T00:52:42.818343,0.231,2.499,36.798
2026-08-14T00:52:42.818491,0.157,2.499,36.798
2026-08-14T00:52:42.820930,2.400,2.511,36.798
2026-08-14T00:52:42.821117,0.219,2.512,36.798
2026-08-14T00:52:42.822345,1.233,2.522,36.798
2026-08-14T00:52:42.822487,0.147,2.523,36.798
2026-08-14T00:52:42.825320,2.819,2.528,36.798
2026-08-14T00:52:42.825476,0.167,2.528,36.798
2026-08-14T00:52:42.825609,0.137,2.507,36.798
2026-08-14T00:52:42.825788,0.177,2.507,36.798
2026-08-14T00:52:42.828111,2.319,2.529,36.798
2026-08-14T00:52:42.828283,0.175,2.529,36.798
2026-08-14T00:52:42.828421,0.140,2.508,36.798
2026-08-14T00:52:42.828549,0.129,2.508,36.798
2026-08-14T00:52:42.828686,0.137,2.507,36.798
2026-08-14T00:52:42.828825,0.128,2.486,36.798
2026-08-14T00:52:42.828963,0.148,2.486,36.798
2026-08-14T00:52:42.831286,2.314,2.508,36.798
2026-08-14T00:52:42.831439,0.159,2.508,36.798
2026-08-14T00:52:42.868035,36.546,2.506,36.546
2026-08-14T00:52:42.868236,0.244,2.505,36.546
2026-08-14T00:52:42.868389,0.160,2.505,36.546
2026-08-14T00:52:42.870714,2.318,2.505,36.546
2026-08-14T00:52:42.870883,0.173,2.506,36.546
2026-08-14T00:52:42.871038,0.157,2.484,36.546
2026-08-14T00:52:42.871183,0.146,2.457,36.546
2026-08-14T00:52:42.873529,2.324,2.479,36.546
2026-08-14T00:52:42.873698,0.190,2.479,36.546
2026-08-14T00:52:42.874944,1.237,2.490,36.546
2026-08-14T00:52:42.875156,0.219,2.491,36.546
2026-08-14T00:52:42.875311,0.159,2.469,36.546
2026-08-14T00:52:42.875477,0.167,2.469,36.546
2026-08-14T00:52:42.877844,2.339,2.491,36.546
2026-08-14T00:52:42.878015,0.196,2.492,36.546
2026-08-14T00:52:42.878165,0.155,2.492,36.546
2026-08-14T00:52:42.878301,0.136,2.492,36.546
2026-08-14T00:52:42.880588,2.282,2.513,36.546
2026-08-14T00:52:42.881834,1.232,2.513,36.546
2026-08-14T00:52:42.881980,0.162,2.502,36.546
2026-08-14T00:52:42.917411,35.422,2.500,36.546
2026-08-14T00:52:42.917561,0.157,2.499,36.546
2026-08-14T00:52:42.917697,0.139,2.499,36.546
2026-08-14T00:52:42.919983,2.283,2.499,36.546
2026-08-14T00:52:42.920124,0.143,2.499,36.546
2026-08-14T00:52:42.921347,1.221,2.510,36.546
2026-08-14T00:52:42.921484,0.141,2.488,36.546
2026-08-14T00:52:42.924845,3.348,2.520,36.546
2026-08-14T00:52:42.924988,0.155,2.499,36.546
2026-08-14T00:52:42.925118,0.132,2.499,36.546
2026-08-14T00:52:42.925289,0.168,2.498,36.546
2026-08-14T00:52:42.927597,2.306,2.520,36.546
2026-08-14T00:52:42.927763,0.168,2.498,36.546
2026-08-14T00:52:42.927914,0.151,2.498,36.546
2026-08-14T00:52:42.928048,0.137,2.498,36.546
2026-08-14T00:52:42.930341,2.289,2.519,36.546
2026-08-14T00:52:42.930481,0.143,2.519,36.546
2026-08-14T00:52:42.930612,0.132,2.497,36.546
2026-08-14T00:52:42.930740,0.129,2.486,36.546
2026-08-14T00:52:42.931989,1.225,2.496,36.546
2026-08-14T00:52:42.967543,35.542,2.497,36.546
2026-08-14T00:52:42.967723,0.205,2.497,36.546
2026-08-14T00:52:42.967888,0.169,2.498,36.546
2026-08-14T00:52:42.970194,2.304,2.498,36.546
2026-08-14T00:52:42.970345,0.155,2.498,36.546
2026-08-14T00:52:42.970489,0.144,2.477,36.546
2026-08-14T00:52:42.970628,0.141,2.476,36.546
2026-08-14T00:52:42.972929,2.296,2.476,36.546
2026-08-14T00:52:42.973078,0.152,2.476,36.546
2026-08-14T00:52:42.974301,1.220,2.487,36.546
2026-08-14T00:52:42.974494,0.194,2.486,36.546
2026-08-14T00:52:42.975764,1.266,2.476,36.546
2026-08-14T00:52:42.975954,0.193,2.476,36.546
2026-08-14T00:52:42.977194,1.238,2.487,36.546
2026-08-14T00:52:42.977347,0.157,2.487,36.546
2026-08-14T00:52:42.977523,0.176,2.477,36.546
2026-08-14T00:52:42.978748,1.227,2.488,36.546
2026-08-14T00:52:42.981025,2.277,2.488,36.546
2026-08-14T00:52:42.982247,1.222,2.499,36.546
2026-08-14T00:52:42.982380,0.137,2.499,36.546
2026-08-14T00:52:43.017796,35.403,2.499,36.546
2026-08-14T00:52:43.017975,0.183,2.499,36.546
2026-08-14T00:52:43.018115,0.146,2.499,36.546
2026-08-14T00:52:43.020399,2.283,2.499,36.546
2026-08-14T00:52:43.020538,0.141,2.499,36.546
2026-08-14T00:52:43.022827,2.278,2.520,36.546
2026-08-14T00:52:43.022965,0.149,2.499,36.546
2026-08-14T00:52:43.025777,2.797,2.525,36.546
2026-08-14T00:52:43.025964,0.192,2.504,36.546
2026-08-14T00:52:43.026140,0.176,2.504,36.546
2026-08-14T00:52:43.026339,0.205,2.504,36.546
2026-08-14T00:52:43.027610,1.271,2.516,36.546
2026-08-14T00:52:43.027783,0.176,2.505,36.546
2026-08-14T00:52:43.027937,0.154,2.505,36.546
2026-08-14T00:52:43.028072,0.139,2.505,36.546
2026-08-14T00:52:43.029291,1.215,2.516,36.546
2026-08-14T00:52:43.029431,0.143,2.505,36.546
2026-08-14T00:52:43.029558,0.129,2.494,36.546
2026-08-14T00:52:43.032949,3.371,2.505,36.546
2026-08-14T00:52:43.033105,0.172,2.505,36.546
2026-08-14T00:52:43.067472,34.357,2.494,36.546
2026-08-14T00:52:43.067635,0.169,2.493,36.546
2026-08-14T00:52:43.067780,0.149,2.493,36.546
2026-08-14T00:52:43.070170,2.356,2.492,36.546
2026-08-14T00:52:43.070401,0.237,2.493,36.546
2026-08-14T00:52:43.070615,0.223,2.483,36.546
2026-08-14T00:52:43.072955,2.345,2.505,36.546
2026-08-14T00:52:43.073119,0.174,2.478,36.546
2026-08-14T00:52:43.075422,2.303,2.499,36.546
2026-08-14T00:52:43.075565,0.148,2.500,36.546
2026-08-14T00:52:43.075746,0.180,2.500,36.546
2026-08-14T00:52:43.075907,0.159,2.478,36.546
2026-08-14T00:52:43.076078,0.172,2.478,36.546
2026-08-14T00:52:43.076215,0.140,2.478,36.546
2026-08-14T00:52:43.077440,1.221,2.489,36.546
2026-08-14T00:52:43.077591,0.153,2.489,36.546
2026-08-14T00:52:43.077722,0.134,2.489,36.546
2026-08-14T00:52:43.080053,2.308,2.511,36.546
2026-08-14T00:52:43.080224,0.183,2.489,36.546
2026-08-14T00:52:43.080361,0.146,2.489,36.546
2026-08-14T00:52:43.117950,37.563,2.499,37.563
2026-08-14T00:52:43.118126,0.192,2.499,37.563
2026-08-14T00:52:43.118270,0.153,2.499,37.563
2026-08-14T00:52:43.120572,2.296,2.499,37.563
2026-08-14T00:52:43.120727,0.157,2.498,37.563
2026-08-14T00:52:43.121954,1.227,2.509,37.563
2026-08-14T00:52:43.122101,0.150,2.509,37.563
2026-08-14T00:52:43.125469,3.362,2.520,37.563
2026-08-14T00:52:43.125621,0.157,2.519,37.563
2026-08-14T00:52:43.125757,0.139,2.508,37.563
2026-08-14T00:52:43.125947,0.187,2.508,37.563
2026-08-14T00:52:43.127185,1.238,2.519,37.563
2026-08-14T00:52:43.127351,0.169,2.519,37.563
2026-08-14T00:52:43.127486,0.137,2.497,37.563
2026-08-14T00:52:43.127611,0.127,2.496,37.563
2026-08-14T00:52:43.127753,0.140,2.496,37.563
2026-08-14T00:52:43.130062,2.303,2.518,37.563
2026-08-14T00:52:43.130201,0.144,2.496,37.563
2026-08-14T00:52:43.130329,0.130,2.485,37.563
2026-08-14T00:52:43.130456,0.127,2.485,37.563
2026-08-14T00:52:43.168108,37.616,2.507,37.616
2026-08-14T00:52:43.168289,0.205,2.507,37.616
2026-08-14T00:52:43.168435,0.153,2.507,37.616
2026-08-14T00:52:43.169656,1.218,2.497,37.616
2026-08-14T00:52:43.169805,0.152,2.497,37.616
2026-08-14T00:52:43.169966,0.161,2.486,37.616
2026-08-14T00:52:43.173326,3.357,2.518,37.616
2026-08-14T00:52:43.173472,0.149,2.486,37.616
2026-08-14T00:52:43.175779,2.304,2.508,37.616
2026-08-14T00:52:43.175938,0.161,2.508,37.616
2026-08-14T00:52:43.176120,0.182,2.508,37.616
2026-08-14T00:52:43.176268,0.150,2.487,37.616
2026-08-14T00:52:43.177526,1.254,2.498,37.616
2026-08-14T00:52:43.177678,0.155,2.498,37.616
2026-08-14T00:52:43.177827,0.139,2.498,37.616
2026-08-14T00:52:43.177980,0.164,2.476,37.616
2026-08-14T00:52:43.180260,2.280,2.498,37.616
2026-08-14T00:52:43.180394,0.137,2.498,37.616
2026-08-14T00:52:43.182674,2.276,2.519,37.616
2026-08-14T00:52:43.182824,0.142,2.508,37.616
2026-08-14T00:52:43.218248,35.426,2.507,37.616
2026-08-14T00:52:43.218395,0.154,2.507,37.616
2026-08-14T00:52:43.218555,0.160,2.507,37.616
2026-08-14T00:52:43.220861,2.290,2.507,37.616
2026-08-14T00:52:43.221010,0.165,2.507,37.616
2026-08-14T00:52:43.222230,1.218,2.517,37.616
2026-08-14T00:52:43.222370,0.144,2.517,37.616
2026-08-14T00:52:43.226255,3.874,2.533,37.616
2026-08-14T00:52:43.226405,0.159,2.533,37.616
2026-08-14T00:52:43.226537,0.135,2.522,37.616
2026-08-14T00:52:43.226702,0.164,2.522,37.616
2026-08-14T00:52:43.227937,1.231,2.522,37.616
2026-08-14T00:52:43.228103,0.168,2.522,37.616
2026-08-14T00:52:43.228237,0.137,2.511,37.616
2026-08-14T00:52:43.228364,0.127,2.510,37.616
2026-08-14T00:52:43.229578,1.210,2.521,37.616
2026-08-14T00:52:43.229714,0.139,2.510,37.616
2026-08-14T00:52:43.229854,0.129,2.488,37.616
2026-08-14T00:52:43.232164,2.308,2.499,37.616
2026-08-14T00:52:43.232312,0.161,2.499,37.616
2026-08-14T00:52:43.267901,35.515,2.500,37.616
2026-08-14T00:52:43.268101,0.263,2.501,37.616
2026-08-14T00:52:43.268245,0.154,2.501,37.616
2026-08-14T00:52:43.270540,2.292,2.501,37.616
2026-08-14T00:52:43.270685,0.148,2.501,37.616
2026-08-14T00:52:43.270829,0.136,2.480,37.616
2026-08-14T00:52:43.270962,0.143,2.480,37.616
2026-08-14T00:52:43.273238,2.274,2.475,37.616
2026-08-14T00:52:43.273378,0.142,2.474,37.616
2026-08-14T00:52:43.274586,1.206,2.485,37.616
2026-08-14T00:52:43.274784,0.195,2.484,37.616
2026-08-14T00:52:43.274946,0.164,2.473,37.616
2026-08-14T00:52:43.275111,0.167,2.473,37.616
2026-08-14T00:52:43.277396,2.284,2.495,37.616
2026-08-14T00:52:43.277534,0.141,2.495,37.616
2026-08-14T00:52:43.277674,0.141,2.484,37.616
2026-08-14T00:52:43.278904,1.226,2.495,37.616
2026-08-14T00:52:43.280119,1.215,2.506,37.616
2026-08-14T00:52:43.282427,2.304,2.495,37.616
2026-08-14T00:52:43.282568,0.146,2.495,37.616
2026-08-14T00:52:43.318102,35.486,2.506,37.616
2026-08-14T00:52:43.318292,0.229,2.507,37.616
2026-08-14T00:52:43.318430,0.147,2.507,37.616
2026-08-14T00:52:43.320714,2.282,2.506,37.616
2026-08-14T00:52:43.320874,0.160,2.505,37.616
2026-08-14T00:52:43.322093,1.220,2.515,37.616
2026-08-14T00:52:43.322233,0.141,2.493,37.616
2026-08-14T00:52:43.325589,3.353,2.525,37.616
2026-08-14T00:52:43.325729,0.144,2.503,37.616
2026-08-14T00:52:43.325871,0.141,2.503,37.616
2026-08-14T00:52:43.326049,0.178,2.503,37.616
2026-08-14T00:52:43.328357,2.305,2.524,37.616
2026-08-14T00:52:43.328525,0.170,2.524,37.616
2026-08-14T00:52:43.328661,0.139,2.524,37.616
2026-08-14T00:52:43.328789,0.129,2.514,37.616
2026-08-14T00:52:43.328940,0.149,2.513,37.616
2026-08-14T00:52:43.329076,0.137,2.514,37.616
2026-08-14T00:52:43.329203,0.127,2.492,37.616
2026-08-14T00:52:43.329329,0.126,2.491,37.616
2026-08-14T00:52:43.331607,2.273,2.512,37.616
2026-08-14T00:52:43.368237,36.570,2.502,37.616
2026-08-14T00:52:43.368437,0.251,2.503,37.616
2026-08-14T00:52:43.368585,0.157,2.503,37.616
2026-08-14T00:52:43.369905,1.290,2.493,37.616
2026-08-14T00:52:43.370091,0.211,2.494,37.616
2026-08-14T00:52:43.370242,0.157,2.483,37.616
2026-08-14T00:52:43.372540,2.293,2.504,37.616
2026-08-14T00:52:43.372692,0.155,2.472,37.616
2026-08-14T00:52:43.376108,3.411,2.505,37.616
2026-08-14T00:52:43.376265,0.162,2.505,37.616
2026-08-14T00:52:43.376457,0.192,2.505,37.616
2026-08-14T00:52:43.376609,0.155,2.494,37.616
2026-08-14T00:52:43.376776,0.166,2.494,37.616
2026-08-14T00:52:43.376932,0.155,2.494,37.616
2026-08-14T00:52:43.377078,0.148,2.495,37.616
2026-08-14T00:52:43.377227,0.150,2.495,37.616
2026-08-14T00:52:43.377364,0.138,2.473,37.616
2026-08-14T00:52:43.379679,2.301,2.495,37.616
2026-08-14T00:52:43.379843,0.165,2.495,37.616
2026-08-14T00:52:43.379985,0.155,2.495,37.616
2026-08-14T00:52:43.417529,37.533,2.494,37.533
2026-08-14T00:52:43.417681,0.159,2.494,37.533
2026-08-14T00:52:43.417833,0.138,2.494,37.533
2026-08-14T00:52:43.420135,2.312,2.505,37.533
2026-08-14T00:52:43.420282,0.153,2.505,37.533
2026-08-14T00:52:43.422570,2.287,2.526,37.533
2026-08-14T00:52:43.422708,0.142,2.494,37.533
2026-08-14T00:52:43.424992,2.281,2.515,37.533
2026-08-14T00:52:43.425130,0.140,2.494,37.533
2026-08-14T00:52:43.425289,0.158,2.494,37.533
2026-08-14T00:52:43.425457,0.166,2.493,37.533
2026-08-14T00:52:43.427228,1.760,2.509,37.533
2026-08-14T00:52:43.427407,0.190,2.499,37.533
2026-08-14T00:52:43.427546,0.143,2.499,37.533
2026-08-14T00:52:43.427672,0.129,2.499,37.533
2026-08-14T00:52:43.429963,2.286,2.520,37.533
2026-08-14T00:52:43.430103,0.142,2.498,37.533
2026-08-14T00:52:43.430230,0.128,2.498,37.533
2026-08-14T00:52:43.430355,0.126,2.477,37.533
2026-08-14T00:52:43.431553,1.196,2.487,37.533
2026-08-14T00:52:43.468169,36.578,2.499,37.533
2026-08-14T00:52:43.468357,0.215,2.500,37.533
2026-08-14T00:52:43.468504,0.154,2.499,37.533
2026-08-14T00:52:43.469728,1.220,2.489,37.533
2026-08-14T00:52:43.469902,0.173,2.489,37.533
2026-08-14T00:52:43.470047,0.150,2.478,37.533
2026-08-14T00:52:43.473456,3.386,2.511,37.533
2026-08-14T00:52:43.473645,0.198,2.474,37.533
2026-08-14T00:52:43.474896,1.260,2.485,37.533
2026-08-14T00:52:43.475042,0.151,2.485,37.533
2026-08-14T00:52:43.475221,0.179,2.485,37.533
2026-08-14T00:52:43.475363,0.144,2.474,37.533
2026-08-14T00:52:43.477684,2.317,2.496,37.533
2026-08-14T00:52:43.477844,0.152,2.496,37.533
2026-08-14T00:52:43.477985,0.153,2.496,37.533
2026-08-14T00:52:43.478125,0.142,2.486,37.533
2026-08-14T00:52:43.480408,2.279,2.507,37.533
2026-08-14T00:52:43.480546,0.141,2.507,37.533
2026-08-14T00:52:43.482839,2.279,2.507,37.533
2026-08-14T00:52:43.482984,0.158,2.507,37.533
2026-08-14T00:52:43.517320,34.328,2.495,37.533
2026-08-14T00:52:43.517464,0.152,2.494,37.533
2026-08-14T00:52:43.517593,0.132,2.494,37.533
2026-08-14T00:52:43.519882,2.284,2.493,37.533
2026-08-14T00:52:43.520021,0.141,2.493,37.533
2026-08-14T00:52:43.521230,1.208,2.504,37.533
2026-08-14T00:52:43.524584,3.352,2.536,37.533
2026-08-14T00:52:43.524719,0.140,2.515,37.533
2026-08-14T00:52:43.524862,0.141,2.515,37.533
2026-08-14T00:52:43.524998,0.137,2.504,37.533
2026-08-14T00:52:43.525159,0.160,2.504,37.533
2026-08-14T00:52:43.528530,3.368,2.536,37.533
2026-08-14T00:52:43.528697,0.168,2.536,37.533
2026-08-14T00:52:43.528866,0.170,2.515,37.533
2026-08-14T00:52:43.529002,0.140,2.515,37.533
2026-08-14T00:52:43.529137,0.136,2.515,37.533
2026-08-14T00:52:43.529264,0.128,2.504,37.533
2026-08-14T00:52:43.529387,0.124,2.493,37.533
2026-08-14T00:52:43.529511,0.124,2.471,37.533
2026-08-14T00:52:43.531785,2.270,2.492,37.533
2026-08-14T00:52:43.564094,32.282,2.460,37.533
2026-08-14T00:52:43.567515,3.434,2.492,37.533
2026-08-14T00:52:43.567674,0.169,2.492,37.533
2026-08-14T00:52:43.567826,0.142,2.471,37.533
2026-08-14T00:52:43.570210,2.371,2.493,37.533
2026-08-14T00:52:43.570385,0.197,2.483,37.533
2026-08-14T00:52:43.570531,0.150,2.483,37.533
2026-08-14T00:52:43.570668,0.138,2.451,37.533
2026-08-14T00:52:43.572958,2.285,2.472,37.533
2026-08-14T00:52:43.573109,0.154,2.472,37.533
2026-08-14T00:52:43.574329,1.218,2.483,37.533
2026-08-14T00:52:43.574526,0.195,2.462,37.533
2026-08-14T00:52:43.575807,1.280,2.473,37.533
2026-08-14T00:52:43.576002,0.196,2.473,37.533
2026-08-14T00:52:43.577231,1.230,2.484,37.533
2026-08-14T00:52:43.577380,0.152,2.484,37.533
2026-08-14T00:52:43.577529,0.150,2.485,37.533
2026-08-14T00:52:43.578785,1.245,2.496,37.533
2026-08-14T00:52:43.580025,1.246,2.507,37.533
2026-08-14T00:52:43.582365,2.334,2.507,37.533
2026-08-14T00:52:43.582515,0.161,2.143,37.533
2026-08-14T00:52:43.618158,35.572,2.497,37.533
2026-08-14T00:52:43.618386,0.288,2.498,37.533
2026-08-14T00:52:43.618533,0.157,2.487,37.533
2026-08-14T00:52:43.620838,2.285,2.507,37.533
2026-08-14T00:52:43.620989,0.169,2.507,37.533
2026-08-14T00:52:43.622209,1.220,2.497,37.533
2026-08-14T00:52:43.625563,3.355,2.529,37.533
2026-08-14T00:52:43.625703,0.142,2.496,37.533
2026-08-14T00:52:43.625848,0.132,2.496,37.533
2026-08-14T00:52:43.625986,0.152,2.495,37.533
2026-08-14T00:52:43.626165,0.177,2.496,37.533
2026-08-14T00:52:43.627954,1.778,2.512,37.533
2026-08-14T00:52:43.628145,0.199,2.512,37.533
2026-08-14T00:52:43.628286,0.146,2.512,37.533
2026-08-14T00:52:43.629513,1.222,2.523,37.533
2026-08-14T00:52:43.629688,0.178,2.523,37.533
2026-08-14T00:52:43.629835,0.135,2.502,37.533
2026-08-14T00:52:43.629974,0.151,2.501,37.533
2026-08-14T00:52:43.632261,2.282,2.523,37.533
2026-08-14T00:52:43.632414,0.156,2.149,36.578
2026-08-14T00:52:43.668019,35.554,2.503,36.578
2026-08-14T00:52:43.668209,0.236,2.504,36.578
2026-08-14T00:52:43.668347,0.148,2.482,36.578
2026-08-14T00:52:43.670637,2.286,2.504,36.578
2026-08-14T00:52:43.670781,0.147,2.482,36.578
2026-08-14T00:52:43.670931,0.149,2.482,36.578
2026-08-14T00:52:43.671061,0.133,2.461,36.578
2026-08-14T00:52:43.673339,2.274,2.482,36.578
2026-08-14T00:52:43.673482,0.145,2.482,36.578
2026-08-14T00:52:43.674691,1.208,2.492,36.578
2026-08-14T00:52:43.674892,0.199,2.477,36.578
2026-08-14T00:52:43.675038,0.150,2.476,36.578
2026-08-14T00:52:43.675195,0.158,2.476,36.578
2026-08-14T00:52:43.677483,2.284,2.498,36.578
2026-08-14T00:52:43.677622,0.142,2.477,36.578
2026-08-14T00:52:43.677760,0.139,2.477,36.578
2026-08-14T00:52:43.677903,0.143,2.477,36.578
2026-08-14T00:52:43.680186,2.280,2.498,36.578
2026-08-14T00:52:43.682494,2.306,2.509,36.578
2026-08-14T00:52:43.682633,0.145,2.145,35.572
2026-08-14T00:52:43.718152,35.483,2.498,35.572
2026-08-14T00:52:43.718326,0.203,2.498,35.572
2026-08-14T00:52:43.718463,0.143,2.487,35.572
2026-08-14T00:52:43.720746,2.281,2.508,35.572
2026-08-14T00:52:43.720902,0.156,2.509,35.572
2026-08-14T00:52:43.722118,1.216,2.487,35.572
2026-08-14T00:52:43.722257,0.142,2.486,35.572
2026-08-14T00:52:43.724531,2.272,2.496,35.572
2026-08-14T00:52:43.724677,0.148,2.496,35.572
2026-08-14T00:52:43.724805,0.129,2.496,35.572
2026-08-14T00:52:43.724999,0.191,2.496,35.572
2026-08-14T00:52:43.728375,3.374,2.507,35.572
2026-08-14T00:52:43.728540,0.167,2.507,35.572
2026-08-14T00:52:43.728685,0.146,2.507,35.572
2026-08-14T00:52:43.728824,0.127,2.507,35.572
2026-08-14T00:52:43.728973,0.160,2.486,35.572
2026-08-14T00:52:43.729109,0.137,2.486,35.572
2026-08-14T00:52:43.729238,0.130,2.464,35.572
2026-08-14T00:52:43.729362,0.126,2.464,35.572
2026-08-14T00:52:43.731639,2.272,2.143,35.572
2026-08-14T00:52:43.768082,36.435,2.506,36.435
2026-08-14T00:52:43.768233,0.156,2.506,36.435
2026-08-14T00:52:43.768389,0.154,2.485,36.435
2026-08-14T00:52:43.770688,2.301,2.507,36.435
2026-08-14T00:52:43.770845,0.151,2.496,36.435
2026-08-14T00:52:43.770984,0.149,2.464,36.435
2026-08-14T00:52:43.773268,2.281,2.485,36.435
2026-08-14T00:52:43.773410,0.145,2.485,36.435
2026-08-14T00:52:43.774639,1.226,2.496,36.435
2026-08-14T00:52:43.774782,0.146,2.496,36.435
2026-08-14T00:52:43.774966,0.181,2.464,36.435
2026-08-14T00:52:43.775114,0.152,2.464,36.435
2026-08-14T00:52:43.777480,2.350,2.486,36.435
2026-08-14T00:52:43.777648,0.180,2.486,36.435
2026-08-14T00:52:43.777789,0.144,2.486,36.435
2026-08-14T00:52:43.777952,0.162,2.487,36.435
2026-08-14T00:52:43.779180,1.226,2.498,36.435
2026-08-14T00:52:43.780390,1.215,2.509,36.435
2026-08-14T00:52:43.781719,1.309,2.499,36.435
2026-08-14T00:52:43.781913,0.207,2.178,36.435
2026-08-14T00:52:43.817403,35.475,2.499,36.435
2026-08-14T00:52:43.817574,0.187,2.499,36.435
2026-08-14T00:52:43.817714,0.146,2.499,36.435
2026-08-14T00:52:43.820018,2.297,2.498,36.435
2026-08-14T00:52:43.820170,0.157,2.498,36.435
2026-08-14T00:52:43.822461,2.291,2.519,36.435
2026-08-14T00:52:43.822599,0.142,2.519,36.435
2026-08-14T00:52:43.824884,2.281,2.519,36.435
2026-08-14T00:52:43.825029,0.148,2.519,36.435
2026-08-14T00:52:43.825159,0.132,2.508,36.435
2026-08-14T00:52:43.825327,0.167,2.508,36.435
2026-08-14T00:52:43.828174,2.836,2.524,36.435
2026-08-14T00:52:43.828358,0.192,2.524,36.435
2026-08-14T00:52:43.828495,0.142,2.513,36.435
2026-08-14T00:52:43.828623,0.129,2.512,36.435
2026-08-14T00:52:43.829861,1.220,2.523,36.435
2026-08-14T00:52:43.830004,0.159,2.512,36.435
2026-08-14T00:52:43.830133,0.132,2.501,36.435
2026-08-14T00:52:43.832415,2.276,2.501,36.435
2026-08-14T00:52:43.832555,0.145,2.500,36.435
2026-08-14T00:52:43.868250,35.623,2.501,36.435
2026-08-14T00:52:43.868450,0.264,2.501,36.435
2026-08-14T00:52:43.868617,0.173,2.501,36.435
2026-08-14T00:52:43.869844,1.215,2.490,36.435
2026-08-14T00:52:43.869995,0.161,2.490,36.435
2026-08-14T00:52:43.870134,0.142,2.479,36.435
2026-08-14T00:52:43.870261,0.129,2.447,36.435
2026-08-14T00:52:43.872540,2.273,2.468,36.435
2026-08-14T00:52:43.872680,0.144,2.468,36.435
2026-08-14T00:52:43.874970,2.287,2.490,36.435
2026-08-14T00:52:43.875163,0.193,2.490,36.435
2026-08-14T00:52:43.875307,0.147,2.474,36.435
2026-08-14T00:52:43.875462,0.155,2.473,36.435
2026-08-14T00:52:43.877747,2.282,2.495,36.435
2026-08-14T00:52:43.877898,0.152,2.484,36.435
2026-08-14T00:52:43.878046,0.150,2.484,36.435
2026-08-14T00:52:43.880326,2.277,2.505,36.435
2026-08-14T00:52:43.880462,0.140,2.505,36.435
2026-08-14T00:52:43.880588,0.127,2.483,36.435
2026-08-14T00:52:43.880712,0.125,2.483,36.435
2026-08-14T00:52:43.917196,36.472,2.492,36.472
2026-08-14T00:52:43.917343,0.153,2.491,36.472
2026-08-14T00:52:43.917470,0.132,2.491,36.472
2026-08-14T00:52:43.920829,3.343,2.502,36.472
2026-08-14T00:52:43.920972,0.155,2.502,36.472
2026-08-14T00:52:43.922183,1.211,2.513,36.472
2026-08-14T00:52:43.922317,0.136,2.513,36.472
2026-08-14T00:52:43.925663,3.342,2.523,36.472
2026-08-14T00:52:43.925798,0.139,2.523,36.472
2026-08-14T00:52:43.925935,0.137,2.512,36.472
2026-08-14T00:52:43.926094,0.158,2.512,36.472
2026-08-14T00:52:43.927324,1.228,2.523,36.472
2026-08-14T00:52:43.927487,0.165,2.523,36.472
2026-08-14T00:52:43.927618,0.134,2.501,36.472
2026-08-14T00:52:43.927741,0.124,2.501,36.472
2026-08-14T00:52:43.930035,2.287,2.523,36.472
2026-08-14T00:52:43.930173,0.143,2.523,36.472
2026-08-14T00:52:43.930299,0.127,2.501,36.472
2026-08-14T00:52:43.932573,2.271,2.501,36.472
2026-08-14T00:52:43.932707,0.137,2.501,36.472
2026-08-14T00:52:43.968201,35.450,2.500,36.472
2026-08-14T00:52:43.968379,0.214,2.501,36.472
2026-08-14T00:52:43.968516,0.146,2.501,36.472
2026-08-14T00:52:43.969727,1.206,2.490,36.472
2026-08-14T00:52:43.969883,0.157,2.490,36.472
2026-08-14T00:52:43.970019,0.139,2.479,36.472
2026-08-14T00:52:43.973373,3.349,2.511,36.472
2026-08-14T00:52:43.973512,0.142,2.490,36.472
2026-08-14T00:52:43.974735,1.223,2.501,36.472
2026-08-14T00:52:43.974883,0.149,2.501,36.472
2026-08-14T00:52:43.975058,0.175,2.501,36.472
2026-08-14T00:52:43.975200,0.142,2.468,36.472
2026-08-14T00:52:43.977518,2.315,2.490,36.472
2026-08-14T00:52:43.977661,0.147,2.490,36.472
2026-08-14T00:52:43.977783,0.126,2.490,36.472
2026-08-14T00:52:43.977925,0.139,2.490,36.472
2026-08-14T00:52:43.979128,1.202,2.500,36.472
2026-08-14T00:52:43.980330,1.203,2.511,36.472
2026-08-14T00:52:43.982615,2.285,2.533,36.472
2026-08-14T00:52:43.982742,0.130,2.511,36.472
2026-08-14T00:52:44.018187,35.426,2.501,36.472
2026-08-14T00:52:44.018346,0.168,2.501,36.472
2026-08-14T00:52:44.018482,0.142,2.501,36.472
2026-08-14T00:52:44.020775,2.287,2.501,36.472
2026-08-14T00:52:44.020938,0.165,2.501,36.472
2026-08-14T00:52:44.022154,1.217,2.512,36.472
2026-08-14T00:52:44.025504,3.350,2.522,36.472
2026-08-14T00:52:44.025640,0.140,2.522,36.472
2026-08-14T00:52:44.025767,0.127,2.511,36.472
2026-08-14T00:52:44.025902,0.135,2.511,36.472
2026-08-14T00:52:44.026065,0.161,2.511,36.472
2026-08-14T00:52:44.028928,2.849,2.538,36.472
2026-08-14T00:52:44.029109,0.192,2.516,36.472
2026-08-14T00:52:44.029245,0.140,2.516,36.472
2026-08-14T00:52:44.029370,0.127,2.516,36.472
2026-08-14T00:52:44.029506,0.135,2.516,36.472
2026-08-14T00:52:44.029636,0.129,2.505,36.472
2026-08-14T00:52:44.029763,0.127,2.494,36.472
2026-08-14T00:52:44.029901,0.138,2.482,36.472
2026-08-14T00:52:44.032189,2.284,2.503,36.472
2026-08-14T00:52:44.067903,35.631,2.504,36.472
2026-08-14T00:52:44.068116,0.285,2.505,36.472
2026-08-14T00:52:44.068264,0.160,2.505,36.472
2026-08-14T00:52:44.070568,2.300,2.506,36.472
2026-08-14T00:52:44.070721,0.156,2.506,36.472
2026-08-14T00:52:44.070880,0.158,2.484,36.472
2026-08-14T00:52:44.073176,2.292,2.506,36.472
2026-08-14T00:52:44.073332,0.159,2.484,36.472
2026-08-14T00:52:44.074557,1.228,2.495,36.472
2026-08-14T00:52:44.074715,0.160,2.496,36.472
2026-08-14T00:52:44.074901,0.184,2.496,36.472
2026-08-14T00:52:44.075047,0.150,2.469,36.472
2026-08-14T00:52:44.077360,2.308,2.490,36.472
2026-08-14T00:52:44.077498,0.143,2.490,36.472
2026-08-14T00:52:44.077620,0.124,2.490,36.472
2026-08-14T00:52:44.077752,0.132,2.479,36.472
2026-08-14T00:52:44.080020,2.264,2.500,36.472
2026-08-14T00:52:44.080151,0.133,2.500,36.472
2026-08-14T00:52:44.082425,2.271,2.500,36.472
2026-08-14T00:52:44.082556,0.135,2.500,36.472
2026-08-14T00:52:44.118235,35.604,2.500,36.472
2026-08-14T00:52:44.118446,0.273,2.500,36.472
2026-08-14T00:52:44.118600,0.162,2.500,36.472
2026-08-14T00:52:44.119839,1.224,2.500,36.472
2026-08-14T00:52:44.119996,0.173,2.500,36.472
2026-08-14T00:52:44.121218,1.219,2.511,36.472
2026-08-14T00:52:44.124652,3.432,2.544,36.472
2026-08-14T00:52:44.124798,0.152,2.523,36.472
2026-08-14T00:52:44.124960,0.157,2.523,36.472
2026-08-14T00:52:44.125099,0.145,2.501,36.472
2026-08-14T00:52:44.125284,0.183,2.501,36.472
2026-08-14T00:52:44.127597,2.309,2.523,36.472
2026-08-14T00:52:44.127778,0.178,2.523,36.472
2026-08-14T00:52:44.127934,0.162,2.502,36.472
2026-08-14T00:52:44.129171,1.234,2.513,36.472
2026-08-14T00:52:44.129328,0.161,2.513,36.472
2026-08-14T00:52:44.129460,0.135,2.491,36.472
2026-08-14T00:52:44.129585,0.126,2.491,36.472
2026-08-14T00:52:44.131876,2.284,2.513,36.472
2026-08-14T00:52:44.132017,0.145,2.513,36.472
2026-08-14T00:52:44.167449,35.419,2.502,35.631
2026-08-14T00:52:44.167608,0.167,2.503,35.631
2026-08-14T00:52:44.167745,0.141,2.503,35.631
2026-08-14T00:52:44.170044,2.290,2.492,35.631
2026-08-14T00:52:44.170196,0.159,2.492,35.631
2026-08-14T00:52:44.170336,0.142,2.482,35.631
2026-08-14T00:52:44.170468,0.132,2.482,35.631
2026-08-14T00:52:44.172759,2.284,2.471,35.631
2026-08-14T00:52:44.172919,0.163,2.471,35.631
2026-08-14T00:52:44.175219,2.297,2.493,35.631
2026-08-14T00:52:44.175403,0.186,2.493,35.631
2026-08-14T00:52:44.175552,0.153,2.482,35.631
2026-08-14T00:52:44.175719,0.165,2.482,35.631
2026-08-14T00:52:44.178009,2.290,2.504,35.631
2026-08-14T00:52:44.178146,0.142,2.504,35.631
2026-08-14T00:52:44.178275,0.131,2.482,35.631
2026-08-14T00:52:44.178393,0.119,2.482,35.631
2026-08-14T00:52:44.180657,2.258,2.504,35.631
2026-08-14T00:52:44.181885,1.228,2.493,35.631
2026-08-14T00:52:44.182016,0.134,2.493,35.631
2026-08-14T00:52:44.217461,35.432,2.493,35.631
2026-08-14T00:52:44.217613,0.160,2.492,35.631
2026-08-14T00:52:44.217746,0.136,2.492,35.631
2026-08-14T00:52:44.220040,2.287,2.503,35.631
2026-08-14T00:52:44.220188,0.152,2.503,35.631
2026-08-14T00:52:44.222474,2.286,2.525,35.631
2026-08-14T00:52:44.222610,0.140,2.492,35.631
2026-08-14T00:52:44.224891,2.277,2.514,35.631
2026-08-14T00:52:44.225027,0.140,2.503,35.631
2026-08-14T00:52:44.225151,0.125,2.503,35.631
2026-08-14T00:52:44.225309,0.155,2.503,35.631
2026-08-14T00:52:44.227610,2.299,2.524,35.631
2026-08-14T00:52:44.227774,0.166,2.503,35.631
2026-08-14T00:52:44.227923,0.147,2.503,35.631
2026-08-14T00:52:44.228058,0.138,2.503,35.631
2026-08-14T00:52:44.229825,1.740,2.519,35.631
2026-08-14T00:52:44.229982,0.181,2.509,35.631
2026-08-14T00:52:44.230112,0.135,2.498,35.631
2026-08-14T00:52:44.232385,2.270,2.498,35.631
2026-08-14T00:52:44.232516,0.134,2.498,35.631
2026-08-14T00:52:44.268035,35.476,2.498,35.631
2026-08-14T00:52:44.268252,0.241,2.499,35.631
2026-08-14T00:52:44.268425,0.180,2.499,35.631
2026-08-14T00:52:44.269742,1.311,2.490,35.631
2026-08-14T00:52:44.269930,0.196,2.490,35.631
2026-08-14T00:52:44.270084,0.159,2.479,35.631
2026-08-14T00:52:44.270222,0.140,2.447,35.631
2026-08-14T00:52:44.272515,2.286,2.469,35.631
2026-08-14T00:52:44.272662,0.154,2.469,35.631
2026-08-14T00:52:44.273922,1.255,2.480,35.631
2026-08-14T00:52:44.274117,0.197,2.480,35.631
2026-08-14T00:52:44.275358,1.241,2.464,35.631
2026-08-14T00:52:44.275529,0.173,2.464,35.631
2026-08-14T00:52:44.277876,2.341,2.486,35.631
2026-08-14T00:52:44.278026,0.156,2.487,35.631
2026-08-14T00:52:44.278169,0.146,2.487,35.631
2026-08-14T00:52:44.278320,0.150,2.487,35.631
2026-08-14T00:52:44.280616,2.289,2.508,35.631
2026-08-14T00:52:44.281976,1.324,2.520,35.631
2026-08-14T00:52:44.282163,0.220,2.500,35.631
2026-08-14T00:52:44.317787,35.571,2.499,35.604
2026-08-14T00:52:44.318006,0.269,2.499,35.604
2026-08-14T00:52:44.318154,0.158,2.499,35.604
2026-08-14T00:52:44.320444,2.287,2.499,35.604
2026-08-14T00:52:44.320589,0.149,2.499,35.604
2026-08-14T00:52:44.321816,1.217,2.509,35.604
2026-08-14T00:52:44.321963,0.154,2.488,35.604
2026-08-14T00:52:44.325312,3.349,2.520,35.604
2026-08-14T00:52:44.325454,0.145,2.509,35.604
2026-08-14T00:52:44.325586,0.133,2.509,35.604
2026-08-14T00:52:44.325764,0.176,2.509,35.604
2026-08-14T00:52:44.328084,2.316,2.530,35.604
2026-08-14T00:52:44.328264,0.180,2.509,35.604
2026-08-14T00:52:44.328407,0.146,2.509,35.604
2026-08-14T00:52:44.328537,0.133,2.509,35.604
2026-08-14T00:52:44.328675,0.138,2.509,35.604
2026-08-14T00:52:44.329908,1.228,2.499,35.604
2026-08-14T00:52:44.330049,0.144,2.499,35.604
2026-08-14T00:52:44.330176,0.130,2.478,35.604
2026-08-14T00:52:44.330304,0.128,2.477,35.604
2026-08-14T00:52:44.368032,37.667,2.498,37.667
2026-08-14T00:52:44.368233,0.246,2.498,37.667
2026-08-14T00:52:44.368378,0.156,2.498,37.667
2026-08-14T00:52:44.370683,2.297,2.509,37.667
2026-08-14T00:52:44.370854,0.163,2.508,37.667
2026-08-14T00:52:44.371000,0.162,2.498,37.667
2026-08-14T00:52:44.371133,0.135,2.465,37.667
2026-08-14T00:52:44.373425,2.286,2.486,37.667
2026-08-14T00:52:44.373573,0.152,2.486,37.667
2026-08-14T00:52:44.374793,1.217,2.497,37.667
2026-08-14T00:52:44.375005,0.207,2.497,37.667
2026-08-14T00:52:44.375162,0.164,2.476,37.667
2026-08-14T00:52:44.375327,0.165,2.476,37.667
2026-08-14T00:52:44.377620,2.293,2.497,37.667
2026-08-14T00:52:44.377759,0.142,2.486,37.667
2026-08-14T00:52:44.377920,0.160,2.486,37.667
2026-08-14T00:52:44.378055,0.137,2.486,37.667
2026-08-14T00:52:44.380332,2.274,2.507,37.667
2026-08-14T00:52:44.382632,2.299,2.508,37.667
2026-08-14T00:52:44.382769,0.140,2.508,37.667
2026-08-14T00:52:44.417341,34.508,2.498,37.667
2026-08-14T00:52:44.417551,0.260,2.499,37.667
2026-08-14T00:52:44.417702,0.161,2.500,37.667
2026-08-14T00:52:44.420000,2.295,2.500,37.667
2026-08-14T00:52:44.420153,0.157,2.500,37.667
2026-08-14T00:52:44.422449,2.294,2.521,37.667
2026-08-14T00:52:44.424744,2.295,2.543,37.667
2026-08-14T00:52:44.424902,0.159,2.521,37.667
2026-08-14T00:52:44.425045,0.145,2.521,37.667
2026-08-14T00:52:44.425181,0.138,2.500,37.667
2026-08-14T00:52:44.425367,0.183,2.500,37.667
2026-08-14T00:52:44.428768,3.396,2.532,37.667
2026-08-14T00:52:44.428963,0.196,2.532,37.667
2026-08-14T00:52:44.429118,0.161,2.511,37.667
2026-08-14T00:52:44.429243,0.129,2.511,37.667
2026-08-14T00:52:44.429895,0.641,2.516,37.667
2026-08-14T00:52:44.430040,0.153,2.516,37.667
2026-08-14T00:52:44.430165,0.129,2.495,37.667
2026-08-14T00:52:44.432439,2.268,2.506,37.667
2026-08-14T00:52:44.432575,0.139,2.506,37.667
2026-08-14T00:52:44.468226,35.591,2.507,37.667
2026-08-14T00:52:44.468431,0.251,2.508,37.667
2026-08-14T00:52:44.468579,0.159,2.508,37.667
2026-08-14T00:52:44.469806,1.222,2.498,37.667
2026-08-14T00:52:44.469977,0.173,2.498,37.667
2026-08-14T00:52:44.470121,0.148,2.476,37.667
2026-08-14T00:52:44.470257,0.136,2.476,37.667
2026-08-14T00:52:44.472536,2.275,2.476,37.667
2026-08-14T00:52:44.472679,0.147,2.477,37.667
2026-08-14T00:52:44.474974,2.292,2.498,37.667
2026-08-14T00:52:44.475171,0.196,2.499,37.667
2026-08-14T00:52:44.475318,0.151,2.477,37.667
2026-08-14T00:52:44.475474,0.158,2.477,37.667
2026-08-14T00:52:44.477762,2.284,2.498,37.667
2026-08-14T00:52:44.477914,0.153,2.499,37.667
2026-08-14T00:52:44.478055,0.144,2.483,37.667
2026-08-14T00:52:44.480335,2.275,2.504,37.667
2026-08-14T00:52:44.480475,0.143,2.504,37.667
2026-08-14T00:52:44.480603,0.130,2.482,37.667
2026-08-14T00:52:44.480726,0.127,2.482,37.667
2026-08-14T00:52:44.517195,36.452,2.492,37.667
2026-08-14T00:52:44.517352,0.165,2.491,37.667
2026-08-14T00:52:44.517492,0.143,2.491,37.667
2026-08-14T00:52:44.519805,2.308,2.501,37.667
2026-08-14T00:52:44.519968,0.165,2.500,37.667
2026-08-14T00:52:44.521187,1.219,2.511,37.667
2026-08-14T00:52:44.524596,3.392,2.544,37.667
2026-08-14T00:52:44.524763,0.180,2.522,37.667
2026-08-14T00:52:44.524918,0.161,2.523,37.667
2026-08-14T00:52:44.525056,0.141,2.511,37.667
2026-08-14T00:52:44.525229,0.171,2.511,37.667
2026-08-14T00:52:44.528657,3.411,2.533,37.667
2026-08-14T00:52:44.528866,0.205,2.533,37.667
2026-08-14T00:52:44.529021,0.175,2.512,37.667
2026-08-14T00:52:44.529154,0.136,2.511,37.667
2026-08-14T00:52:44.529295,0.141,2.511,37.667
2026-08-14T00:52:44.529423,0.129,2.511,37.667
2026-08-14T00:52:44.529549,0.126,2.489,37.667
2026-08-14T00:52:44.531846,2.280,2.499,37.667
2026-08-14T00:52:44.531990,0.158,2.498,37.667
2026-08-14T00:52:44.564315,32.301,2.466,37.667
2026-08-14T00:52:44.567713,3.409,2.497,37.667
2026-08-14T00:52:44.567880,0.174,2.497,37.667
2026-08-14T00:52:44.568024,0.148,2.476,37.667
2026-08-14T00:52:44.570327,2.296,2.497,37.667
2026-08-14T00:52:44.570481,0.158,2.487,37.667
2026-08-14T00:52:44.570622,0.145,2.487,37.667
2026-08-14T00:52:44.572922,2.294,2.476,37.667
2026-08-14T00:52:44.573068,0.151,2.476,37.667
2026-08-14T00:52:44.575387,2.313,2.498,37.667
2026-08-14T00:52:44.575538,0.157,2.498,37.667
2026-08-14T00:52:44.575719,0.180,2.476,37.667
2026-08-14T00:52:44.575885,0.165,2.476,37.667
2026-08-14T00:52:44.577145,1.262,2.487,37.667
2026-08-14T00:52:44.577283,0.143,2.487,37.667
2026-08-14T00:52:44.577403,0.123,2.487,37.667
2026-08-14T00:52:44.577531,0.127,2.476,37.667
2026-08-14T00:52:44.578735,1.198,2.487,37.667
2026-08-14T00:52:44.579940,1.200,2.498,37.667
2026-08-14T00:52:44.582251,2.310,2.519,37.667
2026-08-14T00:52:44.582420,0.167,2.144,36.452
2026-08-14T00:52:44.617923,35.477,2.497,36.452
2026-08-14T00:52:44.618125,0.223,2.497,36.452
2026-08-14T00:52:44.618277,0.163,2.476,36.452
2026-08-14T00:52:44.620584,2.302,2.497,36.452
2026-08-14T00:52:44.620744,0.162,2.497,36.452
2026-08-14T00:52:44.621993,1.247,2.509,36.452
2026-08-14T00:52:44.625368,3.375,2.519,36.452
2026-08-14T00:52:44.625521,0.157,2.519,36.452
2026-08-14T00:52:44.625664,0.146,2.509,36.452
2026-08-14T00:52:44.625803,0.140,2.508,36.452
2026-08-14T00:52:44.626010,0.201,2.508,36.452
2026-08-14T00:52:44.628344,2.332,2.530,36.452
2026-08-14T00:52:44.628533,0.192,2.509,36.452
2026-08-14T00:52:44.628683,0.152,2.509,36.452
2026-08-14T00:52:44.628831,0.139,2.509,36.452
2026-08-14T00:52:44.628992,0.170,2.509,36.452
2026-08-14T00:52:44.629131,0.142,2.488,36.452
2026-08-14T00:52:44.629267,0.137,2.466,36.452
2026-08-14T00:52:44.632099,2.822,2.493,36.452
2026-08-14T00:52:44.632244,0.155,2.150,36.452
2026-08-14T00:52:44.667975,35.645,2.504,36.452
2026-08-14T00:52:44.668198,0.294,2.505,36.452
2026-08-14T00:52:44.668348,0.162,2.484,36.452
2026-08-14T00:52:44.669673,1.298,2.495,36.452
2026-08-14T00:52:44.669866,0.202,2.474,36.452
2026-08-14T00:52:44.670026,0.178,2.453,36.452
2026-08-14T00:52:44.673392,3.364,2.485,36.452
2026-08-14T00:52:44.673538,0.150,2.485,36.452
2026-08-14T00:52:44.674766,1.226,2.496,36.452
2026-08-14T00:52:44.674923,0.158,2.496,36.452
2026-08-14T00:52:44.675109,0.186,2.463,36.452
2026-08-14T00:52:44.675251,0.145,2.463,36.452
2026-08-14T00:52:44.677589,2.329,2.485,36.452
2026-08-14T00:52:44.677741,0.157,2.485,36.452
2026-08-14T00:52:44.677892,0.152,2.480,36.452
2026-08-14T00:52:44.678046,0.154,2.480,36.452
2026-08-14T00:52:44.680349,2.300,2.502,36.452
2026-08-14T00:52:44.680491,0.146,2.481,36.452
2026-08-14T00:52:44.682774,2.280,2.502,36.452
2026-08-14T00:52:44.682919,0.149,2.148,36.452
2026-08-14T00:52:44.717337,34.379,2.489,36.452
2026-08-14T00:52:44.717528,0.218,2.489,36.452
2026-08-14T00:52:44.717674,0.155,2.479,36.452
2026-08-14T00:52:44.719984,2.305,2.500,36.452
2026-08-14T00:52:44.720138,0.157,2.500,36.452
2026-08-14T00:52:44.721363,1.224,2.511,36.452
2026-08-14T00:52:44.724720,3.359,2.522,36.452
2026-08-14T00:52:44.724871,0.152,2.522,36.452
2026-08-14T00:52:44.725010,0.141,2.500,36.452
2026-08-14T00:52:44.725161,0.151,2.500,36.452
2026-08-14T00:52:44.725338,0.175,2.500,36.452
2026-08-14T00:52:44.727657,2.314,2.522,36.452
2026-08-14T00:52:44.727848,0.182,2.501,36.452
2026-08-14T00:52:44.727996,0.163,2.501,36.452
2026-08-14T00:52:44.730292,2.294,2.522,36.452
2026-08-14T00:52:44.730445,0.155,2.501,36.452
2026-08-14T00:52:44.730572,0.130,2.501,36.452
2026-08-14T00:52:44.730698,0.127,2.501,36.452
2026-08-14T00:52:44.730835,0.125,2.501,36.452
2026-08-14T00:52:44.732054,1.225,2.149,35.645
2026-08-14T00:52:44.767467,35.406,2.501,35.645
2026-08-14T00:52:44.767617,0.155,2.501,35.645
2026-08-14T00:52:44.767753,0.139,2.480,35.645
2026-08-14T00:52:44.770054,2.297,2.501,35.645
2026-08-14T00:52:44.770201,0.148,2.490,35.645
2026-08-14T00:52:44.770357,0.152,2.458,35.645
2026-08-14T00:52:44.770494,0.144,2.457,35.645
2026-08-14T00:52:44.772781,2.282,2.479,35.645
2026-08-14T00:52:44.772942,0.164,2.479,35.645
2026-08-14T00:52:44.775239,2.295,2.500,35.645
2026-08-14T00:52:44.775424,0.185,2.468,35.645
2026-08-14T00:52:44.775574,0.154,2.467,35.645
2026-08-14T00:52:44.775737,0.163,2.467,35.645
2026-08-14T00:52:44.778026,2.288,2.489,35.645
2026-08-14T00:52:44.778166,0.143,2.489,35.645
2026-08-14T00:52:44.778304,0.140,2.489,35.645
2026-08-14T00:52:44.778430,0.127,2.489,35.645
2026-08-14T00:52:44.780703,2.269,2.489,35.645
2026-08-14T00:52:44.781976,1.256,2.500,35.645
2026-08-14T00:52:44.782146,0.182,2.178,35.645
2026-08-14T00:52:44.817593,35.436,2.499,35.645
2026-08-14T00:52:44.817755,0.175,2.499,35.645
2026-08-14T00:52:44.817914,0.159,2.499,35.645
2026-08-14T00:52:44.820213,2.299,2.499,35.645
2026-08-14T00:52:44.820360,0.151,2.499,35.645
2026-08-14T00:52:44.821580,1.217,2.510,35.645
2026-08-14T00:52:44.824944,3.363,2.520,35.645
2026-08-14T00:52:44.825088,0.147,2.520,35.645
2026-08-14T00:52:44.825224,0.137,2.498,35.645
2026-08-14T00:52:44.825355,0.132,2.498,35.645
2026-08-14T00:52:44.825530,0.171,2.498,35.645
2026-08-14T00:52:44.827863,2.318,2.520,35.645
2026-08-14T00:52:44.828043,0.193,2.509,35.645
2026-08-14T00:52:44.828192,0.151,2.509,35.645
2026-08-14T00:52:44.829933,1.734,2.525,35.645
2026-08-14T00:52:44.830084,0.162,2.525,35.645
2026-08-14T00:52:44.830209,0.128,2.515,35.645
2026-08-14T00:52:44.830330,0.121,2.504,35.645
2026-08-14T00:52:44.832602,2.265,2.504,35.645
2026-08-14T00:52:44.832734,0.137,2.503,35.645
2026-08-14T00:52:44.867313,34.513,2.494,35.645
2026-08-14T00:52:44.867517,0.256,2.494,35.645
2026-08-14T00:52:44.867667,0.158,2.494,35.645
2026-08-14T00:52:44.870001,2.326,2.494,35.645
2026-08-14T00:52:44.870157,0.164,2.494,35.645
2026-08-14T00:52:44.870301,0.146,2.483,35.645
2026-08-14T00:52:44.872584,2.280,2.472,35.645
2026-08-14T00:52:44.872723,0.143,2.472,35.645
2026-08-14T00:52:44.873951,1.224,2.483,35.645
2026-08-14T00:52:44.874092,0.145,2.483,35.645
2026-08-14T00:52:44.874271,0.179,2.483,35.645
2026-08-14T00:52:44.875503,1.229,2.472,35.645
2026-08-14T00:52:44.877845,2.332,2.493,35.645
2026-08-14T00:52:44.878001,0.166,2.493,35.645
2026-08-14T00:52:44.878132,0.135,2.493,35.645
2026-08-14T00:52:44.878271,0.139,2.493,35.645
2026-08-14T00:52:44.878402,0.129,2.493,35.645
2026-08-14T00:52:44.880775,2.350,2.515,35.645
2026-08-14T00:52:44.882052,1.290,2.500,35.645
2026-08-14T00:52:44.882194,0.153,2.499,35.645
2026-08-14T00:52:44.917869,35.590,2.499,35.590
2026-08-14T00:52:44.918088,0.290,2.499,35.590
2026-08-14T00:52:44.918240,0.163,2.499,35.590
2026-08-14T00:52:44.920538,2.295,2.509,35.590
2026-08-14T00:52:44.920691,0.157,2.508,35.590
2026-08-14T00:52:44.921930,1.235,2.519,35.590
2026-08-14T00:52:44.922083,0.156,2.487,35.590
2026-08-14T00:52:44.924368,2.285,2.508,35.590
2026-08-14T00:52:44.924509,0.143,2.497,35.590
2026-08-14T00:52:44.924644,0.137,2.497,35.590
2026-08-14T00:52:44.924843,0.176,2.497,35.590
2026-08-14T00:52:44.928239,3.411,2.530,35.590
2026-08-14T00:52:44.928423,0.188,2.508,35.590
2026-08-14T00:52:44.928563,0.143,2.508,35.590
2026-08-14T00:52:44.928690,0.129,2.508,35.590
2026-08-14T00:52:44.928841,0.138,2.508,35.590
2026-08-14T00:52:44.929006,0.174,2.487,35.590
2026-08-14T00:52:44.929137,0.134,2.486,35.590
2026-08-14T00:52:44.930346,1.205,2.476,35.590
2026-08-14T00:52:44.931601,1.253,2.487,35.590
2026-08-14T00:52:44.968164,36.550,2.508,36.550
2026-08-14T00:52:44.968327,0.174,2.508,36.550
2026-08-14T00:52:44.968468,0.146,2.508,36.550
2026-08-14T00:52:44.970761,2.289,2.508,36.550
2026-08-14T00:52:44.970922,0.163,2.508,36.550
2026-08-14T00:52:44.971062,0.143,2.497,36.550
2026-08-14T00:52:44.971192,0.131,2.465,36.550
2026-08-14T00:52:44.972431,1.232,2.476,36.550
2026-08-14T00:52:44.972581,0.153,2.476,36.550
2026-08-14T00:52:44.974878,2.295,2.497,36.550
2026-08-14T00:52:44.975063,0.185,2.497,36.550
2026-08-14T00:52:44.975211,0.152,2.476,36.550
2026-08-14T00:52:44.975371,0.160,2.475,36.550
2026-08-14T00:52:44.977660,2.287,2.497,36.550
2026-08-14T00:52:44.977800,0.144,2.475,36.550
2026-08-14T00:52:44.977957,0.157,2.475,36.550
2026-08-14T00:52:44.978087,0.133,2.475,36.550
2026-08-14T00:52:44.980381,2.283,2.497,36.550
2026-08-14T00:52:44.981619,1.243,2.508,36.550
2026-08-14T00:52:44.981758,0.144,2.497,36.550
2026-08-14T00:52:45.017230,35.452,2.498,36.550
2026-08-14T00:52:45.017392,0.175,2.498,36.550
2026-08-14T00:52:45.017532,0.145,2.498,36.550
2026-08-14T00:52:45.019836,2.288,2.498,36.550
2026-08-14T00:52:45.019986,0.164,2.498,36.550
2026-08-14T00:52:45.022278,2.290,2.519,36.550
2026-08-14T00:52:45.025639,3.361,2.551,36.550
2026-08-14T00:52:45.025782,0.146,2.530,36.550
2026-08-14T00:52:45.025934,0.149,2.530,36.550
2026-08-14T00:52:45.026070,0.140,2.508,36.550
2026-08-14T00:52:45.026240,0.167,2.508,36.550
2026-08-14T00:52:45.027482,1.239,2.519,36.550
2026-08-14T00:52:45.027654,0.175,2.519,36.550
2026-08-14T00:52:45.027796,0.143,2.498,36.550
2026-08-14T00:52:45.030613,2.810,2.524,36.550
2026-08-14T00:52:45.030767,0.163,2.525,36.550
2026-08-14T00:52:45.030906,0.141,2.525,36.550
2026-08-14T00:52:45.031038,0.132,2.503,36.550
2026-08-14T00:52:45.032242,1.201,2.503,36.550
2026-08-14T00:52:45.032372,0.134,2.502,36.550
2026-08-14T00:52:45.067889,35.460,2.503,36.550
2026-08-14T00:52:45.068085,0.239,2.503,36.550
2026-08-14T00:52:45.068234,0.157,2.503,36.550
2026-08-14T00:52:45.070531,2.294,2.503,36.550
2026-08-14T00:52:45.070681,0.154,2.503,36.550
2026-08-14T00:52:45.070827,0.139,2.492,36.550
2026-08-14T00:52:45.073108,2.287,2.482,36.550
2026-08-14T00:52:45.073247,0.142,2.482,36.550
2026-08-14T00:52:45.075541,2.292,2.503,36.550
2026-08-14T00:52:45.075681,0.142,2.503,36.550
2026-08-14T00:52:45.075873,0.188,2.503,36.550
2026-08-14T00:52:45.076017,0.147,2.482,36.550
2026-08-14T00:52:45.077270,1.249,2.492,36.550
2026-08-14T00:52:45.077417,0.150,2.492,36.550
2026-08-14T00:52:45.077544,0.131,2.476,36.550
2026-08-14T00:52:45.077679,0.135,2.476,36.550
2026-08-14T00:52:45.078896,1.212,2.487,36.550
2026-08-14T00:52:45.079034,0.139,2.487,36.550
2026-08-14T00:52:45.080243,1.208,2.476,36.550
2026-08-14T00:52:45.080380,0.139,2.476,36.550
2026-08-14T00:52:45.118162,37.715,2.508,37.715
2026-08-14T00:52:45.118367,0.261,2.509,37.715
2026-08-14T00:52:45.118517,0.158,2.509,37.715
2026-08-14T00:52:45.119747,1.224,2.497,37.715
2026-08-14T00:52:45.119923,0.179,2.498,37.715
2026-08-14T00:52:45.122237,2.310,2.519,37.715
2026-08-14T00:52:45.122394,0.162,2.498,37.715
2026-08-14T00:52:45.124683,2.289,2.520,37.715
2026-08-14T00:52:45.124838,0.148,2.509,37.715
2026-08-14T00:52:45.124979,0.153,2.509,37.715
2026-08-14T00:52:45.125168,0.187,2.509,37.715
2026-08-14T00:52:45.128615,3.442,2.531,37.715
2026-08-14T00:52:45.128790,0.180,2.510,37.715
2026-08-14T00:52:45.128941,0.152,2.509,37.715
2026-08-14T00:52:45.129076,0.137,2.509,37.715
2026-08-14T00:52:45.129217,0.142,2.509,37.715
2026-08-14T00:52:45.129345,0.128,2.509,37.715
2026-08-14T00:52:45.129471,0.126,2.487,37.715
2026-08-14T00:52:45.129597,0.127,2.476,37.715
2026-08-14T00:52:45.131885,2.281,2.497,37.715
2026-08-14T00:52:45.167513,35.564,2.497,37.715
2026-08-14T00:52:45.167713,0.258,2.496,37.715
2026-08-14T00:52:45.167870,0.164,2.496,37.715
2026-08-14T00:52:45.170196,2.321,2.497,37.715
2026-08-14T00:52:45.170345,0.156,2.497,37.715
2026-08-14T00:52:45.170479,0.137,2.486,37.715
2026-08-14T00:52:45.172761,2.276,2.507,37.715
2026-08-14T00:52:45.172915,0.156,2.485,37.715
2026-08-14T00:52:45.175220,2.303,2.507,37.715
2026-08-14T00:52:45.175363,0.147,2.507,37.715
2026-08-14T00:52:45.175547,0.183,2.507,37.715
2026-08-14T00:52:45.175689,0.145,2.475,37.715
2026-08-14T00:52:45.178015,2.320,2.496,37.715
2026-08-14T00:52:45.178168,0.156,2.496,37.715
2026-08-14T00:52:45.178298,0.134,2.496,37.715
2026-08-14T00:52:45.178436,0.138,2.496,37.715
2026-08-14T00:52:45.178565,0.129,2.496,37.715
2026-08-14T00:52:45.179773,1.202,2.506,37.715
2026-08-14T00:52:45.182090,2.315,2.517,37.715
2026-08-14T00:52:45.182233,0.148,2.506,37.715
2026-08-14T00:52:45.201628,19.382,2.335,37.715
2026-08-14T00:52:45.217861,16.212,2.495,37.715
2026-08-14T00:52:45.218020,0.189,2.495,37.715
2026-08-14T00:52:45.218158,0.142,2.474,37.715
2026-08-14T00:52:45.220451,2.288,2.495,37.715
2026-08-14T00:52:45.220600,0.152,2.495,37.715
2026-08-14T00:52:45.221834,1.219,2.506,37.715
2026-08-14T00:52:45.225203,3.380,2.528,37.715
2026-08-14T00:52:45.225348,0.150,2.528,37.715
2026-08-14T00:52:45.225481,0.136,2.506,37.715
2026-08-14T00:52:45.225610,0.130,2.506,37.715
2026-08-14T00:52:45.225781,0.167,2.506,37.715
2026-08-14T00:52:45.227056,1.270,2.517,37.715
2026-08-14T00:52:45.227233,0.181,2.496,37.715
2026-08-14T00:52:45.227375,0.145,2.496,37.715
2026-08-14T00:52:45.229665,2.290,2.517,37.715
2026-08-14T00:52:45.229820,0.148,2.517,37.715
2026-08-14T00:52:45.229949,0.139,2.496,37.715
2026-08-14T00:52:45.230068,0.121,2.485,37.715
2026-08-14T00:52:45.232855,2.764,2.511,37.715
2026-08-14T00:52:45.233001,0.164,2.158,37.715
2026-08-14T00:52:45.267534,34.470,2.501,37.715
2026-08-14T00:52:45.267741,0.257,2.502,37.715
2026-08-14T00:52:45.267916,0.180,2.481,37.715
2026-08-14T00:52:45.269149,1.236,2.492,37.715
2026-08-14T00:52:45.269291,0.147,2.470,37.715
2026-08-14T00:52:45.270530,1.228,2.449,37.715
2026-08-14T00:52:45.270682,0.160,2.449,37.715
2026-08-14T00:52:45.272990,2.299,2.470,37.715
2026-08-14T00:52:45.273143,0.162,2.471,37.715
2026-08-14T00:52:45.274357,1.214,2.481,37.715
2026-08-14T00:52:45.274550,0.193,2.471,37.715
2026-08-14T00:52:45.274695,0.148,2.470,37.715
2026-08-14T00:52:45.274863,0.166,2.471,37.715
2026-08-14T00:52:45.277159,2.293,2.466,37.715
2026-08-14T00:52:45.277301,0.145,2.465,37.715
2026-08-14T00:52:45.277443,0.144,2.465,37.715
2026-08-14T00:52:45.278663,1.217,2.476,37.715
2026-08-14T00:52:45.279881,1.219,2.476,37.715
2026-08-14T00:52:45.282169,2.289,2.498,37.715
2026-08-14T00:52:45.282300,0.134,2.145,37.715
2026-08-14T00:52:45.317592,35.267,2.495,37.715
2026-08-14T00:52:45.317722,0.159,2.495,37.715
2026-08-14T00:52:45.317832,0.102,2.473,37.715
2026-08-14T00:52:45.320069,2.246,2.494,37.715
2026-08-14T00:52:45.320169,0.104,2.494,37.715
2026-08-14T00:52:45.321333,1.163,2.482,37.715
2026-08-14T00:52:45.324622,3.289,2.514,37.715
2026-08-14T00:52:45.324717,0.097,2.492,37.715
2026-08-14T00:52:45.324807,0.091,2.491,37.715
2026-08-14T00:52:45.324908,0.100,2.491,37.715
2026-08-14T00:52:45.325033,0.125,2.490,37.715
2026-08-14T00:52:45.328337,3.303,2.511,37.715
2026-08-14T00:52:45.328454,0.118,2.510,37.715
2026-08-14T00:52:45.328548,0.095,2.510,37.715
2026-08-14T00:52:45.328636,0.089,2.510,37.715
2026-08-14T00:52:45.328738,0.103,2.499,37.715
2026-08-14T00:52:45.328834,0.087,2.498,37.715
2026-08-14T00:52:45.328930,0.104,2.487,37.715
2026-08-14T00:52:45.329017,0.088,2.487,37.715
2026-08-14T00:52:45.332337,3.306,2.142,35.564
2026-08-14T00:52:45.367916,35.530,2.495,35.564
2026-08-14T00:52:45.368116,0.234,2.496,35.564
2026-08-14T00:52:45.368268,0.162,2.485,35.564
2026-08-14T00:52:45.370574,2.300,2.506,35.564
2026-08-14T00:52:45.370732,0.163,2.485,35.564
2026-08-14T00:52:45.370893,0.163,2.485,35.564
2026-08-14T00:52:45.371040,0.148,2.464,35.564
2026-08-14T00:52:45.373325,2.284,2.485,35.564
2026-08-14T00:52:45.373472,0.150,2.485,35.564
2026-08-14T00:52:45.374712,1.235,2.495,35.564
2026-08-14T00:52:45.374914,0.203,2.463,35.564
2026-08-14T00:52:45.375059,0.150,2.463,35.564
2026-08-14T00:52:45.375216,0.157,2.463,35.564
2026-08-14T00:52:45.377511,2.289,2.484,35.564
2026-08-14T00:52:45.377655,0.149,2.484,35.564
2026-08-14T00:52:45.377853,0.186,2.485,35.564
2026-08-14T00:52:45.377996,0.156,2.485,35.564
2026-08-14T00:52:45.380336,2.322,2.507,35.564
2026-08-14T00:52:45.381647,1.310,2.497,35.564
2026-08-14T00:52:45.381803,0.172,2.144,35.530
2026-08-14T00:52:45.417432,35.568,2.497,35.568
2026-08-14T00:52:45.417631,0.253,2.498,35.568
2026-08-14T00:52:45.417769,0.148,2.476,35.568
2026-08-14T00:52:45.420067,2.293,2.497,35.568
2026-08-14T00:52:45.420213,0.149,2.497,35.568
2026-08-14T00:52:45.422498,2.284,2.497,35.568
2026-08-14T00:52:45.422637,0.141,2.497,35.568
2026-08-14T00:52:45.424926,2.284,2.497,35.568
2026-08-14T00:52:45.425069,0.147,2.497,35.568
2026-08-14T00:52:45.425200,0.133,2.497,35.568
2026-08-14T00:52:45.425381,0.178,2.497,35.568
2026-08-14T00:52:45.427689,2.305,2.497,35.568
2026-08-14T00:52:45.427872,0.183,2.497,35.568
2026-08-14T00:52:45.428018,0.150,2.497,35.568
2026-08-14T00:52:45.428146,0.131,2.497,35.568
2026-08-14T00:52:45.429365,1.215,2.508,35.568
2026-08-14T00:52:45.429505,0.142,2.497,35.568
2026-08-14T00:52:45.429633,0.129,2.476,35.568
2026-08-14T00:52:45.432465,2.816,2.502,35.568
2026-08-14T00:52:45.432620,0.165,2.310,35.568
2026-08-14T00:52:45.468242,35.558,2.503,35.568
2026-08-14T00:52:45.468451,0.264,2.504,35.568
2026-08-14T00:52:45.468601,0.160,2.504,35.568
2026-08-14T00:52:45.469887,1.265,2.494,35.568
2026-08-14T00:52:45.470051,0.185,2.495,35.568
2026-08-14T00:52:45.470189,0.142,2.484,35.568
2026-08-14T00:52:45.472473,2.278,2.473,35.568
2026-08-14T00:52:45.472614,0.145,2.473,35.568
2026-08-14T00:52:45.474912,2.295,2.494,35.568
2026-08-14T00:52:45.475054,0.146,2.494,35.568
2026-08-14T00:52:45.475234,0.178,2.495,35.568
2026-08-14T00:52:45.475375,0.143,2.483,35.568
2026-08-14T00:52:45.477723,2.341,2.505,35.568
2026-08-14T00:52:45.477887,0.168,2.505,35.568
2026-08-14T00:52:45.478026,0.142,2.484,35.568
2026-08-14T00:52:45.478168,0.143,2.484,35.568
2026-08-14T00:52:45.479380,1.207,2.494,35.568
2026-08-14T00:52:45.479520,0.144,2.494,35.568
2026-08-14T00:52:45.479650,0.131,2.468,35.568
2026-08-14T00:52:45.479778,0.128,2.468,35.568
2026-08-14T00:52:45.517502,37.678,2.500,37.678
2026-08-14T00:52:45.517699,0.230,2.500,37.678
2026-08-14T00:52:45.517866,0.172,2.500,37.678
2026-08-14T00:52:45.520178,2.311,2.510,37.678
2026-08-14T00:52:45.520334,0.160,2.510,37.678
2026-08-14T00:52:45.521559,1.223,2.510,37.678
2026-08-14T00:52:45.521708,0.152,2.510,37.678
2026-08-14T00:52:45.523998,2.289,2.510,37.678
2026-08-14T00:52:45.524139,0.144,2.510,37.678
2026-08-14T00:52:45.525362,1.221,2.510,37.678
2026-08-14T00:52:45.525549,0.188,2.510,37.678
2026-08-14T00:52:45.527869,2.317,2.532,37.678
2026-08-14T00:52:45.528042,0.175,2.532,37.678
2026-08-14T00:52:45.528179,0.140,2.510,37.678
2026-08-14T00:52:45.528307,0.129,2.510,37.678
2026-08-14T00:52:45.529526,1.215,2.521,37.678
2026-08-14T00:52:45.529666,0.143,2.510,37.678
2026-08-14T00:52:45.529793,0.129,2.499,37.678
2026-08-14T00:52:45.529934,0.138,2.478,37.678
2026-08-14T00:52:45.532218,2.282,2.499,37.678
2026-08-14T00:52:45.563395,31.167,2.458,37.678
2026-08-14T00:52:45.567841,4.442,2.501,37.678
2026-08-14T00:52:45.567983,0.156,2.501,37.678
2026-08-14T00:52:45.568111,0.132,2.480,37.678
2026-08-14T00:52:45.570389,2.274,2.502,37.678
2026-08-14T00:52:45.570526,0.139,2.492,37.678
2026-08-14T00:52:45.570653,0.128,2.460,37.678
2026-08-14T00:52:45.572927,2.271,2.482,37.678
2026-08-14T00:52:45.573059,0.135,2.482,37.678
2026-08-14T00:52:45.574278,1.216,2.494,37.678
2026-08-14T00:52:45.574412,0.137,2.494,37.678
2026-08-14T00:52:45.574591,0.176,2.462,37.678
2026-08-14T00:52:45.574727,0.139,2.463,37.678
2026-08-14T00:52:45.577084,2.342,2.485,37.678
2026-08-14T00:52:45.577242,0.168,2.486,37.678
2026-08-14T00:52:45.577375,0.138,2.486,37.678
2026-08-14T00:52:45.577511,0.137,2.487,37.678
2026-08-14T00:52:45.579822,2.295,2.509,37.678
2026-08-14T00:52:45.579963,0.154,2.509,37.678
2026-08-14T00:52:45.580092,0.132,2.478,37.678
2026-08-14T00:52:45.580220,0.128,2.124,37.678
2026-08-14T00:52:45.617775,37.542,2.497,37.678
2026-08-14T00:52:45.617940,0.171,2.497,37.678
2026-08-14T00:52:45.618084,0.148,2.475,37.678
2026-08-14T00:52:45.620375,2.288,2.496,37.678
2026-08-14T00:52:45.620520,0.148,2.496,37.678
2026-08-14T00:52:45.621748,1.222,2.507,37.678
2026-08-14T00:52:45.621917,0.171,2.486,37.678
2026-08-14T00:52:45.625383,3.432,2.519,37.678
2026-08-14T00:52:45.625576,0.223,2.509,37.678
2026-08-14T00:52:45.625733,0.162,2.508,37.678
2026-08-14T00:52:45.625963,0.226,2.509,37.678
2026-08-14T00:52:45.628350,2.373,2.531,37.678
2026-08-14T00:52:45.628543,0.214,2.510,37.678
2026-08-14T00:52:45.628685,0.145,2.510,37.678
2026-08-14T00:52:45.628826,0.129,2.510,37.678
2026-08-14T00:52:45.628981,0.166,2.510,37.678
2026-08-14T00:52:45.629112,0.135,2.488,37.678
2026-08-14T00:52:45.629232,0.123,2.476,37.678
2026-08-14T00:52:45.629365,0.126,2.476,37.678
2026-08-14T00:52:45.632459,3.011,2.150,37.678
2026-08-14T00:52:45.667350,34.907,2.497,37.678
2026-08-14T00:52:45.667569,0.281,2.498,37.678
2026-08-14T00:52:45.667705,0.145,2.476,37.678
2026-08-14T00:52:45.669984,2.276,2.498,37.678
2026-08-14T00:52:45.670123,0.142,2.476,37.678
2026-08-14T00:52:45.670247,0.126,2.476,37.678
2026-08-14T00:52:45.670365,0.118,2.454,37.678
2026-08-14T00:52:45.672627,2.258,2.476,37.678
2026-08-14T00:52:45.672755,0.131,2.476,37.678
2026-08-14T00:52:45.673953,1.195,2.486,37.678
2026-08-14T00:52:45.674130,0.177,2.464,37.678
2026-08-14T00:52:45.675379,1.247,2.475,37.678
2026-08-14T00:52:45.675535,0.159,2.475,37.678
2026-08-14T00:52:45.677821,2.273,2.497,37.678
2026-08-14T00:52:45.677988,0.175,2.486,37.678
2026-08-14T00:52:45.678130,0.145,2.486,37.678
2026-08-14T00:52:45.679334,1.203,2.497,37.678
2026-08-14T00:52:45.679466,0.135,2.470,37.678
2026-08-14T00:52:45.679588,0.124,2.470,37.678
2026-08-14T00:52:45.679705,0.118,2.115,37.678
2026-08-14T00:52:45.717332,37.593,2.489,37.678
2026-08-14T00:52:45.717506,0.197,2.489,37.678
2026-08-14T00:52:45.717649,0.149,2.478,37.678
2026-08-14T00:52:45.719955,2.299,2.499,37.678
2026-08-14T00:52:45.720111,0.160,2.499,37.678
2026-08-14T00:52:45.721336,1.224,2.489,37.678
2026-08-14T00:52:45.721474,0.144,2.489,37.678
2026-08-14T00:52:45.724830,3.342,2.499,37.678
2026-08-14T00:52:45.724976,0.158,2.499,37.678
2026-08-14T00:52:45.725106,0.133,2.499,37.678
2026-08-14T00:52:45.725281,0.172,2.499,37.678
2026-08-14T00:52:45.728653,3.369,2.509,37.678
2026-08-14T00:52:45.728840,0.169,2.509,37.678
2026-08-14T00:52:45.728988,0.169,2.510,37.678
2026-08-14T00:52:45.729121,0.136,2.510,37.678
2026-08-14T00:52:45.729260,0.139,2.499,37.678
2026-08-14T00:52:45.729388,0.129,2.499,37.678
2026-08-14T00:52:45.729512,0.125,2.499,37.678
2026-08-14T00:52:45.729635,0.123,2.499,37.678
2026-08-14T00:52:45.731924,2.280,2.145,37.593
2026-08-14T00:52:45.767350,35.423,2.497,37.593
2026-08-14T00:52:45.767500,0.155,2.496,37.593
2026-08-14T00:52:45.767634,0.138,2.475,37.593
2026-08-14T00:52:45.769921,2.282,2.496,37.593
2026-08-14T00:52:45.770065,0.146,2.485,37.593
2026-08-14T00:52:45.770205,0.140,2.485,37.593
2026-08-14T00:52:45.772511,2.302,2.485,37.593
2026-08-14T00:52:45.772659,0.150,2.485,37.593
2026-08-14T00:52:45.773921,1.255,2.486,37.593
2026-08-14T00:52:45.774066,0.155,2.485,37.593
2026-08-14T00:52:45.774231,0.165,2.464,37.593
2026-08-14T00:52:45.775467,1.233,2.474,37.593
2026-08-14T00:52:45.777799,2.330,2.496,37.593
2026-08-14T00:52:45.777959,0.164,2.496,37.593
2026-08-14T00:52:45.778090,0.135,2.486,37.593
2026-08-14T00:52:45.778226,0.137,2.486,37.593
2026-08-14T00:52:45.779432,1.202,2.496,37.593
2026-08-14T00:52:45.779565,0.136,2.496,37.593
2026-08-14T00:52:45.779690,0.126,2.475,37.593
2026-08-14T00:52:45.779826,0.124,2.164,37.593
2026-08-14T00:52:45.817468,37.624,2.496,37.624
2026-08-14T00:52:45.817640,0.192,2.497,37.624
2026-08-14T00:52:45.817781,0.147,2.497,37.624
2026-08-14T00:52:45.820117,2.329,2.497,37.624
2026-08-14T00:52:45.820271,0.160,2.497,37.624
2026-08-14T00:52:45.822567,2.293,2.519,37.624
2026-08-14T00:52:45.822714,0.150,2.498,37.624
2026-08-14T00:52:45.825001,2.284,2.519,37.624
2026-08-14T00:52:45.825148,0.150,2.509,37.624
2026-08-14T00:52:45.825284,0.138,2.509,37.624
2026-08-14T00:52:45.825462,0.175,2.509,37.624
2026-08-14T00:52:45.827773,2.310,2.530,37.624
2026-08-14T00:52:45.827951,0.180,2.509,37.624
2026-08-14T00:52:45.828092,0.144,2.509,37.624
2026-08-14T00:52:45.828226,0.134,2.509,37.624
2026-08-14T00:52:45.828365,0.138,2.509,37.624
2026-08-14T00:52:45.828491,0.128,2.487,37.624
2026-08-14T00:52:45.828616,0.126,2.487,37.624
2026-08-14T00:52:45.830905,2.284,2.508,37.624
2026-08-14T00:52:45.832672,1.757,2.524,37.624
2026-08-14T00:52:45.867342,34.607,2.495,37.624
2026-08-14T00:52:45.867559,0.279,2.496,37.624
2026-08-14T00:52:45.867709,0.161,2.496,37.624
2026-08-14T00:52:45.870002,2.292,2.496,37.624
2026-08-14T00:52:45.870147,0.148,2.496,37.624
2026-08-14T00:52:45.872453,2.295,2.507,37.624
2026-08-14T00:52:45.872606,0.163,2.507,37.624
2026-08-14T00:52:45.872736,0.134,2.474,37.624
2026-08-14T00:52:45.872879,0.141,2.473,37.624
2026-08-14T00:52:45.873017,0.139,2.473,37.624
2026-08-14T00:52:45.875347,2.325,2.494,37.624
2026-08-14T00:52:45.875499,0.156,2.472,37.624
2026-08-14T00:52:45.875656,0.158,2.471,37.624
2026-08-14T00:52:45.876886,1.224,2.482,37.624
2026-08-14T00:52:45.877026,0.145,2.482,37.624
2026-08-14T00:52:45.877165,0.141,2.482,37.624
2026-08-14T00:52:45.879444,2.275,2.503,37.624
2026-08-14T00:52:45.879582,0.141,2.503,37.624
2026-08-14T00:52:45.879710,0.130,2.503,37.624
2026-08-14T00:52:45.879851,0.127,2.475,37.624
2026-08-14T00:52:45.917497,37.621,2.502,37.624
2026-08-14T00:52:45.917683,0.213,2.501,37.624
2026-08-14T00:52:45.917842,0.153,2.501,37.624
2026-08-14T00:52:45.920154,2.319,2.502,37.624
2026-08-14T00:52:45.920310,0.160,2.502,37.624
2026-08-14T00:52:45.921542,1.226,2.513,37.624
2026-08-14T00:52:45.924918,3.380,2.545,37.624
2026-08-14T00:52:45.925058,0.145,2.524,37.624
2026-08-14T00:52:45.925189,0.133,2.524,37.624
2026-08-14T00:52:45.925313,0.125,2.514,37.624
2026-08-14T00:52:45.925484,0.169,2.514,37.624
2026-08-14T00:52:45.927787,2.300,2.524,37.624
2026-08-14T00:52:45.927964,0.178,2.524,37.624
2026-08-14T00:52:45.928106,0.144,2.503,37.624
2026-08-14T00:52:45.929328,1.219,2.513,37.624
2026-08-14T00:52:45.929477,0.151,2.513,37.624
2026-08-14T00:52:45.929605,0.130,2.503,37.624
2026-08-14T00:52:45.929730,0.126,2.503,37.624
2026-08-14T00:52:45.932029,2.292,2.524,37.624
2026-08-14T00:52:45.932170,0.146,2.525,37.624
2026-08-14T00:52:45.967608,35.427,2.503,37.624
2026-08-14T00:52:45.967762,0.160,2.503,37.624
2026-08-14T00:52:45.967913,0.153,2.503,37.624
2026-08-14T00:52:45.970209,2.293,2.503,37.624
2026-08-14T00:52:45.970353,0.148,2.502,37.624
2026-08-14T00:52:45.970488,0.136,2.492,37.624
2026-08-14T00:52:45.970618,0.131,2.491,37.624
2026-08-14T00:52:45.972911,2.288,2.481,37.624
2026-08-14T00:52:45.973057,0.150,2.481,37.624
2026-08-14T00:52:45.975366,2.303,2.503,37.624
2026-08-14T00:52:45.975551,0.187,2.503,37.624
2026-08-14T00:52:45.975696,0.149,2.470,37.624
2026-08-14T00:52:45.975869,0.170,2.470,37.624
2026-08-14T00:52:45.976017,0.150,2.470,37.624
2026-08-14T00:52:45.976156,0.139,2.470,37.624
2026-08-14T00:52:45.976300,0.144,2.470,37.624
2026-08-14T00:52:45.979647,3.345,2.503,37.624
2026-08-14T00:52:45.979784,0.141,2.503,37.624
2026-08-14T00:52:45.979923,0.139,2.503,37.624
2026-08-14T00:52:45.980054,0.133,2.481,37.624
2026-08-14T00:52:46.017614,37.548,2.503,37.624
2026-08-14T00:52:46.017767,0.159,2.503,37.624
2026-08-14T00:52:46.017918,0.153,2.503,37.624
2026-08-14T00:52:46.020214,2.294,2.503,37.624
2026-08-14T00:52:46.020359,0.148,2.503,37.624
2026-08-14T00:52:46.022650,2.289,2.524,37.624
2026-08-14T00:52:46.022793,0.145,2.503,37.624
2026-08-14T00:52:46.025088,2.291,2.524,37.624
2026-08-14T00:52:46.025233,0.148,2.513,37.624
2026-08-14T00:52:46.025365,0.135,2.513,37.624
2026-08-14T00:52:46.025553,0.184,2.513,37.624
2026-08-14T00:52:46.027879,2.324,2.524,37.624
2026-08-14T00:52:46.028052,0.175,2.503,37.624
2026-08-14T00:52:46.028189,0.143,2.502,37.624
2026-08-14T00:52:46.028304,0.118,2.502,37.624
2026-08-14T00:52:46.029508,1.199,2.513,37.624
2026-08-14T00:52:46.029635,0.129,2.502,37.624
2026-08-14T00:52:46.029752,0.119,2.502,37.624
2026-08-14T00:52:46.032015,2.259,2.523,37.624
2026-08-14T00:52:46.032654,0.630,2.528,37.624
2026-08-14T00:52:46.067299,34.581,2.498,37.621
2026-08-14T00:52:46.067504,0.265,2.499,37.621
2026-08-14T00:52:46.067646,0.154,2.499,37.621
2026-08-14T00:52:46.069936,2.285,2.498,37.621
2026-08-14T00:52:46.070081,0.149,2.498,37.621
2026-08-14T00:52:46.070215,0.137,2.477,37.621
2026-08-14T00:52:46.072493,2.275,2.498,37.621
2026-08-14T00:52:46.072629,0.139,2.476,37.621
2026-08-14T00:52:46.073868,1.234,2.487,37.621
2026-08-14T00:52:46.074010,0.146,2.487,37.621
2026-08-14T00:52:46.074190,0.179,2.487,37.621
2026-08-14T00:52:46.075427,1.234,2.477,37.621
2026-08-14T00:52:46.077785,2.355,2.498,37.621
2026-08-14T00:52:46.077945,0.164,2.499,37.621
2026-08-14T00:52:46.078082,0.139,2.499,37.621
2026-08-14T00:52:46.078224,0.143,2.499,37.621
2026-08-14T00:52:46.078350,0.128,2.499,37.621
2026-08-14T00:52:46.080624,2.270,2.520,37.621
2026-08-14T00:52:46.081854,1.220,2.509,37.621
2026-08-14T00:52:46.081987,0.147,2.493,37.621
2026-08-14T00:52:46.117559,35.511,2.502,37.621
2026-08-14T00:52:46.117759,0.250,2.502,37.621
2026-08-14T00:52:46.117915,0.162,2.502,37.621
2026-08-14T00:52:46.120207,2.291,2.502,37.621
2026-08-14T00:52:46.120347,0.144,2.502,37.621
2026-08-14T00:52:46.121562,1.212,2.491,37.621
2026-08-14T00:52:46.121701,0.142,2.491,37.621
2026-08-14T00:52:46.123987,2.283,2.512,37.621
2026-08-14T00:52:46.124127,0.142,2.512,37.621
2026-08-14T00:52:46.125350,1.221,2.523,37.621
2026-08-14T00:52:46.125538,0.188,2.502,37.621
2026-08-14T00:52:46.127852,2.304,2.523,37.621
2026-08-14T00:52:46.128020,0.179,2.524,37.621
2026-08-14T00:52:46.128164,0.144,2.513,37.621
2026-08-14T00:52:46.128293,0.131,2.513,37.621
2026-08-14T00:52:46.129514,1.217,2.523,37.621
2026-08-14T00:52:46.129654,0.143,2.502,37.621
2026-08-14T00:52:46.129784,0.131,2.502,37.621
2026-08-14T00:52:46.129924,0.138,2.502,37.621
2026-08-14T00:52:46.132209,2.284,2.524,37.621
2026-08-14T00:52:46.167645,35.426,2.502,37.548
2026-08-14T00:52:46.167800,0.161,2.501,37.548
2026-08-14T00:52:46.167960,0.161,2.501,37.548
2026-08-14T00:52:46.170254,2.292,2.501,37.548
2026-08-14T00:52:46.170400,0.149,2.501,37.548
2026-08-14T00:52:46.170537,0.139,2.490,37.548
2026-08-14T00:52:46.170668,0.131,2.458,37.548
2026-08-14T00:52:46.172977,2.301,2.479,37.548
2026-08-14T00:52:46.173126,0.154,2.479,37.548
2026-08-14T00:52:46.175410,2.283,2.501,37.548
2026-08-14T00:52:46.175581,0.173,2.501,37.548
2026-08-14T00:52:46.175719,0.141,2.479,37.548
2026-08-14T00:52:46.175885,0.163,2.479,37.548
2026-08-14T00:52:46.177107,1.219,2.490,37.548
2026-08-14T00:52:46.177246,0.144,2.479,37.548
2026-08-14T00:52:46.177380,0.136,2.479,37.548
2026-08-14T00:52:46.178600,1.216,2.490,37.548
2026-08-14T00:52:46.179822,1.212,2.501,37.548
2026-08-14T00:52:46.182139,2.324,2.501,37.548
2026-08-14T00:52:46.182276,0.141,2.501,37.548
2026-08-14T00:52:46.217687,35.402,2.501,37.548
2026-08-14T00:52:46.217847,0.154,2.501,37.548
2026-08-14T00:52:46.217988,0.155,2.501,37.548
2026-08-14T00:52:46.220276,2.285,2.501,37.548
2026-08-14T00:52:46.220423,0.148,2.501,37.548
2026-08-14T00:52:46.221639,1.215,2.511,37.548
2026-08-14T00:52:46.225003,3.362,2.544,37.548
2026-08-14T00:52:46.225143,0.144,2.522,37.548
2026-08-14T00:52:46.225274,0.133,2.522,37.548
2026-08-14T00:52:46.225402,0.129,2.500,37.548
2026-08-14T00:52:46.225564,0.159,2.500,37.548
2026-08-14T00:52:46.227878,2.313,2.522,37.548
2026-08-14T00:52:46.228038,0.162,2.522,37.548
2026-08-14T00:52:46.228167,0.132,2.522,37.548
2026-08-14T00:52:46.228289,0.123,2.521,37.548
2026-08-14T00:52:46.228420,0.131,2.521,37.548
2026-08-14T00:52:46.228540,0.121,2.489,37.548
2026-08-14T00:52:46.228684,0.142,2.489,37.548
2026-08-14T00:52:46.230959,2.273,2.510,37.548
2026-08-14T00:52:46.231093,0.136,2.510,37.548
2026-08-14T00:52:46.267275,36.100,2.496,36.100
2026-08-14T00:52:46.267492,0.286,2.497,36.100
2026-08-14T00:52:46.267643,0.160,2.497,36.100
2026-08-14T00:52:46.269936,2.292,2.497,36.100
2026-08-14T00:52:46.270082,0.150,2.497,36.100
2026-08-14T00:52:46.270215,0.136,2.476,36.100
2026-08-14T00:52:46.270343,0.128,2.476,36.100
2026-08-14T00:52:46.272620,2.272,2.475,36.100
2026-08-14T00:52:46.272763,0.145,2.475,36.100
2026-08-14T00:52:46.274004,1.235,2.486,36.100
2026-08-14T00:52:46.274198,0.198,2.486,36.100
2026-08-14T00:52:46.275434,1.237,2.476,36.100
2026-08-14T00:52:46.275600,0.167,2.476,36.100
2026-08-14T00:52:46.276830,1.215,2.486,36.100
2026-08-14T00:52:46.276977,0.160,2.487,36.100
2026-08-14T00:52:46.277120,0.147,2.476,36.100
2026-08-14T00:52:46.279399,2.275,2.498,36.100
2026-08-14T00:52:46.279537,0.141,2.498,36.100
2026-08-14T00:52:46.279665,0.129,2.477,36.100
2026-08-14T00:52:46.279789,0.127,2.471,36.100
2026-08-14T00:52:46.317490,37.653,2.502,37.653
2026-08-14T00:52:46.317682,0.224,2.502,37.653
2026-08-14T00:52:46.317844,0.154,2.502,37.653
2026-08-14T00:52:46.320162,2.328,2.502,37.653
2026-08-14T00:52:46.320315,0.160,2.502,37.653
2026-08-14T00:52:46.321539,1.222,2.513,37.653
2026-08-14T00:52:46.321678,0.144,2.492,37.653
2026-08-14T00:52:46.325026,3.343,2.524,37.653
2026-08-14T00:52:46.325172,0.148,2.513,37.653
2026-08-14T00:52:46.325304,0.135,2.513,37.653
2026-08-14T00:52:46.325476,0.171,2.513,37.653
2026-08-14T00:52:46.327779,2.301,2.524,37.653
2026-08-14T00:52:46.327957,0.178,2.502,37.653
2026-08-14T00:52:46.328094,0.141,2.502,37.653
2026-08-14T00:52:46.328221,0.127,2.501,37.653
2026-08-14T00:52:46.328356,0.136,2.501,37.653
2026-08-14T00:52:46.329583,1.222,2.512,37.653
2026-08-14T00:52:46.329723,0.143,2.491,37.653
2026-08-14T00:52:46.329864,0.140,2.480,37.653
2026-08-14T00:52:46.332149,2.281,2.502,37.653
2026-08-14T00:52:46.367860,35.631,2.503,37.653
2026-08-14T00:52:46.368083,0.293,2.503,37.653
2026-08-14T00:52:46.368238,0.165,2.503,37.653
2026-08-14T00:52:46.369563,1.304,2.493,37.653
2026-08-14T00:52:46.369730,0.187,2.494,37.653
2026-08-14T00:52:46.369885,0.157,2.483,37.653
2026-08-14T00:52:46.373258,3.369,2.516,37.653
2026-08-14T00:52:46.373397,0.145,2.494,37.653
2026-08-14T00:52:46.374622,1.222,2.505,37.653
2026-08-14T00:52:46.374761,0.142,2.494,37.653
2026-08-14T00:52:46.374953,0.189,2.494,37.653
2026-08-14T00:52:46.375096,0.146,2.473,37.653
2026-08-14T00:52:46.377414,2.314,2.494,37.653
2026-08-14T00:52:46.377559,0.148,2.494,37.653
2026-08-14T00:52:46.377687,0.130,2.494,37.653
2026-08-14T00:52:46.377842,0.139,2.483,37.653
2026-08-14T00:52:46.379062,1.232,2.494,37.653
2026-08-14T00:52:46.380276,1.214,2.505,37.653
2026-08-14T00:52:46.381517,1.240,2.516,37.653
2026-08-14T00:52:46.381659,0.144,2.495,37.653
2026-08-14T00:52:46.417081,35.411,2.494,37.653
2026-08-14T00:52:46.417234,0.160,2.494,37.653
2026-08-14T00:52:46.417369,0.139,2.494,37.653
2026-08-14T00:52:46.420728,3.357,2.505,37.653
2026-08-14T00:52:46.420878,0.150,2.505,37.653
2026-08-14T00:52:46.422095,1.216,2.516,37.653
2026-08-14T00:52:46.422233,0.141,2.516,37.653
2026-08-14T00:52:46.425579,3.343,2.526,37.653
2026-08-14T00:52:46.425713,0.138,2.526,37.653
2026-08-14T00:52:46.425851,0.127,2.504,37.653
2026-08-14T00:52:46.426014,0.172,2.504,37.653
2026-08-14T00:52:46.428315,2.298,2.526,37.653
2026-08-14T00:52:46.428479,0.165,2.526,37.653
2026-08-14T00:52:46.428611,0.135,2.515,37.653
2026-08-14T00:52:46.428738,0.127,2.515,37.653
2026-08-14T00:52:46.428886,0.147,2.515,37.653
2026-08-14T00:52:46.429019,0.135,2.504,37.653
2026-08-14T00:52:46.429143,0.125,2.493,37.653
2026-08-14T00:52:46.430348,1.201,2.482,37.653
2026-08-14T00:52:46.431576,1.227,2.493,37.653
2026-08-14T00:52:46.467675,36.032,2.499,37.653
2026-08-14T00:52:46.467908,0.285,2.501,37.653
2026-08-14T00:52:46.468075,0.178,2.501,37.653
2026-08-14T00:52:46.470383,2.305,2.501,37.653
2026-08-14T00:52:46.470556,0.179,2.501,37.653
2026-08-14T00:52:46.470700,0.146,2.491,37.653
2026-08-14T00:52:46.472993,2.289,2.480,37.653
2026-08-14T00:52:46.473136,0.147,2.480,37.653
2026-08-14T00:52:46.475436,2.297,2.502,37.653
2026-08-14T00:52:46.475577,0.144,2.502,37.653
2026-08-14T00:52:46.475760,0.182,2.502,37.653
2026-08-14T00:52:46.475917,0.158,2.480,37.653
2026-08-14T00:52:46.477180,1.258,2.491,37.653
2026-08-14T00:52:46.477327,0.152,2.492,37.653
2026-08-14T00:52:46.477458,0.133,2.492,37.653
2026-08-14T00:52:46.477597,0.139,2.492,37.653
2026-08-14T00:52:46.479918,2.313,2.514,37.653
2026-08-14T00:52:46.480068,0.154,2.514,37.653
2026-08-14T00:52:46.482351,2.282,2.514,37.653
2026-08-14T00:52:46.482487,0.141,2.514,37.653
2026-08-14T00:52:46.517913,35.408,2.507,37.653
2026-08-14T00:52:46.518069,0.168,2.506,37.653
2026-08-14T00:52:46.518223,0.147,2.506,37.653
2026-08-14T00:52:46.520607,2.363,2.506,37.653
2026-08-14T00:52:46.520793,0.208,2.507,37.653
2026-08-14T00:52:46.521031,0.242,2.508,37.653
2026-08-14T00:52:46.524393,3.363,2.540,37.653
2026-08-14T00:52:46.524599,0.207,2.520,37.653
2026-08-14T00:52:46.524734,0.141,2.520,37.653
2026-08-14T00:52:46.524872,0.137,2.509,37.653
2026-08-14T00:52:46.525060,0.183,2.509,37.653
2026-08-14T00:52:46.528445,3.385,2.530,37.653
2026-08-14T00:52:46.528616,0.174,2.530,37.653
2026-08-14T00:52:46.528823,0.198,2.520,37.653
2026-08-14T00:52:46.528966,0.152,2.520,37.653
2026-08-14T00:52:46.529108,0.144,2.520,37.653
2026-08-14T00:52:46.529234,0.128,2.498,37.653
2026-08-14T00:52:46.529358,0.124,2.498,37.653
2026-08-14T00:52:46.529481,0.123,2.498,37.653
2026-08-14T00:52:46.531762,2.274,2.520,37.653
2026-08-14T00:52:46.564105,32.312,2.466,36.032
2026-08-14T00:52:46.567499,3.416,2.498,36.032
2026-08-14T00:52:46.567648,0.158,2.498,36.032
2026-08-14T00:52:46.567778,0.134,2.476,36.032
2026-08-14T00:52:46.570076,2.292,2.498,36.032
2026-08-14T00:52:46.570221,0.148,2.487,36.032
2026-08-14T00:52:46.570355,0.137,2.487,36.032
2026-08-14T00:52:46.570479,0.125,2.455,36.032
2026-08-14T00:52:46.572756,2.271,2.476,36.032
2026-08-14T00:52:46.572910,0.156,2.476,36.032
2026-08-14T00:52:46.574130,1.216,2.487,36.032
2026-08-14T00:52:46.574314,0.186,2.465,36.032
2026-08-14T00:52:46.575552,1.238,2.476,36.032
2026-08-14T00:52:46.575712,0.164,2.476,36.032
2026-08-14T00:52:46.576979,1.264,2.488,36.032
2026-08-14T00:52:46.577111,0.136,2.488,36.032
2026-08-14T00:52:46.577242,0.132,2.477,36.032
2026-08-14T00:52:46.578455,1.209,2.487,36.032
2026-08-14T00:52:46.579688,1.233,2.498,36.032
2026-08-14T00:52:46.581980,2.291,2.498,36.032
2026-08-14T00:52:46.582111,0.136,2.143,36.032
2026-08-14T00:52:46.617683,35.509,2.496,36.032
2026-08-14T00:52:46.617906,0.269,2.497,36.032
2026-08-14T00:52:46.618060,0.166,2.485,36.032
2026-08-14T00:52:46.620348,2.287,2.506,36.032
2026-08-14T00:52:46.620490,0.145,2.506,36.032
2026-08-14T00:52:46.622779,2.286,2.495,36.032
2026-08-14T00:52:46.622934,0.157,2.495,36.032
2026-08-14T00:52:46.625217,2.281,2.506,36.032
2026-08-14T00:52:46.625356,0.143,2.506,36.032
2026-08-14T00:52:46.625495,0.138,2.505,36.032
2026-08-14T00:52:46.625677,0.179,2.506,36.032
2026-08-14T00:52:46.627990,2.312,2.506,36.032
2026-08-14T00:52:46.628146,0.161,2.506,36.032
2026-08-14T00:52:46.628277,0.132,2.506,36.032
2026-08-14T00:52:46.628396,0.121,2.506,36.032
2026-08-14T00:52:46.628524,0.128,2.495,36.032
2026-08-14T00:52:46.628643,0.119,2.484,36.032
2026-08-14T00:52:46.628760,0.118,2.473,36.032
2026-08-14T00:52:46.631028,2.262,2.494,36.032
2026-08-14T00:52:46.631159,0.134,2.141,36.032
2026-08-14T00:52:46.667366,36.117,2.500,36.117
2026-08-14T00:52:46.667607,0.306,2.502,36.117
2026-08-14T00:52:46.667785,0.190,2.470,36.117
2026-08-14T00:52:46.670144,2.345,2.492,36.117
2026-08-14T00:52:46.670322,0.195,2.482,36.117
2026-08-14T00:52:46.670471,0.154,2.482,36.117
2026-08-14T00:52:46.672802,2.313,2.472,36.117
2026-08-14T00:52:46.672993,0.201,2.473,36.117
2026-08-14T00:52:46.675372,2.353,2.495,36.117
2026-08-14T00:52:46.675570,0.221,2.495,36.117
2026-08-14T00:52:46.675803,0.236,2.475,36.117
2026-08-14T00:52:46.675999,0.199,2.475,36.117
2026-08-14T00:52:46.677293,1.287,2.487,36.117
2026-08-14T00:52:46.677466,0.180,2.487,36.117
2026-08-14T00:52:46.677617,0.154,2.487,36.117
2026-08-14T00:52:46.677773,0.158,2.488,36.117
2026-08-14T00:52:46.680197,2.384,2.510,36.117
2026-08-14T00:52:46.680405,0.212,2.500,36.117
2026-08-14T00:52:46.682688,2.318,2.511,36.117
2026-08-14T00:52:46.682833,0.142,2.152,36.117
2026-08-14T00:52:46.717168,34.322,2.493,36.117
2026-08-14T00:52:46.717341,0.183,2.493,36.117
2026-08-14T00:52:46.717489,0.153,2.471,36.117
2026-08-14T00:52:46.719824,2.317,2.492,36.117
2026-08-14T00:52:46.719986,0.177,2.493,36.117
2026-08-14T00:52:46.721215,1.231,2.482,36.117
2026-08-14T00:52:46.721362,0.146,2.482,36.117
2026-08-14T00:52:46.724736,3.370,2.493,36.117
2026-08-14T00:52:46.724898,0.168,2.493,36.117
2026-08-14T00:52:46.725033,0.140,2.493,36.117
2026-08-14T00:52:46.725215,0.180,2.493,36.117
2026-08-14T00:52:46.727622,2.387,2.504,36.117
2026-08-14T00:52:46.727842,0.218,2.505,36.117
2026-08-14T00:52:46.727996,0.174,2.505,36.117
2026-08-14T00:52:46.728127,0.134,2.505,36.117
2026-08-14T00:52:46.728273,0.145,2.484,36.117
2026-08-14T00:52:46.729553,1.262,2.495,36.117
2026-08-14T00:52:46.729716,0.177,2.474,36.117
2026-08-14T00:52:46.729865,0.150,2.474,36.117
2026-08-14T00:52:46.732147,2.282,2.142,36.117
2026-08-14T00:52:46.767607,35.440,2.495,36.117
2026-08-14T00:52:46.767781,0.189,2.496,36.117
2026-08-14T00:52:46.767937,0.161,2.474,36.117
2026-08-14T00:52:46.770247,2.303,2.495,36.117
2026-08-14T00:52:46.770404,0.163,2.494,36.117
2026-08-14T00:52:46.770547,0.147,2.462,36.117
2026-08-14T00:52:46.772846,2.287,2.482,36.117
2026-08-14T00:52:46.772991,0.154,2.483,36.117
2026-08-14T00:52:46.775338,2.334,2.504,36.117
2026-08-14T00:52:46.775494,0.171,2.504,36.117
2026-08-14T00:52:46.775678,0.184,2.472,36.117
2026-08-14T00:52:46.775838,0.148,2.472,36.117
2026-08-14T00:52:46.777103,1.271,2.483,36.117
2026-08-14T00:52:46.777252,0.156,2.483,36.117
2026-08-14T00:52:46.777383,0.133,2.483,36.117
2026-08-14T00:52:46.777526,0.142,2.483,36.117
2026-08-14T00:52:46.779820,2.279,2.504,36.117
2026-08-14T00:52:46.779964,0.157,2.505,36.117
2026-08-14T00:52:46.782276,2.308,2.505,36.117
2026-08-14T00:52:46.782422,0.151,2.184,36.117
2026-08-14T00:52:46.817888,35.448,2.504,36.117
2026-08-14T00:52:46.818052,0.176,2.504,36.117
2026-08-14T00:52:46.818190,0.144,2.504,36.117
2026-08-14T00:52:46.820486,2.290,2.504,36.117
2026-08-14T00:52:46.820636,0.154,2.504,36.117
2026-08-14T00:52:46.821873,1.232,2.515,36.117
2026-08-14T00:52:46.825253,3.379,2.548,36.117
2026-08-14T00:52:46.825405,0.158,2.526,36.117
2026-08-14T00:52:46.825543,0.141,2.526,36.117
2026-08-14T00:52:46.825676,0.134,2.516,36.117
2026-08-14T00:52:46.825868,0.185,2.515,36.117
2026-08-14T00:52:46.827118,1.252,2.516,36.117
2026-08-14T00:52:46.827288,0.173,2.516,36.117
2026-08-14T00:52:46.827426,0.140,2.504,36.117
2026-08-14T00:52:46.829721,2.289,2.526,36.117
2026-08-14T00:52:46.829885,0.167,2.526,36.117
2026-08-14T00:52:46.830023,0.140,2.516,36.117
2026-08-14T00:52:46.830152,0.131,2.505,36.117
2026-08-14T00:52:46.832431,2.274,2.504,36.117
2026-08-14T00:52:46.832570,0.143,2.505,36.117
2026-08-14T00:52:46.867672,35.018,2.500,36.117
2026-08-14T00:52:46.867900,0.291,2.500,36.117
2026-08-14T00:52:46.868054,0.174,2.500,36.117
2026-08-14T00:52:46.870425,2.339,2.500,36.117
2026-08-14T00:52:46.870599,0.202,2.501,36.117
2026-08-14T00:52:46.870741,0.148,2.480,36.117
2026-08-14T00:52:46.870888,0.145,2.480,36.117
2026-08-14T00:52:46.873180,2.288,2.480,36.117
2026-08-14T00:52:46.873323,0.148,2.480,36.117
2026-08-14T00:52:46.875607,2.280,2.501,36.117
2026-08-14T00:52:46.875799,0.193,2.501,36.117
2026-08-14T00:52:46.875964,0.166,2.480,36.117
2026-08-14T00:52:46.876126,0.163,2.480,36.117
2026-08-14T00:52:46.876317,0.192,2.480,36.117
2026-08-14T00:52:46.876448,0.133,2.480,36.117
2026-08-14T00:52:46.876587,0.139,2.481,36.117
2026-08-14T00:52:46.876715,0.129,2.481,36.117
2026-08-14T00:52:46.879018,2.297,2.502,36.117
2026-08-14T00:52:46.879153,0.141,2.481,36.117
2026-08-14T00:52:46.879276,0.125,2.481,36.117
2026-08-14T00:52:46.918011,38.686,2.507,38.686
2026-08-14T00:52:46.918198,0.222,2.506,38.686
2026-08-14T00:52:46.918344,0.154,2.506,38.686
2026-08-14T00:52:46.919607,1.260,2.495,38.686
2026-08-14T00:52:46.919750,0.148,2.494,38.686
2026-08-14T00:52:46.920973,1.214,2.505,38.686
2026-08-14T00:52:46.924336,3.367,2.515,38.686
2026-08-14T00:52:46.924536,0.204,2.516,38.686
2026-08-14T00:52:46.924676,0.140,2.493,38.686
2026-08-14T00:52:46.924807,0.133,2.493,38.686
2026-08-14T00:52:46.925006,0.195,2.492,38.686
2026-08-14T00:52:46.928467,3.457,2.525,38.686
2026-08-14T00:52:46.928642,0.178,2.514,38.686
2026-08-14T00:52:46.928778,0.140,2.513,38.686
2026-08-14T00:52:46.928922,0.142,2.513,38.686
2026-08-14T00:52:46.929071,0.150,2.513,38.686
2026-08-14T00:52:46.929199,0.130,2.490,38.686
2026-08-14T00:52:46.929324,0.125,2.490,38.686
2026-08-14T00:52:46.931595,2.267,2.489,38.686
2026-08-14T00:52:46.931730,0.139,2.489,38.686
2026-08-14T00:52:46.967144,35.400,2.500,38.686
2026-08-14T00:52:46.967302,0.165,2.500,38.686
2026-08-14T00:52:46.967438,0.140,2.500,38.686
2026-08-14T00:52:46.969734,2.290,2.499,38.686
2026-08-14T00:52:46.969897,0.165,2.499,38.686
2026-08-14T00:52:46.970041,0.147,2.488,38.686
2026-08-14T00:52:46.972356,2.307,2.510,38.686
2026-08-14T00:52:46.972505,0.155,2.478,38.686
2026-08-14T00:52:46.973779,1.273,2.489,38.686
2026-08-14T00:52:46.973947,0.170,2.489,38.686
2026-08-14T00:52:46.974126,0.179,2.489,38.686
2026-08-14T00:52:46.975363,1.236,2.478,38.686
2026-08-14T00:52:46.977694,2.329,2.499,38.686
2026-08-14T00:52:46.977904,0.150,2.498,38.686
2026-08-14T00:52:46.978043,0.205,2.499,38.686
2026-08-14T00:52:46.978181,0.138,2.499,38.686
2026-08-14T00:52:46.978306,0.127,2.488,38.686
2026-08-14T00:52:46.980587,2.275,2.509,38.686
2026-08-14T00:52:46.981836,1.236,2.520,38.686
2026-08-14T00:52:46.981983,0.161,2.498,38.686
2026-08-14T00:52:47.017459,35.460,2.499,38.686
2026-08-14T00:52:47.017623,0.176,2.498,38.686
2026-08-14T00:52:47.017762,0.145,2.498,38.686
2026-08-14T00:52:47.020068,2.300,2.498,38.686
2026-08-14T00:52:47.020216,0.152,2.498,38.686
2026-08-14T00:52:47.022511,2.292,2.520,38.686
2026-08-14T00:52:47.022660,0.152,2.498,38.686
2026-08-14T00:52:47.024942,2.282,2.520,38.686
2026-08-14T00:52:47.025080,0.140,2.498,38.686
2026-08-14T00:52:47.025206,0.128,2.497,38.686
2026-08-14T00:52:47.025365,0.157,2.497,38.686
2026-08-14T00:52:47.027669,2.301,2.518,38.686
2026-08-14T00:52:47.027848,0.167,2.507,38.686
2026-08-14T00:52:47.027991,0.158,2.507,38.686
2026-08-14T00:52:47.028117,0.129,2.507,38.686
2026-08-14T00:52:47.029334,1.212,2.518,38.686
2026-08-14T00:52:47.029473,0.143,2.497,38.686
2026-08-14T00:52:47.029600,0.128,2.496,38.686
2026-08-14T00:52:47.031888,2.283,2.496,38.686
2026-08-14T00:52:47.032026,0.142,2.496,38.686
2026-08-14T00:52:47.067176,35.072,2.492,38.686
2026-08-14T00:52:47.067400,0.287,2.493,38.686
2026-08-14T00:52:47.067554,0.165,2.494,38.686
2026-08-14T00:52:47.069870,2.310,2.494,38.686
2026-08-14T00:52:47.070030,0.166,2.494,38.686
2026-08-14T00:52:47.070173,0.146,2.483,38.686
2026-08-14T00:52:47.070308,0.136,2.451,38.686
2026-08-14T00:52:47.072600,2.285,2.472,38.686
2026-08-14T00:52:47.072751,0.155,2.472,38.686
2026-08-14T00:52:47.075061,2.306,2.494,38.686
2026-08-14T00:52:47.075260,0.205,2.494,38.686
2026-08-14T00:52:47.075395,0.139,2.483,38.686
2026-08-14T00:52:47.075546,0.150,2.483,38.686
2026-08-14T00:52:47.076756,1.206,2.493,38.686
2026-08-14T00:52:47.076903,0.149,2.472,38.686
2026-08-14T00:52:47.077038,0.139,2.472,38.686
2026-08-14T00:52:47.079309,2.267,2.493,38.686
2026-08-14T00:52:47.079439,0.134,2.493,38.686
2026-08-14T00:52:47.079559,0.121,2.471,38.686
2026-08-14T00:52:47.079679,0.120,2.471,38.686
2026-08-14T00:52:47.117444,37.697,2.498,38.686
2026-08-14T00:52:47.117664,0.273,2.498,38.686
2026-08-14T00:52:47.117825,0.157,2.498,38.686
2026-08-14T00:52:47.120136,2.316,2.497,38.686
2026-08-14T00:52:47.120310,0.180,2.497,38.686
2026-08-14T00:52:47.121531,1.220,2.508,38.686
2026-08-14T00:52:47.123833,2.292,2.529,38.686
2026-08-14T00:52:47.123988,0.162,2.508,38.686
2026-08-14T00:52:47.125269,1.276,2.519,38.686
2026-08-14T00:52:47.125430,0.166,2.498,38.686
2026-08-14T00:52:47.125647,0.214,2.498,38.686
2026-08-14T00:52:47.127983,2.343,2.520,38.686
2026-08-14T00:52:47.128152,0.172,2.520,38.686
2026-08-14T00:52:47.128287,0.139,2.520,38.686
2026-08-14T00:52:47.129502,1.210,2.531,38.686
2026-08-14T00:52:47.129651,0.152,2.531,38.686
2026-08-14T00:52:47.129775,0.126,2.531,38.686
2026-08-14T00:52:47.129913,0.137,2.509,38.686
2026-08-14T00:52:47.132193,2.276,2.530,38.686
2026-08-14T00:52:47.132329,0.140,2.531,38.686
2026-08-14T00:52:47.167732,35.392,2.498,37.697
2026-08-14T00:52:47.167899,0.171,2.497,37.697
2026-08-14T00:52:47.168044,0.148,2.497,37.697
2026-08-14T00:52:47.169265,1.216,2.497,37.697
2026-08-14T00:52:47.169414,0.154,2.497,37.697
2026-08-14T00:52:47.170646,1.229,2.497,37.697
2026-08-14T00:52:47.170783,0.144,2.465,37.697
2026-08-14T00:52:47.173070,2.281,2.485,37.697
2026-08-14T00:52:47.173210,0.145,2.485,37.697
2026-08-14T00:52:47.174416,1.203,2.496,37.697
2026-08-14T00:52:47.174588,0.172,2.496,37.697
2026-08-14T00:52:47.174727,0.142,2.463,37.697
2026-08-14T00:52:47.174890,0.160,2.462,37.697
2026-08-14T00:52:47.177179,2.287,2.484,37.697
2026-08-14T00:52:47.177314,0.139,2.484,37.697
2026-08-14T00:52:47.177448,0.136,2.484,37.697
2026-08-14T00:52:47.177572,0.124,2.484,37.697
2026-08-14T00:52:47.179855,2.267,2.505,37.697
2026-08-14T00:52:47.182150,2.307,2.506,37.697
2026-08-14T00:52:47.182286,0.138,2.506,37.697
2026-08-14T00:52:47.217795,35.482,2.506,37.697
2026-08-14T00:52:47.217979,0.202,2.507,37.697
2026-08-14T00:52:47.218123,0.150,2.507,37.697
2026-08-14T00:52:47.220442,2.312,2.507,37.697
2026-08-14T00:52:47.220595,0.159,2.507,37.697
2026-08-14T00:52:47.221826,1.221,2.518,37.697
2026-08-14T00:52:47.225186,3.368,2.528,37.697
2026-08-14T00:52:47.225327,0.146,2.528,37.697
2026-08-14T00:52:47.225456,0.131,2.517,37.697
2026-08-14T00:52:47.225579,0.124,2.516,37.697
2026-08-14T00:52:47.225740,0.158,2.516,37.697
2026-08-14T00:52:47.228059,2.314,2.527,37.697
2026-08-14T00:52:47.228225,0.169,2.505,37.697
2026-08-14T00:52:47.228419,0.137,2.505,37.697
2026-08-14T00:52:47.228550,0.192,2.505,37.697
2026-08-14T00:52:47.228685,0.136,2.505,37.697
2026-08-14T00:52:47.228807,0.124,2.505,37.697
2026-08-14T00:52:47.228954,0.144,2.484,37.697
2026-08-14T00:52:47.232326,3.367,2.505,37.697
2026-08-14T00:52:47.232469,0.148,2.505,37.697
2026-08-14T00:52:47.267434,34.896,2.499,37.697
2026-08-14T00:52:47.267644,0.267,2.500,37.697
2026-08-14T00:52:47.267791,0.158,2.500,37.697
2026-08-14T00:52:47.270108,2.311,2.500,37.697
2026-08-14T00:52:47.270276,0.169,2.501,37.697
2026-08-14T00:52:47.270426,0.154,2.479,37.697
2026-08-14T00:52:47.272758,2.322,2.501,37.697
2026-08-14T00:52:47.272951,0.193,2.480,37.697
2026-08-14T00:52:47.275374,2.400,2.503,37.697
2026-08-14T00:52:47.275562,0.215,2.503,37.697
2026-08-14T00:52:47.275753,0.198,2.504,37.697
2026-08-14T00:52:47.275916,0.163,2.482,37.697
2026-08-14T00:52:47.277185,1.265,2.493,37.697
2026-08-14T00:52:47.277337,0.157,2.493,37.697
2026-08-14T00:52:47.277468,0.134,2.494,37.697
2026-08-14T00:52:47.277610,0.141,2.483,37.697
2026-08-14T00:52:47.278834,1.208,2.493,37.697
2026-08-14T00:52:47.280056,1.232,2.504,37.697
2026-08-14T00:52:47.282385,2.328,2.505,37.697
2026-08-14T00:52:47.282530,0.150,2.505,37.697
2026-08-14T00:52:47.318055,35.489,2.509,37.697
2026-08-14T00:52:47.318236,0.209,2.508,37.697
2026-08-14T00:52:47.318378,0.149,2.508,37.697
2026-08-14T00:52:47.319610,1.228,2.497,37.697
2026-08-14T00:52:47.319753,0.148,2.497,37.697
2026-08-14T00:52:47.322046,2.291,2.519,37.697
2026-08-14T00:52:47.322184,0.140,2.519,37.697
2026-08-14T00:52:47.324470,2.284,2.519,37.697
2026-08-14T00:52:47.324608,0.140,2.519,37.697
2026-08-14T00:52:47.324735,0.128,2.497,37.697
2026-08-14T00:52:47.324922,0.183,2.497,37.697
2026-08-14T00:52:47.328323,3.399,2.529,37.697
2026-08-14T00:52:47.328488,0.169,2.529,37.697
2026-08-14T00:52:47.328631,0.146,2.519,37.697
2026-08-14T00:52:47.328751,0.122,2.519,37.697
2026-08-14T00:52:47.328891,0.138,2.519,37.697
2026-08-14T00:52:47.329020,0.129,2.497,37.697
2026-08-14T00:52:47.329140,0.122,2.497,37.697
2026-08-14T00:52:47.329256,0.116,2.497,37.697
2026-08-14T00:52:47.331523,2.263,2.518,37.697
2026-08-14T00:52:47.367236,35.642,2.498,35.642
2026-08-14T00:52:47.367437,0.260,2.498,35.642
2026-08-14T00:52:47.367576,0.150,2.498,35.642
2026-08-14T00:52:47.369871,2.289,2.497,35.642
2026-08-14T00:52:47.370016,0.149,2.497,35.642
2026-08-14T00:52:47.370151,0.137,2.486,35.642
2026-08-14T00:52:47.370281,0.129,2.465,35.642
2026-08-14T00:52:47.372622,2.315,2.486,35.642
2026-08-14T00:52:47.372791,0.188,2.475,35.642
2026-08-14T00:52:47.375095,2.306,2.497,35.642
2026-08-14T00:52:47.375287,0.193,2.496,35.642
2026-08-14T00:52:47.375431,0.148,2.475,35.642
2026-08-14T00:52:47.375585,0.154,2.474,35.642
2026-08-14T00:52:47.377885,2.295,2.496,35.642
2026-08-14T00:52:47.378025,0.144,2.485,35.642
2026-08-14T00:52:47.378167,0.142,2.485,35.642
2026-08-14T00:52:47.378295,0.130,2.485,35.642
2026-08-14T00:52:47.380566,2.268,2.507,35.642
2026-08-14T00:52:47.381785,1.218,2.496,35.642
2026-08-14T00:52:47.381921,0.141,2.496,35.642
2026-08-14T00:52:47.417398,35.456,2.497,35.642
2026-08-14T00:52:47.417565,0.178,2.497,35.642
2026-08-14T00:52:47.417706,0.147,2.497,35.642
2026-08-14T00:52:47.420003,2.292,2.507,35.642
2026-08-14T00:52:47.420153,0.152,2.507,35.642
2026-08-14T00:52:47.422452,2.295,2.518,35.642
2026-08-14T00:52:47.424740,2.292,2.540,35.642
2026-08-14T00:52:47.424891,0.152,2.518,35.642
2026-08-14T00:52:47.425027,0.139,2.518,35.642
2026-08-14T00:52:47.425151,0.126,2.507,35.642
2026-08-14T00:52:47.425313,0.159,2.507,35.642
2026-08-14T00:52:47.427614,2.299,2.529,35.642
2026-08-14T00:52:47.427778,0.165,2.529,35.642
2026-08-14T00:52:47.427924,0.146,2.507,35.642
2026-08-14T00:52:47.429145,1.220,2.518,35.642
2026-08-14T00:52:47.429292,0.149,2.518,35.642
2026-08-14T00:52:47.429426,0.134,2.519,35.642
2026-08-14T00:52:47.429553,0.128,2.497,35.642
2026-08-14T00:52:47.431844,2.278,2.497,35.642
2026-08-14T00:52:47.431985,0.153,2.497,35.642
2026-08-14T00:52:47.467121,35.060,2.493,35.642
2026-08-14T00:52:47.467329,0.274,2.493,35.642
2026-08-14T00:52:47.467472,0.153,2.494,35.642
2026-08-14T00:52:47.469762,2.287,2.493,35.642
2026-08-14T00:52:47.469924,0.164,2.493,35.642
2026-08-14T00:52:47.470062,0.142,2.483,35.642
2026-08-14T00:52:47.470190,0.129,2.450,35.642
2026-08-14T00:52:47.472468,2.273,2.471,35.642
2026-08-14T00:52:47.472610,0.145,2.472,35.642
2026-08-14T00:52:47.473833,1.211,2.482,35.642
2026-08-14T00:52:47.474027,0.203,2.483,35.642
2026-08-14T00:52:47.475265,1.237,2.472,35.642
2026-08-14T00:52:47.475432,0.171,2.472,35.642
2026-08-14T00:52:47.477720,2.287,2.494,35.642
2026-08-14T00:52:47.477867,0.149,2.493,35.642
2026-08-14T00:52:47.478010,0.145,2.493,35.642
2026-08-14T00:52:47.478133,0.124,2.493,35.642
2026-08-14T00:52:47.480402,2.265,2.514,35.642
2026-08-14T00:52:47.481631,1.229,2.493,35.642
2026-08-14T00:52:47.481765,0.137,2.493,35.642
2026-08-14T00:52:47.517347,35.534,2.499,35.642
2026-08-14T00:52:47.517543,0.231,2.499,35.642
2026-08-14T00:52:47.517681,0.150,2.499,35.642
2026-08-14T00:52:47.519979,2.292,2.499,35.642
2026-08-14T00:52:47.520125,0.151,2.499,35.642
2026-08-14T00:52:47.521342,1.215,2.509,35.642
2026-08-14T00:52:47.521480,0.141,2.487,35.642
2026-08-14T00:52:47.523767,2.285,2.508,35.642
2026-08-14T00:52:47.523925,0.158,2.486,35.642
2026-08-14T00:52:47.525173,1.246,2.496,35.642
2026-08-14T00:52:47.525361,0.190,2.496,35.642
2026-08-14T00:52:47.527668,2.307,2.518,35.642
2026-08-14T00:52:47.527837,0.160,2.506,35.642
2026-08-14T00:52:47.527969,0.145,2.506,35.642
2026-08-14T00:52:47.528090,0.122,2.506,35.642
2026-08-14T00:52:47.528219,0.129,2.506,35.642
2026-08-14T00:52:47.529434,1.210,2.506,35.642
2026-08-14T00:52:47.529567,0.136,2.495,35.642
2026-08-14T00:52:47.529713,0.146,2.473,35.642
2026-08-14T00:52:47.532003,2.284,2.495,35.642
2026-08-14T00:52:47.564233,32.223,2.462,35.642
2026-08-14T00:52:47.567613,3.383,2.494,35.642
2026-08-14T00:52:47.567764,0.156,2.494,35.642
2026-08-14T00:52:47.567920,0.155,2.483,35.642
2026-08-14T00:52:47.570217,2.296,2.505,35.642
2026-08-14T00:52:47.570362,0.148,2.483,35.642
2026-08-14T00:52:47.570498,0.138,2.483,35.642
2026-08-14T00:52:47.572781,2.279,2.483,35.642
2026-08-14T00:52:47.572939,0.159,2.483,35.642
2026-08-14T00:52:47.575253,2.311,2.505,35.642
2026-08-14T00:52:47.575400,0.150,2.505,35.642
2026-08-14T00:52:47.575572,0.173,2.473,35.642
2026-08-14T00:52:47.575718,0.147,2.472,35.642
2026-08-14T00:52:47.576977,1.254,2.483,35.642
2026-08-14T00:52:47.577127,0.154,2.484,35.642
2026-08-14T00:52:47.577261,0.136,2.484,35.642
2026-08-14T00:52:47.577404,0.143,2.484,35.642
2026-08-14T00:52:47.578619,1.211,2.495,35.642
2026-08-14T00:52:47.579835,1.211,2.506,35.642
2026-08-14T00:52:47.582121,2.295,2.506,35.642
2026-08-14T00:52:47.582248,0.130,2.151,35.534
2026-08-14T00:52:47.617785,35.476,2.503,35.534
2026-08-14T00:52:47.618009,0.266,2.504,35.534
2026-08-14T00:52:47.618161,0.165,2.483,35.534
2026-08-14T00:52:47.620499,2.331,2.505,35.534
2026-08-14T00:52:47.620658,0.165,2.505,35.534
2026-08-14T00:52:47.621890,1.232,2.516,35.534
2026-08-14T00:52:47.622038,0.146,2.494,35.534
2026-08-14T00:52:47.625394,3.356,2.526,35.534
2026-08-14T00:52:47.625534,0.146,2.504,35.534
2026-08-14T00:52:47.625663,0.131,2.504,35.534
2026-08-14T00:52:47.625853,0.175,2.504,35.534
2026-08-14T00:52:47.628170,2.325,2.526,35.534
2026-08-14T00:52:47.628340,0.173,2.505,35.534
2026-08-14T00:52:47.628477,0.140,2.505,35.534
2026-08-14T00:52:47.628604,0.128,2.504,35.534
2026-08-14T00:52:47.628741,0.136,2.504,35.534
2026-08-14T00:52:47.628883,0.141,2.483,35.534
2026-08-14T00:52:47.629022,0.137,2.472,35.534
2026-08-14T00:52:47.630260,1.235,2.483,35.534
2026-08-14T00:52:47.631499,1.239,2.141,35.534
2026-08-14T00:52:47.667629,36.059,2.500,36.059
2026-08-14T00:52:47.667848,0.269,2.501,36.059
2026-08-14T00:52:47.668005,0.180,2.480,36.059
2026-08-14T00:52:47.669225,1.218,2.491,36.059
2026-08-14T00:52:47.669368,0.147,2.469,36.059
2026-08-14T00:52:47.670586,1.216,2.458,36.059
2026-08-14T00:52:47.670726,0.143,2.458,36.059
2026-08-14T00:52:47.673018,2.288,2.480,36.059
2026-08-14T00:52:47.673160,0.146,2.480,36.059
2026-08-14T00:52:47.674427,1.209,2.491,36.059
2026-08-14T00:52:47.674618,0.246,2.470,36.059
2026-08-14T00:52:47.674761,0.146,2.470,36.059
2026-08-14T00:52:47.674932,0.169,2.470,36.059
2026-08-14T00:52:47.677227,2.292,2.481,36.059
2026-08-14T00:52:47.677368,0.145,2.481,36.059
2026-08-14T00:52:47.677508,0.142,2.481,36.059
2026-08-14T00:52:47.679789,2.276,2.502,36.059
2026-08-14T00:52:47.679943,0.156,2.481,36.059
2026-08-14T00:52:47.680082,0.140,2.481,36.059
2026-08-14T00:52:47.680213,0.132,2.132,36.059
2026-08-14T00:52:47.717899,37.648,2.505,37.648
2026-08-14T00:52:47.718075,0.208,2.506,37.648
2026-08-14T00:52:47.718210,0.142,2.485,37.648
2026-08-14T00:52:47.720499,2.283,2.506,37.648
2026-08-14T00:52:47.720643,0.149,2.506,37.648
2026-08-14T00:52:47.721870,1.223,2.517,37.648
2026-08-14T00:52:47.725232,3.361,2.528,37.648
2026-08-14T00:52:47.725371,0.144,2.528,37.648
2026-08-14T00:52:47.725501,0.132,2.517,37.648
2026-08-14T00:52:47.725632,0.130,2.516,37.648
2026-08-14T00:52:47.725805,0.171,2.505,37.648
2026-08-14T00:52:47.727067,1.257,2.516,37.648
2026-08-14T00:52:47.727238,0.176,2.495,37.648
2026-08-14T00:52:47.727376,0.140,2.495,37.648
2026-08-14T00:52:47.729668,2.289,2.517,37.648
2026-08-14T00:52:47.729832,0.157,2.517,37.648
2026-08-14T00:52:47.729965,0.144,2.496,37.648
2026-08-14T00:52:47.730086,0.123,2.485,37.648
2026-08-14T00:52:47.732359,2.267,2.506,37.648
2026-08-14T00:52:47.732492,0.136,2.152,37.648
2026-08-14T00:52:47.767960,35.441,2.504,37.648
2026-08-14T00:52:47.768130,0.189,2.504,37.648
2026-08-14T00:52:47.768270,0.145,2.483,37.648
2026-08-14T00:52:47.770563,2.289,2.504,37.648
2026-08-14T00:52:47.770737,0.176,2.494,37.648
2026-08-14T00:52:47.770893,0.156,2.494,37.648
2026-08-14T00:52:47.771029,0.140,2.473,37.648
2026-08-14T00:52:47.773318,2.284,2.494,37.648
2026-08-14T00:52:47.773466,0.149,2.483,37.648
2026-08-14T00:52:47.774689,1.221,2.493,37.648
2026-08-14T00:52:47.774891,0.200,2.472,37.648
2026-08-14T00:52:47.775052,0.165,2.472,37.648
2026-08-14T00:52:47.775219,0.168,2.472,37.648
2026-08-14T00:52:47.777519,2.297,2.494,37.648
2026-08-14T00:52:47.777666,0.150,2.494,37.648
2026-08-14T00:52:47.777831,0.155,2.484,37.648
2026-08-14T00:52:47.777974,0.152,2.484,37.648
2026-08-14T00:52:47.780251,2.279,2.505,37.648
2026-08-14T00:52:47.781468,1.217,2.495,37.648
2026-08-14T00:52:47.781596,0.130,2.174,37.648
2026-08-14T00:52:47.817066,35.444,2.494,37.648
2026-08-14T00:52:47.817236,0.186,2.495,37.648
2026-08-14T00:52:47.817380,0.149,2.495,37.648
2026-08-14T00:52:47.819681,2.296,2.495,37.648
2026-08-14T00:52:47.819844,0.156,2.495,37.648
2026-08-14T00:52:47.822138,2.305,2.516,37.648
2026-08-14T00:52:47.825493,3.354,2.527,37.648
2026-08-14T00:52:47.825635,0.145,2.527,37.648
2026-08-14T00:52:47.825768,0.134,2.505,37.648
2026-08-14T00:52:47.825908,0.141,2.505,37.648
2026-08-14T00:52:47.826083,0.172,2.505,37.648
2026-08-14T00:52:47.828387,2.302,2.527,37.648
2026-08-14T00:52:47.828552,0.168,2.516,37.648
2026-08-14T00:52:47.828686,0.137,2.516,37.648
2026-08-14T00:52:47.828827,0.127,2.516,37.648
2026-08-14T00:52:47.828973,0.158,2.516,37.648
2026-08-14T00:52:47.829100,0.129,2.505,37.648
2026-08-14T00:52:47.829223,0.124,2.494,37.648
2026-08-14T00:52:47.832564,3.337,2.504,37.648
2026-08-14T00:52:47.832695,0.135,2.504,37.648
2026-08-14T00:52:47.867837,35.040,2.500,37.648
2026-08-14T00:52:47.868063,0.309,2.501,37.648
2026-08-14T00:52:47.868217,0.167,2.501,37.648
2026-08-14T00:52:47.869449,1.227,2.490,37.648
2026-08-14T00:52:47.869605,0.162,2.489,37.648
2026-08-14T00:52:47.869749,0.146,2.479,37.648
2026-08-14T00:52:47.873141,3.384,2.511,37.648
2026-08-14T00:52:47.873295,0.159,2.479,37.648
2026-08-14T00:52:47.874613,1.291,2.490,37.648
2026-08-14T00:52:47.874829,0.217,2.491,37.648
2026-08-14T00:52:47.875059,0.248,2.492,37.648
2026-08-14T00:52:47.875228,0.173,2.471,37.648
2026-08-14T00:52:47.877590,2.359,2.492,37.648
2026-08-14T00:52:47.877753,0.171,2.493,37.648
2026-08-14T00:52:47.877905,0.155,2.493,37.648
2026-08-14T00:52:47.878051,0.148,2.493,37.648
2026-08-14T00:52:47.878179,0.129,2.493,37.648
2026-08-14T00:52:47.880457,2.273,2.514,37.648
2026-08-14T00:52:47.881689,1.232,2.514,37.648
2026-08-14T00:52:47.881843,0.144,2.503,37.648
2026-08-14T00:52:47.917530,35.623,2.499,37.648
2026-08-14T00:52:47.917738,0.276,2.499,37.648
2026-08-14T00:52:47.917890,0.159,2.499,37.648
2026-08-14T00:52:47.920186,2.293,2.510,37.648
2026-08-14T00:52:47.920329,0.148,2.510,37.648
2026-08-14T00:52:47.921543,1.210,2.510,37.648
2026-08-14T00:52:47.921677,0.139,2.510,37.648
2026-08-14T00:52:47.925017,3.337,2.520,37.648
2026-08-14T00:52:47.925152,0.139,2.520,37.648
2026-08-14T00:52:47.925275,0.125,2.509,37.648
2026-08-14T00:52:47.925444,0.167,2.508,37.648
2026-08-14T00:52:47.927834,2.350,2.530,37.648
2026-08-14T00:52:47.928039,0.237,2.531,37.648
2026-08-14T00:52:47.928180,0.149,2.510,37.648
2026-08-14T00:52:47.928304,0.126,2.509,37.648
2026-08-14T00:52:47.928438,0.135,2.509,37.648
2026-08-14T00:52:47.929656,1.214,2.499,37.648
2026-08-14T00:52:47.929791,0.138,2.499,37.648
2026-08-14T00:52:47.929925,0.133,2.498,37.648
2026-08-14T00:52:47.930054,0.131,2.498,37.648
2026-08-14T00:52:47.967666,37.591,2.498,37.591
2026-08-14T00:52:47.967847,0.178,2.498,37.591
2026-08-14T00:52:47.968000,0.170,2.498,37.591
2026-08-14T00:52:47.969231,1.227,2.487,37.591
2026-08-14T00:52:47.969384,0.157,2.487,37.591
2026-08-14T00:52:47.972744,3.358,2.509,37.591
2026-08-14T00:52:47.972895,0.155,2.477,37.591
2026-08-14T00:52:47.973030,0.138,2.477,37.591
2026-08-14T00:52:47.973158,0.129,2.477,37.591
2026-08-14T00:52:47.973285,0.127,2.477,37.591
2026-08-14T00:52:47.974534,1.243,2.487,37.591
2026-08-14T00:52:47.974706,0.174,2.476,37.591
2026-08-14T00:52:47.974875,0.169,2.476,37.591
2026-08-14T00:52:47.976096,1.220,2.487,37.591
2026-08-14T00:52:47.976233,0.140,2.466,37.591
2026-08-14T00:52:47.980655,4.418,2.508,37.591
2026-08-14T00:52:47.980792,0.141,2.508,37.591
2026-08-14T00:52:47.980931,0.139,2.508,37.591
2026-08-14T00:52:47.981063,0.133,2.487,37.591
2026-08-14T00:52:47.981193,0.130,2.487,37.591
2026-08-14T00:52:48.017686,36.479,2.497,37.591
2026-08-14T00:52:48.017856,0.163,2.497,37.591
2026-08-14T00:52:48.018004,0.164,2.497,37.591
2026-08-14T00:52:48.020317,2.308,2.498,37.591
2026-08-14T00:52:48.020466,0.153,2.497,37.591
2026-08-14T00:52:48.021686,1.218,2.508,37.591
2026-08-14T00:52:48.025052,3.367,2.540,37.591
2026-08-14T00:52:48.025190,0.142,2.519,37.591
2026-08-14T00:52:48.025316,0.128,2.519,37.591
2026-08-14T00:52:48.025439,0.124,2.508,37.591
2026-08-14T00:52:48.025595,0.153,2.507,37.591
2026-08-14T00:52:48.027905,2.307,2.529,37.591
2026-08-14T00:52:48.028066,0.163,2.528,37.591
2026-08-14T00:52:48.028197,0.134,2.507,37.591
2026-08-14T00:52:48.028330,0.134,2.507,37.591
2026-08-14T00:52:48.028461,0.131,2.506,37.591
2026-08-14T00:52:48.028584,0.122,2.506,37.591
2026-08-14T00:52:48.028705,0.122,2.485,37.591
2026-08-14T00:52:48.032079,3.367,2.506,37.591
2026-08-14T00:52:48.032218,0.144,2.506,37.591
2026-08-14T00:52:48.067304,35.011,2.502,37.591
2026-08-14T00:52:48.067510,0.271,2.503,37.591
2026-08-14T00:52:48.067652,0.151,2.503,37.591
2026-08-14T00:52:48.069939,2.283,2.503,37.591
2026-08-14T00:52:48.070084,0.149,2.503,37.591
2026-08-14T00:52:48.070218,0.136,2.481,37.591
2026-08-14T00:52:48.070342,0.125,2.449,37.591
2026-08-14T00:52:48.072632,2.283,2.470,37.591
2026-08-14T00:52:48.072774,0.146,2.470,37.591
2026-08-14T00:52:48.075072,2.293,2.492,37.591
2026-08-14T00:52:48.075267,0.196,2.492,37.591
2026-08-14T00:52:48.075410,0.147,2.470,37.591
2026-08-14T00:52:48.075565,0.155,2.470,37.591
2026-08-14T00:52:48.076779,1.212,2.481,37.591
2026-08-14T00:52:48.076928,0.147,2.481,37.591
2026-08-14T00:52:48.080293,3.366,2.513,37.591
2026-08-14T00:52:48.080432,0.142,2.513,37.591
2026-08-14T00:52:48.080560,0.130,2.513,37.591
2026-08-14T00:52:48.080684,0.124,2.481,37.591
2026-08-14T00:52:48.080817,0.124,2.481,37.591
2026-08-14T00:52:48.117318,36.496,2.496,37.591
2026-08-14T00:52:48.117471,0.160,2.494,37.591
2026-08-14T00:52:48.117605,0.138,2.494,37.591
2026-08-14T00:52:48.119892,2.282,2.504,37.591
2026-08-14T00:52:48.120038,0.149,2.504,37.591
2026-08-14T00:52:48.121252,1.211,2.515,37.591
2026-08-14T00:52:48.124623,3.368,2.515,37.591
2026-08-14T00:52:48.124767,0.149,2.515,37.591
2026-08-14T00:52:48.124914,0.150,2.503,37.591
2026-08-14T00:52:48.125049,0.135,2.502,37.591
2026-08-14T00:52:48.125253,0.188,2.502,37.591
2026-08-14T00:52:48.127737,2.449,2.525,37.591
2026-08-14T00:52:48.127980,0.284,2.504,37.591
2026-08-14T00:52:48.128123,0.155,2.504,37.591
2026-08-14T00:52:48.129342,1.217,2.514,37.591
2026-08-14T00:52:48.129494,0.152,2.514,37.591
2026-08-14T00:52:48.129620,0.130,2.514,37.591
2026-08-14T00:52:48.129742,0.122,2.493,37.591
2026-08-14T00:52:48.132009,2.265,2.503,37.591
2026-08-14T00:52:48.132143,0.135,2.503,37.591
2026-08-14T00:52:48.167557,35.403,2.501,37.591
2026-08-14T00:52:48.167714,0.163,2.500,37.591
2026-08-14T00:52:48.167871,0.155,2.500,37.591
2026-08-14T00:52:48.170175,2.304,2.500,37.591
2026-08-14T00:52:48.170324,0.152,2.500,37.591
2026-08-14T00:52:48.170463,0.141,2.489,37.591
2026-08-14T00:52:48.170596,0.134,2.489,37.591
2026-08-14T00:52:48.172892,2.291,2.479,37.591
2026-08-14T00:52:48.173042,0.153,2.479,37.591
2026-08-14T00:52:48.175333,2.289,2.500,37.591
2026-08-14T00:52:48.175524,0.191,2.501,37.591
2026-08-14T00:52:48.175673,0.151,2.479,37.591
2026-08-14T00:52:48.175845,0.160,2.478,37.591
2026-08-14T00:52:48.177075,1.240,2.489,37.591
2026-08-14T00:52:48.177225,0.151,2.489,37.591
2026-08-14T00:52:48.177370,0.147,2.489,37.591
2026-08-14T00:52:48.178601,1.229,2.489,37.591
2026-08-14T00:52:48.179819,1.213,2.500,37.591
2026-08-14T00:52:48.182130,2.318,2.522,37.591
2026-08-14T00:52:48.182260,0.135,2.522,37.591
2026-08-14T00:52:48.217654,35.381,2.500,36.496
2026-08-14T00:52:48.217822,0.161,2.500,36.496
2026-08-14T00:52:48.217972,0.164,2.500,36.496
2026-08-14T00:52:48.220272,2.297,2.510,36.496
2026-08-14T00:52:48.220419,0.152,2.510,36.496
2026-08-14T00:52:48.221639,1.218,2.489,36.496
2026-08-14T00:52:48.221775,0.141,2.489,36.496
2026-08-14T00:52:48.225129,3.349,2.521,36.496
2026-08-14T00:52:48.225270,0.145,2.521,36.496
2026-08-14T00:52:48.225396,0.127,2.521,36.496
2026-08-14T00:52:48.225555,0.158,2.510,36.496
2026-08-14T00:52:48.227868,2.310,2.532,36.496
2026-08-14T00:52:48.228030,0.164,2.532,36.496
2026-08-14T00:52:48.228161,0.133,2.521,36.496
2026-08-14T00:52:48.228284,0.124,2.521,36.496
2026-08-14T00:52:48.229499,1.212,2.488,36.496
2026-08-14T00:52:48.229636,0.139,2.488,36.496
2026-08-14T00:52:48.229761,0.127,2.488,36.496
2026-08-14T00:52:48.232039,2.272,2.510,36.496
2026-08-14T00:52:48.232177,0.143,2.510,36.496
2026-08-14T00:52:48.267198,34.956,2.495,36.496
2026-08-14T00:52:48.267405,0.260,2.496,36.496
2026-08-14T00:52:48.267551,0.155,2.495,36.496
2026-08-14T00:52:48.269860,2.295,2.495,36.496
2026-08-14T00:52:48.270017,0.170,2.496,36.496
2026-08-14T00:52:48.270160,0.145,2.485,36.496
2026-08-14T00:52:48.270294,0.136,2.452,36.496
2026-08-14T00:52:48.272582,2.282,2.474,36.496
2026-08-14T00:52:48.272735,0.153,2.474,36.496
2026-08-14T00:52:48.273956,1.222,2.485,36.496
2026-08-14T00:52:48.274161,0.201,2.486,36.496
2026-08-14T00:52:48.275440,1.272,2.475,36.496
2026-08-14T00:52:48.275632,0.202,2.476,36.496
2026-08-14T00:52:48.277937,2.305,2.497,36.496
2026-08-14T00:52:48.278083,0.151,2.497,36.496
2026-08-14T00:52:48.278224,0.144,2.498,36.496
2026-08-14T00:52:48.278351,0.128,2.498,36.496
2026-08-14T00:52:48.279559,1.204,2.508,36.496
2026-08-14T00:52:48.281873,2.311,2.498,36.496
2026-08-14T00:52:48.282020,0.150,2.498,36.496
2026-08-14T00:52:48.317518,35.474,2.503,36.496
2026-08-14T00:52:48.317690,0.190,2.502,36.496
2026-08-14T00:52:48.317846,0.147,2.502,36.496
2026-08-14T00:52:48.320152,2.314,2.502,36.496
2026-08-14T00:52:48.320310,0.160,2.502,36.496
2026-08-14T00:52:48.321553,1.239,2.513,36.496
2026-08-14T00:52:48.321708,0.159,2.514,36.496
2026-08-14T00:52:48.325084,3.373,2.524,36.496
2026-08-14T00:52:48.325245,0.165,2.525,36.496
2026-08-14T00:52:48.325382,0.142,2.503,36.496
2026-08-14T00:52:48.325571,0.185,2.503,36.496
2026-08-14T00:52:48.326831,1.247,2.514,36.496
2026-08-14T00:52:48.327010,0.193,2.514,36.496
2026-08-14T00:52:48.327155,0.148,2.504,36.496
2026-08-14T00:52:48.327291,0.137,2.504,36.496
2026-08-14T00:52:48.328521,1.230,2.482,36.496
2026-08-14T00:52:48.329741,1.219,2.493,36.496
2026-08-14T00:52:48.329887,0.147,2.493,36.496
2026-08-14T00:52:48.330016,0.132,2.493,36.496
2026-08-14T00:52:48.330137,0.122,2.493,36.496
2026-08-14T00:52:48.367776,37.592,2.504,37.592
2026-08-14T00:52:48.367974,0.231,2.505,37.592
2026-08-14T00:52:48.368119,0.154,2.505,37.592
2026-08-14T00:52:48.369333,1.212,2.494,37.592
2026-08-14T00:52:48.369474,0.145,2.494,37.592
2026-08-14T00:52:48.369605,0.133,2.484,37.592
2026-08-14T00:52:48.369729,0.125,2.451,37.592
2026-08-14T00:52:48.373073,3.338,2.483,37.592
2026-08-14T00:52:48.373214,0.143,2.483,37.592
2026-08-14T00:52:48.374512,1.261,2.494,37.592
2026-08-14T00:52:48.374764,0.272,2.495,37.592
2026-08-14T00:52:48.374962,0.204,2.473,37.592
2026-08-14T00:52:48.375170,0.206,2.472,37.592
2026-08-14T00:52:48.377537,2.356,2.494,37.592
2026-08-14T00:52:48.377703,0.185,2.484,37.592
2026-08-14T00:52:48.377870,0.170,2.484,37.592
2026-08-14T00:52:48.378013,0.145,2.484,37.592
2026-08-14T00:52:48.380349,2.313,2.506,37.592
2026-08-14T00:52:48.381603,1.271,2.496,37.592
2026-08-14T00:52:48.381741,0.145,2.496,37.592
2026-08-14T00:52:48.417190,35.436,2.496,37.592
2026-08-14T00:52:48.417351,0.168,2.496,37.592
2026-08-14T00:52:48.417491,0.144,2.496,37.592
2026-08-14T00:52:48.419794,2.296,2.496,37.592
2026-08-14T00:52:48.419995,0.200,2.497,37.592
2026-08-14T00:52:48.422314,2.322,2.518,37.592
2026-08-14T00:52:48.422456,0.146,2.519,37.592
2026-08-14T00:52:48.424735,2.276,2.518,37.592
2026-08-14T00:52:48.424891,0.157,2.519,37.592
2026-08-14T00:52:48.425029,0.140,2.497,37.592
2026-08-14T00:52:48.425205,0.175,2.497,37.592
2026-08-14T00:52:48.427525,2.319,2.519,37.592
2026-08-14T00:52:48.427693,0.169,2.519,37.592
2026-08-14T00:52:48.427841,0.139,2.508,37.592
2026-08-14T00:52:48.427977,0.147,2.508,37.592
2026-08-14T00:52:48.428117,0.141,2.508,37.592
2026-08-14T00:52:48.428242,0.126,2.496,37.592
2026-08-14T00:52:48.428364,0.123,2.486,37.592
2026-08-14T00:52:48.430641,2.272,2.485,37.592
2026-08-14T00:52:48.431874,1.235,2.496,37.592
2026-08-14T00:52:48.467999,36.053,2.503,37.592
2026-08-14T00:52:48.468214,0.273,2.504,37.592
2026-08-14T00:52:48.468366,0.163,2.504,37.592
2026-08-14T00:52:48.469596,1.224,2.493,37.592
2026-08-14T00:52:48.469752,0.162,2.493,37.592
2026-08-14T00:52:48.469915,0.162,2.483,37.592
2026-08-14T00:52:48.472334,2.399,2.505,37.592
2026-08-14T00:52:48.472502,0.187,2.474,37.592
2026-08-14T00:52:48.473736,1.236,2.485,37.592
2026-08-14T00:52:48.473886,0.153,2.485,37.592
2026-08-14T00:52:48.474067,0.181,2.485,37.592
2026-08-14T00:52:48.475301,1.233,2.474,37.592
2026-08-14T00:52:48.477630,2.328,2.496,37.592
2026-08-14T00:52:48.477775,0.149,2.496,37.592
2026-08-14T00:52:48.477918,0.143,2.496,37.592
2026-08-14T00:52:48.478058,0.142,2.486,37.592
2026-08-14T00:52:48.478184,0.127,2.486,37.592
2026-08-14T00:52:48.480460,2.271,2.507,37.592
2026-08-14T00:52:48.481687,1.227,2.497,37.592
2026-08-14T00:52:48.481836,0.141,2.496,37.592
2026-08-14T00:52:48.517462,35.583,2.503,37.592
2026-08-14T00:52:48.517654,0.235,2.503,37.592
2026-08-14T00:52:48.517792,0.149,2.502,37.592
2026-08-14T00:52:48.520097,2.298,2.502,37.592
2026-08-14T00:52:48.520246,0.154,2.502,37.592
2026-08-14T00:52:48.521462,1.214,2.513,37.592
2026-08-14T00:52:48.521603,0.144,2.513,37.592
2026-08-14T00:52:48.524968,3.359,2.524,37.592
2026-08-14T00:52:48.525114,0.151,2.524,37.592
2026-08-14T00:52:48.525244,0.133,2.513,37.592
2026-08-14T00:52:48.525421,0.175,2.513,37.592
2026-08-14T00:52:48.527733,2.306,2.523,37.592
2026-08-14T00:52:48.527923,0.192,2.523,37.592
2026-08-14T00:52:48.528070,0.151,2.501,37.592
2026-08-14T00:52:48.528199,0.131,2.501,37.592
2026-08-14T00:52:48.528398,0.137,2.501,37.592
2026-08-14T00:52:48.528531,0.194,2.502,37.592
2026-08-14T00:52:48.528658,0.128,2.491,37.592
2026-08-14T00:52:48.528784,0.126,2.469,37.592
2026-08-14T00:52:48.531117,2.327,2.491,37.592
2026-08-14T00:52:48.563362,32.235,2.459,37.592
2026-08-14T00:52:48.567827,4.459,2.501,37.592
2026-08-14T00:52:48.567979,0.168,2.501,37.592
2026-08-14T00:52:48.568116,0.140,2.480,37.592
2026-08-14T00:52:48.569368,1.248,2.491,37.592
2026-08-14T00:52:48.569516,0.150,2.480,37.592
2026-08-14T00:52:48.569656,0.142,2.480,37.592
2026-08-14T00:52:48.573079,3.399,2.480,37.592
2026-08-14T00:52:48.573243,0.184,2.480,37.592
2026-08-14T00:52:48.574481,1.238,2.491,37.592
2026-08-14T00:52:48.574633,0.154,2.491,37.592
2026-08-14T00:52:48.574822,0.175,2.480,37.592
2026-08-14T00:52:48.574980,0.173,2.480,37.592
2026-08-14T00:52:48.577338,2.352,2.502,37.592
2026-08-14T00:52:48.577497,0.164,2.502,37.592
2026-08-14T00:52:48.577634,0.141,2.491,37.592
2026-08-14T00:52:48.577779,0.145,2.480,37.592
2026-08-14T00:52:48.580110,2.314,2.502,37.592
2026-08-14T00:52:48.580262,0.167,2.502,37.592
2026-08-14T00:52:48.582549,2.286,2.524,37.592
2026-08-14T00:52:48.582691,0.145,2.150,36.053
2026-08-14T00:52:48.617044,34.343,2.491,36.053
2026-08-14T00:52:48.617193,0.157,2.491,36.053
2026-08-14T00:52:48.617328,0.138,2.480,36.053
2026-08-14T00:52:48.619627,2.292,2.501,36.053
2026-08-14T00:52:48.619776,0.153,2.502,36.053
2026-08-14T00:52:48.622079,2.302,2.523,36.053
2026-08-14T00:52:48.625596,3.465,2.525,36.053
2026-08-14T00:52:48.625791,0.241,2.526,36.053
2026-08-14T00:52:48.625955,0.168,2.515,36.053
2026-08-14T00:52:48.626097,0.146,2.514,36.053
2026-08-14T00:52:48.626276,0.177,2.513,36.053
2026-08-14T00:52:48.627545,1.264,2.524,36.053
2026-08-14T00:52:48.627719,0.178,2.502,36.053
2026-08-14T00:52:48.627874,0.155,2.502,36.053
2026-08-14T00:52:48.629105,1.228,2.512,36.053
2026-08-14T00:52:48.629261,0.159,2.512,36.053
2026-08-14T00:52:48.629393,0.135,2.491,36.053
2026-08-14T00:52:48.629520,0.128,2.479,36.053
2026-08-14T00:52:48.631799,2.276,2.501,36.053
2026-08-14T00:52:48.631943,0.146,2.148,36.053
2026-08-14T00:52:48.667064,35.040,2.496,36.053
2026-08-14T00:52:48.667277,0.279,2.498,36.053
2026-08-14T00:52:48.667428,0.160,2.476,36.053
2026-08-14T00:52:48.669731,2.299,2.497,36.053
2026-08-14T00:52:48.669902,0.173,2.476,36.053
2026-08-14T00:52:48.670056,0.157,2.476,36.053
2026-08-14T00:52:48.670192,0.138,2.455,36.053
2026-08-14T00:52:48.672495,2.294,2.476,36.053
2026-08-14T00:52:48.672649,0.160,2.476,36.053
2026-08-14T00:52:48.673892,1.239,2.487,36.053
2026-08-14T00:52:48.674079,0.194,2.466,36.053
2026-08-14T00:52:48.675322,1.239,2.476,36.053
2026-08-14T00:52:48.675485,0.168,2.477,36.053
2026-08-14T00:52:48.677769,2.281,2.498,36.053
2026-08-14T00:52:48.677915,0.149,2.498,36.053
2026-08-14T00:52:48.678050,0.137,2.498,36.053
2026-08-14T00:52:48.678171,0.122,2.498,36.053
2026-08-14T00:52:48.680440,2.264,2.498,36.053
2026-08-14T00:52:48.681670,1.229,2.498,36.053
2026-08-14T00:52:48.681804,0.138,2.139,35.583
2026-08-14T00:52:48.717349,35.497,2.491,35.583
2026-08-14T00:52:48.717543,0.228,2.492,35.583
2026-08-14T00:52:48.717689,0.155,2.481,35.583
2026-08-14T00:52:48.720001,2.306,2.502,35.583
2026-08-14T00:52:48.720154,0.158,2.502,35.583
2026-08-14T00:52:48.721378,1.222,2.491,35.583
2026-08-14T00:52:48.724749,3.368,2.522,35.583
2026-08-14T00:52:48.724914,0.169,2.512,35.583
2026-08-14T00:52:48.725066,0.153,2.512,35.583
2026-08-14T00:52:48.725204,0.140,2.511,35.583
2026-08-14T00:52:48.725384,0.179,2.501,35.583
2026-08-14T00:52:48.727697,2.312,2.501,35.583
2026-08-14T00:52:48.727880,0.184,2.501,35.583
2026-08-14T00:52:48.728025,0.148,2.501,35.583
2026-08-14T00:52:48.729248,1.220,2.512,35.583
2026-08-14T00:52:48.729399,0.154,2.512,35.583
2026-08-14T00:52:48.729528,0.132,2.491,35.583
2026-08-14T00:52:48.729654,0.127,2.480,35.583
2026-08-14T00:52:48.731932,2.273,2.501,35.583
2026-08-14T00:52:48.732070,0.141,2.147,35.497
2026-08-14T00:52:48.767505,35.425,2.499,35.497
2026-08-14T00:52:48.767655,0.156,2.499,35.497
2026-08-14T00:52:48.767789,0.137,2.477,35.497
2026-08-14T00:52:48.770093,2.298,2.498,35.497
2026-08-14T00:52:48.770240,0.151,2.488,35.497
2026-08-14T00:52:48.770375,0.137,2.488,35.497
2026-08-14T00:52:48.770498,0.127,2.455,35.497
2026-08-14T00:52:48.772770,2.265,2.477,35.497
2026-08-14T00:52:48.772919,0.152,2.477,35.497
2026-08-14T00:52:48.775202,2.281,2.498,35.497
2026-08-14T00:52:48.775375,0.170,2.476,35.497
2026-08-14T00:52:48.775528,0.156,2.476,35.497
2026-08-14T00:52:48.775679,0.155,2.476,35.497
2026-08-14T00:52:48.775820,0.131,2.476,35.497
2026-08-14T00:52:48.775957,0.146,2.476,35.497
2026-08-14T00:52:48.777174,1.214,2.486,35.497
2026-08-14T00:52:48.777313,0.142,2.487,35.497
2026-08-14T00:52:48.779590,2.274,2.508,35.497
2026-08-14T00:52:48.779732,0.145,2.486,35.497
2026-08-14T00:52:48.779876,0.143,2.165,35.497
2026-08-14T00:52:48.817488,37.590,2.497,37.590
2026-08-14T00:52:48.817656,0.184,2.497,37.590
2026-08-14T00:52:48.817798,0.149,2.497,37.590
2026-08-14T00:52:48.820119,2.314,2.507,37.590
2026-08-14T00:52:48.820269,0.156,2.508,37.590
2026-08-14T00:52:48.821494,1.220,2.518,37.590
2026-08-14T00:52:48.821643,0.154,2.486,37.590
2026-08-14T00:52:48.824998,3.353,2.518,37.590
2026-08-14T00:52:48.825138,0.144,2.507,37.590
2026-08-14T00:52:48.825265,0.129,2.506,37.590
2026-08-14T00:52:48.825430,0.163,2.506,37.590
2026-08-14T00:52:48.827733,2.299,2.528,37.590
2026-08-14T00:52:48.827912,0.179,2.506,37.590
2026-08-14T00:52:48.828049,0.142,2.506,37.590
2026-08-14T00:52:48.828175,0.127,2.505,37.590
2026-08-14T00:52:48.829389,1.210,2.516,37.590
2026-08-14T00:52:48.829527,0.140,2.494,37.590
2026-08-14T00:52:48.829653,0.128,2.494,37.590
2026-08-14T00:52:48.829802,0.148,2.473,37.590
2026-08-14T00:52:48.832119,2.311,2.494,37.590
2026-08-14T00:52:48.867297,35.103,2.502,37.590
2026-08-14T00:52:48.867505,0.276,2.503,37.590
2026-08-14T00:52:48.867652,0.157,2.503,37.590
2026-08-14T00:52:48.869944,2.287,2.503,37.590
2026-08-14T00:52:48.870101,0.156,2.503,37.590
2026-08-14T00:52:48.870273,0.170,2.482,37.590
2026-08-14T00:52:48.870426,0.157,2.449,37.590
2026-08-14T00:52:48.872755,2.318,2.470,37.590
2026-08-14T00:52:48.872939,0.193,2.470,37.590
2026-08-14T00:52:48.875236,2.299,2.491,37.590
2026-08-14T00:52:48.875430,0.197,2.492,37.590
2026-08-14T00:52:48.875568,0.142,2.480,37.590
2026-08-14T00:52:48.875715,0.147,2.480,37.590
2026-08-14T00:52:48.876923,1.206,2.491,37.590
2026-08-14T00:52:48.877054,0.133,2.480,37.590
2026-08-14T00:52:48.877186,0.134,2.479,37.590
2026-08-14T00:52:48.878401,1.212,2.490,37.590
2026-08-14T00:52:48.879607,1.205,2.501,37.590
2026-08-14T00:52:48.881903,2.295,2.501,37.590
2026-08-14T00:52:48.882037,0.137,2.501,37.590
2026-08-14T00:52:48.917538,35.463,2.505,37.590
2026-08-14T00:52:48.917725,0.213,2.505,37.590
2026-08-14T00:52:48.917878,0.162,2.505,37.590
2026-08-14T00:52:48.920172,2.292,2.504,37.590
2026-08-14T00:52:48.920314,0.145,2.504,37.590
2026-08-14T00:52:48.921526,1.211,2.515,37.590
2026-08-14T00:52:48.923819,2.282,2.536,37.590
2026-08-14T00:52:48.923961,0.154,2.515,37.590
2026-08-14T00:52:48.925185,1.223,2.525,37.590
2026-08-14T00:52:48.925322,0.139,2.514,37.590
2026-08-14T00:52:48.925499,0.175,2.514,37.590
2026-08-14T00:52:48.927802,2.302,2.525,37.590
2026-08-14T00:52:48.927973,0.174,2.525,37.590
2026-08-14T00:52:48.928106,0.135,2.503,37.590
2026-08-14T00:52:48.928226,0.122,2.503,37.590
2026-08-14T00:52:48.928354,0.128,2.503,37.590
2026-08-14T00:52:48.929550,1.192,2.514,37.590
2026-08-14T00:52:48.929678,0.131,2.492,37.590
2026-08-14T00:52:48.929798,0.121,2.481,37.590
2026-08-14T00:52:48.932080,2.278,2.503,37.590
2026-08-14T00:52:48.967498,35.408,2.502,37.590
2026-08-14T00:52:48.967654,0.160,2.501,37.590
2026-08-14T00:52:48.967791,0.142,2.501,37.590
2026-08-14T00:52:48.970083,2.291,2.501,37.590
2026-08-14T00:52:48.970220,0.139,2.501,37.590
2026-08-14T00:52:48.970345,0.127,2.490,37.590
2026-08-14T00:52:48.972617,2.268,2.479,37.590
2026-08-14T00:52:48.972750,0.136,2.478,37.590
2026-08-14T00:52:48.973981,1.228,2.489,37.590
2026-08-14T00:52:48.974116,0.138,2.489,37.590
2026-08-14T00:52:48.974277,0.160,2.489,37.590
2026-08-14T00:52:48.974412,0.137,2.467,37.590
2026-08-14T00:52:48.977806,3.389,2.499,37.590
2026-08-14T00:52:48.977960,0.156,2.499,37.590
2026-08-14T00:52:48.978088,0.131,2.488,37.590
2026-08-14T00:52:48.978221,0.133,2.488,37.590
2026-08-14T00:52:48.979427,1.201,2.499,37.590
2026-08-14T00:52:48.979562,0.139,2.499,37.590
2026-08-14T00:52:48.979689,0.128,2.478,37.590
2026-08-14T00:52:48.979824,0.124,2.477,37.590
2026-08-14T00:52:49.017451,37.616,2.499,37.616
2026-08-14T00:52:49.017616,0.178,2.500,37.616
2026-08-14T00:52:49.017755,0.145,2.500,37.616
2026-08-14T00:52:49.020063,2.302,2.500,37.616
2026-08-14T00:52:49.020212,0.153,2.500,37.616
2026-08-14T00:52:49.021435,1.219,2.511,37.616
2026-08-14T00:52:49.024795,3.362,2.543,37.616
2026-08-14T00:52:49.024944,0.152,2.522,37.616
2026-08-14T00:52:49.025072,0.131,2.522,37.616
2026-08-14T00:52:49.025195,0.123,2.500,37.616
2026-08-14T00:52:49.025357,0.159,2.500,37.616
2026-08-14T00:52:49.027663,2.302,2.521,37.616
2026-08-14T00:52:49.027841,0.167,2.521,37.616
2026-08-14T00:52:49.027979,0.154,2.522,37.616
2026-08-14T00:52:49.029199,1.218,2.532,37.616
2026-08-14T00:52:49.029345,0.147,2.522,37.616
2026-08-14T00:52:49.029470,0.129,2.522,37.616
2026-08-14T00:52:49.029593,0.123,2.500,37.616
2026-08-14T00:52:49.031884,2.283,2.521,37.616
2026-08-14T00:52:49.032022,0.143,2.521,37.616
2026-08-14T00:52:49.067062,34.969,2.495,37.616
2026-08-14T00:52:49.067276,0.272,2.496,37.616
2026-08-14T00:52:49.067429,0.163,2.496,37.616
2026-08-14T00:52:49.069732,2.298,2.496,37.616
2026-08-14T00:52:49.069905,0.174,2.496,37.616
2026-08-14T00:52:49.070084,0.181,2.486,37.616
2026-08-14T00:52:49.072394,2.304,2.507,37.616
2026-08-14T00:52:49.072552,0.164,2.476,37.616
2026-08-14T00:52:49.074890,2.332,2.497,37.616
2026-08-14T00:52:49.075050,0.166,2.498,37.616
2026-08-14T00:52:49.075246,0.197,2.498,37.616
2026-08-14T00:52:49.075394,0.150,2.477,37.616
2026-08-14T00:52:49.077777,2.369,2.499,37.616
2026-08-14T00:52:49.077944,0.182,2.499,37.616
2026-08-14T00:52:49.078072,0.132,2.499,37.616
2026-08-14T00:52:49.078206,0.135,2.488,37.616
2026-08-14T00:52:49.078327,0.122,2.488,37.616
2026-08-14T00:52:49.080598,2.267,2.509,37.616
2026-08-14T00:52:49.081831,1.223,2.520,37.616
2026-08-14T00:52:49.081967,0.147,2.499,37.616
2026-08-14T00:52:49.117586,35.556,2.503,37.616
2026-08-14T00:52:49.117789,0.256,2.503,37.616
2026-08-14T00:52:49.117944,0.163,2.503,37.616
2026-08-14T00:52:49.120244,2.294,2.503,37.616
2026-08-14T00:52:49.120387,0.148,2.503,37.616
2026-08-14T00:52:49.121605,1.216,2.513,37.616
2026-08-14T00:52:49.124963,3.357,2.545,37.616
2026-08-14T00:52:49.125104,0.145,2.524,37.616
2026-08-14T00:52:49.125235,0.133,2.523,37.616
2026-08-14T00:52:49.125370,0.133,2.501,37.616
2026-08-14T00:52:49.125550,0.178,2.501,37.616
2026-08-14T00:52:49.127903,2.348,2.523,37.616
2026-08-14T00:52:49.128078,0.181,2.524,37.616
2026-08-14T00:52:49.128276,0.141,2.513,37.616
2026-08-14T00:52:49.128410,0.192,2.514,37.616
2026-08-14T00:52:49.128554,0.145,2.514,37.616
2026-08-14T00:52:49.128682,0.129,2.503,37.616
2026-08-14T00:52:49.128816,0.126,2.492,37.616
2026-08-14T00:52:49.132166,3.352,2.503,37.616
2026-08-14T00:52:49.132300,0.140,2.503,37.616
2026-08-14T00:52:49.167797,35.449,2.502,37.616
2026-08-14T00:52:49.168013,0.249,2.503,37.616
2026-08-14T00:52:49.168164,0.162,2.503,37.616
2026-08-14T00:52:49.170485,2.315,2.503,37.616
2026-08-14T00:52:49.170647,0.164,2.503,37.616
2026-08-14T00:52:49.170788,0.146,2.493,37.616
2026-08-14T00:52:49.170941,0.151,2.471,37.616
2026-08-14T00:52:49.172158,1.217,2.482,37.616
2026-08-14T00:52:49.172298,0.143,2.471,37.616
2026-08-14T00:52:49.174579,2.277,2.493,37.616
2026-08-14T00:52:49.174768,0.190,2.493,37.616
2026-08-14T00:52:49.174925,0.159,2.471,37.616
2026-08-14T00:52:49.175089,0.163,2.471,37.616
2026-08-14T00:52:49.177376,2.285,2.493,37.616
2026-08-14T00:52:49.177514,0.142,2.493,37.616
2026-08-14T00:52:49.177657,0.144,2.493,37.616
2026-08-14T00:52:49.177783,0.128,2.482,37.616
2026-08-14T00:52:49.180069,2.281,2.504,37.616
2026-08-14T00:52:49.182361,2.295,2.526,37.616
2026-08-14T00:52:49.182492,0.133,2.504,37.616
2026-08-14T00:52:49.217925,35.422,2.504,37.616
2026-08-14T00:52:49.218078,0.158,2.504,37.616
2026-08-14T00:52:49.218215,0.141,2.504,37.616
2026-08-14T00:52:49.220509,2.290,2.504,37.616
2026-08-14T00:52:49.220654,0.147,2.504,37.616
2026-08-14T00:52:49.221885,1.228,2.515,37.616
2026-08-14T00:52:49.225243,3.359,2.526,37.616
2026-08-14T00:52:49.225379,0.141,2.526,37.616
2026-08-14T00:52:49.225505,0.127,2.515,37.616
2026-08-14T00:52:49.225627,0.122,2.515,37.616
2026-08-14T00:52:49.225784,0.155,2.515,37.616
2026-08-14T00:52:49.227029,1.242,2.526,37.616
2026-08-14T00:52:49.227192,0.167,2.494,37.616
2026-08-14T00:52:49.227324,0.133,2.494,37.616
2026-08-14T00:52:49.229615,2.287,2.515,37.616
2026-08-14T00:52:49.229763,0.150,2.515,37.616
2026-08-14T00:52:49.229907,0.145,2.505,37.616
2026-08-14T00:52:49.230040,0.135,2.505,37.616
2026-08-14T00:52:49.232317,2.274,2.526,37.616
2026-08-14T00:52:49.232452,0.137,2.526,37.616
2026-08-14T00:52:49.267541,35.007,2.500,35.556
2026-08-14T00:52:49.267758,0.285,2.501,35.556
2026-08-14T00:52:49.267934,0.183,2.502,35.556
2026-08-14T00:52:49.269172,1.237,2.491,35.556
2026-08-14T00:52:49.269324,0.156,2.491,35.556
2026-08-14T00:52:49.270559,1.234,2.491,35.556
2026-08-14T00:52:49.270704,0.147,2.459,35.556
2026-08-14T00:52:49.272998,2.291,2.481,35.556
2026-08-14T00:52:49.273147,0.152,2.481,35.556
2026-08-14T00:52:49.274396,1.244,2.492,35.556
2026-08-14T00:52:49.274598,0.204,2.492,35.556
2026-08-14T00:52:49.274751,0.155,2.471,35.556
2026-08-14T00:52:49.274927,0.174,2.471,35.556
2026-08-14T00:52:49.277247,2.321,2.493,35.556
2026-08-14T00:52:49.277388,0.143,2.482,35.556
2026-08-14T00:52:49.277538,0.149,2.482,35.556
2026-08-14T00:52:49.278756,1.219,2.493,35.556
2026-08-14T00:52:49.279968,1.212,2.504,35.556
2026-08-14T00:52:49.282256,2.289,2.504,35.556
2026-08-14T00:52:49.282385,0.133,2.504,35.556
2026-08-14T00:52:49.317067,34.607,2.500,35.556
2026-08-14T00:52:49.317286,0.278,2.500,35.556
2026-08-14T00:52:49.317435,0.159,2.500,35.556
2026-08-14T00:52:49.319730,2.295,2.500,35.556
2026-08-14T00:52:49.319881,0.153,2.500,35.556
2026-08-14T00:52:49.321098,1.216,2.510,35.556
2026-08-14T00:52:49.321231,0.137,2.489,35.556
2026-08-14T00:52:49.324570,3.335,2.520,35.556
2026-08-14T00:52:49.324704,0.137,2.498,35.556
2026-08-14T00:52:49.324838,0.126,2.498,35.556
2026-08-14T00:52:49.325017,0.186,2.498,35.556
2026-08-14T00:52:49.327330,2.309,2.519,35.556
2026-08-14T00:52:49.327496,0.169,2.497,35.556
2026-08-14T00:52:49.327625,0.133,2.497,35.556
2026-08-14T00:52:49.327746,0.122,2.497,35.556
2026-08-14T00:52:49.328959,1.208,2.507,35.556
2026-08-14T00:52:49.329094,0.138,2.508,35.556
2026-08-14T00:52:49.329218,0.125,2.486,35.556
2026-08-14T00:52:49.332585,3.354,2.508,35.556
2026-08-14T00:52:49.332728,0.153,2.508,35.556
2026-08-14T00:52:49.367217,34.451,2.497,35.449
2026-08-14T00:52:49.367392,0.207,2.496,35.449
2026-08-14T00:52:49.367527,0.142,2.496,35.449
2026-08-14T00:52:49.369829,2.282,2.496,35.449
2026-08-14T00:52:49.369976,0.163,2.496,35.449
2026-08-14T00:52:49.370108,0.136,2.485,35.449
2026-08-14T00:52:49.372452,2.313,2.475,35.449
2026-08-14T00:52:49.372622,0.193,2.475,35.449
2026-08-14T00:52:49.374967,2.333,2.497,35.449
2026-08-14T00:52:49.375134,0.178,2.498,35.449
2026-08-14T00:52:49.375321,0.191,2.498,35.449
2026-08-14T00:52:49.375465,0.146,2.476,35.449
2026-08-14T00:52:49.377910,2.424,2.498,35.449
2026-08-14T00:52:49.378084,0.190,2.499,35.449
2026-08-14T00:52:49.378217,0.140,2.498,35.449
2026-08-14T00:52:49.378361,0.143,2.498,35.449
2026-08-14T00:52:49.378498,0.137,2.498,35.449
2026-08-14T00:52:49.379712,1.210,2.509,35.449
2026-08-14T00:52:49.382020,2.307,2.499,35.449
2026-08-14T00:52:49.382149,0.137,2.498,35.449
2026-08-14T00:52:49.417564,35.398,2.498,35.422
2026-08-14T00:52:49.417720,0.165,2.497,35.422
2026-08-14T00:52:49.417900,0.170,2.497,35.422
2026-08-14T00:52:49.420207,2.313,2.497,35.422
2026-08-14T00:52:49.420360,0.156,2.497,35.422
2026-08-14T00:52:49.421588,1.225,2.508,35.422
2026-08-14T00:52:49.421735,0.151,2.508,35.422
2026-08-14T00:52:49.425089,3.354,2.529,35.422
2026-08-14T00:52:49.425229,0.143,2.529,35.422
2026-08-14T00:52:49.425360,0.133,2.508,35.422
2026-08-14T00:52:49.425531,0.169,2.508,35.422
2026-08-14T00:52:49.427847,2.303,2.529,35.422
2026-08-14T00:52:49.428075,0.238,2.530,35.422
2026-08-14T00:52:49.428211,0.139,2.508,35.422
2026-08-14T00:52:49.428337,0.127,2.508,35.422
2026-08-14T00:52:49.428471,0.134,2.508,35.422
2026-08-14T00:52:49.428597,0.126,2.508,35.422
2026-08-14T00:52:49.428719,0.122,2.487,35.422
2026-08-14T00:52:49.429927,1.203,2.476,35.422
2026-08-14T00:52:49.431161,1.233,2.487,35.422
2026-08-14T00:52:49.467207,35.985,2.492,35.985
2026-08-14T00:52:49.467408,0.255,2.493,35.985
2026-08-14T00:52:49.467567,0.165,2.493,35.985
2026-08-14T00:52:49.469886,2.313,2.494,35.985
2026-08-14T00:52:49.470043,0.164,2.494,35.985
2026-08-14T00:52:49.470186,0.146,2.483,35.985
2026-08-14T00:52:49.470320,0.135,2.451,35.985
2026-08-14T00:52:49.472611,2.285,2.472,35.985
2026-08-14T00:52:49.472762,0.155,2.473,35.985
2026-08-14T00:52:49.474023,1.254,2.484,35.985
2026-08-14T00:52:49.474230,0.210,2.484,35.985
2026-08-14T00:52:49.474450,0.223,2.474,35.985
2026-08-14T00:52:49.474616,0.167,2.474,35.985
2026-08-14T00:52:49.476916,2.299,2.496,35.985
2026-08-14T00:52:49.477050,0.140,2.474,35.985
2026-08-14T00:52:49.477192,0.142,2.474,35.985
2026-08-14T00:52:49.478415,1.217,2.485,35.985
2026-08-14T00:52:49.479629,1.216,2.496,35.985
2026-08-14T00:52:49.481993,2.341,2.497,35.985
2026-08-14T00:52:49.482182,0.201,2.497,35.985
2026-08-14T00:52:49.517665,35.477,2.502,35.985
2026-08-14T00:52:49.517844,0.181,2.501,35.985
2026-08-14T00:52:49.517991,0.163,2.501,35.985
2026-08-14T00:52:49.520277,2.284,2.511,35.985
2026-08-14T00:52:49.520420,0.146,2.511,35.985
2026-08-14T00:52:49.521636,1.214,2.511,35.985
2026-08-14T00:52:49.521774,0.141,2.511,35.985
2026-08-14T00:52:49.525175,3.382,2.522,35.985
2026-08-14T00:52:49.525340,0.178,2.522,35.985
2026-08-14T00:52:49.525474,0.141,2.511,35.985
2026-08-14T00:52:49.525671,0.189,2.511,35.985
2026-08-14T00:52:49.526931,1.261,2.522,35.985
2026-08-14T00:52:49.527104,0.177,2.522,35.985
2026-08-14T00:52:49.527242,0.141,2.500,35.985
2026-08-14T00:52:49.527370,0.129,2.500,35.985
2026-08-14T00:52:49.529654,2.282,2.521,35.985
2026-08-14T00:52:49.529785,0.134,2.510,35.985
2026-08-14T00:52:49.529920,0.135,2.500,35.985
2026-08-14T00:52:49.532194,2.272,2.499,35.985
2026-08-14T00:52:49.532323,0.132,2.499,35.985
2026-08-14T00:52:49.563515,31.166,2.465,35.985
2026-08-14T00:52:49.566919,3.415,2.496,35.985
2026-08-14T00:52:49.567073,0.162,2.496,35.985
2026-08-14T00:52:49.567213,0.142,2.475,35.985
2026-08-14T00:52:49.570588,3.369,2.507,35.985
2026-08-14T00:52:49.570741,0.157,2.496,35.985
2026-08-14T00:52:49.570899,0.158,2.497,35.985
2026-08-14T00:52:49.571037,0.141,2.465,35.985
2026-08-14T00:52:49.572245,1.207,2.475,35.985
2026-08-14T00:52:49.572382,0.139,2.476,35.985
2026-08-14T00:52:49.573603,1.218,2.486,35.985
2026-08-14T00:52:49.573784,0.181,2.465,35.985
2026-08-14T00:52:49.575032,1.247,2.475,35.985
2026-08-14T00:52:49.575199,0.169,2.476,35.985
2026-08-14T00:52:49.577487,2.287,2.497,35.985
2026-08-14T00:52:49.577623,0.140,2.487,35.985
2026-08-14T00:52:49.577766,0.142,2.487,35.985
2026-08-14T00:52:49.577910,0.144,2.487,35.985
2026-08-14T00:52:49.580194,2.282,2.476,35.985
2026-08-14T00:52:49.581425,1.229,2.487,35.985
2026-08-14T00:52:49.581564,0.143,2.144,35.985
2026-08-14T00:52:49.617003,35.429,2.496,35.985
2026-08-14T00:52:49.617156,0.158,2.496,35.985
2026-08-14T00:52:49.617291,0.140,2.475,35.985
2026-08-14T00:52:49.619579,2.284,2.496,35.985
2026-08-14T00:52:49.619721,0.146,2.496,35.985
2026-08-14T00:52:49.622093,2.345,2.496,35.985
2026-08-14T00:52:49.622325,0.230,2.497,35.985
2026-08-14T00:52:49.624798,2.443,2.498,35.985
2026-08-14T00:52:49.625023,0.272,2.499,35.985
2026-08-14T00:52:49.625174,0.161,2.499,35.985
2026-08-14T00:52:49.625369,0.194,2.499,35.985
2026-08-14T00:52:49.627687,2.315,2.498,35.985
2026-08-14T00:52:49.627876,0.193,2.498,35.985
2026-08-14T00:52:49.628020,0.147,2.498,35.985
2026-08-14T00:52:49.628151,0.132,2.498,35.985
2026-08-14T00:52:49.629377,1.222,2.509,35.985
2026-08-14T00:52:49.629522,0.148,2.498,35.985
2026-08-14T00:52:49.629652,0.132,2.476,35.985
2026-08-14T00:52:49.631961,2.301,2.498,35.985
2026-08-14T00:52:49.632107,0.151,2.146,35.985
2026-08-14T00:52:49.667070,34.896,2.493,35.985
2026-08-14T00:52:49.667274,0.259,2.494,35.985
2026-08-14T00:52:49.667432,0.166,2.472,35.985
2026-08-14T00:52:49.669738,2.301,2.494,35.985
2026-08-14T00:52:49.669909,0.174,2.483,35.985
2026-08-14T00:52:49.670060,0.155,2.483,35.985
2026-08-14T00:52:49.670196,0.138,2.451,35.985
2026-08-14T00:52:49.672488,2.286,2.473,35.985
2026-08-14T00:52:49.672640,0.155,2.473,35.985
2026-08-14T00:52:49.673910,1.263,2.484,35.985
2026-08-14T00:52:49.674114,0.207,2.463,35.985
2026-08-14T00:52:49.675369,1.253,2.473,35.985
2026-08-14T00:52:49.675549,0.183,2.473,35.985
2026-08-14T00:52:49.676835,1.277,2.485,35.985
2026-08-14T00:52:49.676973,0.152,2.485,35.985
2026-08-14T00:52:49.677107,0.135,2.485,35.985
2026-08-14T00:52:49.677232,0.125,2.485,35.985
2026-08-14T00:52:49.679512,2.272,2.496,35.985
2026-08-14T00:52:49.681884,2.357,2.507,35.985
2026-08-14T00:52:49.682047,0.179,2.149,35.477
2026-08-14T00:52:49.717484,35.428,2.501,35.477
2026-08-14T00:52:49.717637,0.164,2.501,35.477
2026-08-14T00:52:49.717767,0.134,2.479,35.477
2026-08-14T00:52:49.720069,2.294,2.500,35.477
2026-08-14T00:52:49.720215,0.151,2.500,35.477
2026-08-14T00:52:49.721443,1.222,2.511,35.477
2026-08-14T00:52:49.721617,0.178,2.490,35.477
2026-08-14T00:52:49.725032,3.397,2.523,35.477
2026-08-14T00:52:49.725204,0.184,2.512,35.477
2026-08-14T00:52:49.725339,0.144,2.511,35.477
2026-08-14T00:52:49.725515,0.175,2.511,35.477
2026-08-14T00:52:49.727864,2.343,2.532,35.477
2026-08-14T00:52:49.728043,0.183,2.511,35.477
2026-08-14T00:52:49.728180,0.141,2.511,35.477
2026-08-14T00:52:49.728307,0.128,2.511,35.477
2026-08-14T00:52:49.728445,0.138,2.500,35.477
2026-08-14T00:52:49.729667,1.217,2.500,35.477
2026-08-14T00:52:49.729804,0.141,2.478,35.477
2026-08-14T00:52:49.729949,0.145,2.478,35.477
2026-08-14T00:52:49.730075,0.128,2.124,35.429
2026-08-14T00:52:49.767635,37.545,2.498,37.545
2026-08-14T00:52:49.767788,0.161,2.498,37.545
2026-08-14T00:52:49.767939,0.152,2.477,37.545
2026-08-14T00:52:49.770242,2.297,2.498,37.545
2026-08-14T00:52:49.770394,0.158,2.488,37.545
2026-08-14T00:52:49.770535,0.142,2.488,37.545
2026-08-14T00:52:49.770672,0.137,2.455,37.545
2026-08-14T00:52:49.772959,2.280,2.476,37.545
2026-08-14T00:52:49.773100,0.149,2.476,37.545
2026-08-14T00:52:49.774364,1.260,2.487,37.545
2026-08-14T00:52:49.774537,0.176,2.476,37.545
2026-08-14T00:52:49.774675,0.141,2.476,37.545
2026-08-14T00:52:49.774839,0.148,2.476,37.545
2026-08-14T00:52:49.777134,2.305,2.498,37.545
2026-08-14T00:52:49.777273,0.144,2.476,37.545
2026-08-14T00:52:49.777410,0.138,2.476,37.545
2026-08-14T00:52:49.779712,2.289,2.498,37.545
2026-08-14T00:52:49.779873,0.168,2.477,37.545
2026-08-14T00:52:49.780011,0.143,2.477,37.545
2026-08-14T00:52:49.780138,0.129,2.166,37.545
2026-08-14T00:52:49.817729,37.568,2.508,37.568
2026-08-14T00:52:49.817904,0.188,2.508,37.568
2026-08-14T00:52:49.818047,0.149,2.508,37.568
2026-08-14T00:52:49.820347,2.294,2.498,37.568
2026-08-14T00:52:49.820497,0.154,2.498,37.568
2026-08-14T00:52:49.821719,1.220,2.508,37.568
2026-08-14T00:52:49.825082,3.361,2.540,37.568
2026-08-14T00:52:49.825219,0.144,2.530,37.568
2026-08-14T00:52:49.825347,0.129,2.530,37.568
2026-08-14T00:52:49.825472,0.126,2.519,37.568
2026-08-14T00:52:49.825641,0.166,2.519,37.568
2026-08-14T00:52:49.827947,2.303,2.529,37.568
2026-08-14T00:52:49.828173,0.228,2.530,37.568
2026-08-14T00:52:49.828310,0.139,2.508,37.568
2026-08-14T00:52:49.828436,0.128,2.508,37.568
2026-08-14T00:52:49.828576,0.138,2.508,37.568
2026-08-14T00:52:49.828701,0.126,2.508,37.568
2026-08-14T00:52:49.828835,0.124,2.486,37.568
2026-08-14T00:52:49.830055,1.224,2.486,37.568
2026-08-14T00:52:49.831291,1.237,2.497,37.568
2026-08-14T00:52:49.867462,36.100,2.504,37.568
2026-08-14T00:52:49.867660,0.266,2.505,37.568
2026-08-14T00:52:49.867797,0.144,2.505,37.568
2026-08-14T00:52:49.869028,1.226,2.494,37.568
2026-08-14T00:52:49.869165,0.142,2.494,37.568
2026-08-14T00:52:49.870373,1.207,2.483,37.568
2026-08-14T00:52:49.870507,0.137,2.482,37.568
2026-08-14T00:52:49.872843,2.303,2.481,37.568
2026-08-14T00:52:49.873010,0.193,2.480,37.568
2026-08-14T00:52:49.874281,1.216,2.491,37.568
2026-08-14T00:52:49.874468,0.246,2.491,37.568
2026-08-14T00:52:49.874605,0.139,2.469,37.568
2026-08-14T00:52:49.874753,0.148,2.469,37.568
2026-08-14T00:52:49.877039,2.280,2.490,37.568
2026-08-14T00:52:49.877174,0.140,2.490,37.568
2026-08-14T00:52:49.877308,0.136,2.479,37.568
2026-08-14T00:52:49.879580,2.267,2.501,37.568
2026-08-14T00:52:49.879712,0.136,2.501,37.568
2026-08-14T00:52:49.879847,0.124,2.479,37.568
2026-08-14T00:52:49.879977,0.141,2.479,37.568
2026-08-14T00:52:49.917637,37.614,2.506,37.614
2026-08-14T00:52:49.917841,0.225,2.506,37.614
2026-08-14T00:52:49.917995,0.171,2.506,37.614
2026-08-14T00:52:49.920286,2.291,2.506,37.614
2026-08-14T00:52:49.920433,0.151,2.505,37.614
2026-08-14T00:52:49.921651,1.215,2.516,37.614
2026-08-14T00:52:49.923941,2.289,2.537,37.614
2026-08-14T00:52:49.924079,0.143,2.516,37.614
2026-08-14T00:52:49.924207,0.129,2.516,37.614
2026-08-14T00:52:49.924393,0.185,2.505,37.614
2026-08-14T00:52:49.924568,0.173,2.505,37.614
2026-08-14T00:52:49.926887,2.315,2.515,37.614
2026-08-14T00:52:49.927056,0.172,2.515,37.614
2026-08-14T00:52:49.927217,0.162,2.504,37.614
2026-08-14T00:52:49.929514,2.295,2.525,37.614
2026-08-14T00:52:49.929659,0.149,2.526,37.614
2026-08-14T00:52:49.929783,0.125,2.526,37.614
2026-08-14T00:52:49.929914,0.132,2.504,37.614
2026-08-14T00:52:49.932192,2.273,2.503,37.614
2026-08-14T00:52:49.932322,0.135,2.503,37.614
2026-08-14T00:52:49.967749,35.410,2.503,37.614
2026-08-14T00:52:49.967918,0.176,2.503,37.614
2026-08-14T00:52:49.968058,0.145,2.503,37.614
2026-08-14T00:52:49.969302,1.237,2.492,37.614
2026-08-14T00:52:49.969455,0.158,2.492,37.614
2026-08-14T00:52:49.969592,0.140,2.482,37.614
2026-08-14T00:52:49.972946,3.349,2.513,37.614
2026-08-14T00:52:49.973090,0.143,2.481,37.614
2026-08-14T00:52:49.974373,1.285,2.492,37.614
2026-08-14T00:52:49.974510,0.141,2.492,37.614
2026-08-14T00:52:49.974674,0.162,2.492,37.614
2026-08-14T00:52:49.974825,0.141,2.470,37.614
2026-08-14T00:52:49.977155,2.335,2.491,37.614
2026-08-14T00:52:49.977299,0.150,2.491,37.614
2026-08-14T00:52:49.977426,0.129,2.491,37.614
2026-08-14T00:52:49.977561,0.135,2.491,37.614
2026-08-14T00:52:49.978769,1.203,2.491,37.614
2026-08-14T00:52:49.980000,1.230,2.502,37.614
2026-08-14T00:52:49.982299,2.301,2.523,37.614
2026-08-14T00:52:49.982430,0.136,2.524,37.614
2026-08-14T00:52:50.017843,35.387,2.502,37.614
2026-08-14T00:52:50.018002,0.177,2.502,37.614
2026-08-14T00:52:50.018139,0.141,2.502,37.614
2026-08-14T00:52:50.020433,2.288,2.502,37.614
2026-08-14T00:52:50.020581,0.152,2.502,37.614
2026-08-14T00:52:50.021806,1.221,2.513,37.614
2026-08-14T00:52:50.021968,0.164,2.513,37.614
2026-08-14T00:52:50.025325,3.356,2.524,37.614
2026-08-14T00:52:50.025466,0.146,2.524,37.614
2026-08-14T00:52:50.025591,0.128,2.512,37.614
2026-08-14T00:52:50.025749,0.155,2.512,37.614
2026-08-14T00:52:50.026996,1.242,2.523,37.614
2026-08-14T00:52:50.027161,0.170,2.523,37.614
2026-08-14T00:52:50.027295,0.135,2.502,37.614
2026-08-14T00:52:50.027418,0.125,2.501,37.614
2026-08-14T00:52:50.028692,1.269,2.513,37.614
2026-08-14T00:52:50.028839,0.140,2.491,37.614
2026-08-14T00:52:50.028968,0.140,2.491,37.614
2026-08-14T00:52:50.032318,3.346,2.523,37.614
2026-08-14T00:52:50.032453,0.139,2.523,37.614
2026-08-14T00:52:50.067462,34.933,2.497,37.614
2026-08-14T00:52:50.067661,0.265,2.498,37.614
2026-08-14T00:52:50.067799,0.147,2.498,37.614
2026-08-14T00:52:50.069036,1.231,2.487,37.614
2026-08-14T00:52:50.069241,0.209,2.487,37.614
2026-08-14T00:52:50.069376,0.139,2.477,37.614
2026-08-14T00:52:50.072725,3.344,2.476,37.614
2026-08-14T00:52:50.072887,0.162,2.477,37.614
2026-08-14T00:52:50.074129,1.238,2.488,37.614
2026-08-14T00:52:50.074328,0.205,2.489,37.614
2026-08-14T00:52:50.074509,0.181,2.489,37.614
2026-08-14T00:52:50.074652,0.145,2.467,37.614
2026-08-14T00:52:50.077038,2.367,2.488,37.614
2026-08-14T00:52:50.077200,0.177,2.489,37.614
2026-08-14T00:52:50.077329,0.135,2.489,37.614
2026-08-14T00:52:50.077463,0.134,2.489,37.614
2026-08-14T00:52:50.080803,3.337,2.521,37.614
2026-08-14T00:52:50.080951,0.149,2.521,37.614
2026-08-14T00:52:50.081074,0.126,2.510,37.614
2026-08-14T00:52:50.081194,0.122,2.499,37.614
2026-08-14T00:52:50.117874,36.610,2.504,37.614
2026-08-14T00:52:50.118086,0.267,2.504,37.614
2026-08-14T00:52:50.118232,0.150,2.504,37.614
2026-08-14T00:52:50.119499,1.264,2.505,37.614
2026-08-14T00:52:50.119650,0.158,2.505,37.614
2026-08-14T00:52:50.121971,2.304,2.516,37.614
2026-08-14T00:52:50.122137,0.175,2.516,37.614
2026-08-14T00:52:50.124469,2.322,2.516,37.614
2026-08-14T00:52:50.124629,0.176,2.516,37.614
2026-08-14T00:52:50.124762,0.138,2.505,37.614
2026-08-14T00:52:50.124960,0.193,2.505,37.614
2026-08-14T00:52:50.127312,2.347,2.527,37.614
2026-08-14T00:52:50.127489,0.183,2.527,37.614
2026-08-14T00:52:50.127628,0.143,2.506,37.614
2026-08-14T00:52:50.127755,0.128,2.506,37.614
2026-08-14T00:52:50.128985,1.226,2.517,37.614
2026-08-14T00:52:50.129121,0.140,2.495,37.614
2026-08-14T00:52:50.129244,0.126,2.495,37.614
2026-08-14T00:52:50.131519,2.267,2.517,37.614
2026-08-14T00:52:50.131654,0.140,2.517,37.614
2026-08-14T00:52:50.167115,35.446,2.495,36.610
2026-08-14T00:52:50.167270,0.163,2.494,36.610
2026-08-14T00:52:50.167408,0.141,2.494,36.610
2026-08-14T00:52:50.169710,2.295,2.494,36.610
2026-08-14T00:52:50.169881,0.172,2.494,36.610
2026-08-14T00:52:50.170030,0.153,2.484,36.610
2026-08-14T00:52:50.170164,0.137,2.462,36.610
2026-08-14T00:52:50.172451,2.278,2.484,36.610
2026-08-14T00:52:50.172591,0.149,2.484,36.610
2026-08-14T00:52:50.174882,2.287,2.505,36.610
2026-08-14T00:52:50.175055,0.176,2.505,36.610
2026-08-14T00:52:50.175192,0.140,2.483,36.610
2026-08-14T00:52:50.175343,0.150,2.483,36.610
2026-08-14T00:52:50.176615,1.267,2.494,36.610
2026-08-14T00:52:50.176753,0.143,2.472,36.610
2026-08-14T00:52:50.176900,0.146,2.472,36.610
2026-08-14T00:52:50.179181,2.277,2.494,36.610
2026-08-14T00:52:50.179318,0.142,2.494,36.610
2026-08-14T00:52:50.179444,0.128,2.473,36.610
2026-08-14T00:52:50.179569,0.125,2.472,36.610
2026-08-14T00:52:50.217139,37.554,2.494,37.554
2026-08-14T00:52:50.217296,0.166,2.494,37.554
2026-08-14T00:52:50.217432,0.141,2.494,37.554
2026-08-14T00:52:50.219723,2.285,2.504,37.554
2026-08-14T00:52:50.219883,0.162,2.504,37.554
2026-08-14T00:52:50.222191,2.305,2.526,37.554
2026-08-14T00:52:50.222340,0.154,2.494,37.554
2026-08-14T00:52:50.224623,2.282,2.515,37.554
2026-08-14T00:52:50.224761,0.142,2.504,37.554
2026-08-14T00:52:50.224904,0.138,2.504,37.554
2026-08-14T00:52:50.225068,0.168,2.504,37.554
2026-08-14T00:52:50.227375,2.304,2.526,37.554
2026-08-14T00:52:50.227538,0.166,2.504,37.554
2026-08-14T00:52:50.227668,0.133,2.504,37.554
2026-08-14T00:52:50.227796,0.127,2.504,37.554
2026-08-14T00:52:50.229034,1.231,2.515,37.554
2026-08-14T00:52:50.229171,0.144,2.504,37.554
2026-08-14T00:52:50.229297,0.127,2.493,37.554
2026-08-14T00:52:50.231601,2.299,2.493,37.554
2026-08-14T00:52:50.231739,0.141,2.493,37.554
2026-08-14T00:52:50.267788,35.975,2.499,37.554
2026-08-14T00:52:50.268005,0.279,2.500,37.554
2026-08-14T00:52:50.268149,0.156,2.500,37.554
2026-08-14T00:52:50.269366,1.212,2.489,37.554
2026-08-14T00:52:50.269514,0.152,2.489,37.554
2026-08-14T00:52:50.269648,0.136,2.479,37.554
2026-08-14T00:52:50.273007,3.353,2.510,37.554
2026-08-14T00:52:50.273146,0.144,2.478,37.554
2026-08-14T00:52:50.274374,1.223,2.489,37.554
2026-08-14T00:52:50.274515,0.145,2.489,37.554
2026-08-14T00:52:50.274695,0.180,2.489,37.554
2026-08-14T00:52:50.274848,0.142,2.478,37.554
2026-08-14T00:52:50.277179,2.338,2.500,37.554
2026-08-14T00:52:50.277326,0.151,2.500,37.554
2026-08-14T00:52:50.277457,0.132,2.500,37.554
2026-08-14T00:52:50.277609,0.150,2.489,37.554
2026-08-14T00:52:50.279907,2.295,2.511,37.554
2026-08-14T00:52:50.280049,0.147,2.511,37.554
2026-08-14T00:52:50.282332,2.280,2.500,37.554
2026-08-14T00:52:50.282474,0.145,2.500,37.554
2026-08-14T00:52:50.316866,34.367,2.495,37.554
2026-08-14T00:52:50.317029,0.182,2.494,37.554
2026-08-14T00:52:50.317168,0.144,2.494,37.554
2026-08-14T00:52:50.319481,2.299,2.504,37.554
2026-08-14T00:52:50.319651,0.177,2.504,37.554
2026-08-14T00:52:50.320975,1.309,2.516,37.554
2026-08-14T00:52:50.321149,0.186,2.484,37.554
2026-08-14T00:52:50.324518,3.371,2.516,37.554
2026-08-14T00:52:50.324671,0.158,2.505,37.554
2026-08-14T00:52:50.324822,0.141,2.505,37.554
2026-08-14T00:52:50.325018,0.204,2.505,37.554
2026-08-14T00:52:50.327397,2.375,2.527,37.554
2026-08-14T00:52:50.327580,0.189,2.506,37.554
2026-08-14T00:52:50.327726,0.149,2.505,37.554
2026-08-14T00:52:50.327876,0.148,2.505,37.554
2026-08-14T00:52:50.328031,0.156,2.506,37.554
2026-08-14T00:52:50.329256,1.225,2.485,37.554
2026-08-14T00:52:50.329391,0.138,2.484,37.554
2026-08-14T00:52:50.329511,0.124,2.484,37.554
2026-08-14T00:52:50.331784,2.266,2.506,37.554
2026-08-14T00:52:50.367447,35.584,2.496,37.554
2026-08-14T00:52:50.367659,0.280,2.496,37.554
2026-08-14T00:52:50.367806,0.158,2.496,37.554
2026-08-14T00:52:50.370168,2.352,2.507,37.554
2026-08-14T00:52:50.370326,0.167,2.507,37.554
2026-08-14T00:52:50.370466,0.142,2.485,37.554
2026-08-14T00:52:50.372826,2.325,2.507,37.554
2026-08-14T00:52:50.373025,0.227,2.486,37.554
2026-08-14T00:52:50.374326,1.301,2.497,37.554
2026-08-14T00:52:50.374474,0.154,2.497,37.554
2026-08-14T00:52:50.374655,0.181,2.497,37.554
2026-08-14T00:52:50.374796,0.143,2.475,37.554
2026-08-14T00:52:50.377148,2.344,2.497,37.554
2026-08-14T00:52:50.377302,0.159,2.497,37.554
2026-08-14T00:52:50.377434,0.135,2.497,37.554
2026-08-14T00:52:50.377574,0.141,2.486,37.554
2026-08-14T00:52:50.379866,2.285,2.507,37.554
2026-08-14T00:52:50.380009,0.147,2.508,37.554
2026-08-14T00:52:50.380138,0.132,2.486,37.554
2026-08-14T00:52:50.380264,0.128,2.486,37.554
2026-08-14T00:52:50.416821,36.532,2.497,37.554
2026-08-14T00:52:50.416985,0.180,2.497,37.554
2026-08-14T00:52:50.417126,0.146,2.497,37.554
2026-08-14T00:52:50.419445,2.314,2.497,37.554
2026-08-14T00:52:50.419595,0.154,2.497,37.554
2026-08-14T00:52:50.421923,2.321,2.519,37.554
2026-08-14T00:52:50.425291,3.371,2.551,37.554
2026-08-14T00:52:50.425430,0.145,2.530,37.554
2026-08-14T00:52:50.425558,0.129,2.530,37.554
2026-08-14T00:52:50.425688,0.124,2.508,37.554
2026-08-14T00:52:50.425866,0.180,2.508,37.554
2026-08-14T00:52:50.428238,2.370,2.530,37.554
2026-08-14T00:52:50.428405,0.171,2.531,37.554
2026-08-14T00:52:50.428538,0.135,2.519,37.554
2026-08-14T00:52:50.428663,0.126,2.519,37.554
2026-08-14T00:52:50.428797,0.134,2.519,37.554
2026-08-14T00:52:50.428942,0.142,2.498,37.554
2026-08-14T00:52:50.429066,0.127,2.498,37.554
2026-08-14T00:52:50.432431,3.358,2.530,37.554
2026-08-14T00:52:50.432570,0.144,2.530,37.554
2026-08-14T00:52:50.467629,34.982,2.504,36.532
2026-08-14T00:52:50.467858,0.276,2.505,36.532
2026-08-14T00:52:50.468044,0.204,2.506,36.532
2026-08-14T00:52:50.470354,2.314,2.506,36.532
2026-08-14T00:52:50.470501,0.154,2.506,36.532
2026-08-14T00:52:50.470636,0.137,2.485,36.532
2026-08-14T00:52:50.470765,0.129,2.484,36.532
2026-08-14T00:52:50.473045,2.274,2.484,36.532
2026-08-14T00:52:50.473187,0.146,2.484,36.532
2026-08-14T00:52:50.475499,2.306,2.506,36.532
2026-08-14T00:52:50.475696,0.199,2.506,36.532
2026-08-14T00:52:50.475851,0.148,2.485,36.532
2026-08-14T00:52:50.476018,0.177,2.485,36.532
2026-08-14T00:52:50.476159,0.141,2.485,36.532
2026-08-14T00:52:50.476291,0.133,2.485,36.532
2026-08-14T00:52:50.476429,0.139,2.474,36.532
2026-08-14T00:52:50.476557,0.128,2.474,36.532
2026-08-14T00:52:50.478835,2.266,2.495,36.532
2026-08-14T00:52:50.478973,0.148,2.474,36.532
2026-08-14T00:52:50.479096,0.125,2.474,36.532
2026-08-14T00:52:50.517850,38.701,2.501,38.701
2026-08-14T00:52:50.518041,0.230,2.500,38.701
2026-08-14T00:52:50.518188,0.156,2.500,38.701
2026-08-14T00:52:50.519406,1.218,2.500,38.701
2026-08-14T00:52:50.519548,0.144,2.500,38.701
2026-08-14T00:52:50.521845,2.286,2.522,38.701
2026-08-14T00:52:50.521989,0.154,2.490,38.701
2026-08-14T00:52:50.524267,2.277,2.511,38.701
2026-08-14T00:52:50.524406,0.141,2.500,38.701
2026-08-14T00:52:50.524533,0.129,2.500,38.701
2026-08-14T00:52:50.524706,0.170,2.500,38.701
2026-08-14T00:52:50.528103,3.393,2.533,38.701
2026-08-14T00:52:50.528275,0.175,2.511,38.701
2026-08-14T00:52:50.528428,0.157,2.511,38.701
2026-08-14T00:52:50.528554,0.126,2.511,38.701
2026-08-14T00:52:50.528690,0.136,2.511,38.701
2026-08-14T00:52:50.528831,0.129,2.489,38.701
2026-08-14T00:52:50.528968,0.147,2.489,38.701
2026-08-14T00:52:50.529096,0.130,2.468,38.701
2026-08-14T00:52:50.531367,2.268,2.489,38.701
2026-08-14T00:52:50.563735,32.345,2.469,38.701
2026-08-14T00:52:50.567130,3.408,2.501,38.701
2026-08-14T00:52:50.567283,0.161,2.501,38.701
2026-08-14T00:52:50.567419,0.139,2.480,38.701
2026-08-14T00:52:50.569736,2.310,2.501,38.701
2026-08-14T00:52:50.569901,0.168,2.489,38.701
2026-08-14T00:52:50.570047,0.150,2.489,38.701
2026-08-14T00:52:50.572333,2.283,2.478,38.701
2026-08-14T00:52:50.572478,0.148,2.478,38.701
2026-08-14T00:52:50.575855,3.364,2.510,38.701
2026-08-14T00:52:50.575996,0.156,2.510,38.701
2026-08-14T00:52:50.576220,0.221,2.488,38.701
2026-08-14T00:52:50.576361,0.143,2.488,38.701
2026-08-14T00:52:50.576512,0.152,2.488,38.701
2026-08-14T00:52:50.576669,0.156,2.488,38.701
2026-08-14T00:52:50.576798,0.131,2.488,38.701
2026-08-14T00:52:50.576955,0.152,2.477,38.701
2026-08-14T00:52:50.577086,0.133,2.477,38.701
2026-08-14T00:52:50.579366,2.276,2.498,38.701
2026-08-14T00:52:50.579505,0.143,2.477,38.701
2026-08-14T00:52:50.579632,0.130,2.123,38.701
2026-08-14T00:52:50.617273,37.586,2.496,38.701
2026-08-14T00:52:50.617482,0.250,2.497,38.701
2026-08-14T00:52:50.617629,0.156,2.475,38.701
2026-08-14T00:52:50.619931,2.295,2.496,38.701
2026-08-14T00:52:50.620084,0.159,2.496,38.701
2026-08-14T00:52:50.622439,2.342,2.496,38.701
2026-08-14T00:52:50.622624,0.185,2.496,38.701
2026-08-14T00:52:50.624992,2.354,2.506,38.701
2026-08-14T00:52:50.625180,0.210,2.507,38.701
2026-08-14T00:52:50.625338,0.160,2.507,38.701
2026-08-14T00:52:50.625547,0.208,2.507,38.701
2026-08-14T00:52:50.626845,1.277,2.497,38.701
2026-08-14T00:52:50.627061,0.234,2.497,38.701
2026-08-14T00:52:50.627247,0.165,2.498,38.701
2026-08-14T00:52:50.627393,0.177,2.498,38.701
2026-08-14T00:52:50.629771,2.346,2.499,38.701
2026-08-14T00:52:50.629960,0.216,2.499,38.701
2026-08-14T00:52:50.630104,0.149,2.500,38.701
2026-08-14T00:52:50.632461,2.323,2.522,38.701
2026-08-14T00:52:50.632650,0.211,2.158,38.701
2026-08-14T00:52:50.667773,35.071,2.507,38.701
2026-08-14T00:52:50.668042,0.323,2.509,38.701
2026-08-14T00:52:50.668177,0.149,2.487,38.701
2026-08-14T00:52:50.670446,2.267,2.509,38.701
2026-08-14T00:52:50.670577,0.134,2.487,38.701
2026-08-14T00:52:50.670696,0.121,2.454,38.701
2026-08-14T00:52:50.670833,0.113,2.454,38.701
2026-08-14T00:52:50.673126,2.311,2.476,38.701
2026-08-14T00:52:50.673253,0.132,2.476,38.701
2026-08-14T00:52:50.674446,1.191,2.486,38.701
2026-08-14T00:52:50.674618,0.173,2.464,38.701
2026-08-14T00:52:50.674743,0.128,2.463,38.701
2026-08-14T00:52:50.674890,0.146,2.464,38.701
2026-08-14T00:52:50.677180,2.279,2.485,38.701
2026-08-14T00:52:50.677323,0.149,2.485,38.701
2026-08-14T00:52:50.677466,0.144,2.485,38.701
2026-08-14T00:52:50.679874,2.358,2.508,38.701
2026-08-14T00:52:50.680092,0.250,2.476,38.701
2026-08-14T00:52:50.680282,0.185,2.477,38.701
2026-08-14T00:52:50.680434,0.173,2.129,38.701
2026-08-14T00:52:50.717060,36.591,2.492,38.701
2026-08-14T00:52:50.717237,0.207,2.492,38.701
2026-08-14T00:52:50.717375,0.144,2.470,38.701
2026-08-14T00:52:50.719666,2.284,2.492,38.701
2026-08-14T00:52:50.719825,0.152,2.492,38.701
2026-08-14T00:52:50.721053,1.236,2.503,38.701
2026-08-14T00:52:50.724423,3.367,2.514,38.701
2026-08-14T00:52:50.724568,0.152,2.514,38.701
2026-08-14T00:52:50.724699,0.134,2.492,38.701
2026-08-14T00:52:50.724836,0.126,2.491,38.701
2026-08-14T00:52:50.725033,0.201,2.492,38.701
2026-08-14T00:52:50.727357,2.321,2.513,38.701
2026-08-14T00:52:50.727534,0.182,2.514,38.701
2026-08-14T00:52:50.727673,0.143,2.514,38.701
2026-08-14T00:52:50.729977,2.300,2.535,38.701
2026-08-14T00:52:50.730131,0.158,2.536,38.701
2026-08-14T00:52:50.730256,0.127,2.514,38.701
2026-08-14T00:52:50.730377,0.122,2.514,38.701
2026-08-14T00:52:50.730495,0.118,2.514,38.701
2026-08-14T00:52:50.731698,1.197,2.139,37.586
2026-08-14T00:52:50.767221,35.490,2.492,37.586
2026-08-14T00:52:50.767405,0.207,2.492,37.586
2026-08-14T00:52:50.767549,0.154,2.481,37.586
2026-08-14T00:52:50.768890,1.316,2.493,37.586
2026-08-14T00:52:50.769065,0.196,2.472,37.586
2026-08-14T00:52:50.770298,1.233,2.483,37.586
2026-08-14T00:52:50.770449,0.155,2.462,37.586
2026-08-14T00:52:50.772730,2.282,2.483,37.586
2026-08-14T00:52:50.772884,0.154,2.483,37.586
2026-08-14T00:52:50.775169,2.284,2.505,37.586
2026-08-14T00:52:50.775355,0.186,2.473,37.586
2026-08-14T00:52:50.775496,0.145,2.472,37.586
2026-08-14T00:52:50.775650,0.154,2.472,37.586
2026-08-14T00:52:50.776876,1.221,2.483,37.586
2026-08-14T00:52:50.777017,0.145,2.483,37.586
2026-08-14T00:52:50.777156,0.141,2.483,37.586
2026-08-14T00:52:50.779434,2.275,2.505,37.586
2026-08-14T00:52:50.779573,0.141,2.505,37.586
2026-08-14T00:52:50.779711,0.136,2.483,37.586
2026-08-14T00:52:50.779857,0.136,2.161,37.586
2026-08-14T00:52:50.817534,37.651,2.504,37.651
2026-08-14T00:52:50.817721,0.213,2.504,37.651
2026-08-14T00:52:50.817886,0.172,2.505,37.651
2026-08-14T00:52:50.820195,2.307,2.505,37.651
2026-08-14T00:52:50.820349,0.158,2.504,37.651
2026-08-14T00:52:50.821579,1.225,2.515,37.651
2026-08-14T00:52:50.821734,0.160,2.494,37.651
2026-08-14T00:52:50.825093,3.357,2.526,37.651
2026-08-14T00:52:50.825244,0.155,2.494,37.651
2026-08-14T00:52:50.825374,0.133,2.494,37.651
2026-08-14T00:52:50.825549,0.172,2.493,37.651
2026-08-14T00:52:50.827870,2.316,2.515,37.651
2026-08-14T00:52:50.828105,0.237,2.516,37.651
2026-08-14T00:52:50.828244,0.144,2.516,37.651
2026-08-14T00:52:50.828370,0.127,2.516,37.651
2026-08-14T00:52:50.828506,0.136,2.516,37.651
2026-08-14T00:52:50.828632,0.126,2.515,37.651
2026-08-14T00:52:50.828755,0.124,2.494,37.651
2026-08-14T00:52:50.829966,1.205,2.505,37.651
2026-08-14T00:52:50.831201,1.235,2.516,37.651
2026-08-14T00:52:50.867490,36.212,2.502,37.651
2026-08-14T00:52:50.867701,0.280,2.502,37.651
2026-08-14T00:52:50.867857,0.154,2.502,37.651
2026-08-14T00:52:50.870236,2.360,2.503,37.651
2026-08-14T00:52:50.870412,0.203,2.503,37.651
2026-08-14T00:52:50.870552,0.146,2.481,37.651
2026-08-14T00:52:50.872847,2.279,2.502,37.651
2026-08-14T00:52:50.872990,0.158,2.480,37.651
2026-08-14T00:52:50.875385,2.389,2.502,37.651
2026-08-14T00:52:50.875530,0.151,2.502,37.651
2026-08-14T00:52:50.875715,0.183,2.502,37.651
2026-08-14T00:52:50.875873,0.159,2.491,37.651
2026-08-14T00:52:50.877128,1.253,2.501,37.651
2026-08-14T00:52:50.877269,0.146,2.501,37.651
2026-08-14T00:52:50.877392,0.125,2.500,37.651
2026-08-14T00:52:50.877523,0.132,2.478,37.651
2026-08-14T00:52:50.878725,1.197,2.488,37.651
2026-08-14T00:52:50.879937,1.211,2.498,37.651
2026-08-14T00:52:50.882231,2.294,2.498,37.651
2026-08-14T00:52:50.882364,0.137,2.497,37.651
2026-08-14T00:52:50.917865,35.456,2.501,37.651
2026-08-14T00:52:50.918040,0.210,2.500,37.651
2026-08-14T00:52:50.918175,0.143,2.500,37.651
2026-08-14T00:52:50.919440,1.257,2.490,37.651
2026-08-14T00:52:50.919583,0.150,2.490,37.651
2026-08-14T00:52:50.921882,2.295,2.512,37.651
2026-08-14T00:52:50.922026,0.148,2.512,37.651
2026-08-14T00:52:50.924338,2.309,2.512,37.651
2026-08-14T00:52:50.924480,0.145,2.512,37.651
2026-08-14T00:52:50.924607,0.130,2.502,37.651
2026-08-14T00:52:50.924780,0.169,2.502,37.651
2026-08-14T00:52:50.927112,2.325,2.524,37.651
2026-08-14T00:52:50.927285,0.178,2.524,37.651
2026-08-14T00:52:50.927422,0.141,2.502,37.651
2026-08-14T00:52:50.927549,0.127,2.502,37.651
2026-08-14T00:52:50.929850,2.288,2.524,37.651
2026-08-14T00:52:50.929989,0.151,2.502,37.651
2026-08-14T00:52:50.930112,0.125,2.500,37.651
2026-08-14T00:52:50.930230,0.119,2.500,37.651
2026-08-14T00:52:50.931435,1.198,2.510,37.651
2026-08-14T00:52:50.966885,35.442,2.499,37.651
2026-08-14T00:52:50.967041,0.163,2.498,37.651
2026-08-14T00:52:50.967182,0.143,2.498,37.651
2026-08-14T00:52:50.969495,2.300,2.498,37.651
2026-08-14T00:52:50.969651,0.166,2.498,37.651
2026-08-14T00:52:50.969789,0.142,2.487,37.651
2026-08-14T00:52:50.969938,0.147,2.455,37.651
2026-08-14T00:52:50.972236,2.289,2.477,37.651
2026-08-14T00:52:50.972380,0.154,2.477,37.651
2026-08-14T00:52:50.973593,1.209,2.488,37.651
2026-08-14T00:52:50.973771,0.180,2.487,37.651
2026-08-14T00:52:50.975017,1.244,2.477,37.651
2026-08-14T00:52:50.975183,0.168,2.476,37.651
2026-08-14T00:52:50.977472,2.287,2.498,37.651
2026-08-14T00:52:50.977650,0.181,2.477,37.651
2026-08-14T00:52:50.977787,0.139,2.477,37.651
2026-08-14T00:52:50.977929,0.141,2.477,37.651
2026-08-14T00:52:50.980214,2.281,2.498,37.651
2026-08-14T00:52:50.981446,1.234,2.509,37.651
2026-08-14T00:52:50.981581,0.139,2.499,37.651
2026-08-14T00:52:51.017004,35.409,2.498,37.651
2026-08-14T00:52:51.017162,0.165,2.498,37.651
2026-08-14T00:52:51.017297,0.141,2.497,37.651
2026-08-14T00:52:51.019590,2.287,2.507,37.651
2026-08-14T00:52:51.019739,0.153,2.507,37.651
2026-08-14T00:52:51.022040,2.297,2.517,37.651
2026-08-14T00:52:51.024341,2.304,2.539,37.651
2026-08-14T00:52:51.024500,0.162,2.518,37.651
2026-08-14T00:52:51.024628,0.131,2.517,37.651
2026-08-14T00:52:51.024755,0.123,2.496,37.651
2026-08-14T00:52:51.024930,0.174,2.496,37.651
2026-08-14T00:52:51.027250,2.316,2.517,37.651
2026-08-14T00:52:51.027419,0.173,2.518,37.651
2026-08-14T00:52:51.027553,0.138,2.507,37.651
2026-08-14T00:52:51.028832,1.267,2.518,37.651
2026-08-14T00:52:51.028979,0.159,2.518,37.651
2026-08-14T00:52:51.029106,0.129,2.497,37.651
2026-08-14T00:52:51.029227,0.123,2.497,37.651
2026-08-14T00:52:51.032581,3.345,2.529,37.651
2026-08-14T00:52:51.032719,0.143,2.529,37.651
2026-08-14T00:52:51.067823,35.029,2.503,36.212
2026-08-14T00:52:51.068019,0.262,2.503,36.212
2026-08-14T00:52:51.068160,0.150,2.503,36.212
2026-08-14T00:52:51.069378,1.213,2.492,36.212
2026-08-14T00:52:51.069523,0.149,2.492,36.212
2026-08-14T00:52:51.069654,0.134,2.481,36.212
2026-08-14T00:52:51.069779,0.126,2.481,36.212
2026-08-14T00:52:51.072072,2.285,2.470,36.212
2026-08-14T00:52:51.072214,0.147,2.470,36.212
2026-08-14T00:52:51.074506,2.286,2.491,36.212
2026-08-14T00:52:51.074694,0.191,2.491,36.212
2026-08-14T00:52:51.074848,0.145,2.470,36.212
2026-08-14T00:52:51.075014,0.176,2.469,36.212
2026-08-14T00:52:51.077350,2.320,2.491,36.212
2026-08-14T00:52:51.077508,0.173,2.491,36.212
2026-08-14T00:52:51.077647,0.144,2.491,36.212
2026-08-14T00:52:51.079955,2.293,2.513,36.212
2026-08-14T00:52:51.080106,0.162,2.513,36.212
2026-08-14T00:52:51.080232,0.131,2.503,36.212
2026-08-14T00:52:51.080354,0.122,2.492,36.212
2026-08-14T00:52:51.117066,36.630,2.496,36.630
2026-08-14T00:52:51.117313,0.301,2.496,36.630
2026-08-14T00:52:51.117475,0.182,2.496,36.630
2026-08-14T00:52:51.119777,2.298,2.496,36.630
2026-08-14T00:52:51.119945,0.171,2.495,36.630
2026-08-14T00:52:51.121172,1.228,2.506,36.630
2026-08-14T00:52:51.124530,3.358,2.517,36.630
2026-08-14T00:52:51.124670,0.143,2.517,36.630
2026-08-14T00:52:51.124802,0.133,2.494,36.630
2026-08-14T00:52:51.124954,0.150,2.494,36.630
2026-08-14T00:52:51.125138,0.183,2.494,36.630
2026-08-14T00:52:51.127478,2.336,2.516,36.630
2026-08-14T00:52:51.127653,0.179,2.505,36.630
2026-08-14T00:52:51.127791,0.140,2.505,36.630
2026-08-14T00:52:51.127935,0.143,2.505,36.630
2026-08-14T00:52:51.128084,0.149,2.506,36.630
2026-08-14T00:52:51.129295,1.210,2.506,36.630
2026-08-14T00:52:51.129425,0.134,2.495,36.630
2026-08-14T00:52:51.131694,2.265,2.495,36.630
2026-08-14T00:52:51.131839,0.138,2.495,36.630
2026-08-14T00:52:51.167282,35.440,2.494,36.630
2026-08-14T00:52:51.167435,0.160,2.494,36.630
2026-08-14T00:52:51.167572,0.141,2.494,36.630
2026-08-14T00:52:51.169886,2.306,2.504,36.630
2026-08-14T00:52:51.170036,0.155,2.504,36.630
2026-08-14T00:52:51.170172,0.139,2.483,36.630
2026-08-14T00:52:51.172452,2.277,2.504,36.630
2026-08-14T00:52:51.172587,0.139,2.483,36.630
2026-08-14T00:52:51.174891,2.298,2.504,36.630
2026-08-14T00:52:51.175032,0.146,2.504,36.630
2026-08-14T00:52:51.175203,0.168,2.504,36.630
2026-08-14T00:52:51.175342,0.142,2.482,36.630
2026-08-14T00:52:51.177658,2.313,2.504,36.630
2026-08-14T00:52:51.177801,0.146,2.504,36.630
2026-08-14T00:52:51.177940,0.140,2.504,36.630
2026-08-14T00:52:51.178076,0.138,2.482,36.630
2026-08-14T00:52:51.179305,1.217,2.493,36.630
2026-08-14T00:52:51.179452,0.155,2.493,36.630
2026-08-14T00:52:51.179582,0.133,2.493,36.630
2026-08-14T00:52:51.179708,0.127,2.483,36.630
2026-08-14T00:52:51.217240,37.518,2.504,37.518
2026-08-14T00:52:51.217394,0.160,2.504,37.518
2026-08-14T00:52:51.217533,0.142,2.504,37.518
2026-08-14T00:52:51.219836,2.289,2.503,37.518
2026-08-14T00:52:51.219986,0.162,2.503,37.518
2026-08-14T00:52:51.222283,2.293,2.525,37.518
2026-08-14T00:52:51.222428,0.150,2.525,37.518
2026-08-14T00:52:51.224707,2.277,2.525,37.518
2026-08-14T00:52:51.224855,0.143,2.525,37.518
2026-08-14T00:52:51.224991,0.147,2.514,37.518
2026-08-14T00:52:51.225152,0.160,2.514,37.518
2026-08-14T00:52:51.227453,2.299,2.524,37.518
2026-08-14T00:52:51.227613,0.162,2.524,37.518
2026-08-14T00:52:51.227744,0.133,2.503,37.518
2026-08-14T00:52:51.227905,0.159,2.503,37.518
2026-08-14T00:52:51.228048,0.145,2.503,37.518
2026-08-14T00:52:51.228173,0.126,2.502,37.518
2026-08-14T00:52:51.228295,0.122,2.481,37.518
2026-08-14T00:52:51.230574,2.274,2.491,37.518
2026-08-14T00:52:51.231819,1.231,2.502,37.518
2026-08-14T00:52:51.266850,34.972,2.498,37.518
2026-08-14T00:52:51.267045,0.262,2.499,37.518
2026-08-14T00:52:51.267188,0.151,2.499,37.518
2026-08-14T00:52:51.269472,2.282,2.499,37.518
2026-08-14T00:52:51.269616,0.147,2.499,37.518
2026-08-14T00:52:51.269750,0.135,2.477,37.518
2026-08-14T00:52:51.273103,3.349,2.488,37.518
2026-08-14T00:52:51.273241,0.140,2.487,37.518
2026-08-14T00:52:51.274465,1.221,2.498,37.518
2026-08-14T00:52:51.274601,0.139,2.498,37.518
2026-08-14T00:52:51.274779,0.176,2.499,37.518
2026-08-14T00:52:51.274951,0.167,2.477,37.518
2026-08-14T00:52:51.277326,2.367,2.499,37.518
2026-08-14T00:52:51.277487,0.172,2.499,37.518
2026-08-14T00:52:51.277620,0.138,2.488,37.518
2026-08-14T00:52:51.277759,0.140,2.488,37.518
2026-08-14T00:52:51.280039,2.274,2.509,37.518
2026-08-14T00:52:51.280183,0.145,2.510,37.518
2026-08-14T00:52:51.282486,2.298,2.499,37.518
2026-08-14T00:52:51.282631,0.153,2.499,37.518
2026-08-14T00:52:51.317012,34.369,2.493,37.518
2026-08-14T00:52:51.317170,0.165,2.492,37.518
2026-08-14T00:52:51.317308,0.142,2.491,37.518
2026-08-14T00:52:51.319602,2.288,2.502,37.518
2026-08-14T00:52:51.319752,0.154,2.502,37.518
2026-08-14T00:52:51.320988,1.234,2.513,37.518
2026-08-14T00:52:51.324354,3.365,2.546,37.518
2026-08-14T00:52:51.324499,0.149,2.524,37.518
2026-08-14T00:52:51.324635,0.138,2.524,37.518
2026-08-14T00:52:51.324764,0.130,2.503,37.518
2026-08-14T00:52:51.324963,0.192,2.503,37.518
2026-08-14T00:52:51.327343,2.363,2.525,37.518
2026-08-14T00:52:51.327554,0.222,2.525,37.518
2026-08-14T00:52:51.327735,0.178,2.504,37.518
2026-08-14T00:52:51.329003,1.276,2.515,37.518
2026-08-14T00:52:51.329156,0.160,2.515,37.518
2026-08-14T00:52:51.329281,0.128,2.493,37.518
2026-08-14T00:52:51.329400,0.121,2.493,37.518
2026-08-14T00:52:51.331667,2.262,2.514,37.518
2026-08-14T00:52:51.331799,0.135,2.514,37.518
2026-08-14T00:52:51.367357,35.491,2.503,37.518
2026-08-14T00:52:51.367559,0.257,2.503,37.518
2026-08-14T00:52:51.367706,0.155,2.502,37.518
2026-08-14T00:52:51.369991,2.286,2.502,37.518
2026-08-14T00:52:51.370127,0.139,2.502,37.518
2026-08-14T00:52:51.370251,0.127,2.491,37.518
2026-08-14T00:52:51.370370,0.118,2.458,37.518
2026-08-14T00:52:51.372638,2.262,2.480,37.518
2026-08-14T00:52:51.372774,0.138,2.480,37.518
2026-08-14T00:52:51.373984,1.210,2.490,37.518
2026-08-14T00:52:51.374163,0.178,2.490,37.518
2026-08-14T00:52:51.374296,0.137,2.468,37.518
2026-08-14T00:52:51.374439,0.143,2.468,37.518
2026-08-14T00:52:51.376770,2.308,2.490,37.518
2026-08-14T00:52:51.376948,0.193,2.490,37.518
2026-08-14T00:52:51.377091,0.149,2.490,37.518
2026-08-14T00:52:51.378311,1.218,2.490,37.518
2026-08-14T00:52:51.379532,1.221,2.501,37.518
2026-08-14T00:52:51.381833,2.292,2.501,37.518
2026-08-14T00:52:51.381970,0.148,2.501,37.518
2026-08-14T00:52:51.417406,35.421,2.501,37.518
2026-08-14T00:52:51.417567,0.169,2.501,37.518
2026-08-14T00:52:51.417705,0.144,2.501,37.518
2026-08-14T00:52:51.420021,2.309,2.501,37.518
2026-08-14T00:52:51.420171,0.154,2.501,37.518
2026-08-14T00:52:51.421394,1.221,2.512,37.518
2026-08-14T00:52:51.421540,0.149,2.491,37.518
2026-08-14T00:52:51.424899,3.356,2.523,37.518
2026-08-14T00:52:51.425040,0.146,2.502,37.518
2026-08-14T00:52:51.425167,0.128,2.501,37.518
2026-08-14T00:52:51.425337,0.168,2.501,37.518
2026-08-14T00:52:51.427641,2.302,2.523,37.518
2026-08-14T00:52:51.427805,0.166,2.501,37.518
2026-08-14T00:52:51.427952,0.147,2.502,37.518
2026-08-14T00:52:51.428079,0.129,2.501,37.518
2026-08-14T00:52:51.429295,1.212,2.512,37.518
2026-08-14T00:52:51.429431,0.139,2.501,37.518
2026-08-14T00:52:51.429556,0.126,2.501,37.518
2026-08-14T00:52:51.431861,2.298,2.523,37.518
2026-08-14T00:52:51.432001,0.146,2.523,37.518
2026-08-14T00:52:51.467015,34.951,2.497,35.491
2026-08-14T00:52:51.467234,0.271,2.498,35.491
2026-08-14T00:52:51.467373,0.150,2.498,35.491
2026-08-14T00:52:51.469678,2.294,2.498,35.491
2026-08-14T00:52:51.469857,0.168,2.499,35.491
2026-08-14T00:52:51.470037,0.192,2.478,35.491
2026-08-14T00:52:51.470179,0.152,2.478,35.491
2026-08-14T00:52:51.472472,2.289,2.478,35.491
2026-08-14T00:52:51.472616,0.147,2.478,35.491
2026-08-14T00:52:51.473844,1.215,2.488,35.491
2026-08-14T00:52:51.474040,0.206,2.489,35.491
2026-08-14T00:52:51.475279,1.240,2.478,35.491
2026-08-14T00:52:51.475448,0.170,2.478,35.491
2026-08-14T00:52:51.477744,2.295,2.500,35.491
2026-08-14T00:52:51.477898,0.155,2.500,35.491
2026-08-14T00:52:51.478044,0.149,2.500,35.491
2026-08-14T00:52:51.478174,0.131,2.500,35.491
2026-08-14T00:52:51.479380,1.203,2.511,35.491
2026-08-14T00:52:51.481683,2.301,2.511,35.491
2026-08-14T00:52:51.481838,0.144,2.500,35.491
2026-08-14T00:52:51.517286,35.451,2.505,35.491
2026-08-14T00:52:51.517442,0.163,2.504,35.491
2026-08-14T00:52:51.517578,0.141,2.504,35.491
2026-08-14T00:52:51.519868,2.284,2.504,35.491
2026-08-14T00:52:51.520013,0.149,2.504,35.491
2026-08-14T00:52:51.521225,1.211,2.515,35.491
2026-08-14T00:52:51.521361,0.139,2.483,35.491
2026-08-14T00:52:51.524704,3.339,2.515,35.491
2026-08-14T00:52:51.524853,0.140,2.504,35.491
2026-08-14T00:52:51.524987,0.146,2.504,35.491
2026-08-14T00:52:51.525163,0.167,2.504,35.491
2026-08-14T00:52:51.527510,2.342,2.526,35.491
2026-08-14T00:52:51.527692,0.192,2.504,35.491
2026-08-14T00:52:51.527834,0.135,2.503,35.491
2026-08-14T00:52:51.527966,0.144,2.503,35.491
2026-08-14T00:52:51.528097,0.133,2.503,35.491
2026-08-14T00:52:51.529310,1.209,2.493,35.491
2026-08-14T00:52:51.529443,0.135,2.493,35.491
2026-08-14T00:52:51.529565,0.122,2.471,35.491
2026-08-14T00:52:51.529693,0.129,2.471,35.491
2026-08-14T00:52:51.562997,33.288,2.460,35.491
2026-08-14T00:52:51.567442,4.451,2.503,35.491
2026-08-14T00:52:51.567589,0.153,2.503,35.491
2026-08-14T00:52:51.567724,0.137,2.481,35.491
2026-08-14T00:52:51.570014,2.286,2.503,35.491
2026-08-14T00:52:51.570161,0.149,2.492,35.491
2026-08-14T00:52:51.570291,0.134,2.459,35.491
2026-08-14T00:52:51.572563,2.268,2.481,35.491
2026-08-14T00:52:51.572696,0.136,2.481,35.491
2026-08-14T00:52:51.574987,2.288,2.502,35.491
2026-08-14T00:52:51.575120,0.136,2.502,35.491
2026-08-14T00:52:51.575281,0.160,2.480,35.491
2026-08-14T00:52:51.575417,0.137,2.479,35.491
2026-08-14T00:52:51.576660,1.239,2.489,35.491
2026-08-14T00:52:51.576801,0.145,2.478,35.491
2026-08-14T00:52:51.576943,0.142,2.478,35.491
2026-08-14T00:52:51.577079,0.138,2.478,35.491
2026-08-14T00:52:51.579378,2.293,2.500,35.491
2026-08-14T00:52:51.579515,0.142,2.478,35.491
2026-08-14T00:52:51.579641,0.128,2.478,35.491
2026-08-14T00:52:51.579765,0.124,2.125,35.451
2026-08-14T00:52:51.617508,37.675,2.499,37.675
2026-08-14T00:52:51.617729,0.273,2.500,37.675
2026-08-14T00:52:51.617905,0.183,2.479,37.675
2026-08-14T00:52:51.620260,2.350,2.501,37.675
2026-08-14T00:52:51.620420,0.168,2.502,37.675
2026-08-14T00:52:51.621651,1.228,2.513,37.675
2026-08-14T00:52:51.625014,3.362,2.524,37.675
2026-08-14T00:52:51.625150,0.145,2.524,37.675
2026-08-14T00:52:51.625274,0.126,2.513,37.675
2026-08-14T00:52:51.625403,0.127,2.512,37.675
2026-08-14T00:52:51.625576,0.171,2.513,37.675
2026-08-14T00:52:51.627887,2.307,2.534,37.675
2026-08-14T00:52:51.628112,0.228,2.514,37.675
2026-08-14T00:52:51.628245,0.137,2.513,37.675
2026-08-14T00:52:51.628367,0.124,2.513,37.675
2026-08-14T00:52:51.628500,0.133,2.502,37.675
2026-08-14T00:52:51.628620,0.120,2.491,37.675
2026-08-14T00:52:51.628742,0.118,2.469,37.675
2026-08-14T00:52:51.629946,1.202,2.480,37.675
2026-08-14T00:52:51.631170,1.224,2.138,37.675
2026-08-14T00:52:51.667429,36.164,2.498,37.675
2026-08-14T00:52:51.667725,0.360,2.500,37.675
2026-08-14T00:52:51.667925,0.220,2.479,37.675
2026-08-14T00:52:51.670310,2.364,2.501,37.675
2026-08-14T00:52:51.670508,0.218,2.491,37.675
2026-08-14T00:52:51.670667,0.168,2.491,37.675
2026-08-14T00:52:51.670823,0.145,2.459,37.675
2026-08-14T00:52:51.672139,1.296,2.471,37.675
2026-08-14T00:52:51.672395,0.256,2.472,37.675
2026-08-14T00:52:51.674874,2.454,2.495,37.675
2026-08-14T00:52:51.675117,0.297,2.475,37.675
2026-08-14T00:52:51.675262,0.154,2.475,37.675
2026-08-14T00:52:51.675414,0.151,2.475,37.675
2026-08-14T00:52:51.676657,1.229,2.486,37.675
2026-08-14T00:52:51.676907,0.171,2.475,37.675
2026-08-14T00:52:51.677093,0.268,2.477,37.675
2026-08-14T00:52:51.679428,2.324,2.498,37.675
2026-08-14T00:52:51.679576,0.170,2.477,37.675
2026-08-14T00:52:51.679691,0.120,2.477,37.675
2026-08-14T00:52:51.679802,0.112,2.129,37.675
2026-08-14T00:52:51.717369,37.543,2.501,37.675
2026-08-14T00:52:51.717541,0.181,2.502,37.675
2026-08-14T00:52:51.717686,0.150,2.480,37.675
2026-08-14T00:52:51.720024,2.323,2.502,37.675
2026-08-14T00:52:51.720199,0.182,2.502,37.675
2026-08-14T00:52:51.721450,1.249,2.513,37.675
2026-08-14T00:52:51.724852,3.390,2.524,37.675
2026-08-14T00:52:51.725014,0.179,2.524,37.675
2026-08-14T00:52:51.725157,0.148,2.513,37.675
2026-08-14T00:52:51.725294,0.138,2.513,37.675
2026-08-14T00:52:51.725486,0.189,2.502,37.675
2026-08-14T00:52:51.727817,2.320,2.524,37.675
2026-08-14T00:52:51.727995,0.190,2.503,37.675
2026-08-14T00:52:51.728136,0.144,2.502,37.675
2026-08-14T00:52:51.728266,0.131,2.502,37.675
2026-08-14T00:52:51.728405,0.139,2.502,37.675
2026-08-14T00:52:51.729619,1.208,2.502,37.675
2026-08-14T00:52:51.729759,0.144,2.481,37.675
2026-08-14T00:52:51.729902,0.143,2.481,37.675
2026-08-14T00:52:51.731119,1.214,2.138,37.675
2026-08-14T00:52:51.767645,36.512,2.502,37.675
2026-08-14T00:52:51.767823,0.177,2.502,37.675
2026-08-14T00:52:51.767975,0.166,2.481,37.675
2026-08-14T00:52:51.769198,1.219,2.492,37.675
2026-08-14T00:52:51.769338,0.148,2.481,37.675
2026-08-14T00:52:51.769468,0.132,2.481,37.675
2026-08-14T00:52:51.772825,3.341,2.481,37.675
2026-08-14T00:52:51.772973,0.159,2.481,37.675
2026-08-14T00:52:51.774262,1.287,2.493,37.675
2026-08-14T00:52:51.774400,0.144,2.492,37.675
2026-08-14T00:52:51.774567,0.165,2.471,37.675
2026-08-14T00:52:51.774703,0.140,2.470,37.675
2026-08-14T00:52:51.777024,2.315,2.492,37.675
2026-08-14T00:52:51.777170,0.150,2.492,37.675
2026-08-14T00:52:51.777298,0.131,2.492,37.675
2026-08-14T00:52:51.777432,0.134,2.481,37.675
2026-08-14T00:52:51.778639,1.202,2.492,37.675
2026-08-14T00:52:51.779865,1.225,2.503,37.675
2026-08-14T00:52:51.782166,2.300,2.525,37.675
2026-08-14T00:52:51.782308,0.145,2.193,37.675
2026-08-14T00:52:51.817771,35.444,2.503,37.675
2026-08-14T00:52:51.817952,0.196,2.504,37.675
2026-08-14T00:52:51.818096,0.149,2.504,37.675
2026-08-14T00:52:51.819379,1.279,2.494,37.675
2026-08-14T00:52:51.819531,0.156,2.494,37.675
2026-08-14T00:52:51.821835,2.291,2.515,37.675
2026-08-14T00:52:51.821978,0.157,2.494,37.675
2026-08-14T00:52:51.825331,3.352,2.526,37.675
2026-08-14T00:52:51.825470,0.142,2.505,37.675
2026-08-14T00:52:51.825597,0.128,2.505,37.675
2026-08-14T00:52:51.825765,0.166,2.505,37.675
2026-08-14T00:52:51.827013,1.244,2.516,37.675
2026-08-14T00:52:51.827179,0.170,2.505,37.675
2026-08-14T00:52:51.827313,0.137,2.505,37.675
2026-08-14T00:52:51.827437,0.126,2.505,37.675
2026-08-14T00:52:51.828654,1.211,2.516,37.675
2026-08-14T00:52:51.828793,0.142,2.494,37.675
2026-08-14T00:52:51.828942,0.146,2.494,37.675
2026-08-14T00:52:51.832290,3.347,2.526,37.675
2026-08-14T00:52:51.832425,0.140,2.527,37.675
2026-08-14T00:52:51.867447,34.950,2.499,37.543
2026-08-14T00:52:51.867650,0.263,2.499,37.543
2026-08-14T00:52:51.867789,0.150,2.499,37.543
2026-08-14T00:52:51.870094,2.299,2.498,37.543
2026-08-14T00:52:51.870242,0.153,2.498,37.543
2026-08-14T00:52:51.870377,0.137,2.487,37.543
2026-08-14T00:52:51.870505,0.128,2.455,37.543
2026-08-14T00:52:51.872782,2.273,2.476,37.543
2026-08-14T00:52:51.872936,0.156,2.477,37.543
2026-08-14T00:52:51.874213,1.217,2.487,37.543
2026-08-14T00:52:51.874402,0.248,2.488,37.543
2026-08-14T00:52:51.874545,0.147,2.467,37.543
2026-08-14T00:52:51.874699,0.154,2.466,37.543
2026-08-14T00:52:51.876989,2.285,2.487,37.543
2026-08-14T00:52:51.877154,0.167,2.488,37.543
2026-08-14T00:52:51.877297,0.145,2.488,37.543
2026-08-14T00:52:51.877469,0.172,2.488,37.543
2026-08-14T00:52:51.879754,2.280,2.510,37.543
2026-08-14T00:52:51.882075,2.319,2.521,37.543
2026-08-14T00:52:51.882218,0.149,2.510,37.543
2026-08-14T00:52:51.917869,35.577,2.505,37.543
2026-08-14T00:52:51.918078,0.270,2.504,37.543
2026-08-14T00:52:51.918224,0.157,2.503,37.543
2026-08-14T00:52:51.919446,1.219,2.492,37.543
2026-08-14T00:52:51.919594,0.152,2.491,37.543
2026-08-14T00:52:51.920828,1.221,2.502,37.543
2026-08-14T00:52:51.924182,3.364,2.534,37.543
2026-08-14T00:52:51.924315,0.138,2.522,37.543
2026-08-14T00:52:51.924441,0.128,2.521,37.543
2026-08-14T00:52:51.924562,0.121,2.498,37.543
2026-08-14T00:52:51.924734,0.169,2.496,37.543
2026-08-14T00:52:51.927030,2.294,2.518,37.543
2026-08-14T00:52:51.927193,0.165,2.518,37.543
2026-08-14T00:52:51.927323,0.133,2.507,37.543
2026-08-14T00:52:51.929630,2.296,2.528,37.543
2026-08-14T00:52:51.929786,0.164,2.527,37.543
2026-08-14T00:52:51.929928,0.142,2.505,37.543
2026-08-14T00:52:51.930059,0.133,2.505,37.543
2026-08-14T00:52:51.930182,0.124,2.505,37.543
2026-08-14T00:52:51.931382,1.198,2.516,37.543
2026-08-14T00:52:51.966921,35.502,2.495,36.512
2026-08-14T00:52:51.967100,0.208,2.496,36.512
2026-08-14T00:52:51.967236,0.143,2.496,36.512
2026-08-14T00:52:51.969523,2.280,2.495,36.512
2026-08-14T00:52:51.969670,0.152,2.495,36.512
2026-08-14T00:52:51.969805,0.137,2.484,36.512
2026-08-14T00:52:51.969956,0.148,2.451,36.512
2026-08-14T00:52:51.972244,2.285,2.472,36.512
2026-08-14T00:52:51.972386,0.146,2.472,36.512
2026-08-14T00:52:51.973602,1.211,2.483,36.512
2026-08-14T00:52:51.973790,0.190,2.483,36.512
2026-08-14T00:52:51.975038,1.247,2.472,36.512
2026-08-14T00:52:51.975196,0.164,2.472,36.512
2026-08-14T00:52:51.977483,2.283,2.493,36.512
2026-08-14T00:52:51.977656,0.177,2.494,36.512
2026-08-14T00:52:51.977790,0.136,2.494,36.512
2026-08-14T00:52:51.977926,0.136,2.483,36.512
2026-08-14T00:52:51.980205,2.272,2.504,36.512
2026-08-14T00:52:51.981429,1.227,2.515,36.512
2026-08-14T00:52:51.981561,0.136,2.504,36.512
2026-08-14T00:52:52.016983,35.406,2.493,35.577
2026-08-14T00:52:52.017135,0.161,2.493,35.577
2026-08-14T00:52:52.017270,0.138,2.493,35.577
2026-08-14T00:52:52.019559,2.284,2.504,35.577
2026-08-14T00:52:52.019707,0.151,2.504,35.577
2026-08-14T00:52:52.022003,2.292,2.525,35.577
2026-08-14T00:52:52.022148,0.149,2.493,35.577
2026-08-14T00:52:52.024436,2.285,2.515,35.577
2026-08-14T00:52:52.024583,0.150,2.503,35.577
2026-08-14T00:52:52.024716,0.135,2.503,35.577
2026-08-14T00:52:52.024900,0.180,2.503,35.577
2026-08-14T00:52:52.028287,3.389,2.536,35.577
2026-08-14T00:52:52.028441,0.159,2.514,35.577
2026-08-14T00:52:52.028566,0.127,2.514,35.577
2026-08-14T00:52:52.028688,0.122,2.514,35.577
2026-08-14T00:52:52.028821,0.124,2.514,35.577
2026-08-14T00:52:52.028953,0.139,2.503,35.577
2026-08-14T00:52:52.029073,0.122,2.492,35.577
2026-08-14T00:52:52.030274,1.197,2.481,35.577
2026-08-14T00:52:52.031494,1.219,2.492,35.577
2026-08-14T00:52:52.067637,36.067,2.498,36.067
2026-08-14T00:52:52.067866,0.279,2.499,36.067
2026-08-14T00:52:52.068025,0.184,2.499,36.067
2026-08-14T00:52:52.069252,1.225,2.499,36.067
2026-08-14T00:52:52.069395,0.148,2.499,36.067
2026-08-14T00:52:52.069536,0.141,2.477,36.067
2026-08-14T00:52:52.072892,3.351,2.509,36.067
2026-08-14T00:52:52.073032,0.144,2.477,36.067
2026-08-14T00:52:52.075333,2.296,2.499,36.067
2026-08-14T00:52:52.075475,0.146,2.499,36.067
2026-08-14T00:52:52.075656,0.180,2.499,36.067
2026-08-14T00:52:52.075797,0.144,2.488,36.067
2026-08-14T00:52:52.075977,0.177,2.488,36.067
2026-08-14T00:52:52.076170,0.195,2.489,36.067
2026-08-14T00:52:52.076300,0.132,2.489,36.067
2026-08-14T00:52:52.076439,0.139,2.478,36.067
2026-08-14T00:52:52.076566,0.128,2.478,36.067
2026-08-14T00:52:52.078880,2.305,2.499,36.067
2026-08-14T00:52:52.079024,0.149,2.467,36.067
2026-08-14T00:52:52.079153,0.132,2.467,36.067
2026-08-14T00:52:52.116755,37.573,2.494,37.573
2026-08-14T00:52:52.116970,0.232,2.493,37.573
2026-08-14T00:52:52.117118,0.156,2.493,37.573
2026-08-14T00:52:52.119418,2.294,2.493,37.573
2026-08-14T00:52:52.119575,0.161,2.493,37.573
2026-08-14T00:52:52.120851,1.263,2.505,37.573
2026-08-14T00:52:52.121004,0.166,2.505,37.573
2026-08-14T00:52:52.124355,3.351,2.516,37.573
2026-08-14T00:52:52.124498,0.147,2.516,37.573
2026-08-14T00:52:52.124626,0.129,2.505,37.573
2026-08-14T00:52:52.124796,0.168,2.504,37.573
2026-08-14T00:52:52.128250,3.449,2.537,37.573
2026-08-14T00:52:52.128417,0.171,2.537,37.573
2026-08-14T00:52:52.128553,0.138,2.516,37.573
2026-08-14T00:52:52.128677,0.126,2.515,37.573
2026-08-14T00:52:52.128820,0.133,2.515,37.573
2026-08-14T00:52:52.128958,0.145,2.515,37.573
2026-08-14T00:52:52.129085,0.129,2.493,37.573
2026-08-14T00:52:52.129208,0.123,2.471,37.573
2026-08-14T00:52:52.131491,2.276,2.493,37.573
2026-08-14T00:52:52.167007,35.477,2.492,37.573
2026-08-14T00:52:52.167192,0.221,2.491,37.573
2026-08-14T00:52:52.167328,0.144,2.491,37.573
2026-08-14T00:52:52.169613,2.281,2.502,37.573
2026-08-14T00:52:52.169757,0.147,2.502,37.573
2026-08-14T00:52:52.172042,2.281,2.512,37.573
2026-08-14T00:52:52.172181,0.143,2.480,37.573
2026-08-14T00:52:52.172308,0.128,2.480,37.573
2026-08-14T00:52:52.172434,0.128,2.480,37.573
2026-08-14T00:52:52.172560,0.126,2.480,37.573
2026-08-14T00:52:52.174898,2.330,2.502,37.573
2026-08-14T00:52:52.175053,0.158,2.480,37.573
2026-08-14T00:52:52.175209,0.158,2.480,37.573
2026-08-14T00:52:52.176434,1.218,2.491,37.573
2026-08-14T00:52:52.176578,0.150,2.470,37.573
2026-08-14T00:52:52.176717,0.140,2.469,37.573
2026-08-14T00:52:52.179039,2.315,2.491,37.573
2026-08-14T00:52:52.179179,0.145,2.491,37.573
2026-08-14T00:52:52.179308,0.131,2.491,37.573
2026-08-14T00:52:52.179457,0.147,2.481,37.573
2026-08-14T00:52:52.217045,37.575,2.501,37.575
2026-08-14T00:52:52.217198,0.163,2.501,37.575
2026-08-14T00:52:52.217334,0.140,2.501,37.575
2026-08-14T00:52:52.219626,2.286,2.501,37.575
2026-08-14T00:52:52.219773,0.151,2.501,37.575
2026-08-14T00:52:52.222079,2.302,2.523,37.575
2026-08-14T00:52:52.224377,2.298,2.544,37.575
2026-08-14T00:52:52.224521,0.149,2.523,37.575
2026-08-14T00:52:52.224655,0.136,2.523,37.575
2026-08-14T00:52:52.224788,0.133,2.512,37.575
2026-08-14T00:52:52.224977,0.184,2.512,37.575
2026-08-14T00:52:52.227314,2.337,2.523,37.575
2026-08-14T00:52:52.227478,0.167,2.523,37.575
2026-08-14T00:52:52.227610,0.135,2.501,37.575
2026-08-14T00:52:52.227791,0.126,2.501,37.575
2026-08-14T00:52:52.227946,0.209,2.502,37.575
2026-08-14T00:52:52.228081,0.136,2.502,37.575
2026-08-14T00:52:52.230363,2.278,2.502,37.575
2026-08-14T00:52:52.231594,1.230,2.502,37.575
2026-08-14T00:52:52.231729,0.140,2.502,37.575
2026-08-14T00:52:52.267762,35.969,2.507,37.575
2026-08-14T00:52:52.267979,0.268,2.508,37.575
2026-08-14T00:52:52.268132,0.162,2.509,37.575
2026-08-14T00:52:52.269374,1.238,2.498,37.575
2026-08-14T00:52:52.269531,0.160,2.498,37.575
2026-08-14T00:52:52.269672,0.144,2.477,37.575
2026-08-14T00:52:52.269822,0.137,2.477,37.575
2026-08-14T00:52:52.272168,2.337,2.477,37.575
2026-08-14T00:52:52.272335,0.183,2.477,37.575
2026-08-14T00:52:52.274637,2.302,2.499,37.575
2026-08-14T00:52:52.274857,0.206,2.499,37.575
2026-08-14T00:52:52.275020,0.181,2.467,37.575
2026-08-14T00:52:52.275185,0.167,2.467,37.575
2026-08-14T00:52:52.276473,1.283,2.479,37.575
2026-08-14T00:52:52.276624,0.155,2.479,37.575
2026-08-14T00:52:52.276774,0.151,2.480,37.575
2026-08-14T00:52:52.279080,2.300,2.501,37.575
2026-08-14T00:52:52.279213,0.143,2.501,37.575
2026-08-14T00:52:52.279327,0.117,2.491,37.575
2026-08-14T00:52:52.279444,0.113,2.480,37.575
2026-08-14T00:52:52.317001,37.542,2.494,37.575
2026-08-14T00:52:52.317163,0.166,2.493,37.575
2026-08-14T00:52:52.317316,0.156,2.493,37.575
2026-08-14T00:52:52.319640,2.319,2.504,37.575
2026-08-14T00:52:52.319794,0.160,2.504,37.575
2026-08-14T00:52:52.321036,1.241,2.515,37.575
2026-08-14T00:52:52.324393,3.357,2.515,37.575
2026-08-14T00:52:52.324531,0.143,2.515,37.575
2026-08-14T00:52:52.324685,0.154,2.494,37.575
2026-08-14T00:52:52.324824,0.130,2.493,37.575
2026-08-14T00:52:52.325003,0.184,2.493,37.575
2026-08-14T00:52:52.327317,2.311,2.515,37.575
2026-08-14T00:52:52.327486,0.173,2.515,37.575
2026-08-14T00:52:52.327621,0.138,2.515,37.575
2026-08-14T00:52:52.328857,1.221,2.525,37.575
2026-08-14T00:52:52.329017,0.172,2.526,37.575
2026-08-14T00:52:52.329150,0.136,2.526,37.575
2026-08-14T00:52:52.329275,0.128,2.504,37.575
2026-08-14T00:52:52.331551,2.272,2.525,37.575
2026-08-14T00:52:52.331685,0.136,2.525,37.575
2026-08-14T00:52:52.367157,35.430,2.504,37.575
2026-08-14T00:52:52.367344,0.219,2.504,37.575
2026-08-14T00:52:52.367487,0.151,2.504,37.575
2026-08-14T00:52:52.368721,1.227,2.493,37.575
2026-08-14T00:52:52.368892,0.174,2.493,37.575
2026-08-14T00:52:52.370126,1.233,2.493,37.575
2026-08-14T00:52:52.372456,2.326,2.514,37.575
2026-08-14T00:52:52.372604,0.155,2.483,37.575
2026-08-14T00:52:52.374912,2.306,2.504,37.575
2026-08-14T00:52:52.375054,0.146,2.504,37.575
2026-08-14T00:52:52.375234,0.179,2.504,37.575
2026-08-14T00:52:52.375375,0.143,2.471,37.575
2026-08-14T00:52:52.375528,0.154,2.471,37.575
2026-08-14T00:52:52.375660,0.133,2.471,37.575
2026-08-14T00:52:52.376898,1.231,2.482,37.575
2026-08-14T00:52:52.377052,0.158,2.482,37.575
2026-08-14T00:52:52.377181,0.131,2.482,37.575
2026-08-14T00:52:52.379463,2.276,2.504,37.575
2026-08-14T00:52:52.379604,0.145,2.504,37.575
2026-08-14T00:52:52.379731,0.129,2.482,37.575
2026-08-14T00:52:52.417517,37.718,2.505,37.718
2026-08-14T00:52:52.417715,0.256,2.505,37.718
2026-08-14T00:52:52.417870,0.161,2.505,37.718
2026-08-14T00:52:52.420170,2.297,2.506,37.718
2026-08-14T00:52:52.420313,0.148,2.506,37.718
2026-08-14T00:52:52.421530,1.214,2.495,37.718
2026-08-14T00:52:52.421669,0.143,2.495,37.718
2026-08-14T00:52:52.425021,3.348,2.527,37.718
2026-08-14T00:52:52.425161,0.144,2.527,37.718
2026-08-14T00:52:52.425291,0.131,2.527,37.718
2026-08-14T00:52:52.425468,0.175,2.506,37.718
2026-08-14T00:52:52.426710,1.237,2.517,37.718
2026-08-14T00:52:52.426892,0.183,2.517,37.718
2026-08-14T00:52:52.427036,0.149,2.506,37.718
2026-08-14T00:52:52.427165,0.131,2.506,37.718
2026-08-14T00:52:52.429458,2.287,2.527,37.718
2026-08-14T00:52:52.429598,0.144,2.506,37.718
2026-08-14T00:52:52.429726,0.130,2.506,37.718
2026-08-14T00:52:52.432007,2.275,2.527,37.718
2026-08-14T00:52:52.432148,0.145,2.527,37.718
2026-08-14T00:52:52.467129,34.915,2.500,37.718
2026-08-14T00:52:52.467323,0.251,2.501,37.718
2026-08-14T00:52:52.467461,0.148,2.501,37.718
2026-08-14T00:52:52.469751,2.285,2.501,37.718
2026-08-14T00:52:52.469911,0.161,2.501,37.718
2026-08-14T00:52:52.470053,0.145,2.480,37.718
2026-08-14T00:52:52.470183,0.130,2.458,37.718
2026-08-14T00:52:52.472532,2.320,2.480,37.718
2026-08-14T00:52:52.472707,0.195,2.480,37.718
2026-08-14T00:52:52.473930,1.225,2.491,37.718
2026-08-14T00:52:52.474184,0.256,2.492,37.718
2026-08-14T00:52:52.474331,0.150,2.470,37.718
2026-08-14T00:52:52.474486,0.155,2.470,37.718
2026-08-14T00:52:52.476807,2.315,2.492,37.718
2026-08-14T00:52:52.476967,0.163,2.492,37.718
2026-08-14T00:52:52.477110,0.146,2.492,37.718
2026-08-14T00:52:52.478340,1.225,2.503,37.718
2026-08-14T00:52:52.479552,1.213,2.492,37.718
2026-08-14T00:52:52.481842,2.285,2.502,37.718
2026-08-14T00:52:52.481973,0.144,2.502,37.718
2026-08-14T00:52:52.517526,35.508,2.498,37.718
2026-08-14T00:52:52.517711,0.217,2.497,37.718
2026-08-14T00:52:52.517869,0.163,2.497,37.718
2026-08-14T00:52:52.520200,2.325,2.508,37.718
2026-08-14T00:52:52.520360,0.166,2.508,37.718
2026-08-14T00:52:52.522654,2.293,2.530,37.718
2026-08-14T00:52:52.522798,0.148,2.530,37.718
2026-08-14T00:52:52.524034,1.231,2.519,37.718
2026-08-14T00:52:52.524238,0.208,2.519,37.718
2026-08-14T00:52:52.524369,0.134,2.497,37.718
2026-08-14T00:52:52.524544,0.173,2.497,37.718
2026-08-14T00:52:52.526860,2.312,2.518,37.718
2026-08-14T00:52:52.527028,0.171,2.518,37.718
2026-08-14T00:52:52.527165,0.140,2.507,37.718
2026-08-14T00:52:52.527294,0.130,2.507,37.718
2026-08-14T00:52:52.528554,1.253,2.518,37.718
2026-08-14T00:52:52.528696,0.146,2.496,37.718
2026-08-14T00:52:52.532058,3.357,2.528,37.718
2026-08-14T00:52:52.532194,0.142,2.529,37.718
2026-08-14T00:52:52.532320,0.129,2.529,37.718
2026-08-14T00:52:52.563663,31.255,2.466,37.718
2026-08-14T00:52:52.567176,3.547,2.500,37.718
2026-08-14T00:52:52.567364,0.229,2.500,37.718
2026-08-14T00:52:52.567513,0.155,2.479,37.718
2026-08-14T00:52:52.569846,2.306,2.500,37.718
2026-08-14T00:52:52.570029,0.201,2.490,37.718
2026-08-14T00:52:52.570181,0.160,2.458,37.718
2026-08-14T00:52:52.570323,0.143,2.458,37.718
2026-08-14T00:52:52.572666,2.331,2.480,37.718
2026-08-14T00:52:52.572846,0.176,2.480,37.718
2026-08-14T00:52:52.574128,1.244,2.491,37.718
2026-08-14T00:52:52.574292,0.226,2.470,37.718
2026-08-14T00:52:52.574402,0.115,2.469,37.718
2026-08-14T00:52:52.574523,0.121,2.469,37.718
2026-08-14T00:52:52.576805,2.253,2.479,37.718
2026-08-14T00:52:52.576965,0.179,2.480,37.718
2026-08-14T00:52:52.577089,0.132,2.479,37.718
2026-08-14T00:52:52.579352,2.256,2.501,37.718
2026-08-14T00:52:52.579471,0.126,2.479,37.718
2026-08-14T00:52:52.579567,0.100,2.479,37.718
2026-08-14T00:52:52.579659,0.092,2.126,37.718
2026-08-14T00:52:52.617207,37.521,2.499,37.718
2026-08-14T00:52:52.617373,0.173,2.499,37.718
2026-08-14T00:52:52.617512,0.146,2.488,37.718
2026-08-14T00:52:52.619828,2.299,2.509,37.718
2026-08-14T00:52:52.619982,0.169,2.499,37.718
2026-08-14T00:52:52.622285,2.299,2.498,37.718
2026-08-14T00:52:52.622441,0.159,2.498,37.718
2026-08-14T00:52:52.624737,2.292,2.498,37.718
2026-08-14T00:52:52.624903,0.169,2.498,37.718
2026-08-14T00:52:52.625049,0.149,2.498,37.718
2026-08-14T00:52:52.625236,0.186,2.499,37.718
2026-08-14T00:52:52.627556,2.317,2.520,37.718
2026-08-14T00:52:52.627731,0.179,2.521,37.718
2026-08-14T00:52:52.627940,0.150,2.510,37.718
2026-08-14T00:52:52.628079,0.200,2.510,37.718
2026-08-14T00:52:52.628217,0.140,2.510,37.718
2026-08-14T00:52:52.628342,0.127,2.489,37.718
2026-08-14T00:52:52.628466,0.124,2.489,37.718
2026-08-14T00:52:52.629730,1.258,2.500,37.718
2026-08-14T00:52:52.630962,1.231,2.135,37.521
2026-08-14T00:52:52.667237,36.191,2.494,37.521
2026-08-14T00:52:52.667459,0.298,2.496,37.521
2026-08-14T00:52:52.667602,0.155,2.474,37.521
2026-08-14T00:52:52.669983,2.348,2.496,37.521
2026-08-14T00:52:52.670161,0.206,2.486,37.521
2026-08-14T00:52:52.670301,0.147,2.486,37.521
2026-08-14T00:52:52.670429,0.128,2.454,37.521
2026-08-14T00:52:52.672745,2.300,2.476,37.521
2026-08-14T00:52:52.672928,0.190,2.476,37.521
2026-08-14T00:52:52.675286,2.359,2.498,37.521
2026-08-14T00:52:52.675482,0.198,2.488,37.521
2026-08-14T00:52:52.675627,0.149,2.487,37.521
2026-08-14T00:52:52.675781,0.153,2.487,37.521
2026-08-14T00:52:52.677048,1.259,2.499,37.521
2026-08-14T00:52:52.677196,0.155,2.477,37.521
2026-08-14T00:52:52.677379,0.145,2.477,37.521
2026-08-14T00:52:52.677517,0.177,2.478,37.521
2026-08-14T00:52:52.679793,2.271,2.478,37.521
2026-08-14T00:52:52.682092,2.303,2.499,37.521
2026-08-14T00:52:52.682221,0.134,2.152,37.521
2026-08-14T00:52:52.717698,35.446,2.504,37.521
2026-08-14T00:52:52.717891,0.209,2.504,37.521
2026-08-14T00:52:52.718047,0.163,2.483,37.521
2026-08-14T00:52:52.719391,1.324,2.495,37.521
2026-08-14T00:52:52.719569,0.193,2.495,37.521
2026-08-14T00:52:52.721887,2.321,2.517,37.521
2026-08-14T00:52:52.722035,0.153,2.495,37.521
2026-08-14T00:52:52.724320,2.281,2.516,37.521
2026-08-14T00:52:52.724464,0.150,2.505,37.521
2026-08-14T00:52:52.724593,0.131,2.504,37.521
2026-08-14T00:52:52.724766,0.171,2.504,37.521
2026-08-14T00:52:52.728238,3.466,2.537,37.521
2026-08-14T00:52:52.728410,0.177,2.516,37.521
2026-08-14T00:52:52.728547,0.140,2.516,37.521
2026-08-14T00:52:52.728675,0.129,2.516,37.521
2026-08-14T00:52:52.728822,0.135,2.505,37.521
2026-08-14T00:52:52.728962,0.150,2.494,37.521
2026-08-14T00:52:52.729089,0.130,2.473,37.521
2026-08-14T00:52:52.729214,0.126,2.472,37.521
2026-08-14T00:52:52.731491,2.272,2.140,37.521
2026-08-14T00:52:52.766942,35.440,2.492,37.521
2026-08-14T00:52:52.767128,0.193,2.493,37.521
2026-08-14T00:52:52.767269,0.147,2.471,37.521
2026-08-14T00:52:52.769565,2.289,2.492,37.521
2026-08-14T00:52:52.769716,0.156,2.471,37.521
2026-08-14T00:52:52.769866,0.151,2.471,37.521
2026-08-14T00:52:52.770015,0.148,2.460,37.521
2026-08-14T00:52:52.772332,2.310,2.481,37.521
2026-08-14T00:52:52.772484,0.159,2.481,37.521
2026-08-14T00:52:52.774773,2.288,2.502,37.521
2026-08-14T00:52:52.774961,0.189,2.481,37.521
2026-08-14T00:52:52.775114,0.156,2.481,37.521
2026-08-14T00:52:52.775264,0.151,2.481,37.521
2026-08-14T00:52:52.777553,2.283,2.503,37.521
2026-08-14T00:52:52.777692,0.145,2.491,37.521
2026-08-14T00:52:52.777839,0.137,2.491,37.521
2026-08-14T00:52:52.777976,0.148,2.459,37.521
2026-08-14T00:52:52.779186,1.205,2.470,37.521
2026-08-14T00:52:52.781490,2.304,2.492,37.521
2026-08-14T00:52:52.781628,0.143,2.180,37.521
2026-08-14T00:52:52.817082,35.439,2.499,37.521
2026-08-14T00:52:52.817245,0.171,2.499,37.521
2026-08-14T00:52:52.817400,0.156,2.499,37.521
2026-08-14T00:52:52.819700,2.299,2.499,37.521
2026-08-14T00:52:52.819865,0.167,2.498,37.521
2026-08-14T00:52:52.821222,1.336,2.510,37.521
2026-08-14T00:52:52.824651,3.439,2.543,37.521
2026-08-14T00:52:52.824832,0.177,2.522,37.521
2026-08-14T00:52:52.824988,0.172,2.522,37.521
2026-08-14T00:52:52.825131,0.146,2.511,37.521
2026-08-14T00:52:52.825321,0.188,2.510,37.521
2026-08-14T00:52:52.827638,2.318,2.532,37.521
2026-08-14T00:52:52.827806,0.169,2.533,37.521
2026-08-14T00:52:52.827965,0.161,2.512,37.521
2026-08-14T00:52:52.829190,1.224,2.522,37.521
2026-08-14T00:52:52.829340,0.152,2.522,37.521
2026-08-14T00:52:52.829469,0.131,2.501,37.521
2026-08-14T00:52:52.829593,0.125,2.501,37.521
2026-08-14T00:52:52.831879,2.281,2.523,37.521
2026-08-14T00:52:52.832017,0.141,2.523,37.521
2026-08-14T00:52:52.867048,34.977,2.498,36.191
2026-08-14T00:52:52.867238,0.236,2.499,36.191
2026-08-14T00:52:52.867378,0.148,2.499,36.191
2026-08-14T00:52:52.869662,2.280,2.498,36.191
2026-08-14T00:52:52.869803,0.146,2.498,36.191
2026-08-14T00:52:52.869958,0.154,2.477,36.191
2026-08-14T00:52:52.870088,0.132,2.477,36.191
2026-08-14T00:52:52.872438,2.324,2.477,36.191
2026-08-14T00:52:52.872610,0.190,2.477,36.191
2026-08-14T00:52:52.873844,1.224,2.488,36.191
2026-08-14T00:52:52.874043,0.211,2.488,36.191
2026-08-14T00:52:52.874197,0.159,2.466,36.191
2026-08-14T00:52:52.874355,0.157,2.466,36.191
2026-08-14T00:52:52.876650,2.290,2.488,36.191
2026-08-14T00:52:52.876793,0.147,2.487,36.191
2026-08-14T00:52:52.876951,0.158,2.487,36.191
2026-08-14T00:52:52.878183,1.231,2.498,36.191
2026-08-14T00:52:52.879391,1.210,2.509,36.191
2026-08-14T00:52:52.881682,2.291,2.520,36.191
2026-08-14T00:52:52.881827,0.136,2.509,36.191
2026-08-14T00:52:52.917350,35.488,2.502,35.488
2026-08-14T00:52:52.917540,0.225,2.501,35.488
2026-08-14T00:52:52.917688,0.156,2.501,35.488
2026-08-14T00:52:52.920050,2.340,2.501,35.488
2026-08-14T00:52:52.920230,0.195,2.501,35.488
2026-08-14T00:52:52.921471,1.242,2.512,35.488
2026-08-14T00:52:52.921620,0.154,2.512,35.488
2026-08-14T00:52:52.923993,2.337,2.512,35.488
2026-08-14T00:52:52.924186,0.225,2.513,35.488
2026-08-14T00:52:52.924324,0.145,2.490,35.488
2026-08-14T00:52:52.924507,0.181,2.490,35.488
2026-08-14T00:52:52.926829,2.308,2.512,35.488
2026-08-14T00:52:52.927009,0.192,2.512,35.488
2026-08-14T00:52:52.927166,0.154,2.501,35.488
2026-08-14T00:52:52.927319,0.155,2.501,35.488
2026-08-14T00:52:52.929649,2.324,2.523,35.488
2026-08-14T00:52:52.929805,0.165,2.523,35.488
2026-08-14T00:52:52.929963,0.159,2.502,35.488
2026-08-14T00:52:52.930095,0.135,2.480,35.488
2026-08-14T00:52:52.931301,1.204,2.491,35.488
2026-08-14T00:52:52.966713,35.401,2.490,35.488
2026-08-14T00:52:52.966888,0.179,2.490,35.488
2026-08-14T00:52:52.967033,0.151,2.490,35.488
2026-08-14T00:52:52.969325,2.289,2.500,35.488
2026-08-14T00:52:52.969475,0.151,2.499,35.488
2026-08-14T00:52:52.969614,0.143,2.477,35.488
2026-08-14T00:52:52.972962,3.346,2.509,35.488
2026-08-14T00:52:52.973098,0.138,2.488,35.488
2026-08-14T00:52:52.974347,1.245,2.499,35.488
2026-08-14T00:52:52.974487,0.144,2.499,35.488
2026-08-14T00:52:52.974659,0.171,2.499,35.488
2026-08-14T00:52:52.974798,0.140,2.466,35.488
2026-08-14T00:52:52.977136,2.332,2.487,35.488
2026-08-14T00:52:52.977284,0.151,2.487,35.488
2026-08-14T00:52:52.977413,0.132,2.487,35.488
2026-08-14T00:52:52.977547,0.136,2.487,35.488
2026-08-14T00:52:52.977672,0.125,2.487,35.488
2026-08-14T00:52:52.979947,2.270,2.509,35.488
2026-08-14T00:52:52.981175,1.228,2.520,35.488
2026-08-14T00:52:52.981312,0.140,2.498,35.488
2026-08-14T00:52:53.016743,35.419,2.498,35.488
2026-08-14T00:52:53.016918,0.180,2.498,35.488
2026-08-14T00:52:53.017066,0.152,2.498,35.488
2026-08-14T00:52:53.019355,2.287,2.498,35.488
2026-08-14T00:52:53.019500,0.147,2.498,35.488
2026-08-14T00:52:53.021796,2.293,2.519,35.488
2026-08-14T00:52:53.025168,3.372,2.552,35.488
2026-08-14T00:52:53.025308,0.145,2.530,35.488
2026-08-14T00:52:53.025435,0.130,2.530,35.488
2026-08-14T00:52:53.025559,0.124,2.508,35.488
2026-08-14T00:52:53.025719,0.158,2.508,35.488
2026-08-14T00:52:53.028023,2.300,2.529,35.488
2026-08-14T00:52:53.028197,0.176,2.529,35.488
2026-08-14T00:52:53.028329,0.134,2.508,35.488
2026-08-14T00:52:53.028453,0.125,2.508,35.488
2026-08-14T00:52:53.028584,0.132,2.508,35.488
2026-08-14T00:52:53.028706,0.123,2.507,35.488
2026-08-14T00:52:53.028837,0.121,2.496,35.488
2026-08-14T00:52:53.032191,3.356,2.507,35.488
2026-08-14T00:52:53.032326,0.140,2.507,35.488
2026-08-14T00:52:53.067354,34.964,2.502,35.488
2026-08-14T00:52:53.067548,0.249,2.503,35.488
2026-08-14T00:52:53.067683,0.144,2.503,35.488
2026-08-14T00:52:53.070053,2.341,2.503,35.488
2026-08-14T00:52:53.070241,0.208,2.504,35.488
2026-08-14T00:52:53.070383,0.152,2.492,35.488
2026-08-14T00:52:53.070513,0.130,2.459,35.488
2026-08-14T00:52:53.072838,2.301,2.480,35.488
2026-08-14T00:52:53.073003,0.182,2.480,35.488
2026-08-14T00:52:53.074262,1.245,2.491,35.488
2026-08-14T00:52:53.074471,0.224,2.491,35.488
2026-08-14T00:52:53.074618,0.152,2.470,35.488
2026-08-14T00:52:53.074774,0.157,2.470,35.488
2026-08-14T00:52:53.077072,2.295,2.491,35.488
2026-08-14T00:52:53.077207,0.138,2.480,35.488
2026-08-14T00:52:53.077345,0.139,2.480,35.488
2026-08-14T00:52:53.077469,0.125,2.480,35.488
2026-08-14T00:52:53.079733,2.262,2.501,35.488
2026-08-14T00:52:53.082023,2.288,2.501,35.488
2026-08-14T00:52:53.082153,0.134,2.501,35.488
2026-08-14T00:52:53.117569,35.404,2.506,35.488
2026-08-14T00:52:53.117723,0.158,2.505,35.488
2026-08-14T00:52:53.117878,0.156,2.505,35.488
2026-08-14T00:52:53.120222,2.328,2.505,35.488
2026-08-14T00:52:53.120387,0.178,2.506,35.488
2026-08-14T00:52:53.121647,1.250,2.517,35.488
2026-08-14T00:52:53.123961,2.322,2.539,35.488
2026-08-14T00:52:53.124106,0.152,2.517,35.488
2026-08-14T00:52:53.124238,0.134,2.516,35.488
2026-08-14T00:52:53.124365,0.128,2.505,35.488
2026-08-14T00:52:53.124531,0.164,2.505,35.488
2026-08-14T00:52:53.126846,2.302,2.526,35.488
2026-08-14T00:52:53.127018,0.184,2.527,35.488
2026-08-14T00:52:53.127156,0.140,2.505,35.488
2026-08-14T00:52:53.129450,2.291,2.527,35.488
2026-08-14T00:52:53.129595,0.148,2.526,35.488
2026-08-14T00:52:53.129718,0.126,2.515,35.488
2026-08-14T00:52:53.129852,0.122,2.505,35.488
2026-08-14T00:52:53.132127,2.283,2.504,35.488
2026-08-14T00:52:53.132256,0.132,2.504,35.488
2026-08-14T00:52:53.167682,35.414,2.504,35.419
2026-08-14T00:52:53.167844,0.156,2.503,35.419
2026-08-14T00:52:53.167984,0.153,2.503,35.419
2026-08-14T00:52:53.169201,1.215,2.492,35.419
2026-08-14T00:52:53.169346,0.147,2.491,35.419
2026-08-14T00:52:53.169484,0.139,2.480,35.419
2026-08-14T00:52:53.172851,3.349,2.512,35.419
2026-08-14T00:52:53.173021,0.177,2.491,35.419
2026-08-14T00:52:53.174318,1.283,2.501,35.419
2026-08-14T00:52:53.174484,0.187,2.502,35.419
2026-08-14T00:52:53.174666,0.185,2.502,35.419
2026-08-14T00:52:53.174807,0.143,2.480,35.419
2026-08-14T00:52:53.177155,2.341,2.501,35.419
2026-08-14T00:52:53.177306,0.155,2.501,35.419
2026-08-14T00:52:53.177435,0.132,2.501,35.419
2026-08-14T00:52:53.177591,0.156,2.480,35.419
2026-08-14T00:52:53.177742,0.151,2.479,35.419
2026-08-14T00:52:53.180022,2.276,2.501,35.419
2026-08-14T00:52:53.181254,1.232,2.512,35.419
2026-08-14T00:52:53.181393,0.143,2.501,35.419
2026-08-14T00:52:53.217869,36.448,2.511,36.448
2026-08-14T00:52:53.218027,0.180,2.511,36.448
2026-08-14T00:52:53.218166,0.143,2.511,36.448
2026-08-14T00:52:53.219390,1.218,2.501,36.448
2026-08-14T00:52:53.219540,0.153,2.501,36.448
2026-08-14T00:52:53.221846,2.297,2.522,36.448
2026-08-14T00:52:53.225209,3.371,2.522,36.448
2026-08-14T00:52:53.225348,0.144,2.522,36.448
2026-08-14T00:52:53.225476,0.130,2.511,36.448
2026-08-14T00:52:53.225600,0.124,2.511,36.448
2026-08-14T00:52:53.225761,0.159,2.511,36.448
2026-08-14T00:52:53.227009,1.244,2.522,36.448
2026-08-14T00:52:53.227172,0.167,2.500,36.448
2026-08-14T00:52:53.227305,0.135,2.500,36.448
2026-08-14T00:52:53.229596,2.288,2.522,36.448
2026-08-14T00:52:53.229745,0.151,2.522,36.448
2026-08-14T00:52:53.229887,0.142,2.522,36.448
2026-08-14T00:52:53.230018,0.133,2.501,36.448
2026-08-14T00:52:53.232299,2.277,2.511,36.448
2026-08-14T00:52:53.232433,0.138,2.511,36.448
2026-08-14T00:52:53.267454,34.958,2.507,36.448
2026-08-14T00:52:53.267646,0.246,2.507,36.448
2026-08-14T00:52:53.267783,0.146,2.507,36.448
2026-08-14T00:52:53.270132,2.324,2.508,36.448
2026-08-14T00:52:53.270310,0.194,2.508,36.448
2026-08-14T00:52:53.270450,0.149,2.487,36.448
2026-08-14T00:52:53.272767,2.301,2.476,36.448
2026-08-14T00:52:53.272944,0.183,2.476,36.448
2026-08-14T00:52:53.274184,1.243,2.487,36.448
2026-08-14T00:52:53.274327,0.146,2.488,36.448
2026-08-14T00:52:53.274508,0.181,2.488,36.448
2026-08-14T00:52:53.274650,0.144,2.466,36.448
2026-08-14T00:52:53.276965,2.314,2.488,36.448
2026-08-14T00:52:53.277104,0.142,2.488,36.448
2026-08-14T00:52:53.277225,0.123,2.488,36.448
2026-08-14T00:52:53.277356,0.131,2.488,36.448
2026-08-14T00:52:53.278554,1.194,2.498,36.448
2026-08-14T00:52:53.279759,1.204,2.509,36.448
2026-08-14T00:52:53.282057,2.297,2.499,36.448
2026-08-14T00:52:53.282193,0.138,2.499,36.448
2026-08-14T00:52:53.317652,35.434,2.503,36.448
2026-08-14T00:52:53.317842,0.191,2.503,36.448
2026-08-14T00:52:53.318009,0.180,2.503,36.448
2026-08-14T00:52:53.320370,2.350,2.503,36.448
2026-08-14T00:52:53.320539,0.183,2.503,36.448
2026-08-14T00:52:53.321777,1.236,2.514,36.448
2026-08-14T00:52:53.321942,0.170,2.514,36.448
2026-08-14T00:52:53.324232,2.291,2.514,36.448
2026-08-14T00:52:53.324374,0.146,2.514,36.448
2026-08-14T00:52:53.324503,0.130,2.503,36.448
2026-08-14T00:52:53.324678,0.172,2.502,36.448
2026-08-14T00:52:53.326993,2.313,2.524,36.448
2026-08-14T00:52:53.327165,0.171,2.524,36.448
2026-08-14T00:52:53.327304,0.143,2.502,36.448
2026-08-14T00:52:53.327432,0.130,2.502,36.448
2026-08-14T00:52:53.328653,1.217,2.513,36.448
2026-08-14T00:52:53.328792,0.143,2.513,36.448
2026-08-14T00:52:53.328935,0.142,2.492,36.448
2026-08-14T00:52:53.332281,3.345,2.503,36.448
2026-08-14T00:52:53.332413,0.135,2.503,36.448
2026-08-14T00:52:53.366749,34.324,2.492,36.448
2026-08-14T00:52:53.366920,0.174,2.492,36.448
2026-08-14T00:52:53.367066,0.150,2.492,36.448
2026-08-14T00:52:53.369364,2.294,2.492,36.448
2026-08-14T00:52:53.369513,0.153,2.491,36.448
2026-08-14T00:52:53.369650,0.140,2.480,36.448
2026-08-14T00:52:53.369781,0.130,2.458,36.448
2026-08-14T00:52:53.372072,2.288,2.480,36.448
2026-08-14T00:52:53.372211,0.143,2.480,36.448
2026-08-14T00:52:53.374491,2.278,2.501,36.448
2026-08-14T00:52:53.374663,0.174,2.501,36.448
2026-08-14T00:52:53.374802,0.141,2.480,36.448
2026-08-14T00:52:53.374973,0.168,2.480,36.448
2026-08-14T00:52:53.377258,2.283,2.501,36.448
2026-08-14T00:52:53.377398,0.144,2.480,36.448
2026-08-14T00:52:53.377533,0.136,2.479,36.448
2026-08-14T00:52:53.377656,0.124,2.479,36.448
2026-08-14T00:52:53.379938,2.275,2.501,36.448
2026-08-14T00:52:53.382244,2.308,2.501,36.448
2026-08-14T00:52:53.382375,0.135,2.501,36.448
2026-08-14T00:52:53.416938,34.497,2.492,36.448
2026-08-14T00:52:53.417145,0.258,2.493,36.448
2026-08-14T00:52:53.417287,0.154,2.493,36.448
2026-08-14T00:52:53.419598,2.307,2.504,36.448
2026-08-14T00:52:53.419743,0.149,2.504,36.448
2026-08-14T00:52:53.422031,2.285,2.525,36.448
2026-08-14T00:52:53.424317,2.286,2.515,36.448
2026-08-14T00:52:53.424457,0.143,2.514,36.448
2026-08-14T00:52:53.424586,0.131,2.503,36.448
2026-08-14T00:52:53.424713,0.128,2.502,36.448
2026-08-14T00:52:53.424903,0.185,2.502,36.448
2026-08-14T00:52:53.427215,2.311,2.524,36.448
2026-08-14T00:52:53.427380,0.167,2.502,36.448
2026-08-14T00:52:53.427516,0.138,2.502,36.448
2026-08-14T00:52:53.429833,2.303,2.524,36.448
2026-08-14T00:52:53.429988,0.166,2.524,36.448
2026-08-14T00:52:53.430119,0.134,2.524,36.448
2026-08-14T00:52:53.430246,0.128,2.502,36.448
2026-08-14T00:52:53.431457,1.205,2.502,36.448
2026-08-14T00:52:53.431598,0.145,2.502,36.448
2026-08-14T00:52:53.467762,36.097,2.499,36.097
2026-08-14T00:52:53.467979,0.271,2.499,36.097
2026-08-14T00:52:53.468135,0.166,2.500,36.097
2026-08-14T00:52:53.469361,1.224,2.500,36.097
2026-08-14T00:52:53.469510,0.152,2.500,36.097
2026-08-14T00:52:53.469653,0.145,2.478,36.097
2026-08-14T00:52:53.469786,0.134,2.446,36.097
2026-08-14T00:52:53.472166,2.350,2.468,36.097
2026-08-14T00:52:53.472356,0.207,2.469,36.097
2026-08-14T00:52:53.473590,1.238,2.480,36.097
2026-08-14T00:52:53.473796,0.207,2.480,36.097
2026-08-14T00:52:53.475060,1.266,2.481,36.097
2026-08-14T00:52:53.475230,0.172,2.481,36.097
2026-08-14T00:52:53.476449,1.218,2.491,36.097
2026-08-14T00:52:53.476589,0.143,2.470,36.097
2026-08-14T00:52:53.476731,0.143,2.470,36.097
2026-08-14T00:52:53.479010,2.276,2.491,36.097
2026-08-14T00:52:53.479148,0.141,2.491,36.097
2026-08-14T00:52:53.479275,0.128,2.470,36.097
2026-08-14T00:52:53.479400,0.125,2.470,36.097
2026-08-14T00:52:53.516989,37.575,2.496,37.575
2026-08-14T00:52:53.517149,0.167,2.495,37.575
2026-08-14T00:52:53.517286,0.142,2.495,37.575
2026-08-14T00:52:53.519578,2.286,2.495,37.575
2026-08-14T00:52:53.519731,0.154,2.494,37.575
2026-08-14T00:52:53.520953,1.223,2.505,37.575
2026-08-14T00:52:53.521097,0.147,2.483,37.575
2026-08-14T00:52:53.524516,3.398,2.516,37.575
2026-08-14T00:52:53.524698,0.194,2.505,37.575
2026-08-14T00:52:53.524862,0.151,2.505,37.575
2026-08-14T00:52:53.525056,0.212,2.505,37.575
2026-08-14T00:52:53.527413,2.347,2.527,37.575
2026-08-14T00:52:53.527606,0.200,2.506,37.575
2026-08-14T00:52:53.527750,0.151,2.506,37.575
2026-08-14T00:52:53.527897,0.147,2.507,37.575
2026-08-14T00:52:53.528047,0.151,2.507,37.575
2026-08-14T00:52:53.529274,1.225,2.507,37.575
2026-08-14T00:52:53.529412,0.141,2.497,37.575
2026-08-14T00:52:53.529540,0.130,2.475,37.575
2026-08-14T00:52:53.531828,2.273,2.496,37.575
2026-08-14T00:52:53.563022,31.195,2.454,37.575
2026-08-14T00:52:53.567473,4.453,2.496,37.575
2026-08-14T00:52:53.567623,0.155,2.496,37.575
2026-08-14T00:52:53.567765,0.143,2.474,37.575
2026-08-14T00:52:53.570068,2.298,2.495,37.575
2026-08-14T00:52:53.570215,0.153,2.484,37.575
2026-08-14T00:52:53.570354,0.139,2.484,37.575
2026-08-14T00:52:53.572640,2.282,2.484,37.575
2026-08-14T00:52:53.572781,0.145,2.484,37.575
2026-08-14T00:52:53.575096,2.310,2.506,37.575
2026-08-14T00:52:53.575241,0.149,2.506,37.575
2026-08-14T00:52:53.575415,0.172,2.484,37.575
2026-08-14T00:52:53.575560,0.149,2.484,37.575
2026-08-14T00:52:53.576827,1.251,2.495,37.575
2026-08-14T00:52:53.576981,0.167,2.495,37.575
2026-08-14T00:52:53.577118,0.139,2.485,37.575
2026-08-14T00:52:53.577261,0.143,2.485,37.575
2026-08-14T00:52:53.578475,1.211,2.495,37.575
2026-08-14T00:52:53.579682,1.211,2.474,37.575
2026-08-14T00:52:53.581975,2.293,2.496,37.575
2026-08-14T00:52:53.582105,0.132,2.154,37.575
2026-08-14T00:52:53.617536,35.416,2.506,37.575
2026-08-14T00:52:53.617690,0.161,2.506,37.575
2026-08-14T00:52:53.617839,0.141,2.485,37.575
2026-08-14T00:52:53.620145,2.311,2.506,37.575
2026-08-14T00:52:53.620293,0.153,2.506,37.575
2026-08-14T00:52:53.621511,1.216,2.517,37.575
2026-08-14T00:52:53.624874,3.363,2.528,37.575
2026-08-14T00:52:53.625010,0.141,2.528,37.575
2026-08-14T00:52:53.625136,0.128,2.506,37.575
2026-08-14T00:52:53.625282,0.145,2.506,37.575
2026-08-14T00:52:53.625442,0.158,2.506,37.575
2026-08-14T00:52:53.627742,2.298,2.528,37.575
2026-08-14T00:52:53.627920,0.177,2.507,37.575
2026-08-14T00:52:53.628068,0.151,2.507,37.575
2026-08-14T00:52:53.628196,0.131,2.507,37.575
2026-08-14T00:52:53.628328,0.132,2.507,37.575
2026-08-14T00:52:53.628449,0.122,2.485,37.575
2026-08-14T00:52:53.628569,0.120,2.463,37.575
2026-08-14T00:52:53.631918,3.343,2.495,37.575
2026-08-14T00:52:53.632053,0.138,2.152,37.575
2026-08-14T00:52:53.667280,35.134,2.501,37.575
2026-08-14T00:52:53.667537,0.323,2.502,37.575
2026-08-14T00:52:53.667710,0.192,2.481,37.575
2026-08-14T00:52:53.669011,1.280,2.492,37.575
2026-08-14T00:52:53.669218,0.228,2.472,37.575
2026-08-14T00:52:53.669373,0.161,2.451,37.575
2026-08-14T00:52:53.669511,0.140,2.451,37.575
2026-08-14T00:52:53.672976,3.443,2.484,37.575
2026-08-14T00:52:53.673154,0.192,2.484,37.575
2026-08-14T00:52:53.674402,1.244,2.495,37.575
2026-08-14T00:52:53.674615,0.219,2.474,37.575
2026-08-14T00:52:53.674759,0.152,2.474,37.575
2026-08-14T00:52:53.674936,0.172,2.474,37.575
2026-08-14T00:52:53.677235,2.296,2.474,37.575
2026-08-14T00:52:53.677372,0.144,2.474,37.575
2026-08-14T00:52:53.677514,0.141,2.474,37.575
2026-08-14T00:52:53.677640,0.129,2.474,37.575
2026-08-14T00:52:53.679919,2.273,2.485,37.575
2026-08-14T00:52:53.681142,1.224,2.495,37.575
2026-08-14T00:52:53.681279,0.139,2.136,37.575
2026-08-14T00:52:53.716705,35.414,2.487,37.575
2026-08-14T00:52:53.716863,0.164,2.487,37.575
2026-08-14T00:52:53.717001,0.142,2.476,37.575
2026-08-14T00:52:53.719285,2.281,2.498,37.575
2026-08-14T00:52:53.719431,0.145,2.498,37.575
2026-08-14T00:52:53.720727,1.273,2.509,37.575
2026-08-14T00:52:53.725190,4.481,2.530,37.575
2026-08-14T00:52:53.725337,0.155,2.530,37.575
2026-08-14T00:52:53.725472,0.138,2.519,37.575
2026-08-14T00:52:53.725600,0.128,2.518,37.575
2026-08-14T00:52:53.725778,0.175,2.507,37.575
2026-08-14T00:52:53.728101,2.320,2.529,37.575
2026-08-14T00:52:53.728272,0.173,2.518,37.575
2026-08-14T00:52:53.728410,0.141,2.518,37.575
2026-08-14T00:52:53.728538,0.129,2.518,37.575
2026-08-14T00:52:53.728676,0.138,2.497,37.575
2026-08-14T00:52:53.728802,0.127,2.497,37.575
2026-08-14T00:52:53.728951,0.145,2.497,37.575
2026-08-14T00:52:53.729079,0.131,2.497,37.575
2026-08-14T00:52:53.731358,2.275,2.144,35.416
2026-08-14T00:52:53.766817,35.444,2.497,35.444
2026-08-14T00:52:53.766971,0.167,2.497,35.444
2026-08-14T00:52:53.767110,0.142,2.475,35.444
2026-08-14T00:52:53.769399,2.285,2.497,35.444
2026-08-14T00:52:53.769546,0.149,2.486,35.444
2026-08-14T00:52:53.769681,0.138,2.486,35.444
2026-08-14T00:52:53.769823,0.130,2.453,35.444
2026-08-14T00:52:53.772114,2.297,2.474,35.444
2026-08-14T00:52:53.772257,0.147,2.474,35.444
2026-08-14T00:52:53.773471,1.211,2.484,35.444
2026-08-14T00:52:53.773651,0.179,2.462,35.444
2026-08-14T00:52:53.774904,1.252,2.473,35.444
2026-08-14T00:52:53.775078,0.177,2.473,35.444
2026-08-14T00:52:53.777398,2.314,2.495,35.444
2026-08-14T00:52:53.777551,0.158,2.495,35.444
2026-08-14T00:52:53.777696,0.149,2.484,35.444
2026-08-14T00:52:53.777841,0.133,2.484,35.444
2026-08-14T00:52:53.780147,2.310,2.506,35.444
2026-08-14T00:52:53.781383,1.241,2.496,35.444
2026-08-14T00:52:53.781517,0.140,2.185,35.444
2026-08-14T00:52:53.816994,35.445,2.495,35.445
2026-08-14T00:52:53.817170,0.197,2.495,35.445
2026-08-14T00:52:53.817312,0.150,2.495,35.445
2026-08-14T00:52:53.819615,2.297,2.495,35.445
2026-08-14T00:52:53.819773,0.159,2.496,35.445
2026-08-14T00:52:53.822096,2.320,2.517,35.445
2026-08-14T00:52:53.822242,0.155,2.496,35.445
2026-08-14T00:52:53.824520,2.275,2.517,35.445
2026-08-14T00:52:53.824661,0.144,2.496,35.445
2026-08-14T00:52:53.824788,0.129,2.496,35.445
2026-08-14T00:52:53.824976,0.182,2.496,35.445
2026-08-14T00:52:53.827290,2.315,2.517,35.445
2026-08-14T00:52:53.827457,0.170,2.506,35.445
2026-08-14T00:52:53.827591,0.136,2.506,35.445
2026-08-14T00:52:53.827717,0.127,2.506,35.445
2026-08-14T00:52:53.827870,0.150,2.506,35.445
2026-08-14T00:52:53.828030,0.161,2.496,35.445
2026-08-14T00:52:53.828160,0.132,2.485,35.445
2026-08-14T00:52:53.830438,2.274,2.485,35.445
2026-08-14T00:52:53.831668,1.229,2.496,35.445
2026-08-14T00:52:53.867785,36.050,2.502,36.050
2026-08-14T00:52:53.868007,0.278,2.503,36.050
2026-08-14T00:52:53.868158,0.163,2.503,36.050
2026-08-14T00:52:53.869389,1.226,2.492,36.050
2026-08-14T00:52:53.869546,0.159,2.493,36.050
2026-08-14T00:52:53.869688,0.146,2.482,36.050
2026-08-14T00:52:53.871996,2.301,2.471,36.050
2026-08-14T00:52:53.872149,0.157,2.471,36.050
2026-08-14T00:52:53.875659,3.479,2.505,36.050
2026-08-14T00:52:53.875857,0.211,2.506,36.050
2026-08-14T00:52:53.876124,0.282,2.507,36.050
2026-08-14T00:52:53.876283,0.162,2.485,36.050
2026-08-14T00:52:53.876446,0.165,2.485,36.050
2026-08-14T00:52:53.876584,0.140,2.485,36.050
2026-08-14T00:52:53.876712,0.129,2.485,36.050
2026-08-14T00:52:53.876864,0.150,2.485,36.050
2026-08-14T00:52:53.877004,0.141,2.486,36.050
2026-08-14T00:52:53.879343,2.320,2.508,36.050
2026-08-14T00:52:53.879499,0.173,2.476,36.050
2026-08-14T00:52:53.879631,0.136,2.476,36.050
2026-08-14T00:52:53.917471,37.757,2.502,37.757
2026-08-14T00:52:53.917689,0.285,2.502,37.757
2026-08-14T00:52:53.917868,0.186,2.502,37.757
2026-08-14T00:52:53.920238,2.343,2.512,37.757
2026-08-14T00:52:53.920422,0.208,2.512,37.757
2026-08-14T00:52:53.921681,1.252,2.523,37.757
2026-08-14T00:52:53.921859,0.179,2.523,37.757
2026-08-14T00:52:53.924314,2.413,2.513,37.757
2026-08-14T00:52:53.924545,0.264,2.514,37.757
2026-08-14T00:52:53.924693,0.173,2.503,37.757
2026-08-14T00:52:53.924901,0.205,2.503,37.757
2026-08-14T00:52:53.927192,2.299,2.524,37.757
2026-08-14T00:52:53.927329,0.141,2.524,37.757
2026-08-14T00:52:53.927435,0.109,2.502,37.757
2026-08-14T00:52:53.927531,0.098,2.502,37.757
2026-08-14T00:52:53.927637,0.105,2.501,37.757
2026-08-14T00:52:53.928893,1.230,2.512,37.757
2026-08-14T00:52:53.929030,0.157,2.491,37.757
2026-08-14T00:52:53.929141,0.115,2.480,37.757
2026-08-14T00:52:53.929240,0.102,2.480,37.757
2026-08-14T00:52:53.966855,37.576,2.501,37.757
2026-08-14T00:52:53.967022,0.188,2.502,37.757
2026-08-14T00:52:53.967166,0.148,2.502,37.757
2026-08-14T00:52:53.969475,2.301,2.502,37.757
2026-08-14T00:52:53.969632,0.163,2.502,37.757
2026-08-14T00:52:53.969775,0.146,2.491,37.757
2026-08-14T00:52:53.969923,0.147,2.447,37.757
2026-08-14T00:52:53.972225,2.296,2.469,37.757
2026-08-14T00:52:53.972381,0.160,2.469,37.757
2026-08-14T00:52:53.974680,2.295,2.491,37.757
2026-08-14T00:52:53.974890,0.211,2.491,37.757
2026-08-14T00:52:53.975049,0.163,2.469,37.757
2026-08-14T00:52:53.975213,0.165,2.469,37.757
2026-08-14T00:52:53.977600,2.380,2.492,37.757
2026-08-14T00:52:53.977752,0.158,2.492,37.757
2026-08-14T00:52:53.977917,0.164,2.492,37.757
2026-08-14T00:52:53.978063,0.147,2.493,37.757
2026-08-14T00:52:53.979334,1.252,2.504,37.757
2026-08-14T00:52:53.981660,2.341,2.526,37.757
2026-08-14T00:52:53.981805,0.151,2.504,37.757
2026-08-14T00:52:54.017268,35.450,2.505,37.757
2026-08-14T00:52:54.017429,0.170,2.505,37.757
2026-08-14T00:52:54.017573,0.147,2.505,37.757
2026-08-14T00:52:54.019887,2.306,2.505,37.757
2026-08-14T00:52:54.020043,0.162,2.505,37.757
2026-08-14T00:52:54.021267,1.222,2.516,37.757
2026-08-14T00:52:54.024623,3.357,2.548,37.757
2026-08-14T00:52:54.024764,0.145,2.527,37.757
2026-08-14T00:52:54.024908,0.144,2.527,37.757
2026-08-14T00:52:54.025042,0.135,2.516,37.757
2026-08-14T00:52:54.025216,0.170,2.516,37.757
2026-08-14T00:52:54.027526,2.307,2.526,37.757
2026-08-14T00:52:54.027692,0.170,2.526,37.757
2026-08-14T00:52:54.027839,0.137,2.504,37.757
2026-08-14T00:52:54.029070,1.238,2.515,37.757
2026-08-14T00:52:54.029220,0.154,2.515,37.757
2026-08-14T00:52:54.029348,0.130,2.515,37.757
2026-08-14T00:52:54.029474,0.126,2.493,37.757
2026-08-14T00:52:54.031754,2.273,2.504,37.757
2026-08-14T00:52:54.031912,0.161,2.504,37.757
2026-08-14T00:52:54.066945,34.976,2.499,37.757
2026-08-14T00:52:54.067145,0.251,2.500,37.757
2026-08-14T00:52:54.067285,0.149,2.500,37.757
2026-08-14T00:52:54.069597,2.306,2.500,37.757
2026-08-14T00:52:54.069742,0.151,2.500,37.757
2026-08-14T00:52:54.069892,0.149,2.478,37.757
2026-08-14T00:52:54.070028,0.137,2.478,37.757
2026-08-14T00:52:54.072305,2.273,2.478,37.757
2026-08-14T00:52:54.072450,0.148,2.478,37.757
2026-08-14T00:52:54.073660,1.208,2.489,37.757
2026-08-14T00:52:54.073863,0.201,2.489,37.757
2026-08-14T00:52:54.075105,1.243,2.478,37.757
2026-08-14T00:52:54.075273,0.169,2.478,37.757
2026-08-14T00:52:54.077559,2.286,2.500,37.757
2026-08-14T00:52:54.077698,0.142,2.500,37.757
2026-08-14T00:52:54.077849,0.140,2.500,37.757
2026-08-14T00:52:54.077990,0.153,2.500,37.757
2026-08-14T00:52:54.079218,1.226,2.511,37.757
2026-08-14T00:52:54.081518,2.299,2.511,37.757
2026-08-14T00:52:54.081659,0.144,2.500,37.757
2026-08-14T00:52:54.117169,35.474,2.494,37.757
2026-08-14T00:52:54.117352,0.210,2.494,37.757
2026-08-14T00:52:54.117495,0.151,2.493,37.757
2026-08-14T00:52:54.119795,2.292,2.504,37.757
2026-08-14T00:52:54.119964,0.172,2.504,37.757
2026-08-14T00:52:54.121196,1.230,2.515,37.757
2026-08-14T00:52:54.121345,0.152,2.494,37.757
2026-08-14T00:52:54.123657,2.309,2.515,37.757
2026-08-14T00:52:54.123821,0.157,2.482,37.757
2026-08-14T00:52:54.125059,1.249,2.492,37.757
2026-08-14T00:52:54.125243,0.185,2.491,37.757
2026-08-14T00:52:54.127551,2.306,2.513,37.757
2026-08-14T00:52:54.127720,0.172,2.513,37.757
2026-08-14T00:52:54.127869,0.150,2.513,37.757
2026-08-14T00:52:54.128006,0.138,2.513,37.757
2026-08-14T00:52:54.128144,0.139,2.513,37.757
2026-08-14T00:52:54.128270,0.127,2.513,37.757
2026-08-14T00:52:54.128394,0.125,2.491,37.757
2026-08-14T00:52:54.128519,0.125,2.490,37.757
2026-08-14T00:52:54.130794,2.270,2.512,37.757
2026-08-14T00:52:54.167443,36.608,2.500,37.576
2026-08-14T00:52:54.167628,0.216,2.499,37.576
2026-08-14T00:52:54.167774,0.155,2.499,37.576
2026-08-14T00:52:54.169014,1.234,2.488,37.576
2026-08-14T00:52:54.169231,0.220,2.488,37.576
2026-08-14T00:52:54.169376,0.148,2.477,37.576
2026-08-14T00:52:54.169517,0.141,2.477,37.576
2026-08-14T00:52:54.171880,2.355,2.476,37.576
2026-08-14T00:52:54.172030,0.157,2.475,37.576
2026-08-14T00:52:54.174382,2.323,2.497,37.576
2026-08-14T00:52:54.174679,0.297,2.498,37.576
2026-08-14T00:52:54.174893,0.234,2.477,37.576
2026-08-14T00:52:54.175081,0.195,2.477,37.576
2026-08-14T00:52:54.177411,2.318,2.499,37.576
2026-08-14T00:52:54.177575,0.174,2.500,37.576
2026-08-14T00:52:54.177725,0.156,2.501,37.576
2026-08-14T00:52:54.177855,0.134,2.490,37.576
2026-08-14T00:52:54.180125,2.266,2.511,37.576
2026-08-14T00:52:54.181341,1.216,2.522,37.576
2026-08-14T00:52:54.181467,0.131,2.522,37.576
2026-08-14T00:52:54.216914,35.427,2.501,36.608
2026-08-14T00:52:54.217071,0.168,2.501,36.608
2026-08-14T00:52:54.217209,0.143,2.500,36.608
2026-08-14T00:52:54.219505,2.289,2.500,36.608
2026-08-14T00:52:54.219653,0.153,2.500,36.608
2026-08-14T00:52:54.221952,2.295,2.522,36.608
2026-08-14T00:52:54.222100,0.152,2.522,36.608
2026-08-14T00:52:54.224389,2.285,2.522,36.608
2026-08-14T00:52:54.224537,0.152,2.522,36.608
2026-08-14T00:52:54.224673,0.138,2.500,36.608
2026-08-14T00:52:54.224863,0.173,2.500,36.608
2026-08-14T00:52:54.227194,2.341,2.521,36.608
2026-08-14T00:52:54.227370,0.179,2.522,36.608
2026-08-14T00:52:54.227512,0.145,2.499,36.608
2026-08-14T00:52:54.227646,0.135,2.499,36.608
2026-08-14T00:52:54.228887,1.233,2.510,36.608
2026-08-14T00:52:54.229046,0.163,2.510,36.608
2026-08-14T00:52:54.229187,0.143,2.499,36.608
2026-08-14T00:52:54.229320,0.135,2.477,36.608
2026-08-14T00:52:54.231600,2.274,2.498,36.608
2026-08-14T00:52:54.267764,36.102,2.504,36.608
2026-08-14T00:52:54.267977,0.269,2.505,36.608
2026-08-14T00:52:54.268120,0.154,2.505,36.608
2026-08-14T00:52:54.269335,1.212,2.495,36.608
2026-08-14T00:52:54.269481,0.148,2.494,36.608
2026-08-14T00:52:54.269616,0.138,2.484,36.608
2026-08-14T00:52:54.271904,2.283,2.473,36.608
2026-08-14T00:52:54.272044,0.143,2.473,36.608
2026-08-14T00:52:54.274391,2.328,2.495,36.608
2026-08-14T00:52:54.274559,0.180,2.495,36.608
2026-08-14T00:52:54.274774,0.217,2.496,36.608
2026-08-14T00:52:54.274956,0.176,2.474,36.608
2026-08-14T00:52:54.277313,2.359,2.496,36.608
2026-08-14T00:52:54.277466,0.161,2.496,36.608
2026-08-14T00:52:54.277599,0.135,2.485,36.608
2026-08-14T00:52:54.277739,0.142,2.485,36.608
2026-08-14T00:52:54.278947,1.204,2.496,36.608
2026-08-14T00:52:54.279085,0.139,2.496,36.608
2026-08-14T00:52:54.279216,0.133,2.475,36.608
2026-08-14T00:52:54.279345,0.130,2.474,36.608
2026-08-14T00:52:54.316924,37.566,2.500,37.566
2026-08-14T00:52:54.317090,0.168,2.499,37.566
2026-08-14T00:52:54.317231,0.149,2.499,37.566
2026-08-14T00:52:54.319790,2.465,2.501,37.566
2026-08-14T00:52:54.320086,0.358,2.503,37.566
2026-08-14T00:52:54.321424,1.333,2.515,37.566
2026-08-14T00:52:54.325054,3.646,2.550,37.566
2026-08-14T00:52:54.325214,0.178,2.529,37.566
2026-08-14T00:52:54.325346,0.138,2.529,37.566
2026-08-14T00:52:54.325470,0.125,2.518,37.566
2026-08-14T00:52:54.325646,0.172,2.518,37.566
2026-08-14T00:52:54.327948,2.300,2.528,37.566
2026-08-14T00:52:54.328113,0.167,2.528,37.566
2026-08-14T00:52:54.328245,0.135,2.507,37.566
2026-08-14T00:52:54.328369,0.124,2.507,37.566
2026-08-14T00:52:54.328502,0.133,2.507,37.566
2026-08-14T00:52:54.328621,0.120,2.506,37.566
2026-08-14T00:52:54.328740,0.119,2.495,37.566
2026-08-14T00:52:54.332092,3.346,2.506,37.566
2026-08-14T00:52:54.332226,0.137,2.506,37.566
2026-08-14T00:52:54.366573,34.334,2.494,37.566
2026-08-14T00:52:54.366729,0.163,2.494,37.566
2026-08-14T00:52:54.366885,0.157,2.494,37.566
2026-08-14T00:52:54.370267,3.377,2.505,37.566
2026-08-14T00:52:54.370419,0.157,2.505,37.566
2026-08-14T00:52:54.370559,0.143,2.494,37.566
2026-08-14T00:52:54.370691,0.133,2.493,37.566
2026-08-14T00:52:54.372991,2.294,2.493,37.566
2026-08-14T00:52:54.373136,0.149,2.493,37.566
2026-08-14T00:52:54.374353,1.214,2.493,37.566
2026-08-14T00:52:54.374538,0.185,2.493,37.566
2026-08-14T00:52:54.374687,0.152,2.471,37.566
2026-08-14T00:52:54.374864,0.161,2.471,37.566
2026-08-14T00:52:54.377164,2.315,2.493,37.566
2026-08-14T00:52:54.377303,0.143,2.493,37.566
2026-08-14T00:52:54.377438,0.136,2.493,37.566
2026-08-14T00:52:54.379712,2.270,2.514,37.566
2026-08-14T00:52:54.379859,0.136,2.514,37.566
2026-08-14T00:52:54.379993,0.148,2.515,37.566
2026-08-14T00:52:54.380119,0.127,2.493,37.566
2026-08-14T00:52:54.416841,36.639,2.494,37.566
2026-08-14T00:52:54.417045,0.274,2.494,37.566
2026-08-14T00:52:54.417181,0.149,2.494,37.566
2026-08-14T00:52:54.419464,2.276,2.505,37.566
2026-08-14T00:52:54.419609,0.149,2.504,37.566
2026-08-14T00:52:54.421901,2.289,2.525,37.566
2026-08-14T00:52:54.425266,3.365,2.557,37.566
2026-08-14T00:52:54.425406,0.143,2.535,37.566
2026-08-14T00:52:54.425535,0.131,2.535,37.566
2026-08-14T00:52:54.425662,0.127,2.513,37.566
2026-08-14T00:52:54.425854,0.176,2.512,37.566
2026-08-14T00:52:54.427120,1.275,2.522,37.566
2026-08-14T00:52:54.427290,0.173,2.522,37.566
2026-08-14T00:52:54.427429,0.142,2.500,37.566
2026-08-14T00:52:54.428655,1.222,2.511,37.566
2026-08-14T00:52:54.428806,0.154,2.511,37.566
2026-08-14T00:52:54.428960,0.153,2.511,37.566
2026-08-14T00:52:54.432298,3.338,2.522,37.566
2026-08-14T00:52:54.432430,0.135,2.511,37.566
2026-08-14T00:52:54.432557,0.127,2.511,37.566
2026-08-14T00:52:54.467721,35.084,2.507,37.566
2026-08-14T00:52:54.467950,0.292,2.509,37.566
2026-08-14T00:52:54.468103,0.166,2.509,37.566
2026-08-14T00:52:54.469323,1.216,2.498,37.566
2026-08-14T00:52:54.469488,0.161,2.498,37.566
2026-08-14T00:52:54.469659,0.170,2.477,37.566
2026-08-14T00:52:54.472022,2.345,2.499,37.566
2026-08-14T00:52:54.472193,0.193,2.478,37.566
2026-08-14T00:52:54.473426,1.237,2.489,37.566
2026-08-14T00:52:54.473569,0.146,2.489,37.566
2026-08-14T00:52:54.473751,0.182,2.489,37.566
2026-08-14T00:52:54.475002,1.247,2.478,37.566
2026-08-14T00:52:54.477335,2.334,2.500,37.566
2026-08-14T00:52:54.477484,0.152,2.500,37.566
2026-08-14T00:52:54.477617,0.134,2.500,37.566
2026-08-14T00:52:54.477758,0.143,2.489,37.566
2026-08-14T00:52:54.477904,0.143,2.489,37.566
2026-08-14T00:52:54.480216,2.307,2.510,37.566
2026-08-14T00:52:54.481450,1.236,2.521,37.566
2026-08-14T00:52:54.481592,0.145,2.500,37.566
2026-08-14T00:52:54.517005,35.403,2.493,37.566
2026-08-14T00:52:54.517157,0.159,2.492,37.566
2026-08-14T00:52:54.517294,0.140,2.492,37.566
2026-08-14T00:52:54.519641,2.323,2.503,37.566
2026-08-14T00:52:54.519838,0.195,2.503,37.566
2026-08-14T00:52:54.521115,1.285,2.515,37.566
2026-08-14T00:52:54.521289,0.184,2.494,37.566
2026-08-14T00:52:54.524668,3.379,2.526,37.566
2026-08-14T00:52:54.524837,0.161,2.504,37.566
2026-08-14T00:52:54.524984,0.161,2.504,37.566
2026-08-14T00:52:54.525160,0.177,2.504,37.566
2026-08-14T00:52:54.527473,2.308,2.525,37.566
2026-08-14T00:52:54.527646,0.176,2.503,37.566
2026-08-14T00:52:54.527783,0.142,2.503,37.566
2026-08-14T00:52:54.527923,0.139,2.503,37.566
2026-08-14T00:52:54.529149,1.224,2.514,37.566
2026-08-14T00:52:54.529287,0.141,2.503,37.566
2026-08-14T00:52:54.529416,0.130,2.503,37.566
2026-08-14T00:52:54.531691,2.271,2.525,37.566
2026-08-14T00:52:54.531837,0.140,2.525,37.566
2026-08-14T00:52:54.563012,31.172,2.461,36.639
2026-08-14T00:52:54.567465,4.453,2.504,36.639
2026-08-14T00:52:54.567618,0.161,2.504,36.639
2026-08-14T00:52:54.567756,0.140,2.481,36.639
2026-08-14T00:52:54.570067,2.305,2.500,36.639
2026-08-14T00:52:54.570217,0.156,2.488,36.639
2026-08-14T00:52:54.570354,0.139,2.453,36.639
2026-08-14T00:52:54.570484,0.130,2.453,36.639
2026-08-14T00:52:54.572767,2.278,2.474,36.639
2026-08-14T00:52:54.572925,0.160,2.474,36.639
2026-08-14T00:52:54.574148,1.221,2.485,36.639
2026-08-14T00:52:54.574333,0.185,2.464,36.639
2026-08-14T00:52:54.574481,0.151,2.464,36.639
2026-08-14T00:52:54.574640,0.160,2.464,36.639
2026-08-14T00:52:54.576946,2.299,2.486,36.639
2026-08-14T00:52:54.577094,0.153,2.486,36.639
2026-08-14T00:52:54.577242,0.148,2.486,36.639
2026-08-14T00:52:54.577377,0.138,2.486,36.639
2026-08-14T00:52:54.579649,2.271,2.476,36.639
2026-08-14T00:52:54.581941,2.291,2.497,36.639
2026-08-14T00:52:54.582071,0.134,2.155,36.639
2026-08-14T00:52:54.617459,35.377,2.507,36.639
2026-08-14T00:52:54.617607,0.153,2.507,36.639
2026-08-14T00:52:54.617741,0.138,2.475,36.639
2026-08-14T00:52:54.620034,2.286,2.496,36.639
2026-08-14T00:52:54.620186,0.154,2.496,36.639
2026-08-14T00:52:54.621397,1.214,2.507,36.639
2026-08-14T00:52:54.624744,3.346,2.518,36.639
2026-08-14T00:52:54.624895,0.150,2.518,36.639
2026-08-14T00:52:54.625032,0.141,2.507,36.639
2026-08-14T00:52:54.625162,0.130,2.506,36.639
2026-08-14T00:52:54.625325,0.160,2.506,36.639
2026-08-14T00:52:54.626556,1.230,2.517,36.639
2026-08-14T00:52:54.626717,0.163,2.496,36.639
2026-08-14T00:52:54.626864,0.147,2.496,36.639
2026-08-14T00:52:54.629168,2.300,2.517,36.639
2026-08-14T00:52:54.629317,0.153,2.496,36.639
2026-08-14T00:52:54.629443,0.129,2.496,36.639
2026-08-14T00:52:54.629567,0.124,2.496,36.639
2026-08-14T00:52:54.631843,2.264,2.517,36.639
2026-08-14T00:52:54.631972,0.141,2.152,35.403
2026-08-14T00:52:54.667149,35.101,2.500,35.403
2026-08-14T00:52:54.667349,0.264,2.502,35.403
2026-08-14T00:52:54.667482,0.144,2.480,35.403
2026-08-14T00:52:54.669782,2.295,2.502,35.403
2026-08-14T00:52:54.669938,0.157,2.480,35.403
2026-08-14T00:52:54.670073,0.139,2.448,35.403
2026-08-14T00:52:54.670196,0.124,2.448,35.403
2026-08-14T00:52:54.672539,2.316,2.470,35.403
2026-08-14T00:52:54.672708,0.187,2.470,35.403
2026-08-14T00:52:54.675003,2.296,2.492,35.403
2026-08-14T00:52:54.675199,0.198,2.481,35.403
2026-08-14T00:52:54.675343,0.147,2.481,35.403
2026-08-14T00:52:54.675500,0.157,2.481,35.403
2026-08-14T00:52:54.676718,1.215,2.481,35.403
2026-08-14T00:52:54.676874,0.156,2.481,35.403
2026-08-14T00:52:54.677027,0.156,2.481,35.403
2026-08-14T00:52:54.678255,1.227,2.460,35.403
2026-08-14T00:52:54.679472,1.217,2.470,35.403
2026-08-14T00:52:54.681848,2.346,2.493,35.403
2026-08-14T00:52:54.682014,0.193,2.144,35.403
2026-08-14T00:52:54.717484,35.455,2.495,35.455
2026-08-14T00:52:54.717657,0.186,2.495,35.455
2026-08-14T00:52:54.717801,0.149,2.485,35.455
2026-08-14T00:52:54.720183,2.367,2.507,35.455
2026-08-14T00:52:54.720349,0.176,2.507,35.455
2026-08-14T00:52:54.721579,1.231,2.496,35.455
2026-08-14T00:52:54.721730,0.154,2.495,35.455
2026-08-14T00:52:54.725088,3.355,2.517,35.455
2026-08-14T00:52:54.725244,0.157,2.517,35.455
2026-08-14T00:52:54.725384,0.142,2.516,35.455
2026-08-14T00:52:54.725561,0.179,2.506,35.455
2026-08-14T00:52:54.727877,2.312,2.505,35.455
2026-08-14T00:52:54.728047,0.172,2.506,35.455
2026-08-14T00:52:54.728183,0.140,2.506,35.455
2026-08-14T00:52:54.728310,0.128,2.506,35.455
2026-08-14T00:52:54.728446,0.136,2.505,35.455
2026-08-14T00:52:54.728571,0.126,2.484,35.455
2026-08-14T00:52:54.728696,0.124,2.473,35.455
2026-08-14T00:52:54.728829,0.125,2.472,35.455
2026-08-14T00:52:54.731187,2.338,2.142,35.455
2026-08-14T00:52:54.766666,35.492,2.495,35.492
2026-08-14T00:52:54.766827,0.159,2.495,35.492
2026-08-14T00:52:54.766970,0.157,2.474,35.492
2026-08-14T00:52:54.769266,2.290,2.494,35.492
2026-08-14T00:52:54.769416,0.155,2.483,35.492
2026-08-14T00:52:54.769556,0.142,2.483,35.492
2026-08-14T00:52:54.772925,3.364,2.483,35.492
2026-08-14T00:52:54.773076,0.153,2.483,35.492
2026-08-14T00:52:54.774313,1.235,2.493,35.492
2026-08-14T00:52:54.774458,0.150,2.493,35.492
2026-08-14T00:52:54.774638,0.178,2.472,35.492
2026-08-14T00:52:54.774787,0.150,2.471,35.492
2026-08-14T00:52:54.777155,2.361,2.494,35.492
2026-08-14T00:52:54.777313,0.164,2.494,35.492
2026-08-14T00:52:54.777450,0.140,2.483,35.492
2026-08-14T00:52:54.777599,0.148,2.483,35.492
2026-08-14T00:52:54.777733,0.136,2.483,35.492
2026-08-14T00:52:54.780004,2.270,2.483,35.492
2026-08-14T00:52:54.781227,1.223,2.494,35.492
2026-08-14T00:52:54.781358,0.134,2.184,35.492
2026-08-14T00:52:54.816878,35.480,2.494,35.492
2026-08-14T00:52:54.817050,0.202,2.494,35.492
2026-08-14T00:52:54.817193,0.148,2.494,35.492
2026-08-14T00:52:54.819495,2.296,2.494,35.492
2026-08-14T00:52:54.819647,0.157,2.494,35.492
2026-08-14T00:52:54.821940,2.292,2.516,35.492
2026-08-14T00:52:54.822080,0.143,2.516,35.492
2026-08-14T00:52:54.824371,2.285,2.516,35.492
2026-08-14T00:52:54.824516,0.152,2.516,35.492
2026-08-14T00:52:54.824645,0.131,2.505,35.492
2026-08-14T00:52:54.824831,0.170,2.505,35.492
2026-08-14T00:52:54.827156,2.335,2.527,35.492
2026-08-14T00:52:54.827323,0.169,2.527,35.492
2026-08-14T00:52:54.827458,0.138,2.505,35.492
2026-08-14T00:52:54.827585,0.128,2.505,35.492
2026-08-14T00:52:54.827731,0.145,2.505,35.492
2026-08-14T00:52:54.827877,0.144,2.505,35.492
2026-08-14T00:52:54.828014,0.140,2.484,35.492
2026-08-14T00:52:54.830314,2.294,2.484,35.492
2026-08-14T00:52:54.831547,1.235,2.495,35.492
2026-08-14T00:52:54.866659,35.055,2.491,35.492
2026-08-14T00:52:54.866869,0.247,2.492,35.492
2026-08-14T00:52:54.867019,0.172,2.493,35.492
2026-08-14T00:52:54.869305,2.283,2.493,35.492
2026-08-14T00:52:54.869446,0.144,2.493,35.492
2026-08-14T00:52:54.869577,0.134,2.482,35.492
2026-08-14T00:52:54.871867,2.284,2.471,35.492
2026-08-14T00:52:54.872011,0.144,2.471,35.492
2026-08-14T00:52:54.874311,2.300,2.493,35.492
2026-08-14T00:52:54.874452,0.144,2.493,35.492
2026-08-14T00:52:54.874630,0.177,2.493,35.492
2026-08-14T00:52:54.874771,0.143,2.482,35.492
2026-08-14T00:52:54.877187,2.389,2.504,35.492
2026-08-14T00:52:54.877363,0.193,2.505,35.492
2026-08-14T00:52:54.877503,0.148,2.483,35.492
2026-08-14T00:52:54.877644,0.142,2.483,35.492
2026-08-14T00:52:54.879925,2.277,2.505,35.492
2026-08-14T00:52:54.880066,0.143,2.505,35.492
2026-08-14T00:52:54.882382,2.311,2.505,35.492
2026-08-14T00:52:54.882525,0.148,2.506,35.492
2026-08-14T00:52:54.916967,34.405,2.499,35.492
2026-08-14T00:52:54.917153,0.213,2.498,35.492
2026-08-14T00:52:54.917299,0.154,2.498,35.492
2026-08-14T00:52:54.919680,2.357,2.499,35.492
2026-08-14T00:52:54.919868,0.206,2.499,35.492
2026-08-14T00:52:54.921153,1.272,2.511,35.492
2026-08-14T00:52:54.923512,2.360,2.533,35.492
2026-08-14T00:52:54.923683,0.184,2.512,35.492
2026-08-14T00:52:54.923845,0.153,2.511,35.492
2026-08-14T00:52:54.925206,1.328,2.502,35.492
2026-08-14T00:52:54.925481,0.310,2.503,35.492
2026-08-14T00:52:54.926744,1.269,2.514,35.492
2026-08-14T00:52:54.926948,0.204,2.514,35.492
2026-08-14T00:52:54.927107,0.163,2.504,35.492
2026-08-14T00:52:54.929456,2.335,2.526,35.492
2026-08-14T00:52:54.929630,0.189,2.526,35.492
2026-08-14T00:52:54.929757,0.134,2.515,35.492
2026-08-14T00:52:54.929898,0.136,2.504,35.492
2026-08-14T00:52:54.932188,2.290,2.504,35.492
2026-08-14T00:52:54.932322,0.138,2.503,35.492
2026-08-14T00:52:54.966669,34.334,2.492,35.492
2026-08-14T00:52:54.966840,0.164,2.492,35.492
2026-08-14T00:52:54.966989,0.164,2.492,35.492
2026-08-14T00:52:54.969284,2.292,2.491,35.492
2026-08-14T00:52:54.969432,0.151,2.491,35.492
2026-08-14T00:52:54.969577,0.146,2.480,35.492
2026-08-14T00:52:54.969712,0.136,2.480,35.492
2026-08-14T00:52:54.971997,2.281,2.469,35.492
2026-08-14T00:52:54.972144,0.149,2.469,35.492
2026-08-14T00:52:54.973361,1.215,2.480,35.492
2026-08-14T00:52:54.973553,0.190,2.480,35.492
2026-08-14T00:52:54.974800,1.248,2.469,35.492
2026-08-14T00:52:54.974998,0.197,2.469,35.492
2026-08-14T00:52:54.977303,2.305,2.491,35.492
2026-08-14T00:52:54.977453,0.153,2.491,35.492
2026-08-14T00:52:54.977599,0.148,2.491,35.492
2026-08-14T00:52:54.977733,0.135,2.492,35.492
2026-08-14T00:52:54.980006,2.273,2.513,35.492
2026-08-14T00:52:54.981222,1.217,2.524,35.492
2026-08-14T00:52:54.981350,0.131,2.502,35.492
2026-08-14T00:52:55.016859,35.477,2.502,35.480
2026-08-14T00:52:55.017028,0.190,2.502,35.480
2026-08-14T00:52:55.017169,0.147,2.502,35.480
2026-08-14T00:52:55.019470,2.295,2.502,35.480
2026-08-14T00:52:55.019621,0.155,2.502,35.480
2026-08-14T00:52:55.021912,2.291,2.524,35.480
2026-08-14T00:52:55.022050,0.142,2.491,35.480
2026-08-14T00:52:55.024326,2.272,2.513,35.480
2026-08-14T00:52:55.024467,0.144,2.502,35.480
2026-08-14T00:52:55.024594,0.129,2.501,35.480
2026-08-14T00:52:55.024755,0.159,2.501,35.480
2026-08-14T00:52:55.028139,3.380,2.534,35.480
2026-08-14T00:52:55.028303,0.167,2.512,35.480
2026-08-14T00:52:55.028436,0.135,2.511,35.480
2026-08-14T00:52:55.028560,0.125,2.511,35.480
2026-08-14T00:52:55.028693,0.133,2.511,35.480
2026-08-14T00:52:55.028831,0.126,2.511,35.480
2026-08-14T00:52:55.028966,0.146,2.490,35.480
2026-08-14T00:52:55.030174,1.206,2.489,35.480
2026-08-14T00:52:55.031393,1.221,2.500,35.480
2026-08-14T00:52:55.067494,36.042,2.506,36.042
2026-08-14T00:52:55.067686,0.242,2.506,36.042
2026-08-14T00:52:55.067840,0.149,2.506,36.042
2026-08-14T00:52:55.069063,1.233,2.496,36.042
2026-08-14T00:52:55.069205,0.146,2.496,36.042
2026-08-14T00:52:55.069340,0.136,2.474,36.042
2026-08-14T00:52:55.072702,3.356,2.506,36.042
2026-08-14T00:52:55.072851,0.144,2.485,36.042
2026-08-14T00:52:55.074075,1.231,2.496,36.042
2026-08-14T00:52:55.074213,0.141,2.496,36.042
2026-08-14T00:52:55.074389,0.174,2.496,36.042
2026-08-14T00:52:55.074529,0.143,2.474,36.042
2026-08-14T00:52:55.076937,2.379,2.496,36.042
2026-08-14T00:52:55.077114,0.198,2.496,36.042
2026-08-14T00:52:55.077253,0.147,2.497,36.042
2026-08-14T00:52:55.077395,0.143,2.497,36.042
2026-08-14T00:52:55.078606,1.208,2.507,36.042
2026-08-14T00:52:55.079837,1.216,2.518,36.042
2026-08-14T00:52:55.082179,2.351,2.519,36.042
2026-08-14T00:52:55.082326,0.153,2.508,36.042
2026-08-14T00:52:55.116683,34.352,2.501,36.042
2026-08-14T00:52:55.116837,0.148,2.500,36.042
2026-08-14T00:52:55.116977,0.151,2.500,36.042
2026-08-14T00:52:55.119263,2.282,2.500,36.042
2026-08-14T00:52:55.119408,0.148,2.500,36.042
2026-08-14T00:52:55.121735,2.313,2.521,36.042
2026-08-14T00:52:55.121917,0.190,2.500,36.042
2026-08-14T00:52:55.124245,2.320,2.522,36.042
2026-08-14T00:52:55.124408,0.173,2.501,36.042
2026-08-14T00:52:55.124543,0.141,2.501,36.042
2026-08-14T00:52:55.124718,0.173,2.501,36.042
2026-08-14T00:52:55.128098,3.376,2.533,36.042
2026-08-14T00:52:55.128267,0.171,2.511,36.042
2026-08-14T00:52:55.128401,0.139,2.510,36.042
2026-08-14T00:52:55.128528,0.128,2.510,36.042
2026-08-14T00:52:55.128663,0.134,2.510,36.042
2026-08-14T00:52:55.128788,0.126,2.489,36.042
2026-08-14T00:52:55.128957,0.164,2.489,36.042
2026-08-14T00:52:55.129095,0.140,2.467,36.042
2026-08-14T00:52:55.129225,0.132,2.467,36.042
2026-08-14T00:52:55.166785,37.550,2.498,37.550
2026-08-14T00:52:55.166945,0.165,2.498,37.550
2026-08-14T00:52:55.167080,0.139,2.498,37.550
2026-08-14T00:52:55.169372,2.285,2.497,37.550
2026-08-14T00:52:55.169521,0.154,2.497,37.550
2026-08-14T00:52:55.169658,0.140,2.485,37.550
2026-08-14T00:52:55.171945,2.282,2.484,37.550
2026-08-14T00:52:55.172087,0.145,2.484,37.550
2026-08-14T00:52:55.174392,2.301,2.506,37.550
2026-08-14T00:52:55.174536,0.148,2.494,37.550
2026-08-14T00:52:55.174707,0.170,2.492,37.550
2026-08-14T00:52:55.174875,0.164,2.481,37.550
2026-08-14T00:52:55.177370,2.451,2.504,37.550
2026-08-14T00:52:55.177572,0.243,2.505,37.550
2026-08-14T00:52:55.177719,0.155,2.483,37.550
2026-08-14T00:52:55.177891,0.171,2.483,37.550
2026-08-14T00:52:55.179110,1.221,2.493,37.550
2026-08-14T00:52:55.179245,0.138,2.494,37.550
2026-08-14T00:52:55.179369,0.125,2.472,37.550
2026-08-14T00:52:55.179489,0.122,2.472,37.550
2026-08-14T00:52:55.203170,23.663,2.365,37.550
2026-08-14T00:52:55.217255,14.086,2.504,37.550
2026-08-14T00:52:55.217409,0.162,2.504,37.550
2026-08-14T00:52:55.217546,0.141,2.483,37.550
2026-08-14T00:52:55.219861,2.291,2.504,37.550
2026-08-14T00:52:55.220018,0.177,2.504,37.550
2026-08-14T00:52:55.221243,1.225,2.515,37.550
2026-08-14T00:52:55.224597,3.355,2.526,37.550
2026-08-14T00:52:55.224737,0.143,2.526,37.550
2026-08-14T00:52:55.224876,0.140,2.515,37.550
2026-08-14T00:52:55.225012,0.137,2.515,37.550
2026-08-14T00:52:55.225180,0.168,2.504,37.550
2026-08-14T00:52:55.227488,2.305,2.525,37.550
2026-08-14T00:52:55.227650,0.164,2.504,37.550
2026-08-14T00:52:55.227783,0.135,2.503,37.550
2026-08-14T00:52:55.229035,1.246,2.514,37.550
2026-08-14T00:52:55.229187,0.155,2.515,37.550
2026-08-14T00:52:55.229316,0.131,2.493,37.550
2026-08-14T00:52:55.229439,0.124,2.482,37.550
2026-08-14T00:52:55.231705,2.264,2.504,37.550
2026-08-14T00:52:55.231846,0.132,2.150,37.550
2026-08-14T00:52:55.266901,34.993,2.498,37.550
2026-08-14T00:52:55.267097,0.259,2.499,37.550
2026-08-14T00:52:55.267236,0.148,2.478,37.550
2026-08-14T00:52:55.269524,2.284,2.499,37.550
2026-08-14T00:52:55.269668,0.147,2.478,37.550
2026-08-14T00:52:55.269801,0.135,2.478,37.550
2026-08-14T00:52:55.272109,2.303,2.478,37.550
2026-08-14T00:52:55.272248,0.143,2.478,37.550
2026-08-14T00:52:55.273471,1.221,2.489,37.550
2026-08-14T00:52:55.273608,0.139,2.489,37.550
2026-08-14T00:52:55.273785,0.175,2.456,37.550
2026-08-14T00:52:55.275035,1.248,2.467,37.550
2026-08-14T00:52:55.277364,2.328,2.489,37.550
2026-08-14T00:52:55.277509,0.149,2.489,37.550
2026-08-14T00:52:55.277638,0.131,2.489,37.550
2026-08-14T00:52:55.277777,0.139,2.490,37.550
2026-08-14T00:52:55.277921,0.143,2.490,37.550
2026-08-14T00:52:55.280210,2.283,2.500,37.550
2026-08-14T00:52:55.281469,1.253,2.501,37.550
2026-08-14T00:52:55.281619,0.157,2.142,37.550
2026-08-14T00:52:55.317072,35.438,2.494,37.550
2026-08-14T00:52:55.317236,0.176,2.494,37.550
2026-08-14T00:52:55.317376,0.146,2.483,37.550
2026-08-14T00:52:55.319673,2.289,2.505,37.550
2026-08-14T00:52:55.319834,0.156,2.505,37.550
2026-08-14T00:52:55.321065,1.238,2.484,37.550
2026-08-14T00:52:55.324437,3.370,2.516,37.550
2026-08-14T00:52:55.324594,0.159,2.505,37.550
2026-08-14T00:52:55.324744,0.150,2.505,37.550
2026-08-14T00:52:55.324896,0.155,2.505,37.550
2026-08-14T00:52:55.325087,0.191,2.506,37.550
2026-08-14T00:52:55.327396,2.308,2.505,37.550
2026-08-14T00:52:55.327564,0.170,2.505,37.550
2026-08-14T00:52:55.327702,0.141,2.504,37.550
2026-08-14T00:52:55.328923,1.219,2.515,37.550
2026-08-14T00:52:55.329072,0.151,2.505,37.550
2026-08-14T00:52:55.329199,0.129,2.494,37.550
2026-08-14T00:52:55.329323,0.124,2.472,37.550
2026-08-14T00:52:55.331597,2.270,2.493,37.550
2026-08-14T00:52:55.331733,0.139,2.151,37.550
2026-08-14T00:52:55.367211,35.447,2.504,37.550
2026-08-14T00:52:55.367382,0.195,2.504,37.550
2026-08-14T00:52:55.367517,0.143,2.483,37.550
2026-08-14T00:52:55.369837,2.301,2.504,37.550
2026-08-14T00:52:55.369984,0.163,2.483,37.550
2026-08-14T00:52:55.370119,0.138,2.482,37.550
2026-08-14T00:52:55.370246,0.128,2.460,37.550
2026-08-14T00:52:55.372523,2.273,2.481,37.550
2026-08-14T00:52:55.372661,0.140,2.481,37.550
2026-08-14T00:52:55.374943,2.276,2.502,37.550
2026-08-14T00:52:55.375126,0.186,2.470,37.550
2026-08-14T00:52:55.375267,0.145,2.470,37.550
2026-08-14T00:52:55.375417,0.150,2.470,37.550
2026-08-14T00:52:55.376633,1.212,2.481,37.550
2026-08-14T00:52:55.376771,0.141,2.481,37.550
2026-08-14T00:52:55.376922,0.151,2.481,37.550
2026-08-14T00:52:55.378153,1.228,2.492,37.550
2026-08-14T00:52:55.379364,1.212,2.503,37.550
2026-08-14T00:52:55.381659,2.295,2.524,37.550
2026-08-14T00:52:55.381796,0.139,2.150,35.447
2026-08-14T00:52:55.417465,35.599,2.505,35.599
2026-08-14T00:52:55.417682,0.275,2.506,35.599
2026-08-14T00:52:55.417846,0.160,2.485,35.599
2026-08-14T00:52:55.420154,2.317,2.506,35.599
2026-08-14T00:52:55.420303,0.155,2.506,35.599
2026-08-14T00:52:55.421523,1.216,2.496,35.599
2026-08-14T00:52:55.421668,0.149,2.496,35.599
2026-08-14T00:52:55.425023,3.351,2.506,35.599
2026-08-14T00:52:55.425168,0.149,2.506,35.599
2026-08-14T00:52:55.425300,0.135,2.506,35.599
2026-08-14T00:52:55.425485,0.181,2.506,35.599
2026-08-14T00:52:55.427816,2.320,2.505,35.599
2026-08-14T00:52:55.427991,0.184,2.504,35.599
2026-08-14T00:52:55.428132,0.145,2.504,35.599
2026-08-14T00:52:55.428260,0.130,2.504,35.599
2026-08-14T00:52:55.428398,0.138,2.493,35.599
2026-08-14T00:52:55.428526,0.128,2.493,35.599
2026-08-14T00:52:55.428652,0.126,2.493,35.599
2026-08-14T00:52:55.429866,1.208,2.504,35.599
2026-08-14T00:52:55.431099,1.233,2.279,35.599
2026-08-14T00:52:55.467302,36.143,2.500,36.143
2026-08-14T00:52:55.467498,0.250,2.501,36.143
2026-08-14T00:52:55.467637,0.148,2.501,36.143
2026-08-14T00:52:55.470018,2.344,2.501,36.143
2026-08-14T00:52:55.470197,0.209,2.502,36.143
2026-08-14T00:52:55.470345,0.153,2.491,36.143
2026-08-14T00:52:55.470494,0.145,2.459,36.143
2026-08-14T00:52:55.472790,2.295,2.480,36.143
2026-08-14T00:52:55.472973,0.181,2.481,36.143
2026-08-14T00:52:55.474276,1.284,2.492,36.143
2026-08-14T00:52:55.474514,0.255,2.493,36.143
2026-08-14T00:52:55.474668,0.163,2.472,36.143
2026-08-14T00:52:55.474846,0.163,2.472,36.143
2026-08-14T00:52:55.477159,2.322,2.494,36.143
2026-08-14T00:52:55.477311,0.157,2.483,36.143
2026-08-14T00:52:55.477457,0.149,2.483,36.143
2026-08-14T00:52:55.477589,0.134,2.483,36.143
2026-08-14T00:52:55.479880,2.286,2.504,36.143
2026-08-14T00:52:55.482225,2.343,2.505,36.143
2026-08-14T00:52:55.482373,0.153,2.505,36.143
2026-08-14T00:52:55.486798,4.424,2.200,36.143
2026-08-14T00:52:55.516897,30.091,2.498,36.143
2026-08-14T00:52:55.517052,0.162,2.498,36.143
2026-08-14T00:52:55.517191,0.142,2.477,36.143
2026-08-14T00:52:55.519527,2.320,2.498,36.143
2026-08-14T00:52:55.519691,0.176,2.499,36.143
2026-08-14T00:52:55.520923,1.231,2.488,36.143
2026-08-14T00:52:55.521071,0.152,2.488,36.143
2026-08-14T00:52:55.523358,2.284,2.499,36.143
2026-08-14T00:52:55.523509,0.154,2.499,36.143
2026-08-14T00:52:55.524740,1.229,2.510,36.143
2026-08-14T00:52:55.524951,0.207,2.499,36.143
2026-08-14T00:52:55.527273,2.325,2.499,36.143
2026-08-14T00:52:55.527439,0.171,2.499,36.143
2026-08-14T00:52:55.527573,0.136,2.499,36.143
2026-08-14T00:52:55.527696,0.125,2.499,36.143
2026-08-14T00:52:55.528960,1.246,2.510,36.143
2026-08-14T00:52:55.529124,0.173,2.489,36.143
2026-08-14T00:52:55.529258,0.141,2.478,36.143
2026-08-14T00:52:55.529396,0.135,2.478,36.143
2026-08-14T00:52:55.531733,2.324,2.147,36.143
2026-08-14T00:52:55.562928,31.198,2.457,36.143
2026-08-14T00:52:55.567369,4.447,2.500,36.143
2026-08-14T00:52:55.567512,0.148,2.478,36.143
2026-08-14T00:52:55.567641,0.132,2.478,36.143
2026-08-14T00:52:55.568869,1.220,2.478,36.143
2026-08-14T00:52:55.569019,0.153,2.446,36.143
2026-08-14T00:52:55.569161,0.144,2.446,36.143
2026-08-14T00:52:55.569295,0.135,2.446,36.143
2026-08-14T00:52:55.572717,3.397,2.478,36.143
2026-08-14T00:52:55.572930,0.229,2.478,36.143
2026-08-14T00:52:55.574159,1.230,2.468,36.143
2026-08-14T00:52:55.574358,0.202,2.468,36.143
2026-08-14T00:52:55.574508,0.154,2.468,36.143
2026-08-14T00:52:55.574670,0.162,2.457,36.143
2026-08-14T00:52:55.576989,2.312,2.479,36.143
2026-08-14T00:52:55.577140,0.158,2.479,36.143
2026-08-14T00:52:55.577288,0.149,2.480,36.143
2026-08-14T00:52:55.578522,1.229,2.469,36.143
2026-08-14T00:52:55.579739,1.220,2.480,36.143
2026-08-14T00:52:55.582055,2.314,2.149,36.143
2026-08-14T00:52:55.582197,0.147,2.148,36.143
2026-08-14T00:52:55.616584,34.367,2.490,36.143
2026-08-14T00:52:55.616746,0.176,2.469,36.143
2026-08-14T00:52:55.616914,0.168,2.469,36.143
2026-08-14T00:52:55.619222,2.305,2.491,36.143
2026-08-14T00:52:55.619373,0.156,2.491,36.143
2026-08-14T00:52:55.621677,2.299,2.491,36.143
2026-08-14T00:52:55.621846,0.160,2.492,36.143
2026-08-14T00:52:55.624207,2.348,2.492,36.143
2026-08-14T00:52:55.624415,0.225,2.493,36.143
2026-08-14T00:52:55.624567,0.162,2.493,36.143
2026-08-14T00:52:55.624761,0.193,2.493,36.143
2026-08-14T00:52:55.627214,2.423,2.505,36.143
2026-08-14T00:52:55.627441,0.253,2.507,36.143
2026-08-14T00:52:55.627596,0.161,2.507,36.143
2026-08-14T00:52:55.627737,0.142,2.496,36.143
2026-08-14T00:52:55.627907,0.168,2.485,36.143
2026-08-14T00:52:55.628055,0.151,2.464,36.143
2026-08-14T00:52:55.628187,0.135,2.464,36.143
2026-08-14T00:52:55.630534,2.318,2.131,36.143
2026-08-14T00:52:55.630716,0.200,2.130,36.143
2026-08-14T00:52:55.667636,36.869,2.497,36.869
2026-08-14T00:52:55.667900,0.241,2.477,36.869
2026-08-14T00:52:55.668041,0.226,2.477,36.869
2026-08-14T00:52:55.669270,1.228,2.478,36.869
2026-08-14T00:52:55.669398,0.131,2.477,36.869
2026-08-14T00:52:55.669519,0.122,2.445,36.869
2026-08-14T00:52:55.672844,3.316,2.477,36.869
2026-08-14T00:52:55.672965,0.131,2.477,36.869
2026-08-14T00:52:55.674159,1.193,2.487,36.869
2026-08-14T00:52:55.674276,0.119,2.465,36.869
2026-08-14T00:52:55.674431,0.153,2.464,36.869
2026-08-14T00:52:55.674551,0.123,2.464,36.869
2026-08-14T00:52:55.676842,2.281,2.486,36.869
2026-08-14T00:52:55.676970,0.135,2.486,36.869
2026-08-14T00:52:55.677088,0.118,2.486,36.869
2026-08-14T00:52:55.677224,0.132,2.486,36.869
2026-08-14T00:52:55.677355,0.130,2.475,36.869
2026-08-14T00:52:55.679628,2.271,2.485,36.869
2026-08-14T00:52:55.681920,2.290,2.147,36.869
2026-08-14T00:52:55.682057,0.142,2.146,36.869
2026-08-14T00:52:55.717468,35.399,2.498,36.869
2026-08-14T00:52:55.717624,0.162,2.476,36.869
2026-08-14T00:52:55.717762,0.141,2.476,36.869
2026-08-14T00:52:55.720094,2.323,2.497,36.869
2026-08-14T00:52:55.720256,0.166,2.498,36.869
2026-08-14T00:52:55.721486,1.229,2.487,36.869
2026-08-14T00:52:55.721633,0.152,2.487,36.869
2026-08-14T00:52:55.725055,3.399,2.508,36.869
2026-08-14T00:52:55.725228,0.192,2.507,36.869
2026-08-14T00:52:55.725370,0.148,2.507,36.869
2026-08-14T00:52:55.725557,0.185,2.507,36.869
2026-08-14T00:52:55.726848,1.264,2.497,36.869
2026-08-14T00:52:55.727063,0.236,2.497,36.869
2026-08-14T00:52:55.727208,0.153,2.498,36.869
2026-08-14T00:52:55.727342,0.135,2.498,36.869
2026-08-14T00:52:55.727484,0.142,2.476,36.869
2026-08-14T00:52:55.728749,1.249,2.465,36.869
2026-08-14T00:52:55.728922,0.181,2.465,36.869
2026-08-14T00:52:55.729064,0.148,2.423,36.869
2026-08-14T00:52:55.729197,0.134,2.123,36.869
2026-08-14T00:52:55.766801,37.592,2.497,37.592
2026-08-14T00:52:55.766975,0.178,2.498,37.592
2026-08-14T00:52:55.767115,0.146,2.476,37.592
2026-08-14T00:52:55.769406,2.287,2.497,37.592
2026-08-14T00:52:55.769555,0.152,2.486,37.592
2026-08-14T00:52:55.769692,0.140,2.486,37.592
2026-08-14T00:52:55.771990,2.293,2.486,37.592
2026-08-14T00:52:55.772136,0.149,2.486,37.592
2026-08-14T00:52:55.774463,2.322,2.497,37.592
2026-08-14T00:52:55.774613,0.155,2.497,37.592
2026-08-14T00:52:55.774798,0.183,2.475,37.592
2026-08-14T00:52:55.774970,0.172,2.475,37.592
2026-08-14T00:52:55.777295,2.324,2.497,37.592
2026-08-14T00:52:55.777441,0.151,2.497,37.592
2026-08-14T00:52:55.777570,0.131,2.486,37.592
2026-08-14T00:52:55.777732,0.161,2.486,37.592
2026-08-14T00:52:55.780013,2.276,2.508,37.592
2026-08-14T00:52:55.780150,0.141,2.508,37.592
2026-08-14T00:52:55.781357,1.206,2.496,37.592
2026-08-14T00:52:55.781495,0.139,2.186,37.592
2026-08-14T00:52:55.817048,35.521,2.497,37.592
2026-08-14T00:52:55.817228,0.203,2.497,37.592
2026-08-14T00:52:55.817377,0.154,2.497,37.592
2026-08-14T00:52:55.819677,2.295,2.508,37.592
2026-08-14T00:52:55.819844,0.157,2.508,37.592
2026-08-14T00:52:55.821075,1.244,2.519,37.592
2026-08-14T00:52:55.824445,3.370,2.551,37.592
2026-08-14T00:52:55.824595,0.151,2.519,37.592
2026-08-14T00:52:55.824744,0.150,2.518,37.592
2026-08-14T00:52:55.824904,0.159,2.507,37.592
2026-08-14T00:52:55.825105,0.201,2.507,37.592
2026-08-14T00:52:55.827436,2.329,2.529,37.592
2026-08-14T00:52:55.827619,0.186,2.529,37.592
2026-08-14T00:52:55.827764,0.148,2.508,37.592
2026-08-14T00:52:55.828999,1.236,2.519,37.592
2026-08-14T00:52:55.829140,0.144,2.519,37.592
2026-08-14T00:52:55.829260,0.122,2.507,37.592
2026-08-14T00:52:55.829378,0.117,2.496,37.592
2026-08-14T00:52:55.831646,2.263,2.496,37.592
2026-08-14T00:52:55.831778,0.135,2.496,37.592
2026-08-14T00:52:55.866876,35.017,2.502,37.592
2026-08-14T00:52:55.867083,0.276,2.503,37.592
2026-08-14T00:52:55.867224,0.152,2.503,37.592
2026-08-14T00:52:55.869525,2.294,2.503,37.592
2026-08-14T00:52:55.869671,0.151,2.503,37.592
2026-08-14T00:52:55.869803,0.135,2.481,37.592
2026-08-14T00:52:55.869953,0.147,2.481,37.592
2026-08-14T00:52:55.872233,2.277,2.481,37.592
2026-08-14T00:52:55.872374,0.145,2.480,37.592
2026-08-14T00:52:55.873583,1.206,2.490,37.592
2026-08-14T00:52:55.873777,0.194,2.490,37.592
2026-08-14T00:52:55.875027,1.249,2.478,37.592
2026-08-14T00:52:55.875196,0.173,2.478,37.592
2026-08-14T00:52:55.877489,2.290,2.499,37.592
2026-08-14T00:52:55.877629,0.144,2.499,37.592
2026-08-14T00:52:55.877769,0.141,2.499,37.592
2026-08-14T00:52:55.877911,0.141,2.499,37.592
2026-08-14T00:52:55.879129,1.213,2.509,37.592
2026-08-14T00:52:55.881431,2.305,2.509,37.592
2026-08-14T00:52:55.881563,0.137,2.509,37.592
2026-08-14T00:52:55.917165,35.525,2.495,37.592
2026-08-14T00:52:55.917397,0.288,2.496,37.592
2026-08-14T00:52:55.917562,0.178,2.495,37.592
2026-08-14T00:52:55.919872,2.308,2.506,37.592
2026-08-14T00:52:55.920029,0.161,2.506,37.592
2026-08-14T00:52:55.921275,1.244,2.517,37.592
2026-08-14T00:52:55.921419,0.149,2.486,37.592
2026-08-14T00:52:55.923700,2.277,2.507,37.592
2026-08-14T00:52:55.923854,0.146,2.497,37.592
2026-08-14T00:52:55.924098,0.234,2.498,37.592
2026-08-14T00:52:55.924298,0.220,2.499,37.592
2026-08-14T00:52:55.927668,3.369,2.531,37.592
2026-08-14T00:52:55.927849,0.168,2.510,37.592
2026-08-14T00:52:55.927992,0.160,2.510,37.592
2026-08-14T00:52:55.928116,0.126,2.510,37.592
2026-08-14T00:52:55.928248,0.132,2.510,37.592
2026-08-14T00:52:55.928369,0.122,2.510,37.592
2026-08-14T00:52:55.928489,0.121,2.489,37.592
2026-08-14T00:52:55.928606,0.117,2.467,37.592
2026-08-14T00:52:55.930886,2.273,2.488,37.592
2026-08-14T00:52:55.967545,36.620,2.500,37.592
2026-08-14T00:52:55.967731,0.216,2.501,37.592
2026-08-14T00:52:55.967894,0.168,2.501,37.592
2026-08-14T00:52:55.969131,1.234,2.490,37.592
2026-08-14T00:52:55.969285,0.159,2.490,37.592
2026-08-14T00:52:55.969427,0.145,2.479,37.592
2026-08-14T00:52:55.969562,0.136,2.479,37.592
2026-08-14T00:52:55.971862,2.284,2.468,37.592
2026-08-14T00:52:55.972015,0.165,2.468,37.592
2026-08-14T00:52:55.975403,3.384,2.500,37.592
2026-08-14T00:52:55.975599,0.199,2.500,37.592
2026-08-14T00:52:55.975755,0.159,2.489,37.592
2026-08-14T00:52:55.975934,0.177,2.489,37.592
2026-08-14T00:52:55.976085,0.152,2.489,37.592
2026-08-14T00:52:55.976220,0.137,2.489,37.592
2026-08-14T00:52:55.976365,0.145,2.489,37.592
2026-08-14T00:52:55.976499,0.135,2.478,37.592
2026-08-14T00:52:55.978767,2.267,2.499,37.592
2026-08-14T00:52:55.978916,0.149,2.499,37.592
2026-08-14T00:52:55.979049,0.135,2.499,37.592
2026-08-14T00:52:56.016578,37.520,2.498,37.520
2026-08-14T00:52:56.016721,0.149,2.498,37.520
2026-08-14T00:52:56.016889,0.166,2.498,37.520
2026-08-14T00:52:56.019177,2.287,2.498,37.520
2026-08-14T00:52:56.019316,0.142,2.498,37.520
2026-08-14T00:52:56.021597,2.279,2.519,37.520
2026-08-14T00:52:56.021732,0.139,2.497,37.520
2026-08-14T00:52:56.025073,3.339,2.529,37.520
2026-08-14T00:52:56.025208,0.137,2.508,37.520
2026-08-14T00:52:56.025332,0.125,2.507,37.520
2026-08-14T00:52:56.025491,0.157,2.507,37.520
2026-08-14T00:52:56.026742,1.247,2.518,37.520
2026-08-14T00:52:56.026924,0.183,2.496,37.520
2026-08-14T00:52:56.027064,0.144,2.496,37.520
2026-08-14T00:52:56.027190,0.128,2.496,37.520
2026-08-14T00:52:56.029471,2.278,2.517,37.520
2026-08-14T00:52:56.029602,0.134,2.496,37.520
2026-08-14T00:52:56.029721,0.121,2.496,37.520
2026-08-14T00:52:56.029849,0.117,2.485,37.520
2026-08-14T00:52:56.031054,1.211,2.496,37.520
2026-08-14T00:52:56.067179,36.062,2.501,37.520
2026-08-14T00:52:56.067375,0.249,2.501,37.520
2026-08-14T00:52:56.067513,0.148,2.501,37.520
2026-08-14T00:52:56.069821,2.293,2.501,37.520
2026-08-14T00:52:56.069970,0.162,2.501,37.520
2026-08-14T00:52:56.070103,0.136,2.490,37.520
2026-08-14T00:52:56.072383,2.276,2.479,37.520
2026-08-14T00:52:56.072527,0.145,2.479,37.520
2026-08-14T00:52:56.074836,2.295,2.501,37.520
2026-08-14T00:52:56.074978,0.156,2.501,37.520
2026-08-14T00:52:56.075155,0.177,2.501,37.520
2026-08-14T00:52:56.075296,0.144,2.479,37.520
2026-08-14T00:52:56.076547,1.246,2.489,37.520
2026-08-14T00:52:56.076693,0.150,2.489,37.520
2026-08-14T00:52:56.076835,0.131,2.478,37.520
2026-08-14T00:52:56.076983,0.159,2.478,37.520
2026-08-14T00:52:56.079314,2.311,2.500,37.520
2026-08-14T00:52:56.079482,0.183,2.501,37.520
2026-08-14T00:52:56.081806,2.316,2.501,37.520
2026-08-14T00:52:56.081975,0.177,2.502,37.520
2026-08-14T00:52:56.117399,35.418,2.506,37.520
2026-08-14T00:52:56.117555,0.162,2.505,37.520
2026-08-14T00:52:56.117694,0.142,2.505,37.520
2026-08-14T00:52:56.120020,2.313,2.505,37.520
2026-08-14T00:52:56.120179,0.169,2.505,37.520
2026-08-14T00:52:56.121408,1.227,2.516,37.520
2026-08-14T00:52:56.123714,2.304,2.538,37.520
2026-08-14T00:52:56.123875,0.165,2.516,37.520
2026-08-14T00:52:56.124024,0.153,2.516,37.520
2026-08-14T00:52:56.124153,0.132,2.506,37.520
2026-08-14T00:52:56.124327,0.171,2.506,37.520
2026-08-14T00:52:56.126633,2.303,2.516,37.520
2026-08-14T00:52:56.126802,0.171,2.516,37.520
2026-08-14T00:52:56.126964,0.162,2.495,37.520
2026-08-14T00:52:56.129261,2.295,2.516,37.520
2026-08-14T00:52:56.129411,0.153,2.516,37.520
2026-08-14T00:52:56.129539,0.130,2.516,37.520
2026-08-14T00:52:56.129663,0.125,2.505,37.520
2026-08-14T00:52:56.131943,2.275,2.505,37.520
2026-08-14T00:52:56.132081,0.141,2.505,37.520
2026-08-14T00:52:56.167690,35.540,2.505,37.520
2026-08-14T00:52:56.167915,0.280,2.505,37.520
2026-08-14T00:52:56.168068,0.166,2.505,37.520
2026-08-14T00:52:56.169292,1.220,2.494,37.520
2026-08-14T00:52:56.169436,0.147,2.494,37.520
2026-08-14T00:52:56.169572,0.139,2.483,37.520
2026-08-14T00:52:56.169698,0.127,2.483,37.520
2026-08-14T00:52:56.171985,2.281,2.483,37.520
2026-08-14T00:52:56.172127,0.145,2.483,37.520
2026-08-14T00:52:56.174415,2.283,2.503,37.520
2026-08-14T00:52:56.174609,0.196,2.503,37.520
2026-08-14T00:52:56.174751,0.146,2.471,37.520
2026-08-14T00:52:56.174919,0.165,2.471,37.520
2026-08-14T00:52:56.177209,2.291,2.492,37.520
2026-08-14T00:52:56.177340,0.136,2.492,37.520
2026-08-14T00:52:56.177474,0.135,2.492,37.520
2026-08-14T00:52:56.177595,0.121,2.492,37.520
2026-08-14T00:52:56.179866,2.266,2.514,37.520
2026-08-14T00:52:56.181088,1.222,2.525,37.520
2026-08-14T00:52:56.181219,0.135,2.503,37.520
2026-08-14T00:52:56.216606,35.376,2.491,37.520
2026-08-14T00:52:56.216750,0.151,2.490,37.520
2026-08-14T00:52:56.216893,0.143,2.490,37.520
2026-08-14T00:52:56.219178,2.283,2.501,37.520
2026-08-14T00:52:56.219316,0.141,2.500,37.520
2026-08-14T00:52:56.221595,2.276,2.522,37.520
2026-08-14T00:52:56.221730,0.139,2.522,37.520
2026-08-14T00:52:56.225073,3.341,2.532,37.520
2026-08-14T00:52:56.225210,0.139,2.532,37.520
2026-08-14T00:52:56.225359,0.149,2.500,37.520
2026-08-14T00:52:56.225522,0.162,2.499,37.520
2026-08-14T00:52:56.226754,1.230,2.510,37.520
2026-08-14T00:52:56.226934,0.180,2.510,37.520
2026-08-14T00:52:56.227080,0.147,2.510,37.520
2026-08-14T00:52:56.227209,0.131,2.510,37.520
2026-08-14T00:52:56.228424,1.213,2.521,37.520
2026-08-14T00:52:56.228560,0.138,2.521,37.520
2026-08-14T00:52:56.228686,0.127,2.499,37.520
2026-08-14T00:52:56.232019,3.332,2.531,37.520
2026-08-14T00:52:56.232145,0.129,2.531,37.520
2026-08-14T00:52:56.267165,34.945,2.505,36.062
2026-08-14T00:52:56.267381,0.274,2.506,36.062
2026-08-14T00:52:56.267533,0.164,2.506,36.062
2026-08-14T00:52:56.269848,2.299,2.507,36.062
2026-08-14T00:52:56.270015,0.180,2.507,36.062
2026-08-14T00:52:56.270163,0.152,2.486,36.062
2026-08-14T00:52:56.272445,2.280,2.507,36.062
2026-08-14T00:52:56.272586,0.145,2.475,36.062
2026-08-14T00:52:56.273819,1.221,2.486,36.062
2026-08-14T00:52:56.273973,0.165,2.486,36.062
2026-08-14T00:52:56.274155,0.181,2.487,36.062
2026-08-14T00:52:56.274297,0.144,2.476,36.062
2026-08-14T00:52:56.276617,2.317,2.497,36.062
2026-08-14T00:52:56.276762,0.148,2.497,36.062
2026-08-14T00:52:56.276908,0.145,2.497,36.062
2026-08-14T00:52:56.277058,0.150,2.476,36.062
2026-08-14T00:52:56.278268,1.208,2.487,36.062
2026-08-14T00:52:56.279494,1.220,2.498,36.062
2026-08-14T00:52:56.281864,2.351,2.520,36.062
2026-08-14T00:52:56.282022,0.182,2.510,36.062
2026-08-14T00:52:56.317506,35.469,2.504,35.540
2026-08-14T00:52:56.317671,0.177,2.503,35.540
2026-08-14T00:52:56.317826,0.147,2.503,35.540
2026-08-14T00:52:56.320141,2.318,2.503,35.540
2026-08-14T00:52:56.320298,0.164,2.503,35.540
2026-08-14T00:52:56.321526,1.227,2.514,35.540
2026-08-14T00:52:56.321664,0.144,2.493,35.540
2026-08-14T00:52:56.323979,2.303,2.514,35.540
2026-08-14T00:52:56.324133,0.162,2.493,35.540
2026-08-14T00:52:56.324265,0.136,2.493,35.540
2026-08-14T00:52:56.324439,0.172,2.493,35.540
2026-08-14T00:52:56.327843,3.383,2.525,35.540
2026-08-14T00:52:56.328048,0.213,2.515,35.540
2026-08-14T00:52:56.328211,0.171,2.515,35.540
2026-08-14T00:52:56.328349,0.143,2.515,35.540
2026-08-14T00:52:56.328489,0.140,2.515,35.540
2026-08-14T00:52:56.328617,0.131,2.493,35.540
2026-08-14T00:52:56.328743,0.126,2.493,35.540
2026-08-14T00:52:56.328883,0.137,2.471,35.540
2026-08-14T00:52:56.331221,2.320,2.492,35.540
2026-08-14T00:52:56.366687,35.458,2.493,35.540
2026-08-14T00:52:56.366882,0.208,2.493,35.540
2026-08-14T00:52:56.367035,0.163,2.493,35.540
2026-08-14T00:52:56.369330,2.293,2.493,35.540
2026-08-14T00:52:56.369479,0.152,2.493,35.540
2026-08-14T00:52:56.369620,0.142,2.482,35.540
2026-08-14T00:52:56.371921,2.296,2.482,35.540
2026-08-14T00:52:56.372068,0.150,2.482,35.540
2026-08-14T00:52:56.373302,1.232,2.493,35.540
2026-08-14T00:52:56.373447,0.148,2.493,35.540
2026-08-14T00:52:56.373629,0.179,2.493,35.540
2026-08-14T00:52:56.374878,1.249,2.482,35.540
2026-08-14T00:52:56.377205,2.327,2.504,35.540
2026-08-14T00:52:56.377351,0.149,2.504,35.540
2026-08-14T00:52:56.377480,0.132,2.482,35.540
2026-08-14T00:52:56.377615,0.135,2.482,35.540
2026-08-14T00:52:56.379899,2.280,2.504,35.540
2026-08-14T00:52:56.380038,0.141,2.504,35.540
2026-08-14T00:52:56.381245,1.206,2.493,35.540
2026-08-14T00:52:56.381381,0.138,2.493,35.540
2026-08-14T00:52:56.416967,35.540,2.493,35.540
2026-08-14T00:52:56.417154,0.224,2.492,35.540
2026-08-14T00:52:56.417292,0.147,2.492,35.540
2026-08-14T00:52:56.419576,2.279,2.503,35.540
2026-08-14T00:52:56.419719,0.145,2.503,35.540
2026-08-14T00:52:56.420931,1.211,2.514,35.540
2026-08-14T00:52:56.424406,3.433,2.547,35.540
2026-08-14T00:52:56.424590,0.221,2.526,35.540
2026-08-14T00:52:56.424727,0.144,2.526,35.540
2026-08-14T00:52:56.424874,0.146,2.505,35.540
2026-08-14T00:52:56.425067,0.191,2.505,35.540
2026-08-14T00:52:56.427384,2.314,2.526,35.540
2026-08-14T00:52:56.427554,0.173,2.526,35.540
2026-08-14T00:52:56.427693,0.141,2.505,35.540
2026-08-14T00:52:56.427836,0.129,2.505,35.540
2026-08-14T00:52:56.427988,0.166,2.505,35.540
2026-08-14T00:52:56.428142,0.155,2.505,35.540
2026-08-14T00:52:56.428270,0.130,2.484,35.540
2026-08-14T00:52:56.431615,3.341,2.505,35.540
2026-08-14T00:52:56.431754,0.142,2.505,35.540
2026-08-14T00:52:56.466855,35.026,2.502,35.540
2026-08-14T00:52:56.467059,0.268,2.503,35.540
2026-08-14T00:52:56.467201,0.152,2.503,35.540
2026-08-14T00:52:56.469491,2.286,2.503,35.540
2026-08-14T00:52:56.469639,0.152,2.503,35.540
2026-08-14T00:52:56.469774,0.138,2.482,35.540
2026-08-14T00:52:56.469913,0.138,2.482,35.540
2026-08-14T00:52:56.472198,2.281,2.471,35.540
2026-08-14T00:52:56.472338,0.143,2.471,35.540
2026-08-14T00:52:56.474616,2.277,2.493,35.540
2026-08-14T00:52:56.474800,0.184,2.493,35.540
2026-08-14T00:52:56.474964,0.164,2.482,35.540
2026-08-14T00:52:56.475122,0.159,2.482,35.540
2026-08-14T00:52:56.476336,1.213,2.493,35.540
2026-08-14T00:52:56.476474,0.140,2.493,35.540
2026-08-14T00:52:56.476613,0.141,2.482,35.540
2026-08-14T00:52:56.478903,2.283,2.503,35.540
2026-08-14T00:52:56.479045,0.146,2.504,35.540
2026-08-14T00:52:56.479173,0.130,2.472,35.540
2026-08-14T00:52:56.479296,0.126,2.472,35.540
2026-08-14T00:52:56.517021,37.660,2.499,37.660
2026-08-14T00:52:56.517219,0.248,2.498,37.660
2026-08-14T00:52:56.517358,0.151,2.498,37.660
2026-08-14T00:52:56.519654,2.290,2.498,37.660
2026-08-14T00:52:56.519799,0.149,2.498,37.660
2026-08-14T00:52:56.521034,1.232,2.509,37.660
2026-08-14T00:52:56.524389,3.356,2.519,37.660
2026-08-14T00:52:56.524531,0.145,2.519,37.660
2026-08-14T00:52:56.524663,0.134,2.509,37.660
2026-08-14T00:52:56.524791,0.128,2.508,37.660
2026-08-14T00:52:56.524980,0.185,2.508,37.660
2026-08-14T00:52:56.527293,2.312,2.530,37.660
2026-08-14T00:52:56.527459,0.168,2.508,37.660
2026-08-14T00:52:56.527596,0.139,2.508,37.660
2026-08-14T00:52:56.528835,1.222,2.519,37.660
2026-08-14T00:52:56.528990,0.170,2.519,37.660
2026-08-14T00:52:56.529119,0.133,2.509,37.660
2026-08-14T00:52:56.529245,0.127,2.498,37.660
2026-08-14T00:52:56.531524,2.271,2.497,37.660
2026-08-14T00:52:56.531665,0.146,2.496,37.660
2026-08-14T00:52:56.562908,31.208,2.454,37.660
2026-08-14T00:52:56.567388,4.499,2.497,37.660
2026-08-14T00:52:56.567544,0.168,2.497,37.660
2026-08-14T00:52:56.567683,0.142,2.476,37.660
2026-08-14T00:52:56.568914,1.226,2.486,37.660
2026-08-14T00:52:56.569064,0.153,2.475,37.660
2026-08-14T00:52:56.569205,0.144,2.475,37.660
2026-08-14T00:52:56.572586,3.374,2.486,37.660
2026-08-14T00:52:56.572734,0.153,2.486,37.660
2026-08-14T00:52:56.575038,2.302,2.508,37.660
2026-08-14T00:52:56.575183,0.147,2.507,37.660
2026-08-14T00:52:56.575359,0.175,2.475,37.660
2026-08-14T00:52:56.575499,0.144,2.475,37.660
2026-08-14T00:52:56.575650,0.151,2.474,37.660
2026-08-14T00:52:56.575781,0.132,2.474,37.660
2026-08-14T00:52:56.575968,0.183,2.475,37.660
2026-08-14T00:52:56.576116,0.150,2.475,37.660
2026-08-14T00:52:56.576244,0.130,2.475,37.660
2026-08-14T00:52:56.578520,2.272,2.496,37.660
2026-08-14T00:52:56.578656,0.140,2.475,37.660
2026-08-14T00:52:56.578783,0.128,2.121,37.660
2026-08-14T00:52:56.617451,38.652,2.506,38.652
2026-08-14T00:52:56.617606,0.164,2.506,38.652
2026-08-14T00:52:56.617741,0.140,2.484,38.652
2026-08-14T00:52:56.620029,2.283,2.505,38.652
2026-08-14T00:52:56.620171,0.145,2.506,38.652
2026-08-14T00:52:56.621388,1.214,2.495,38.652
2026-08-14T00:52:56.621529,0.144,2.495,38.652
2026-08-14T00:52:56.624915,3.380,2.516,38.652
2026-08-14T00:52:56.625065,0.154,2.516,38.652
2026-08-14T00:52:56.625198,0.136,2.516,38.652
2026-08-14T00:52:56.625367,0.166,2.505,38.652
2026-08-14T00:52:56.627700,2.313,2.505,38.652
2026-08-14T00:52:56.627909,0.224,2.506,38.652
2026-08-14T00:52:56.628059,0.156,2.506,38.652
2026-08-14T00:52:56.628189,0.133,2.506,38.652
2026-08-14T00:52:56.628325,0.137,2.484,38.652
2026-08-14T00:52:56.628451,0.126,2.484,38.652
2026-08-14T00:52:56.628575,0.124,2.473,38.652
2026-08-14T00:52:56.628700,0.125,2.473,38.652
2026-08-14T00:52:56.630990,2.285,2.141,38.652
2026-08-14T00:52:56.667143,36.087,2.499,38.652
2026-08-14T00:52:56.667398,0.301,2.501,38.652
2026-08-14T00:52:56.667590,0.205,2.480,38.652
2026-08-14T00:52:56.669945,2.345,2.502,38.652
2026-08-14T00:52:56.670127,0.193,2.492,38.652
2026-08-14T00:52:56.670281,0.162,2.459,38.652
2026-08-14T00:52:56.672623,2.316,2.480,38.652
2026-08-14T00:52:56.672823,0.206,2.481,38.652
2026-08-14T00:52:56.674427,1.551,2.495,38.652
2026-08-14T00:52:56.674686,0.313,2.496,38.652
2026-08-14T00:52:56.674939,0.256,2.475,38.652
2026-08-14T00:52:56.675128,0.200,2.476,38.652
2026-08-14T00:52:56.677558,2.411,2.498,38.652
2026-08-14T00:52:56.677754,0.210,2.499,38.652
2026-08-14T00:52:56.677923,0.175,2.499,38.652
2026-08-14T00:52:56.678091,0.171,2.499,38.652
2026-08-14T00:52:56.678247,0.151,2.500,38.652
2026-08-14T00:52:56.679501,1.254,2.479,38.652
2026-08-14T00:52:56.681855,2.328,2.501,38.652
2026-08-14T00:52:56.682009,0.190,2.152,38.652
2026-08-14T00:52:56.717420,35.396,2.504,38.652
2026-08-14T00:52:56.717587,0.173,2.504,38.652
2026-08-14T00:52:56.717731,0.150,2.482,38.652
2026-08-14T00:52:56.720029,2.291,2.504,38.652
2026-08-14T00:52:56.720182,0.158,2.504,38.652
2026-08-14T00:52:56.721404,1.220,2.515,38.652
2026-08-14T00:52:56.721546,0.146,2.494,38.652
2026-08-14T00:52:56.723833,2.274,2.515,38.652
2026-08-14T00:52:56.723988,0.166,2.494,38.652
2026-08-14T00:52:56.724119,0.135,2.493,38.652
2026-08-14T00:52:56.724298,0.176,2.493,38.652
2026-08-14T00:52:56.726602,2.302,2.515,38.652
2026-08-14T00:52:56.726771,0.171,2.504,38.652
2026-08-14T00:52:56.726922,0.152,2.504,38.652
2026-08-14T00:52:56.727056,0.136,2.504,38.652
2026-08-14T00:52:56.728312,1.251,2.494,38.652
2026-08-14T00:52:56.728454,0.146,2.494,38.652
2026-08-14T00:52:56.728582,0.130,2.494,38.652
2026-08-14T00:52:56.731923,3.338,2.526,38.652
2026-08-14T00:52:56.732052,0.132,2.151,38.652
2026-08-14T00:52:56.766551,34.457,2.493,38.652
2026-08-14T00:52:56.766739,0.216,2.494,38.652
2026-08-14T00:52:56.766901,0.167,2.472,38.652
2026-08-14T00:52:56.769211,2.307,2.494,38.652
2026-08-14T00:52:56.769365,0.157,2.483,38.652
2026-08-14T00:52:56.769506,0.146,2.451,38.652
2026-08-14T00:52:56.769639,0.134,2.451,38.652
2026-08-14T00:52:56.771937,2.290,2.473,38.652
2026-08-14T00:52:56.772089,0.156,2.473,38.652
2026-08-14T00:52:56.774377,2.288,2.494,38.652
2026-08-14T00:52:56.774564,0.188,2.473,38.652
2026-08-14T00:52:56.774704,0.144,2.472,38.652
2026-08-14T00:52:56.774871,0.165,2.473,38.652
2026-08-14T00:52:56.777166,2.292,2.483,38.652
2026-08-14T00:52:56.777305,0.144,2.483,38.652
2026-08-14T00:52:56.777443,0.139,2.483,38.652
2026-08-14T00:52:56.777569,0.128,2.483,38.652
2026-08-14T00:52:56.779853,2.269,2.483,38.652
2026-08-14T00:52:56.781087,1.242,2.494,38.652
2026-08-14T00:52:56.781226,0.142,2.184,38.652
2026-08-14T00:52:56.816690,35.437,2.493,38.652
2026-08-14T00:52:56.816880,0.205,2.493,38.652
2026-08-14T00:52:56.817032,0.160,2.493,38.652
2026-08-14T00:52:56.819329,2.294,2.504,38.652
2026-08-14T00:52:56.819478,0.153,2.504,38.652
2026-08-14T00:52:56.821772,2.291,2.526,38.652
2026-08-14T00:52:56.821930,0.160,2.493,38.652
2026-08-14T00:52:56.824233,2.298,2.515,38.652
2026-08-14T00:52:56.824383,0.155,2.493,38.652
2026-08-14T00:52:56.824520,0.139,2.493,38.652
2026-08-14T00:52:56.824700,0.178,2.493,38.652
2026-08-14T00:52:56.828148,3.430,2.526,38.652
2026-08-14T00:52:56.828358,0.221,2.527,38.652
2026-08-14T00:52:56.828518,0.165,2.527,38.652
2026-08-14T00:52:56.828662,0.148,2.527,38.652
2026-08-14T00:52:56.828821,0.147,2.527,38.652
2026-08-14T00:52:56.828970,0.159,2.527,38.652
2026-08-14T00:52:56.829104,0.138,2.506,38.652
2026-08-14T00:52:56.830320,1.212,2.517,38.652
2026-08-14T00:52:56.830477,0.160,2.517,38.652
2026-08-14T00:52:56.866616,36.070,2.491,36.087
2026-08-14T00:52:56.866843,0.269,2.492,36.087
2026-08-14T00:52:56.867005,0.184,2.493,36.087
2026-08-14T00:52:56.869306,2.300,2.493,36.087
2026-08-14T00:52:56.869456,0.153,2.493,36.087
2026-08-14T00:52:56.869592,0.140,2.482,36.087
2026-08-14T00:52:56.871880,2.284,2.503,36.087
2026-08-14T00:52:56.872020,0.143,2.471,36.087
2026-08-14T00:52:56.875414,3.389,2.503,36.087
2026-08-14T00:52:56.875582,0.171,2.504,36.087
2026-08-14T00:52:56.875767,0.186,2.504,36.087
2026-08-14T00:52:56.875931,0.164,2.483,36.087
2026-08-14T00:52:56.876097,0.167,2.482,36.087
2026-08-14T00:52:56.876234,0.138,2.482,36.087
2026-08-14T00:52:56.876361,0.128,2.482,36.087
2026-08-14T00:52:56.876498,0.137,2.482,36.087
2026-08-14T00:52:56.876624,0.127,2.482,36.087
2026-08-14T00:52:56.878908,2.280,2.503,36.087
2026-08-14T00:52:56.879043,0.138,2.503,36.087
2026-08-14T00:52:56.879164,0.124,2.482,36.087
2026-08-14T00:52:56.916849,37.609,2.497,37.609
2026-08-14T00:52:56.917059,0.267,2.497,37.609
2026-08-14T00:52:56.917209,0.161,2.496,37.609
2026-08-14T00:52:56.919510,2.298,2.496,37.609
2026-08-14T00:52:56.919665,0.159,2.495,37.609
2026-08-14T00:52:56.920898,1.232,2.506,37.609
2026-08-14T00:52:56.921044,0.150,2.484,37.609
2026-08-14T00:52:56.924391,3.346,2.516,37.609
2026-08-14T00:52:56.924532,0.144,2.502,37.609
2026-08-14T00:52:56.924662,0.131,2.500,37.609
2026-08-14T00:52:56.924853,0.175,2.499,37.609
2026-08-14T00:52:56.927172,2.328,2.520,37.609
2026-08-14T00:52:56.927344,0.175,2.498,37.609
2026-08-14T00:52:56.927481,0.141,2.497,37.609
2026-08-14T00:52:56.927606,0.126,2.497,37.609
2026-08-14T00:52:56.927744,0.138,2.497,37.609
2026-08-14T00:52:56.928983,1.234,2.507,37.609
2026-08-14T00:52:56.929125,0.145,2.496,37.609
2026-08-14T00:52:56.929253,0.131,2.474,37.609
2026-08-14T00:52:56.929381,0.128,2.474,37.609
2026-08-14T00:52:56.967125,37.671,2.496,37.671
2026-08-14T00:52:56.967329,0.264,2.497,37.671
2026-08-14T00:52:56.967478,0.159,2.497,37.671
2026-08-14T00:52:56.969776,2.294,2.498,37.671
2026-08-14T00:52:56.969943,0.168,2.498,37.671
2026-08-14T00:52:56.970093,0.153,2.487,37.671
2026-08-14T00:52:56.970231,0.139,2.487,37.671
2026-08-14T00:52:56.972544,2.307,2.487,37.671
2026-08-14T00:52:56.972698,0.158,2.487,37.671
2026-08-14T00:52:56.975006,2.307,2.509,37.671
2026-08-14T00:52:56.975198,0.193,2.509,37.671
2026-08-14T00:52:56.975340,0.146,2.487,37.671
2026-08-14T00:52:56.975495,0.155,2.487,37.671
2026-08-14T00:52:56.976713,1.213,2.498,37.671
2026-08-14T00:52:56.976865,0.154,2.498,37.671
2026-08-14T00:52:56.977016,0.153,2.487,37.671
2026-08-14T00:52:56.979295,2.277,2.508,37.671
2026-08-14T00:52:56.979431,0.140,2.508,37.671
2026-08-14T00:52:56.979562,0.131,2.476,37.671
2026-08-14T00:52:56.979687,0.127,2.476,37.671
2026-08-14T00:52:57.017396,37.662,2.508,37.671
2026-08-14T00:52:57.017591,0.229,2.509,37.671
2026-08-14T00:52:57.017736,0.153,2.508,37.671
2026-08-14T00:52:57.020033,2.293,2.508,37.671
2026-08-14T00:52:57.020191,0.159,2.508,37.671
2026-08-14T00:52:57.021419,1.226,2.519,37.671
2026-08-14T00:52:57.024820,3.389,2.552,37.671
2026-08-14T00:52:57.024976,0.170,2.530,37.671
2026-08-14T00:52:57.025115,0.143,2.530,37.671
2026-08-14T00:52:57.025249,0.134,2.509,37.671
2026-08-14T00:52:57.025435,0.183,2.509,37.671
2026-08-14T00:52:57.026675,1.240,2.520,37.671
2026-08-14T00:52:57.026859,0.173,2.520,37.671
2026-08-14T00:52:57.027005,0.161,2.498,37.671
2026-08-14T00:52:57.029302,2.293,2.520,37.671
2026-08-14T00:52:57.029455,0.157,2.520,37.671
2026-08-14T00:52:57.029585,0.133,2.520,37.671
2026-08-14T00:52:57.029712,0.127,2.499,37.671
2026-08-14T00:52:57.031999,2.282,2.509,37.671
2026-08-14T00:52:57.032140,0.144,2.509,37.671
2026-08-14T00:52:57.067136,34.943,2.504,37.671
2026-08-14T00:52:57.067360,0.256,2.505,37.671
2026-08-14T00:52:57.067522,0.179,2.505,37.671
2026-08-14T00:52:57.069831,2.293,2.505,37.671
2026-08-14T00:52:57.069982,0.169,2.505,37.671
2026-08-14T00:52:57.070117,0.140,2.484,37.671
2026-08-14T00:52:57.072395,2.274,2.505,37.671
2026-08-14T00:52:57.072532,0.140,2.483,37.671
2026-08-14T00:52:57.074841,2.292,2.504,37.671
2026-08-14T00:52:57.074984,0.157,2.505,37.671
2026-08-14T00:52:57.075163,0.181,2.505,37.671
2026-08-14T00:52:57.075305,0.144,2.472,37.671
2026-08-14T00:52:57.077634,2.322,2.493,37.671
2026-08-14T00:52:57.077785,0.155,2.493,37.671
2026-08-14T00:52:57.077935,0.149,2.493,37.671
2026-08-14T00:52:57.078078,0.147,2.493,37.671
2026-08-14T00:52:57.078199,0.124,2.492,37.671
2026-08-14T00:52:57.079424,1.218,2.503,37.671
2026-08-14T00:52:57.081716,2.293,2.514,37.671
2026-08-14T00:52:57.081862,0.148,2.514,37.671
2026-08-14T00:52:57.117417,35.520,2.508,37.671
2026-08-14T00:52:57.117602,0.209,2.508,37.671
2026-08-14T00:52:57.117748,0.155,2.507,37.671
2026-08-14T00:52:57.120065,2.311,2.508,37.671
2026-08-14T00:52:57.120234,0.169,2.508,37.671
2026-08-14T00:52:57.120414,0.184,2.508,37.671
2026-08-14T00:52:57.123766,3.352,2.519,37.671
2026-08-14T00:52:57.123926,0.162,2.519,37.671
2026-08-14T00:52:57.124065,0.142,2.487,37.671
2026-08-14T00:52:57.124193,0.129,2.486,37.671
2026-08-14T00:52:57.124366,0.171,2.486,37.671
2026-08-14T00:52:57.126670,2.302,2.507,37.671
2026-08-14T00:52:57.126850,0.170,2.507,37.671
2026-08-14T00:52:57.126996,0.159,2.508,37.671
2026-08-14T00:52:57.129298,2.298,2.529,37.671
2026-08-14T00:52:57.129452,0.158,2.530,37.671
2026-08-14T00:52:57.129583,0.133,2.530,37.671
2026-08-14T00:52:57.129711,0.128,2.508,37.671
2026-08-14T00:52:57.132050,2.314,2.530,37.671
2026-08-14T00:52:57.132214,0.183,2.530,37.671
2026-08-14T00:52:57.166594,34.372,2.498,37.671
2026-08-14T00:52:57.166753,0.167,2.497,37.671
2026-08-14T00:52:57.166909,0.157,2.497,37.671
2026-08-14T00:52:57.169210,2.298,2.497,37.671
2026-08-14T00:52:57.169357,0.150,2.497,37.671
2026-08-14T00:52:57.169496,0.142,2.486,37.671
2026-08-14T00:52:57.171789,2.287,2.507,37.671
2026-08-14T00:52:57.171955,0.167,2.476,37.671
2026-08-14T00:52:57.174262,2.308,2.497,37.671
2026-08-14T00:52:57.174402,0.144,2.497,37.671
2026-08-14T00:52:57.174575,0.172,2.497,37.671
2026-08-14T00:52:57.174716,0.142,2.475,37.671
2026-08-14T00:52:57.177037,2.317,2.497,37.671
2026-08-14T00:52:57.177183,0.149,2.497,37.671
2026-08-14T00:52:57.177313,0.132,2.497,37.671
2026-08-14T00:52:57.177449,0.136,2.497,37.671
2026-08-14T00:52:57.177575,0.127,2.486,37.671
2026-08-14T00:52:57.179859,2.278,2.507,37.671
2026-08-14T00:52:57.181089,1.231,2.518,37.671
2026-08-14T00:52:57.181225,0.139,2.518,37.671
2026-08-14T00:52:57.216782,35.501,2.497,37.662
2026-08-14T00:52:57.216995,0.257,2.497,37.662
2026-08-14T00:52:57.217144,0.158,2.497,37.662
2026-08-14T00:52:57.219440,2.293,2.497,37.662
2026-08-14T00:52:57.219592,0.154,2.497,37.662
2026-08-14T00:52:57.221901,2.306,2.518,37.662
2026-08-14T00:52:57.222056,0.158,2.518,37.662
2026-08-14T00:52:57.224352,2.292,2.518,37.662
2026-08-14T00:52:57.224504,0.157,2.518,37.662
2026-08-14T00:52:57.224642,0.140,2.496,37.662
2026-08-14T00:52:57.224843,0.186,2.496,37.662
2026-08-14T00:52:57.227200,2.350,2.518,37.662
2026-08-14T00:52:57.227399,0.216,2.519,37.662
2026-08-14T00:52:57.227543,0.149,2.508,37.662
2026-08-14T00:52:57.227674,0.133,2.508,37.662
2026-08-14T00:52:57.228908,1.229,2.519,37.662
2026-08-14T00:52:57.229052,0.147,2.498,37.662
2026-08-14T00:52:57.229182,0.132,2.498,37.662
2026-08-14T00:52:57.231462,2.275,2.519,37.662
2026-08-14T00:52:57.231603,0.144,2.519,37.662
2026-08-14T00:52:57.266575,34.943,2.492,35.520
2026-08-14T00:52:57.266755,0.201,2.492,35.520
2026-08-14T00:52:57.266914,0.164,2.492,35.520
2026-08-14T00:52:57.269239,2.314,2.492,35.520
2026-08-14T00:52:57.269400,0.170,2.492,35.520
2026-08-14T00:52:57.269537,0.142,2.481,35.520
2026-08-14T00:52:57.269666,0.131,2.449,35.520
2026-08-14T00:52:57.271945,2.273,2.470,35.520
2026-08-14T00:52:57.272087,0.145,2.470,35.520
2026-08-14T00:52:57.274366,2.278,2.491,35.520
2026-08-14T00:52:57.274551,0.185,2.491,35.520
2026-08-14T00:52:57.274693,0.145,2.480,35.520
2026-08-14T00:52:57.274866,0.170,2.480,35.520
2026-08-14T00:52:57.277174,2.306,2.502,35.520
2026-08-14T00:52:57.277315,0.146,2.480,35.520
2026-08-14T00:52:57.277454,0.140,2.480,35.520
2026-08-14T00:52:57.278661,1.204,2.491,35.520
2026-08-14T00:52:57.278798,0.139,2.491,35.520
2026-08-14T00:52:57.278946,0.147,2.469,35.520
2026-08-14T00:52:57.279073,0.129,2.469,35.520
2026-08-14T00:52:57.316682,37.574,2.496,37.574
2026-08-14T00:52:57.316881,0.222,2.495,37.574
2026-08-14T00:52:57.317037,0.164,2.495,37.574
2026-08-14T00:52:57.319361,2.319,2.495,37.574
2026-08-14T00:52:57.319549,0.190,2.496,37.574
2026-08-14T00:52:57.320778,1.229,2.507,37.574
2026-08-14T00:52:57.320940,0.164,2.485,37.574
2026-08-14T00:52:57.323229,2.289,2.507,37.574
2026-08-14T00:52:57.323372,0.147,2.485,37.574
2026-08-14T00:52:57.324595,1.220,2.496,37.574
2026-08-14T00:52:57.324780,0.185,2.496,37.574
2026-08-14T00:52:57.327094,2.314,2.518,37.574
2026-08-14T00:52:57.327261,0.169,2.496,37.574
2026-08-14T00:52:57.327398,0.140,2.496,37.574
2026-08-14T00:52:57.327525,0.129,2.496,37.574
2026-08-14T00:52:57.327662,0.136,2.496,37.574
2026-08-14T00:52:57.328917,1.248,2.507,37.574
2026-08-14T00:52:57.329062,0.148,2.496,37.574
2026-08-14T00:52:57.329207,0.143,2.475,37.574
2026-08-14T00:52:57.331532,2.312,2.497,37.574
2026-08-14T00:52:57.367045,35.503,2.496,37.574
2026-08-14T00:52:57.367221,0.193,2.496,37.574
2026-08-14T00:52:57.367366,0.153,2.496,37.574
2026-08-14T00:52:57.369661,2.291,2.496,37.574
2026-08-14T00:52:57.369824,0.153,2.496,37.574
2026-08-14T00:52:57.369978,0.165,2.496,37.574
2026-08-14T00:52:57.370113,0.139,2.464,37.574
2026-08-14T00:52:57.372409,2.289,2.485,37.574
2026-08-14T00:52:57.372560,0.156,2.485,37.574
2026-08-14T00:52:57.373780,1.218,2.496,37.574
2026-08-14T00:52:57.373981,0.202,2.496,37.574
2026-08-14T00:52:57.374131,0.154,2.475,37.574
2026-08-14T00:52:57.374287,0.156,2.474,37.574
2026-08-14T00:52:57.376576,2.285,2.496,37.574
2026-08-14T00:52:57.376719,0.148,2.474,37.574
2026-08-14T00:52:57.376874,0.154,2.474,37.574
2026-08-14T00:52:57.378106,1.230,2.485,37.574
2026-08-14T00:52:57.379320,1.215,2.496,37.574
2026-08-14T00:52:57.381621,2.300,2.496,37.574
2026-08-14T00:52:57.381759,0.141,2.495,37.574
2026-08-14T00:52:57.417357,35.530,2.507,37.574
2026-08-14T00:52:57.417556,0.258,2.508,37.574
2026-08-14T00:52:57.417695,0.148,2.508,37.574
2026-08-14T00:52:57.419980,2.281,2.508,37.574
2026-08-14T00:52:57.420123,0.146,2.508,37.574
2026-08-14T00:52:57.421409,1.257,2.519,37.574
2026-08-14T00:52:57.424823,3.422,2.530,37.574
2026-08-14T00:52:57.424976,0.170,2.530,37.574
2026-08-14T00:52:57.425109,0.139,2.509,37.574
2026-08-14T00:52:57.425237,0.128,2.508,37.574
2026-08-14T00:52:57.425414,0.174,2.508,37.574
2026-08-14T00:52:57.426649,1.233,2.519,37.574
2026-08-14T00:52:57.426829,0.169,2.498,37.574
2026-08-14T00:52:57.426976,0.159,2.498,37.574
2026-08-14T00:52:57.429272,2.295,2.520,37.574
2026-08-14T00:52:57.429423,0.154,2.520,37.574
2026-08-14T00:52:57.429555,0.133,2.520,37.574
2026-08-14T00:52:57.429681,0.126,2.498,37.574
2026-08-14T00:52:57.431962,2.275,2.509,37.574
2026-08-14T00:52:57.432103,0.145,2.509,37.574
2026-08-14T00:52:57.467065,34.923,2.503,37.574
2026-08-14T00:52:57.467252,0.217,2.503,37.574
2026-08-14T00:52:57.467396,0.152,2.503,37.574
2026-08-14T00:52:57.469704,2.298,2.503,37.574
2026-08-14T00:52:57.469879,0.182,2.503,37.574
2026-08-14T00:52:57.470024,0.151,2.481,37.574
2026-08-14T00:52:57.472304,2.277,2.502,37.574
2026-08-14T00:52:57.472446,0.142,2.481,37.574
2026-08-14T00:52:57.474741,2.294,2.502,37.574
2026-08-14T00:52:57.474896,0.156,2.503,37.574
2026-08-14T00:52:57.475083,0.187,2.503,37.574
2026-08-14T00:52:57.475227,0.147,2.481,37.574
2026-08-14T00:52:57.476477,1.245,2.491,37.574
2026-08-14T00:52:57.476624,0.150,2.491,37.574
2026-08-14T00:52:57.476751,0.130,2.491,37.574
2026-08-14T00:52:57.476908,0.154,2.480,37.574
2026-08-14T00:52:57.479260,2.328,2.502,37.574
2026-08-14T00:52:57.479425,0.183,2.502,37.574
2026-08-14T00:52:57.479576,0.151,2.481,37.574
2026-08-14T00:52:57.479720,0.150,2.481,37.574
2026-08-14T00:52:57.517384,37.624,2.508,37.624
2026-08-14T00:52:57.517577,0.223,2.508,37.624
2026-08-14T00:52:57.517724,0.155,2.508,37.624
2026-08-14T00:52:57.520028,2.298,2.508,37.624
2026-08-14T00:52:57.520187,0.163,2.508,37.624
2026-08-14T00:52:57.521411,1.224,2.519,37.624
2026-08-14T00:52:57.521557,0.149,2.519,37.624
2026-08-14T00:52:57.523845,2.275,2.519,37.624
2026-08-14T00:52:57.523988,0.156,2.519,37.624
2026-08-14T00:52:57.524124,0.137,2.498,37.624
2026-08-14T00:52:57.524307,0.181,2.498,37.624
2026-08-14T00:52:57.527705,3.395,2.530,37.624
2026-08-14T00:52:57.527894,0.190,2.530,37.624
2026-08-14T00:52:57.528040,0.151,2.509,37.624
2026-08-14T00:52:57.528169,0.130,2.509,37.624
2026-08-14T00:52:57.528308,0.138,2.509,37.624
2026-08-14T00:52:57.528436,0.130,2.498,37.624
2026-08-14T00:52:57.528560,0.125,2.498,37.624
2026-08-14T00:52:57.529771,1.204,2.508,37.624
2026-08-14T00:52:57.531014,1.244,2.519,37.624
2026-08-14T00:52:57.563320,32.273,2.466,37.624
2026-08-14T00:52:57.566732,3.433,2.498,37.624
2026-08-14T00:52:57.566915,0.190,2.499,37.624
2026-08-14T00:52:57.567066,0.157,2.477,37.624
2026-08-14T00:52:57.569364,2.294,2.498,37.624
2026-08-14T00:52:57.569515,0.154,2.487,37.624
2026-08-14T00:52:57.569658,0.145,2.487,37.624
2026-08-14T00:52:57.571955,2.291,2.487,37.624
2026-08-14T00:52:57.572104,0.153,2.487,37.624
2026-08-14T00:52:57.574408,2.304,2.498,37.624
2026-08-14T00:52:57.574547,0.143,2.498,37.624
2026-08-14T00:52:57.574721,0.172,2.476,37.624
2026-08-14T00:52:57.574875,0.154,2.476,37.624
2026-08-14T00:52:57.577208,2.328,2.498,37.624
2026-08-14T00:52:57.577359,0.155,2.498,37.624
2026-08-14T00:52:57.577489,0.133,2.498,37.624
2026-08-14T00:52:57.577629,0.139,2.487,37.624
2026-08-14T00:52:57.578850,1.206,2.498,37.624
2026-08-14T00:52:57.578989,0.154,2.498,37.624
2026-08-14T00:52:57.579118,0.131,2.476,37.624
2026-08-14T00:52:57.579245,0.128,2.122,37.624
2026-08-14T00:52:57.616805,37.543,2.496,37.624
2026-08-14T00:52:57.616979,0.182,2.496,37.624
2026-08-14T00:52:57.617118,0.144,2.475,37.624
2026-08-14T00:52:57.619418,2.294,2.496,37.624
2026-08-14T00:52:57.619567,0.153,2.496,37.624
2026-08-14T00:52:57.621869,2.300,2.518,37.624
2026-08-14T00:52:57.624188,2.317,2.518,37.624
2026-08-14T00:52:57.624335,0.152,2.518,37.624
2026-08-14T00:52:57.624470,0.138,2.507,37.624
2026-08-14T00:52:57.624601,0.131,2.506,37.624
2026-08-14T00:52:57.624769,0.166,2.506,37.624
2026-08-14T00:52:57.627091,2.319,2.528,37.624
2026-08-14T00:52:57.627257,0.169,2.507,37.624
2026-08-14T00:52:57.627387,0.134,2.507,37.624
2026-08-14T00:52:57.628607,1.216,2.517,37.624
2026-08-14T00:52:57.628753,0.148,2.506,37.624
2026-08-14T00:52:57.628893,0.139,2.496,37.624
2026-08-14T00:52:57.629025,0.134,2.474,37.624
2026-08-14T00:52:57.631299,2.271,2.495,37.624
2026-08-14T00:52:57.631433,0.137,2.141,37.624
2026-08-14T00:52:57.667082,35.567,2.495,37.624
2026-08-14T00:52:57.667305,0.290,2.496,37.624
2026-08-14T00:52:57.667470,0.171,2.475,37.624
2026-08-14T00:52:57.669799,2.311,2.496,37.624
2026-08-14T00:52:57.669980,0.204,2.486,37.624
2026-08-14T00:52:57.670114,0.141,2.453,37.624
2026-08-14T00:52:57.672401,2.276,2.474,37.624
2026-08-14T00:52:57.672544,0.150,2.474,37.624
2026-08-14T00:52:57.673760,1.216,2.485,37.624
2026-08-14T00:52:57.673914,0.154,2.485,37.624
2026-08-14T00:52:57.674094,0.179,2.474,37.624
2026-08-14T00:52:57.674231,0.140,2.474,37.624
2026-08-14T00:52:57.676540,2.306,2.496,37.624
2026-08-14T00:52:57.676680,0.142,2.474,37.624
2026-08-14T00:52:57.676801,0.124,2.474,37.624
2026-08-14T00:52:57.676954,0.150,2.474,37.624
2026-08-14T00:52:57.678156,1.201,2.485,37.624
2026-08-14T00:52:57.679361,1.205,2.474,37.624
2026-08-14T00:52:57.681673,2.304,2.496,37.624
2026-08-14T00:52:57.681838,0.151,2.148,37.624
2026-08-14T00:52:57.717363,35.511,2.501,37.624
2026-08-14T00:52:57.717549,0.210,2.501,37.624
2026-08-14T00:52:57.717695,0.154,2.480,37.624
2026-08-14T00:52:57.719997,2.297,2.501,37.624
2026-08-14T00:52:57.720151,0.157,2.501,37.624
2026-08-14T00:52:57.721373,1.222,2.491,37.624
2026-08-14T00:52:57.721514,0.145,2.491,37.624
2026-08-14T00:52:57.724870,3.353,2.501,37.624
2026-08-14T00:52:57.725014,0.147,2.501,37.624
2026-08-14T00:52:57.725144,0.133,2.501,37.624
2026-08-14T00:52:57.725319,0.172,2.501,37.624
2026-08-14T00:52:57.727628,2.305,2.511,37.624
2026-08-14T00:52:57.727799,0.174,2.512,37.624
2026-08-14T00:52:57.727955,0.157,2.512,37.624
2026-08-14T00:52:57.728085,0.133,2.512,37.624
2026-08-14T00:52:57.728222,0.137,2.490,37.624
2026-08-14T00:52:57.728349,0.127,2.489,37.624
2026-08-14T00:52:57.728500,0.149,2.489,37.624
2026-08-14T00:52:57.728628,0.130,2.489,37.624
2026-08-14T00:52:57.730908,2.277,2.136,37.543
2026-08-14T00:52:57.767504,36.560,2.499,37.543
2026-08-14T00:52:57.767687,0.210,2.500,37.543
2026-08-14T00:52:57.767846,0.153,2.478,37.543
2026-08-14T00:52:57.769078,1.241,2.489,37.543
2026-08-14T00:52:57.769227,0.154,2.478,37.543
2026-08-14T00:52:57.769366,0.141,2.478,37.543
2026-08-14T00:52:57.772727,3.357,2.489,37.543
2026-08-14T00:52:57.772886,0.161,2.489,37.543
2026-08-14T00:52:57.775188,2.300,2.511,37.543
2026-08-14T00:52:57.775327,0.143,2.510,37.543
2026-08-14T00:52:57.775500,0.172,2.478,37.543
2026-08-14T00:52:57.775638,0.140,2.477,37.543
2026-08-14T00:52:57.775791,0.153,2.478,37.543
2026-08-14T00:52:57.775938,0.146,2.478,37.543
2026-08-14T00:52:57.776074,0.136,2.478,37.543
2026-08-14T00:52:57.776212,0.139,2.478,37.543
2026-08-14T00:52:57.776336,0.126,2.478,37.543
2026-08-14T00:52:57.778612,2.270,2.488,37.543
2026-08-14T00:52:57.778754,0.143,2.477,37.543
2026-08-14T00:52:57.778899,0.144,2.156,37.543
2026-08-14T00:52:57.816555,37.631,2.498,37.631
2026-08-14T00:52:57.816724,0.188,2.498,37.631
2026-08-14T00:52:57.816886,0.165,2.498,37.631
2026-08-14T00:52:57.819188,2.301,2.498,37.631
2026-08-14T00:52:57.819338,0.153,2.498,37.631
2026-08-14T00:52:57.821637,2.295,2.520,37.631
2026-08-14T00:52:57.821788,0.155,2.498,37.631
2026-08-14T00:52:57.824091,2.300,2.520,37.631
2026-08-14T00:52:57.824240,0.153,2.498,37.631
2026-08-14T00:52:57.824371,0.134,2.498,37.631
2026-08-14T00:52:57.824542,0.170,2.498,37.631
2026-08-14T00:52:57.826854,2.300,2.520,37.631
2026-08-14T00:52:57.827023,0.179,2.498,37.631
2026-08-14T00:52:57.827157,0.138,2.498,37.631
2026-08-14T00:52:57.827283,0.127,2.498,37.631
2026-08-14T00:52:57.829572,2.284,2.519,37.631
2026-08-14T00:52:57.829712,0.141,2.509,37.631
2026-08-14T00:52:57.829879,0.158,2.509,37.631
2026-08-14T00:52:57.830040,0.165,2.509,37.631
2026-08-14T00:52:57.831272,1.233,2.520,37.631
2026-08-14T00:52:57.867349,36.049,2.505,37.631
2026-08-14T00:52:57.867525,0.203,2.505,37.631
2026-08-14T00:52:57.867660,0.143,2.505,37.631
2026-08-14T00:52:57.870064,2.372,2.506,37.631
2026-08-14T00:52:57.870252,0.211,2.507,37.631
2026-08-14T00:52:57.870403,0.157,2.485,37.631
2026-08-14T00:52:57.870542,0.140,2.464,37.631
2026-08-14T00:52:57.871761,1.215,2.474,37.631
2026-08-14T00:52:57.871938,0.179,2.475,37.631
2026-08-14T00:52:57.874267,2.326,2.497,37.631
2026-08-14T00:52:57.874470,0.205,2.497,37.631
2026-08-14T00:52:57.874618,0.153,2.475,37.631
2026-08-14T00:52:57.874778,0.160,2.475,37.631
2026-08-14T00:52:57.877073,2.282,2.497,37.631
2026-08-14T00:52:57.877219,0.160,2.486,37.631
2026-08-14T00:52:57.877355,0.139,2.486,37.631
2026-08-14T00:52:57.877476,0.122,2.486,37.631
2026-08-14T00:52:57.879743,2.262,2.507,37.631
2026-08-14T00:52:57.880974,1.230,2.497,37.631
2026-08-14T00:52:57.881107,0.137,2.497,37.631
2026-08-14T00:52:57.916684,35.514,2.496,37.631
2026-08-14T00:52:57.916901,0.264,2.496,37.631
2026-08-14T00:52:57.917055,0.165,2.496,37.631
2026-08-14T00:52:57.919341,2.285,2.496,37.631
2026-08-14T00:52:57.919483,0.145,2.495,37.631
2026-08-14T00:52:57.920700,1.214,2.506,37.631
2026-08-14T00:52:57.924063,3.363,2.517,37.631
2026-08-14T00:52:57.924200,0.141,2.517,37.631
2026-08-14T00:52:57.924329,0.131,2.506,37.631
2026-08-14T00:52:57.924455,0.127,2.505,37.631
2026-08-14T00:52:57.924632,0.173,2.505,37.631
2026-08-14T00:52:57.926960,2.325,2.527,37.631
2026-08-14T00:52:57.927130,0.173,2.506,37.631
2026-08-14T00:52:57.927270,0.141,2.506,37.631
2026-08-14T00:52:57.927399,0.131,2.506,37.631
2026-08-14T00:52:57.927536,0.138,2.506,37.631
2026-08-14T00:52:57.928761,1.213,2.506,37.631
2026-08-14T00:52:57.928920,0.163,2.496,37.631
2026-08-14T00:52:57.929073,0.154,2.474,37.631
2026-08-14T00:52:57.931350,2.279,2.495,37.631
2026-08-14T00:52:57.967033,35.612,2.496,37.631
2026-08-14T00:52:57.967258,0.283,2.497,37.631
2026-08-14T00:52:57.967412,0.166,2.497,37.631
2026-08-14T00:52:57.968643,1.226,2.486,37.631
2026-08-14T00:52:57.968840,0.187,2.487,37.631
2026-08-14T00:52:57.969065,0.235,2.477,37.631
2026-08-14T00:52:57.969210,0.151,2.477,37.631
2026-08-14T00:52:57.972567,3.356,2.477,37.631
2026-08-14T00:52:57.972712,0.149,2.477,37.631
2026-08-14T00:52:57.973980,1.248,2.488,37.631
2026-08-14T00:52:57.974187,0.223,2.489,37.631
2026-08-14T00:52:57.974332,0.150,2.467,37.631
2026-08-14T00:52:57.974487,0.155,2.467,37.631
2026-08-14T00:52:57.976774,2.283,2.488,37.631
2026-08-14T00:52:57.976928,0.156,2.488,37.631
2026-08-14T00:52:57.977075,0.149,2.489,37.631
2026-08-14T00:52:57.979354,2.276,2.510,37.631
2026-08-14T00:52:57.979492,0.140,2.510,37.631
2026-08-14T00:52:57.979619,0.129,2.510,37.631
2026-08-14T00:52:57.979746,0.127,2.488,37.631
2026-08-14T00:52:58.017320,37.558,2.498,37.631
2026-08-14T00:52:58.017481,0.168,2.498,37.631
2026-08-14T00:52:58.017618,0.143,2.498,37.631
2026-08-14T00:52:58.019916,2.294,2.508,37.631
2026-08-14T00:52:58.020063,0.149,2.508,37.631
2026-08-14T00:52:58.021287,1.220,2.519,37.631
2026-08-14T00:52:58.021433,0.149,2.487,37.631
2026-08-14T00:52:58.024778,3.346,2.519,37.631
2026-08-14T00:52:58.024925,0.149,2.497,37.631
2026-08-14T00:52:58.025057,0.133,2.497,37.631
2026-08-14T00:52:58.025216,0.158,2.497,37.631
2026-08-14T00:52:58.027516,2.298,2.519,37.631
2026-08-14T00:52:58.027690,0.176,2.519,37.631
2026-08-14T00:52:58.027830,0.131,2.519,37.631
2026-08-14T00:52:58.027964,0.144,2.519,37.631
2026-08-14T00:52:58.028097,0.135,2.519,37.631
2026-08-14T00:52:58.028219,0.124,2.519,37.631
2026-08-14T00:52:58.028341,0.122,2.497,37.631
2026-08-14T00:52:58.029544,1.199,2.508,37.631
2026-08-14T00:52:58.030767,1.222,2.519,37.631
2026-08-14T00:52:58.066779,35.997,2.502,37.558
2026-08-14T00:52:58.066945,0.179,2.502,37.558
2026-08-14T00:52:58.067081,0.140,2.502,37.558
2026-08-14T00:52:58.069376,2.286,2.502,37.558
2026-08-14T00:52:58.069523,0.152,2.502,37.558
2026-08-14T00:52:58.069655,0.136,2.480,37.558
2026-08-14T00:52:58.071991,2.312,2.502,37.558
2026-08-14T00:52:58.072154,0.178,2.481,37.558
2026-08-14T00:52:58.074467,2.313,2.502,37.558
2026-08-14T00:52:58.074614,0.152,2.502,37.558
2026-08-14T00:52:58.074792,0.178,2.502,37.558
2026-08-14T00:52:58.074952,0.160,2.481,37.558
2026-08-14T00:52:58.077278,2.325,2.503,37.558
2026-08-14T00:52:58.077432,0.159,2.503,37.558
2026-08-14T00:52:58.077555,0.125,2.503,37.558
2026-08-14T00:52:58.077685,0.131,2.481,37.558
2026-08-14T00:52:58.077804,0.120,2.481,37.558
2026-08-14T00:52:58.080092,2.281,2.502,37.558
2026-08-14T00:52:58.081314,1.223,2.513,37.558
2026-08-14T00:52:58.081445,0.135,2.502,37.558
2026-08-14T00:52:58.116963,35.476,2.496,37.558
2026-08-14T00:52:58.117152,0.219,2.496,37.558
2026-08-14T00:52:58.117296,0.153,2.496,37.558
2026-08-14T00:52:58.119592,2.291,2.496,37.558
2026-08-14T00:52:58.119740,0.152,2.495,37.558
2026-08-14T00:52:58.120966,1.221,2.506,37.558
2026-08-14T00:52:58.121118,0.156,2.506,37.558
2026-08-14T00:52:58.124476,3.355,2.527,37.558
2026-08-14T00:52:58.124624,0.151,2.527,37.558
2026-08-14T00:52:58.124760,0.138,2.505,37.558
2026-08-14T00:52:58.124961,0.196,2.505,37.558
2026-08-14T00:52:58.127296,2.332,2.527,37.558
2026-08-14T00:52:58.127485,0.190,2.527,37.558
2026-08-14T00:52:58.127634,0.152,2.506,37.558
2026-08-14T00:52:58.127770,0.139,2.505,37.558
2026-08-14T00:52:58.129000,1.230,2.516,37.558
2026-08-14T00:52:58.129131,0.134,2.517,37.558
2026-08-14T00:52:58.129253,0.124,2.495,37.558
2026-08-14T00:52:58.131520,2.262,2.505,37.558
2026-08-14T00:52:58.131654,0.137,2.505,37.558
2026-08-14T00:52:58.167150,35.462,2.505,37.558
2026-08-14T00:52:58.167332,0.204,2.504,37.558
2026-08-14T00:52:58.167475,0.152,2.504,37.558
2026-08-14T00:52:58.169775,2.294,2.504,37.558
2026-08-14T00:52:58.169942,0.170,2.505,37.558
2026-08-14T00:52:58.170090,0.151,2.494,37.558
2026-08-14T00:52:58.170225,0.136,2.462,37.558
2026-08-14T00:52:58.172504,2.276,2.483,37.558
2026-08-14T00:52:58.172641,0.141,2.483,37.558
2026-08-14T00:52:58.173863,1.216,2.494,37.558
2026-08-14T00:52:58.174048,0.188,2.494,37.558
2026-08-14T00:52:58.174217,0.170,2.473,37.558
2026-08-14T00:52:58.174372,0.157,2.472,37.558
2026-08-14T00:52:58.176657,2.281,2.494,37.558
2026-08-14T00:52:58.176795,0.141,2.494,37.558
2026-08-14T00:52:58.176955,0.160,2.494,37.558
2026-08-14T00:52:58.177084,0.131,2.483,37.558
2026-08-14T00:52:58.179360,2.272,2.504,37.558
2026-08-14T00:52:58.181650,2.292,2.526,37.558
2026-08-14T00:52:58.181778,0.131,2.504,37.558
2026-08-14T00:52:58.217426,35.587,2.504,37.558
2026-08-14T00:52:58.217640,0.258,2.504,37.558
2026-08-14T00:52:58.217793,0.164,2.504,37.558
2026-08-14T00:52:58.219066,1.267,2.504,37.558
2026-08-14T00:52:58.219225,0.164,2.504,37.558
2026-08-14T00:52:58.221533,2.305,2.525,37.558
2026-08-14T00:52:58.224914,3.381,2.557,37.558
2026-08-14T00:52:58.225059,0.151,2.525,37.558
2026-08-14T00:52:58.225191,0.134,2.525,37.558
2026-08-14T00:52:58.225319,0.129,2.514,37.558
2026-08-14T00:52:58.225508,0.184,2.513,37.558
2026-08-14T00:52:58.227830,2.310,2.535,37.558
2026-08-14T00:52:58.228007,0.189,2.535,37.558
2026-08-14T00:52:58.228146,0.143,2.514,37.558
2026-08-14T00:52:58.228275,0.129,2.513,37.558
2026-08-14T00:52:58.228413,0.139,2.513,37.558
2026-08-14T00:52:58.228543,0.129,2.492,37.558
2026-08-14T00:52:58.228670,0.128,2.492,37.558
2026-08-14T00:52:58.229890,1.212,2.503,37.558
2026-08-14T00:52:58.231129,1.239,2.514,37.558
2026-08-14T00:52:58.267121,35.982,2.498,35.997
2026-08-14T00:52:58.267282,0.171,2.498,35.997
2026-08-14T00:52:58.267419,0.141,2.498,35.997
2026-08-14T00:52:58.269714,2.287,2.498,35.997
2026-08-14T00:52:58.269882,0.173,2.498,35.997
2026-08-14T00:52:58.270025,0.148,2.487,35.997
2026-08-14T00:52:58.270156,0.131,2.487,35.997
2026-08-14T00:52:58.272457,2.290,2.477,35.997
2026-08-14T00:52:58.272611,0.161,2.477,35.997
2026-08-14T00:52:58.273913,1.281,2.488,35.997
2026-08-14T00:52:58.274129,0.235,2.489,35.997
2026-08-14T00:52:58.274278,0.154,2.468,35.997
2026-08-14T00:52:58.274436,0.158,2.467,35.997
2026-08-14T00:52:58.276722,2.285,2.489,35.997
2026-08-14T00:52:58.276870,0.150,2.489,35.997
2026-08-14T00:52:58.277013,0.146,2.489,35.997
2026-08-14T00:52:58.279283,2.267,2.511,35.997
2026-08-14T00:52:58.279418,0.136,2.511,35.997
2026-08-14T00:52:58.279544,0.127,2.500,35.997
2026-08-14T00:52:58.279680,0.131,2.489,35.997
2026-08-14T00:52:58.317417,37.687,2.506,37.687
2026-08-14T00:52:58.317618,0.244,2.507,37.687
2026-08-14T00:52:58.317767,0.157,2.507,37.687
2026-08-14T00:52:58.319004,1.233,2.496,37.687
2026-08-14T00:52:58.319158,0.157,2.496,37.687
2026-08-14T00:52:58.321458,2.296,2.518,37.687
2026-08-14T00:52:58.321609,0.156,2.496,37.687
2026-08-14T00:52:58.324974,3.360,2.528,37.687
2026-08-14T00:52:58.325125,0.156,2.507,37.687
2026-08-14T00:52:58.325263,0.140,2.506,37.687
2026-08-14T00:52:58.325451,0.185,2.507,37.687
2026-08-14T00:52:58.326697,1.244,2.517,37.687
2026-08-14T00:52:58.326891,0.193,2.496,37.687
2026-08-14T00:52:58.327046,0.159,2.496,37.687
2026-08-14T00:52:58.327184,0.140,2.496,37.687
2026-08-14T00:52:58.329470,2.287,2.518,37.687
2026-08-14T00:52:58.329603,0.135,2.518,37.687
2026-08-14T00:52:58.329735,0.129,2.496,37.687
2026-08-14T00:52:58.329891,0.151,2.486,37.687
2026-08-14T00:52:58.331105,1.219,2.497,37.687
2026-08-14T00:52:58.366564,35.427,2.496,37.687
2026-08-14T00:52:58.366747,0.206,2.496,37.687
2026-08-14T00:52:58.366912,0.170,2.496,37.687
2026-08-14T00:52:58.369229,2.314,2.496,37.687
2026-08-14T00:52:58.369382,0.159,2.496,37.687
2026-08-14T00:52:58.369526,0.145,2.486,37.687
2026-08-14T00:52:58.371816,2.281,2.507,37.687
2026-08-14T00:52:58.371957,0.150,2.475,37.687
2026-08-14T00:52:58.373183,1.223,2.486,37.687
2026-08-14T00:52:58.373322,0.143,2.486,37.687
2026-08-14T00:52:58.373506,0.179,2.485,37.687
2026-08-14T00:52:58.374746,1.240,2.475,37.687
2026-08-14T00:52:58.377086,2.340,2.496,37.687
2026-08-14T00:52:58.377231,0.150,2.496,37.687
2026-08-14T00:52:58.377361,0.132,2.496,37.687
2026-08-14T00:52:58.377499,0.137,2.485,37.687
2026-08-14T00:52:58.378704,1.202,2.496,37.687
2026-08-14T00:52:58.378851,0.137,2.496,37.687
2026-08-14T00:52:58.379009,0.169,2.475,37.687
2026-08-14T00:52:58.379140,0.133,2.475,37.687
2026-08-14T00:52:58.416734,37.563,2.496,37.687
2026-08-14T00:52:58.416928,0.213,2.496,37.687
2026-08-14T00:52:58.417079,0.159,2.496,37.687
2026-08-14T00:52:58.419371,2.290,2.496,37.687
2026-08-14T00:52:58.419521,0.152,2.496,37.687
2026-08-14T00:52:58.421832,2.297,2.517,37.687
2026-08-14T00:52:58.424128,2.308,2.539,37.687
2026-08-14T00:52:58.424266,0.143,2.518,37.687
2026-08-14T00:52:58.424396,0.132,2.518,37.687
2026-08-14T00:52:58.424522,0.126,2.507,37.687
2026-08-14T00:52:58.424693,0.169,2.506,37.687
2026-08-14T00:52:58.426999,2.302,2.528,37.687
2026-08-14T00:52:58.427169,0.171,2.528,37.687
2026-08-14T00:52:58.427303,0.138,2.507,37.687
2026-08-14T00:52:58.427430,0.128,2.506,37.687
2026-08-14T00:52:58.427565,0.135,2.506,37.687
2026-08-14T00:52:58.428771,1.202,2.517,37.687
2026-08-14T00:52:58.428922,0.151,2.496,37.687
2026-08-14T00:52:58.429052,0.133,2.474,37.687
2026-08-14T00:52:58.431333,2.276,2.495,37.687
2026-08-14T00:52:58.467447,36.062,2.500,37.687
2026-08-14T00:52:58.467638,0.236,2.500,37.687
2026-08-14T00:52:58.467786,0.157,2.500,37.687
2026-08-14T00:52:58.469028,1.236,2.500,37.687
2026-08-14T00:52:58.469184,0.158,2.500,37.687
2026-08-14T00:52:58.471607,2.379,2.500,37.687
2026-08-14T00:52:58.471805,0.237,2.469,37.687
2026-08-14T00:52:58.471979,0.180,2.469,37.687
2026-08-14T00:52:58.472123,0.148,2.469,37.687
2026-08-14T00:52:58.472259,0.137,2.469,37.687
2026-08-14T00:52:58.473534,1.267,2.480,37.687
2026-08-14T00:52:58.474793,1.260,2.470,37.687
2026-08-14T00:52:58.474985,0.195,2.470,37.687
2026-08-14T00:52:58.476205,1.223,2.481,37.687
2026-08-14T00:52:58.476336,0.135,2.481,37.687
2026-08-14T00:52:58.476468,0.133,2.481,37.687
2026-08-14T00:52:58.478734,2.262,2.502,37.687
2026-08-14T00:52:58.478875,0.142,2.502,37.687
2026-08-14T00:52:58.479003,0.129,2.491,37.687
2026-08-14T00:52:58.479124,0.122,2.480,37.687
2026-08-14T00:52:58.516741,37.583,2.496,37.687
2026-08-14T00:52:58.516932,0.213,2.496,37.687
2026-08-14T00:52:58.517074,0.151,2.497,37.687
2026-08-14T00:52:58.519358,2.280,2.496,37.687
2026-08-14T00:52:58.519498,0.144,2.496,37.687
2026-08-14T00:52:58.520717,1.214,2.507,37.687
2026-08-14T00:52:58.524075,3.359,2.539,37.687
2026-08-14T00:52:58.524212,0.141,2.518,37.687
2026-08-14T00:52:58.524342,0.132,2.517,37.687
2026-08-14T00:52:58.524466,0.126,2.506,37.687
2026-08-14T00:52:58.524637,0.167,2.505,37.687
2026-08-14T00:52:58.526943,2.303,2.527,37.687
2026-08-14T00:52:58.527111,0.170,2.527,37.687
2026-08-14T00:52:58.527245,0.136,2.505,37.687
2026-08-14T00:52:58.528458,1.212,2.516,37.687
2026-08-14T00:52:58.528604,0.147,2.516,37.687
2026-08-14T00:52:58.528728,0.125,2.494,37.687
2026-08-14T00:52:58.528864,0.136,2.494,37.687
2026-08-14T00:52:58.531142,2.274,2.516,37.687
2026-08-14T00:52:58.531280,0.141,2.516,37.687
2026-08-14T00:52:58.563526,32.234,2.462,37.583
2026-08-14T00:52:58.566914,3.389,2.493,37.583
2026-08-14T00:52:58.567061,0.153,2.493,37.583
2026-08-14T00:52:58.567199,0.140,2.482,37.583
2026-08-14T00:52:58.569485,2.283,2.503,37.583
2026-08-14T00:52:58.569624,0.144,2.482,37.583
2026-08-14T00:52:58.569751,0.128,2.481,37.583
2026-08-14T00:52:58.572024,2.269,2.471,37.583
2026-08-14T00:52:58.572156,0.134,2.470,37.583
2026-08-14T00:52:58.574445,2.286,2.492,37.583
2026-08-14T00:52:58.574579,0.137,2.491,37.583
2026-08-14T00:52:58.574741,0.161,2.480,37.583
2026-08-14T00:52:58.574892,0.151,2.480,37.583
2026-08-14T00:52:58.577296,2.375,2.502,37.583
2026-08-14T00:52:58.577471,0.196,2.503,37.583
2026-08-14T00:52:58.577607,0.145,2.481,37.583
2026-08-14T00:52:58.577746,0.140,2.481,37.583
2026-08-14T00:52:58.578964,1.211,2.492,37.583
2026-08-14T00:52:58.579107,0.148,2.492,37.583
2026-08-14T00:52:58.581385,2.277,2.503,37.583
2026-08-14T00:52:58.581519,0.138,2.150,37.583
2026-08-14T00:52:58.616924,35.394,2.502,37.583
2026-08-14T00:52:58.617079,0.161,2.502,37.583
2026-08-14T00:52:58.617217,0.141,2.480,37.583
2026-08-14T00:52:58.619510,2.289,2.501,37.583
2026-08-14T00:52:58.619682,0.173,2.502,37.583
2026-08-14T00:52:58.621990,2.304,2.502,37.583
2026-08-14T00:52:58.622139,0.154,2.502,37.583
2026-08-14T00:52:58.624418,2.277,2.512,37.583
2026-08-14T00:52:58.624557,0.143,2.512,37.583
2026-08-14T00:52:58.624684,0.129,2.512,37.583
2026-08-14T00:52:58.624860,0.171,2.501,37.583
2026-08-14T00:52:58.627170,2.309,2.501,37.583
2026-08-14T00:52:58.627330,0.164,2.501,37.583
2026-08-14T00:52:58.627462,0.134,2.501,37.583
2026-08-14T00:52:58.627587,0.125,2.501,37.583
2026-08-14T00:52:58.628800,1.210,2.501,37.583
2026-08-14T00:52:58.628954,0.155,2.501,37.583
2026-08-14T00:52:58.629086,0.134,2.501,37.583
2026-08-14T00:52:58.631383,2.290,2.522,37.583
2026-08-14T00:52:58.631522,0.145,2.148,37.583
2026-08-14T00:52:58.667518,35.978,2.506,37.583
2026-08-14T00:52:58.667679,0.174,2.506,37.583
2026-08-14T00:52:58.667831,0.142,2.485,37.583
2026-08-14T00:52:58.669060,1.238,2.495,37.583
2026-08-14T00:52:58.669207,0.150,2.474,37.583
2026-08-14T00:52:58.669346,0.140,2.452,37.583
2026-08-14T00:52:58.669488,0.139,2.452,37.583
2026-08-14T00:52:58.671820,2.307,2.474,37.583
2026-08-14T00:52:58.671994,0.195,2.475,37.583
2026-08-14T00:52:58.673222,1.230,2.485,37.583
2026-08-14T00:52:58.673425,0.203,2.464,37.583
2026-08-14T00:52:58.674676,1.252,2.475,37.583
2026-08-14T00:52:58.674871,0.195,2.476,37.583
2026-08-14T00:52:58.677168,2.301,2.497,37.583
2026-08-14T00:52:58.677303,0.138,2.497,37.583
2026-08-14T00:52:58.677436,0.135,2.487,37.583
2026-08-14T00:52:58.677554,0.120,2.486,37.583
2026-08-14T00:52:58.679827,2.259,2.508,37.583
2026-08-14T00:52:58.681049,1.230,2.497,37.583
2026-08-14T00:52:58.681180,0.134,2.138,37.583
2026-08-14T00:52:58.716934,35.658,2.492,37.583
2026-08-14T00:52:58.717163,0.308,2.494,37.583
2026-08-14T00:52:58.717323,0.171,2.483,37.583
2026-08-14T00:52:58.719626,2.298,2.504,37.583
2026-08-14T00:52:58.719780,0.160,2.482,37.583
2026-08-14T00:52:58.721013,1.229,2.492,37.583
2026-08-14T00:52:58.721162,0.153,2.492,37.583
2026-08-14T00:52:58.724513,3.349,2.524,37.583
2026-08-14T00:52:58.724657,0.148,2.524,37.583
2026-08-14T00:52:58.724787,0.132,2.513,37.583
2026-08-14T00:52:58.724984,0.191,2.502,37.583
2026-08-14T00:52:58.727328,2.342,2.523,37.583
2026-08-14T00:52:58.727504,0.180,2.513,37.583
2026-08-14T00:52:58.727643,0.143,2.513,37.583
2026-08-14T00:52:58.727774,0.131,2.513,37.583
2026-08-14T00:52:58.729060,1.267,2.503,37.583
2026-08-14T00:52:58.729219,0.175,2.503,37.583
2026-08-14T00:52:58.729349,0.134,2.503,37.583
2026-08-14T00:52:58.729471,0.123,2.503,37.583
2026-08-14T00:52:58.730680,1.203,2.140,35.978
2026-08-14T00:52:58.767370,36.656,2.504,36.656
2026-08-14T00:52:58.767556,0.214,2.505,36.656
2026-08-14T00:52:58.767698,0.149,2.483,36.656
2026-08-14T00:52:58.768914,1.214,2.494,36.656
2026-08-14T00:52:58.769055,0.144,2.483,36.656
2026-08-14T00:52:58.769186,0.133,2.451,36.656
2026-08-14T00:52:58.772533,3.342,2.483,36.656
2026-08-14T00:52:58.772670,0.140,2.483,36.656
2026-08-14T00:52:58.773905,1.232,2.494,36.656
2026-08-14T00:52:58.774046,0.144,2.494,36.656
2026-08-14T00:52:58.774222,0.174,2.473,36.656
2026-08-14T00:52:58.774363,0.144,2.473,36.656
2026-08-14T00:52:58.776682,2.314,2.494,36.656
2026-08-14T00:52:58.776840,0.150,2.484,36.656
2026-08-14T00:52:58.776978,0.150,2.484,36.656
2026-08-14T00:52:58.777118,0.141,2.484,36.656
2026-08-14T00:52:58.779418,2.295,2.505,36.656
2026-08-14T00:52:58.779559,0.144,2.484,36.656
2026-08-14T00:52:58.779691,0.135,2.484,36.656
2026-08-14T00:52:58.779831,0.129,2.163,36.656
2026-08-14T00:52:58.817459,37.609,2.505,37.609
2026-08-14T00:52:58.817635,0.195,2.506,37.609
2026-08-14T00:52:58.817776,0.148,2.506,37.609
2026-08-14T00:52:58.819009,1.229,2.495,37.609
2026-08-14T00:52:58.819160,0.154,2.495,37.609
2026-08-14T00:52:58.821478,2.313,2.517,37.609
2026-08-14T00:52:58.824855,3.370,2.528,37.609
2026-08-14T00:52:58.824997,0.156,2.528,37.609
2026-08-14T00:52:58.825127,0.133,2.507,37.609
2026-08-14T00:52:58.825257,0.130,2.507,37.609
2026-08-14T00:52:58.825427,0.167,2.507,37.609
2026-08-14T00:52:58.827757,2.326,2.529,37.609
2026-08-14T00:52:58.827939,0.184,2.507,37.609
2026-08-14T00:52:58.828082,0.146,2.506,37.609
2026-08-14T00:52:58.828211,0.130,2.506,37.609
2026-08-14T00:52:58.828348,0.137,2.506,37.609
2026-08-14T00:52:58.828474,0.127,2.495,37.609
2026-08-14T00:52:58.828597,0.123,2.495,37.609
2026-08-14T00:52:58.829804,1.203,2.484,37.609
2026-08-14T00:52:58.831050,1.243,2.495,37.609
2026-08-14T00:52:58.867066,36.004,2.501,37.609
2026-08-14T00:52:58.867220,0.169,2.501,37.609
2026-08-14T00:52:58.867350,0.133,2.501,37.609
2026-08-14T00:52:58.868558,1.205,2.491,37.609
2026-08-14T00:52:58.868697,0.140,2.490,37.609
2026-08-14T00:52:58.869922,1.220,2.479,37.609
2026-08-14T00:52:58.870070,0.151,2.479,37.609
2026-08-14T00:52:58.872365,2.290,2.479,37.609
2026-08-14T00:52:58.872518,0.158,2.480,37.609
2026-08-14T00:52:58.873733,1.213,2.490,37.609
2026-08-14T00:52:58.873946,0.212,2.491,37.609
2026-08-14T00:52:58.874099,0.158,2.469,37.609
2026-08-14T00:52:58.874258,0.160,2.469,37.609
2026-08-14T00:52:58.876540,2.280,2.491,37.609
2026-08-14T00:52:58.876671,0.135,2.491,37.609
2026-08-14T00:52:58.876803,0.134,2.480,37.609
2026-08-14T00:52:58.878035,1.228,2.491,37.609
2026-08-14T00:52:58.879242,1.208,2.502,37.609
2026-08-14T00:52:58.881530,2.287,2.502,37.609
2026-08-14T00:52:58.881665,0.138,2.501,37.609
2026-08-14T00:52:58.917251,35.527,2.497,37.609
2026-08-14T00:52:58.917445,0.243,2.498,37.609
2026-08-14T00:52:58.917584,0.149,2.498,37.609
2026-08-14T00:52:58.919889,2.295,2.508,37.609
2026-08-14T00:52:58.920045,0.162,2.508,37.609
2026-08-14T00:52:58.921283,1.231,2.519,37.609
2026-08-14T00:52:58.923584,2.304,2.541,37.609
2026-08-14T00:52:58.923733,0.152,2.519,37.609
2026-08-14T00:52:58.923887,0.155,2.519,37.609
2026-08-14T00:52:58.924038,0.147,2.508,37.609
2026-08-14T00:52:58.924231,0.195,2.508,37.609
2026-08-14T00:52:58.926551,2.318,2.519,37.609
2026-08-14T00:52:58.926730,0.181,2.519,37.609
2026-08-14T00:52:58.926890,0.161,2.497,37.609
2026-08-14T00:52:58.929191,2.304,2.519,37.609
2026-08-14T00:52:58.929334,0.145,2.519,37.609
2026-08-14T00:52:58.929454,0.123,2.519,37.609
2026-08-14T00:52:58.929571,0.118,2.498,37.609
2026-08-14T00:52:58.931844,2.259,2.508,37.609
2026-08-14T00:52:58.931977,0.144,2.508,37.609
2026-08-14T00:52:58.966524,34.481,2.496,37.609
2026-08-14T00:52:58.966726,0.255,2.496,37.609
2026-08-14T00:52:58.966881,0.163,2.496,37.609
2026-08-14T00:52:58.969176,2.293,2.496,37.609
2026-08-14T00:52:58.969319,0.147,2.495,37.609
2026-08-14T00:52:58.969453,0.136,2.484,37.609
2026-08-14T00:52:58.971727,2.271,2.506,37.609
2026-08-14T00:52:58.971878,0.152,2.474,37.609
2026-08-14T00:52:58.974179,2.299,2.495,37.609
2026-08-14T00:52:58.974318,0.143,2.495,37.609
2026-08-14T00:52:58.974494,0.175,2.495,37.609
2026-08-14T00:52:58.974634,0.142,2.473,37.609
2026-08-14T00:52:58.976986,2.343,2.495,37.609
2026-08-14T00:52:58.977135,0.155,2.495,37.609
2026-08-14T00:52:58.977268,0.136,2.495,37.609
2026-08-14T00:52:58.977412,0.142,2.484,37.609
2026-08-14T00:52:58.977543,0.130,2.483,37.609
2026-08-14T00:52:58.979827,2.275,2.505,37.609
2026-08-14T00:52:58.981053,1.233,2.516,37.609
2026-08-14T00:52:58.981189,0.141,2.505,37.609
2026-08-14T00:52:59.016627,35.422,2.493,37.609
2026-08-14T00:52:59.016786,0.168,2.492,37.609
2026-08-14T00:52:59.016941,0.158,2.492,37.609
2026-08-14T00:52:59.019260,2.315,2.503,37.609
2026-08-14T00:52:59.019409,0.153,2.504,37.609
2026-08-14T00:52:59.021698,2.288,2.525,37.609
2026-08-14T00:52:59.021849,0.142,2.493,37.609
2026-08-14T00:52:59.024130,2.290,2.515,37.609
2026-08-14T00:52:59.024269,0.143,2.504,37.609
2026-08-14T00:52:59.024395,0.128,2.504,37.609
2026-08-14T00:52:59.024560,0.160,2.503,37.609
2026-08-14T00:52:59.027931,3.370,2.536,37.609
2026-08-14T00:52:59.028095,0.165,2.514,37.609
2026-08-14T00:52:59.028229,0.136,2.514,37.609
2026-08-14T00:52:59.028354,0.127,2.514,37.609
2026-08-14T00:52:59.028486,0.132,2.514,37.609
2026-08-14T00:52:59.028609,0.123,2.492,37.609
2026-08-14T00:52:59.028730,0.121,2.492,37.609
2026-08-14T00:52:59.029958,1.222,2.503,37.609
2026-08-14T00:52:59.031184,1.228,2.514,37.609
2026-08-14T00:52:59.067208,36.006,2.498,36.006
2026-08-14T00:52:59.067368,0.174,2.497,36.006
2026-08-14T00:52:59.067507,0.143,2.497,36.006
2026-08-14T00:52:59.069823,2.297,2.508,36.006
2026-08-14T00:52:59.069986,0.176,2.508,36.006
2026-08-14T00:52:59.070131,0.149,2.487,36.006
2026-08-14T00:52:59.070264,0.135,2.454,36.006
2026-08-14T00:52:59.072613,2.324,2.476,36.006
2026-08-14T00:52:59.072792,0.193,2.477,36.006
2026-08-14T00:52:59.074017,1.234,2.488,36.006
2026-08-14T00:52:59.074200,0.183,2.488,36.006
2026-08-14T00:52:59.074336,0.140,2.466,36.006
2026-08-14T00:52:59.074482,0.147,2.465,36.006
2026-08-14T00:52:59.076760,2.274,2.487,36.006
2026-08-14T00:52:59.076904,0.146,2.487,36.006
2026-08-14T00:52:59.077047,0.145,2.487,36.006
2026-08-14T00:52:59.077170,0.124,2.487,36.006
2026-08-14T00:52:59.079436,2.263,2.508,36.006
2026-08-14T00:52:59.081730,2.293,2.519,36.006
2026-08-14T00:52:59.081879,0.149,2.508,36.006
2026-08-14T00:52:59.117319,35.431,2.503,36.006
2026-08-14T00:52:59.117485,0.165,2.503,36.006
2026-08-14T00:52:59.117629,0.151,2.503,36.006
2026-08-14T00:52:59.119923,2.291,2.514,36.006
2026-08-14T00:52:59.120069,0.150,2.514,36.006
2026-08-14T00:52:59.121294,1.221,2.514,36.006
2026-08-14T00:52:59.123592,2.298,2.535,36.006
2026-08-14T00:52:59.123736,0.148,2.514,36.006
2026-08-14T00:52:59.123886,0.149,2.514,36.006
2026-08-14T00:52:59.124028,0.144,2.503,36.006
2026-08-14T00:52:59.124198,0.170,2.503,36.006
2026-08-14T00:52:59.127575,3.377,2.535,36.006
2026-08-14T00:52:59.127735,0.162,2.535,36.006
2026-08-14T00:52:59.127891,0.153,2.513,36.006
2026-08-14T00:52:59.128051,0.160,2.514,36.006
2026-08-14T00:52:59.128211,0.158,2.514,36.006
2026-08-14T00:52:59.128356,0.146,2.503,36.006
2026-08-14T00:52:59.128487,0.137,2.492,36.006
2026-08-14T00:52:59.128611,0.125,2.471,36.006
2026-08-14T00:52:59.130909,2.288,2.492,36.006
2026-08-14T00:52:59.166453,35.515,2.492,36.006
2026-08-14T00:52:59.166633,0.207,2.492,36.006
2026-08-14T00:52:59.166778,0.152,2.492,36.006
2026-08-14T00:52:59.169079,2.299,2.492,36.006
2026-08-14T00:52:59.169225,0.148,2.492,36.006
2026-08-14T00:52:59.169357,0.135,2.481,36.006
2026-08-14T00:52:59.169481,0.125,2.459,36.006
2026-08-14T00:52:59.171759,2.272,2.480,36.006
2026-08-14T00:52:59.171912,0.156,2.480,36.006
2026-08-14T00:52:59.173128,1.214,2.491,36.006
2026-08-14T00:52:59.173311,0.184,2.491,36.006
2026-08-14T00:52:59.174546,1.233,2.480,36.006
2026-08-14T00:52:59.174708,0.164,2.480,36.006
2026-08-14T00:52:59.177002,2.291,2.501,36.006
2026-08-14T00:52:59.177143,0.146,2.480,36.006
2026-08-14T00:52:59.177281,0.139,2.479,36.006
2026-08-14T00:52:59.177407,0.128,2.480,36.006
2026-08-14T00:52:59.179683,2.271,2.501,36.006
2026-08-14T00:52:59.180910,1.226,2.491,36.006
2026-08-14T00:52:59.181041,0.137,2.491,36.006
2026-08-14T00:52:59.216647,35.545,2.501,36.006
2026-08-14T00:52:59.216862,0.246,2.501,36.006
2026-08-14T00:52:59.217013,0.177,2.501,36.006
2026-08-14T00:52:59.219307,2.289,2.501,36.006
2026-08-14T00:52:59.219452,0.150,2.501,36.006
2026-08-14T00:52:59.221741,2.287,2.523,36.006
2026-08-14T00:52:59.221893,0.154,2.502,36.006
2026-08-14T00:52:59.224174,2.280,2.523,36.006
2026-08-14T00:52:59.224314,0.143,2.501,36.006
2026-08-14T00:52:59.224443,0.130,2.501,36.006
2026-08-14T00:52:59.224619,0.174,2.501,36.006
2026-08-14T00:52:59.226923,2.301,2.523,36.006
2026-08-14T00:52:59.227090,0.168,2.501,36.006
2026-08-14T00:52:59.227224,0.137,2.501,36.006
2026-08-14T00:52:59.227352,0.127,2.501,36.006
2026-08-14T00:52:59.227497,0.146,2.501,36.006
2026-08-14T00:52:59.227623,0.127,2.501,36.006
2026-08-14T00:52:59.227748,0.124,2.479,36.006
2026-08-14T00:52:59.230023,2.271,2.490,36.006
2026-08-14T00:52:59.231255,1.232,2.501,36.006
2026-08-14T00:52:59.267289,36.011,2.507,36.011
2026-08-14T00:52:59.267455,0.184,2.507,36.011
2026-08-14T00:52:59.267594,0.145,2.507,36.011
2026-08-14T00:52:59.268823,1.215,2.496,36.011
2026-08-14T00:52:59.268975,0.164,2.496,36.011
2026-08-14T00:52:59.269142,0.166,2.474,36.011
2026-08-14T00:52:59.272605,3.433,2.507,36.011
2026-08-14T00:52:59.272769,0.195,2.486,36.011
2026-08-14T00:52:59.274004,1.237,2.497,36.011
2026-08-14T00:52:59.274143,0.141,2.497,36.011
2026-08-14T00:52:59.274315,0.172,2.498,36.011
2026-08-14T00:52:59.274449,0.136,2.465,36.011
2026-08-14T00:52:59.276757,2.305,2.487,36.011
2026-08-14T00:52:59.276909,0.153,2.487,36.011
2026-08-14T00:52:59.277039,0.131,2.487,36.011
2026-08-14T00:52:59.277174,0.136,2.487,36.011
2026-08-14T00:52:59.277296,0.123,2.487,36.011
2026-08-14T00:52:59.279567,2.267,2.508,36.011
2026-08-14T00:52:59.281880,2.311,2.519,36.011
2026-08-14T00:52:59.282015,0.139,2.508,36.011
2026-08-14T00:52:59.316636,34.543,2.494,36.011
2026-08-14T00:52:59.316873,0.282,2.495,36.011
2026-08-14T00:52:59.317041,0.193,2.495,36.011
2026-08-14T00:52:59.319350,2.306,2.495,36.011
2026-08-14T00:52:59.319510,0.163,2.495,36.011
2026-08-14T00:52:59.320747,1.232,2.506,36.011
2026-08-14T00:52:59.320919,0.177,2.506,36.011
2026-08-14T00:52:59.323237,2.312,2.506,36.011
2026-08-14T00:52:59.323399,0.170,2.506,36.011
2026-08-14T00:52:59.324628,1.228,2.506,36.011
2026-08-14T00:52:59.324834,0.197,2.506,36.011
2026-08-14T00:52:59.327144,2.320,2.528,36.011
2026-08-14T00:52:59.327310,0.170,2.528,36.011
2026-08-14T00:52:59.327441,0.134,2.507,36.011
2026-08-14T00:52:59.327562,0.122,2.507,36.011
2026-08-14T00:52:59.327693,0.131,2.506,36.011
2026-08-14T00:52:59.328908,1.210,2.517,36.011
2026-08-14T00:52:59.329043,0.138,2.496,36.011
2026-08-14T00:52:59.329165,0.124,2.474,36.011
2026-08-14T00:52:59.331608,2.385,2.497,36.011
2026-08-14T00:52:59.367215,35.602,2.498,36.011
2026-08-14T00:52:59.367420,0.251,2.499,36.011
2026-08-14T00:52:59.367567,0.156,2.499,36.011
2026-08-14T00:52:59.369895,2.314,2.500,36.011
2026-08-14T00:52:59.370068,0.183,2.500,36.011
2026-08-14T00:52:59.370215,0.153,2.489,36.011
2026-08-14T00:52:59.370349,0.134,2.468,36.011
2026-08-14T00:52:59.371689,1.312,2.479,36.011
2026-08-14T00:52:59.371878,0.208,2.480,36.011
2026-08-14T00:52:59.374225,2.347,2.502,36.011
2026-08-14T00:52:59.374431,0.209,2.502,36.011
2026-08-14T00:52:59.374584,0.158,2.470,36.011
2026-08-14T00:52:59.374749,0.165,2.470,36.011
2026-08-14T00:52:59.377044,2.287,2.491,36.011
2026-08-14T00:52:59.377186,0.154,2.491,36.011
2026-08-14T00:52:59.377324,0.140,2.491,36.011
2026-08-14T00:52:59.377449,0.126,2.491,36.011
2026-08-14T00:52:59.379723,2.268,2.512,36.011
2026-08-14T00:52:59.380948,1.225,2.523,36.011
2026-08-14T00:52:59.381081,0.138,2.502,36.011
2026-08-14T00:52:59.416633,35.512,2.502,36.011
2026-08-14T00:52:59.416833,0.214,2.502,36.011
2026-08-14T00:52:59.416984,0.173,2.502,36.011
2026-08-14T00:52:59.419350,2.334,2.502,36.011
2026-08-14T00:52:59.419527,0.205,2.503,36.011
2026-08-14T00:52:59.420838,1.282,2.514,36.011
2026-08-14T00:52:59.424296,3.468,2.548,36.011
2026-08-14T00:52:59.424467,0.189,2.527,36.011
2026-08-14T00:52:59.424608,0.148,2.527,36.011
2026-08-14T00:52:59.424737,0.131,2.516,36.011
2026-08-14T00:52:59.424930,0.186,2.516,36.011
2026-08-14T00:52:59.427286,2.354,2.527,36.011
2026-08-14T00:52:59.427460,0.179,2.528,36.011
2026-08-14T00:52:59.427599,0.142,2.506,36.011
2026-08-14T00:52:59.427728,0.129,2.506,36.011
2026-08-14T00:52:59.427884,0.154,2.506,36.011
2026-08-14T00:52:59.428021,0.139,2.506,36.011
2026-08-14T00:52:59.428150,0.130,2.485,36.011
2026-08-14T00:52:59.431489,3.336,2.506,36.011
2026-08-14T00:52:59.431628,0.142,2.506,36.011
2026-08-14T00:52:59.466557,34.904,2.499,36.011
2026-08-14T00:52:59.466725,0.185,2.499,36.011
2026-08-14T00:52:59.466885,0.163,2.499,36.011
2026-08-14T00:52:59.469188,2.301,2.499,36.011
2026-08-14T00:52:59.469340,0.154,2.499,36.011
2026-08-14T00:52:59.469481,0.143,2.477,36.011
2026-08-14T00:52:59.471779,2.290,2.499,36.011
2026-08-14T00:52:59.471950,0.171,2.478,36.011
2026-08-14T00:52:59.473248,1.285,2.489,36.011
2026-08-14T00:52:59.473416,0.184,2.490,36.011
2026-08-14T00:52:59.473602,0.190,2.490,36.011
2026-08-14T00:52:59.474853,1.239,2.479,36.011
2026-08-14T00:52:59.477211,2.366,2.501,36.011
2026-08-14T00:52:59.477360,0.154,2.501,36.011
2026-08-14T00:52:59.477491,0.133,2.501,36.011
2026-08-14T00:52:59.477629,0.140,2.501,36.011
2026-08-14T00:52:59.477757,0.127,2.501,36.011
2026-08-14T00:52:59.478962,1.201,2.512,36.011
2026-08-14T00:52:59.481263,2.299,2.512,36.011
2026-08-14T00:52:59.481398,0.141,2.501,36.011
2026-08-14T00:52:59.516959,35.521,2.497,35.602
2026-08-14T00:52:59.517142,0.211,2.497,35.602
2026-08-14T00:52:59.517289,0.154,2.497,35.602
2026-08-14T00:52:59.519585,2.292,2.508,35.602
2026-08-14T00:52:59.519734,0.153,2.508,35.602
2026-08-14T00:52:59.520965,1.227,2.518,35.602
2026-08-14T00:52:59.523268,2.302,2.507,35.602
2026-08-14T00:52:59.523418,0.155,2.506,35.602
2026-08-14T00:52:59.524648,1.229,2.506,35.602
2026-08-14T00:52:59.524793,0.147,2.506,35.602
2026-08-14T00:52:59.524988,0.192,2.507,35.602
2026-08-14T00:52:59.526232,1.244,2.518,35.602
2026-08-14T00:52:59.526400,0.171,2.496,35.602
2026-08-14T00:52:59.526536,0.139,2.496,35.602
2026-08-14T00:52:59.528847,2.296,2.518,35.602
2026-08-14T00:52:59.529002,0.168,2.518,35.602
2026-08-14T00:52:59.529132,0.133,2.518,35.602
2026-08-14T00:52:59.529255,0.124,2.497,35.602
2026-08-14T00:52:59.531554,2.292,2.497,35.602
2026-08-14T00:52:59.531696,0.146,2.497,35.602
2026-08-14T00:52:59.562946,31.219,2.464,35.602
2026-08-14T00:52:59.566346,3.422,2.495,35.602
2026-08-14T00:52:59.566492,0.155,2.495,35.602
2026-08-14T00:52:59.566623,0.133,2.473,35.602
2026-08-14T00:52:59.568912,2.285,2.494,35.602
2026-08-14T00:52:59.569054,0.145,2.483,35.602
2026-08-14T00:52:59.569185,0.134,2.483,35.602
2026-08-14T00:52:59.572529,3.339,2.493,35.602
2026-08-14T00:52:59.572668,0.141,2.493,35.602
2026-08-14T00:52:59.573899,1.228,2.493,35.602
2026-08-14T00:52:59.574035,0.140,2.492,35.602
2026-08-14T00:52:59.574208,0.172,2.471,35.602
2026-08-14T00:52:59.574348,0.141,2.470,35.602
2026-08-14T00:52:59.576668,2.313,2.492,35.602
2026-08-14T00:52:59.576828,0.153,2.492,35.602
2026-08-14T00:52:59.576965,0.150,2.493,35.602
2026-08-14T00:52:59.577098,0.137,2.482,35.602
2026-08-14T00:52:59.578299,1.197,2.493,35.602
2026-08-14T00:52:59.579506,1.206,2.503,35.602
2026-08-14T00:52:59.581796,2.290,2.502,35.602
2026-08-14T00:52:59.581942,0.146,2.148,35.521
2026-08-14T00:52:59.616304,34.354,2.489,35.521
2026-08-14T00:52:59.616452,0.155,2.489,35.521
2026-08-14T00:52:59.616580,0.132,2.467,35.521
2026-08-14T00:52:59.619929,3.344,2.499,35.521
2026-08-14T00:52:59.620074,0.146,2.499,35.521
2026-08-14T00:52:59.621283,1.210,2.509,35.521
2026-08-14T00:52:59.621418,0.138,2.498,35.521
2026-08-14T00:52:59.624761,3.340,2.529,35.521
2026-08-14T00:52:59.624918,0.158,2.507,35.521
2026-08-14T00:52:59.625048,0.132,2.506,35.521
2026-08-14T00:52:59.625210,0.161,2.506,35.521
2026-08-14T00:52:59.626458,1.245,2.517,35.521
2026-08-14T00:52:59.626623,0.168,2.496,35.521
2026-08-14T00:52:59.626754,0.134,2.496,35.521
2026-08-14T00:52:59.626894,0.137,2.496,35.521
2026-08-14T00:52:59.629186,2.291,2.517,35.521
2026-08-14T00:52:59.629317,0.134,2.496,35.521
2026-08-14T00:52:59.629436,0.122,2.485,35.521
2026-08-14T00:52:59.631701,2.260,2.506,35.521
2026-08-14T00:52:59.631843,0.134,2.152,35.521
2026-08-14T00:52:59.666773,34.921,2.499,35.521
2026-08-14T00:52:59.666946,0.185,2.500,35.521
2026-08-14T00:52:59.667092,0.149,2.478,35.521
2026-08-14T00:52:59.669530,2.386,2.500,35.521
2026-08-14T00:52:59.669737,0.250,2.489,35.521
2026-08-14T00:52:59.669911,0.180,2.456,35.521
2026-08-14T00:52:59.670063,0.156,2.456,35.521
2026-08-14T00:52:59.672443,2.349,2.478,35.521
2026-08-14T00:52:59.672640,0.222,2.479,35.521
2026-08-14T00:52:59.673870,1.233,2.489,35.521
2026-08-14T00:52:59.674064,0.198,2.468,35.521
2026-08-14T00:52:59.674199,0.139,2.467,35.521
2026-08-14T00:52:59.674351,0.152,2.468,35.521
2026-08-14T00:52:59.676636,2.278,2.489,35.521
2026-08-14T00:52:59.676775,0.145,2.489,35.521
2026-08-14T00:52:59.676926,0.151,2.489,35.521
2026-08-14T00:52:59.679236,2.304,2.511,35.521
2026-08-14T00:52:59.679375,0.146,2.479,35.521
2026-08-14T00:52:59.679525,0.150,2.479,35.521
2026-08-14T00:52:59.679648,0.126,2.131,35.521
2026-08-14T00:52:59.717289,37.604,2.505,37.604
2026-08-14T00:52:59.717470,0.205,2.506,37.604
2026-08-14T00:52:59.717615,0.151,2.484,37.604
2026-08-14T00:52:59.719921,2.300,2.506,37.604
2026-08-14T00:52:59.720139,0.160,2.506,37.604
2026-08-14T00:52:59.720294,0.215,2.485,37.604
2026-08-14T00:52:59.723729,3.373,2.517,37.604
2026-08-14T00:52:59.723896,0.229,2.507,37.604
2026-08-14T00:52:59.724040,0.150,2.506,37.604
2026-08-14T00:52:59.724173,0.129,2.506,37.604
2026-08-14T00:52:59.724354,0.183,2.495,37.604
2026-08-14T00:52:59.726674,2.314,2.495,37.604
2026-08-14T00:52:59.726862,0.177,2.495,37.604
2026-08-14T00:52:59.727009,0.165,2.495,37.604
2026-08-14T00:52:59.729308,2.294,2.517,37.604
2026-08-14T00:52:59.729463,0.159,2.517,37.604
2026-08-14T00:52:59.729595,0.135,2.506,37.604
2026-08-14T00:52:59.729720,0.127,2.485,37.604
2026-08-14T00:52:59.730930,1.204,2.495,37.604
2026-08-14T00:52:59.731068,0.142,2.141,37.604
2026-08-14T00:52:59.766540,35.438,2.494,37.604
2026-08-14T00:52:59.766715,0.199,2.494,37.604
2026-08-14T00:52:59.766869,0.160,2.473,37.604
2026-08-14T00:52:59.769165,2.294,2.494,37.604
2026-08-14T00:52:59.769313,0.150,2.484,37.604
2026-08-14T00:52:59.769449,0.139,2.462,37.604
2026-08-14T00:52:59.769573,0.127,2.462,37.604
2026-08-14T00:52:59.771863,2.282,2.472,37.604
2026-08-14T00:52:59.772009,0.150,2.472,37.604
2026-08-14T00:52:59.773220,1.210,2.482,37.604
2026-08-14T00:52:59.773406,0.185,2.472,37.604
2026-08-14T00:52:59.774645,1.238,2.482,37.604
2026-08-14T00:52:59.774821,0.169,2.483,37.604
2026-08-14T00:52:59.777109,2.297,2.483,37.604
2026-08-14T00:52:59.777248,0.142,2.482,37.604
2026-08-14T00:52:59.777380,0.134,2.482,37.604
2026-08-14T00:52:59.777500,0.121,2.482,37.604
2026-08-14T00:52:59.779770,2.264,2.482,37.604
2026-08-14T00:52:59.781005,1.234,2.493,37.604
2026-08-14T00:52:59.781139,0.138,2.182,37.604
2026-08-14T00:52:59.816568,35.402,2.502,37.604
2026-08-14T00:52:59.816733,0.184,2.502,37.604
2026-08-14T00:52:59.816883,0.156,2.503,37.604
2026-08-14T00:52:59.819193,2.302,2.503,37.604
2026-08-14T00:52:59.819344,0.159,2.503,37.604
2026-08-14T00:52:59.821636,2.289,2.524,37.604
2026-08-14T00:52:59.821778,0.146,2.493,37.604
2026-08-14T00:52:59.824070,2.288,2.514,37.604
2026-08-14T00:52:59.824211,0.146,2.503,37.604
2026-08-14T00:52:59.824339,0.130,2.503,37.604
2026-08-14T00:52:59.824508,0.167,2.503,37.604
2026-08-14T00:52:59.827904,3.389,2.535,37.604
2026-08-14T00:52:59.828076,0.177,2.514,37.604
2026-08-14T00:52:59.828212,0.139,2.514,37.604
2026-08-14T00:52:59.828338,0.127,2.514,37.604
2026-08-14T00:52:59.828478,0.138,2.514,37.604
2026-08-14T00:52:59.828606,0.131,2.503,37.604
2026-08-14T00:52:59.828731,0.124,2.492,37.604
2026-08-14T00:52:59.829935,1.200,2.481,37.604
2026-08-14T00:52:59.831160,1.224,2.492,37.604
2026-08-14T00:52:59.867152,35.975,2.508,37.604
2026-08-14T00:52:59.867317,0.178,2.509,37.604
2026-08-14T00:52:59.867470,0.153,2.509,37.604
2026-08-14T00:52:59.868753,1.283,2.488,37.604
2026-08-14T00:52:59.868922,0.170,2.488,37.604
2026-08-14T00:52:59.869070,0.150,2.478,37.604
2026-08-14T00:52:59.872539,3.428,2.511,37.604
2026-08-14T00:52:59.872717,0.216,2.480,37.604
2026-08-14T00:52:59.873948,1.235,2.490,37.604
2026-08-14T00:52:59.874086,0.142,2.490,37.604
2026-08-14T00:52:59.874269,0.175,2.491,37.604
2026-08-14T00:52:59.874411,0.151,2.480,37.604
2026-08-14T00:52:59.876725,2.310,2.501,37.604
2026-08-14T00:52:59.876884,0.160,2.501,37.604
2026-08-14T00:52:59.877017,0.136,2.501,37.604
2026-08-14T00:52:59.877208,0.191,2.480,37.604
2026-08-14T00:52:59.877334,0.128,2.480,37.604
2026-08-14T00:52:59.879605,2.266,2.502,37.604
2026-08-14T00:52:59.880835,1.223,2.491,37.604
2026-08-14T00:52:59.880970,0.146,2.491,37.604
2026-08-14T00:52:59.916563,35.536,2.498,37.604
2026-08-14T00:52:59.916751,0.234,2.498,37.604
2026-08-14T00:52:59.916906,0.161,2.498,37.604
2026-08-14T00:52:59.919202,2.295,2.497,37.604
2026-08-14T00:52:59.919347,0.150,2.496,37.604
2026-08-14T00:52:59.920592,1.239,2.507,37.604
2026-08-14T00:52:59.920753,0.162,2.507,37.604
2026-08-14T00:52:59.924129,3.371,2.517,37.604
2026-08-14T00:52:59.924284,0.162,2.516,37.604
2026-08-14T00:52:59.924417,0.138,2.506,37.604
2026-08-14T00:52:59.924600,0.180,2.505,37.604
2026-08-14T00:52:59.926953,2.338,2.527,37.604
2026-08-14T00:52:59.927147,0.204,2.528,37.604
2026-08-14T00:52:59.927291,0.151,2.507,37.604
2026-08-14T00:52:59.927422,0.133,2.506,37.604
2026-08-14T00:52:59.927562,0.140,2.506,37.604
2026-08-14T00:52:59.927690,0.128,2.485,37.604
2026-08-14T00:52:59.927835,0.126,2.484,37.604
2026-08-14T00:52:59.930136,2.313,2.506,37.604
2026-08-14T00:52:59.930277,0.145,2.506,37.604
2026-08-14T00:52:59.967022,36.663,2.497,36.663
2026-08-14T00:52:59.967233,0.282,2.498,36.663
2026-08-14T00:52:59.967384,0.154,2.498,36.663
2026-08-14T00:52:59.968668,1.265,2.487,36.663
2026-08-14T00:52:59.968921,0.270,2.488,36.663
2026-08-14T00:52:59.969074,0.161,2.488,36.663
2026-08-14T00:52:59.969206,0.134,2.455,36.663
2026-08-14T00:52:59.971536,2.323,2.476,36.663
2026-08-14T00:52:59.971679,0.149,2.476,36.663
2026-08-14T00:52:59.973974,2.291,2.498,36.663
2026-08-14T00:52:59.974167,0.195,2.498,36.663
2026-08-14T00:52:59.974311,0.147,2.476,36.663
2026-08-14T00:52:59.974465,0.154,2.476,36.663
2026-08-14T00:52:59.976781,2.309,2.498,36.663
2026-08-14T00:52:59.976937,0.161,2.476,36.663
2026-08-14T00:52:59.977085,0.150,2.476,36.663
2026-08-14T00:52:59.977217,0.132,2.476,36.663
2026-08-14T00:52:59.979494,2.273,2.498,36.663
2026-08-14T00:52:59.981792,2.296,2.509,36.663
2026-08-14T00:52:59.981939,0.152,2.509,36.663
2026-08-14T00:53:00.016450,34.462,2.499,36.663
2026-08-14T00:53:00.016647,0.235,2.499,36.663
2026-08-14T00:53:00.016796,0.157,2.499,36.663
2026-08-14T00:53:00.019126,2.323,2.500,36.663
2026-08-14T00:53:00.019283,0.163,2.500,36.663
2026-08-14T00:53:00.021575,2.291,2.521,36.663
2026-08-14T00:53:00.023873,2.297,2.543,36.663
2026-08-14T00:53:00.024015,0.148,2.522,36.663
2026-08-14T00:53:00.024145,0.132,2.521,36.663
2026-08-14T00:53:00.024273,0.128,2.511,36.663
2026-08-14T00:53:00.024451,0.172,2.510,36.663
2026-08-14T00:53:00.026762,2.311,2.521,36.663
2026-08-14T00:53:00.026944,0.182,2.521,36.663
2026-08-14T00:53:00.027089,0.148,2.500,36.663
2026-08-14T00:53:00.028313,1.222,2.511,36.663
2026-08-14T00:53:00.028463,0.152,2.511,36.663
2026-08-14T00:53:00.028592,0.131,2.511,36.663
2026-08-14T00:53:00.028719,0.128,2.490,36.663
2026-08-14T00:53:00.032066,3.342,2.511,36.663
2026-08-14T00:53:00.032203,0.141,2.511,36.663
2026-08-14T00:53:00.067153,34.929,2.506,36.663
2026-08-14T00:53:00.067316,0.176,2.506,36.663
2026-08-14T00:53:00.067455,0.144,2.506,36.663
2026-08-14T00:53:00.068675,1.216,2.495,36.663
2026-08-14T00:53:00.068842,0.159,2.495,36.663
2026-08-14T00:53:00.068996,0.163,2.474,36.663
2026-08-14T00:53:00.069135,0.141,2.474,36.663
2026-08-14T00:53:00.072649,3.476,2.485,36.663
2026-08-14T00:53:00.072839,0.211,2.486,36.663
2026-08-14T00:53:00.073049,0.227,2.487,36.663
2026-08-14T00:53:00.073234,0.185,2.487,36.663
2026-08-14T00:53:00.074466,1.231,2.466,36.663
2026-08-14T00:53:00.074641,0.163,2.466,36.663
2026-08-14T00:53:00.076956,2.323,2.487,36.663
2026-08-14T00:53:00.077093,0.145,2.488,36.663
2026-08-14T00:53:00.077228,0.137,2.488,36.663
2026-08-14T00:53:00.078488,1.255,2.499,36.663
2026-08-14T00:53:00.078619,0.135,2.499,36.663
2026-08-14T00:53:00.078741,0.123,2.488,36.663
2026-08-14T00:53:00.078878,0.134,2.477,36.663
2026-08-14T00:53:00.116455,37.564,2.493,37.564
2026-08-14T00:53:00.116614,0.165,2.493,37.564
2026-08-14T00:53:00.116756,0.145,2.493,37.564
2026-08-14T00:53:00.119065,2.304,2.503,37.564
2026-08-14T00:53:00.119215,0.154,2.503,37.564
2026-08-14T00:53:00.120462,1.244,2.514,37.564
2026-08-14T00:53:00.120617,0.155,2.481,37.564
2026-08-14T00:53:00.124013,3.392,2.513,37.564
2026-08-14T00:53:00.124167,0.159,2.502,37.564
2026-08-14T00:53:00.124300,0.137,2.502,37.564
2026-08-14T00:53:00.124472,0.169,2.502,37.564
2026-08-14T00:53:00.127881,3.392,2.534,37.564
2026-08-14T00:53:00.128089,0.223,2.514,37.564
2026-08-14T00:53:00.128229,0.145,2.513,37.564
2026-08-14T00:53:00.128357,0.130,2.513,37.564
2026-08-14T00:53:00.128494,0.136,2.513,37.564
2026-08-14T00:53:00.128620,0.127,2.513,37.564
2026-08-14T00:53:00.128744,0.125,2.491,37.564
2026-08-14T00:53:00.128884,0.137,2.481,37.564
2026-08-14T00:53:00.131171,2.284,2.502,37.564
2026-08-14T00:53:00.166706,35.501,2.502,37.564
2026-08-14T00:53:00.166916,0.233,2.502,37.564
2026-08-14T00:53:00.167071,0.165,2.502,37.564
2026-08-14T00:53:00.169373,2.298,2.502,37.564
2026-08-14T00:53:00.169525,0.156,2.502,37.564
2026-08-14T00:53:00.169666,0.144,2.491,37.564
2026-08-14T00:53:00.171954,2.284,2.512,37.564
2026-08-14T00:53:00.172098,0.147,2.480,37.564
2026-08-14T00:53:00.174405,2.302,2.501,37.564
2026-08-14T00:53:00.174553,0.152,2.501,37.564
2026-08-14T00:53:00.174736,0.182,2.501,37.564
2026-08-14T00:53:00.174894,0.159,2.480,37.564
2026-08-14T00:53:00.177244,2.344,2.501,37.564
2026-08-14T00:53:00.177403,0.164,2.501,37.564
2026-08-14T00:53:00.177542,0.142,2.501,37.564
2026-08-14T00:53:00.177687,0.146,2.501,37.564
2026-08-14T00:53:00.177831,0.136,2.501,37.564
2026-08-14T00:53:00.179042,1.219,2.512,37.564
2026-08-14T00:53:00.181386,2.326,2.512,37.564
2026-08-14T00:53:00.181568,0.189,2.513,37.564
2026-08-14T00:53:00.217258,35.628,2.502,37.564
2026-08-14T00:53:00.217464,0.271,2.502,37.564
2026-08-14T00:53:00.217610,0.153,2.502,37.564
2026-08-14T00:53:00.218937,1.307,2.503,37.564
2026-08-14T00:53:00.219102,0.184,2.502,37.564
2026-08-14T00:53:00.221398,2.295,2.523,37.564
2026-08-14T00:53:00.221541,0.147,2.523,37.564
2026-08-14T00:53:00.224898,3.354,2.534,37.564
2026-08-14T00:53:00.225039,0.145,2.534,37.564
2026-08-14T00:53:00.225168,0.130,2.512,37.564
2026-08-14T00:53:00.225346,0.175,2.512,37.564
2026-08-14T00:53:00.227646,2.298,2.533,37.564
2026-08-14T00:53:00.227824,0.168,2.533,37.564
2026-08-14T00:53:00.227970,0.158,2.512,37.564
2026-08-14T00:53:00.228101,0.134,2.512,37.564
2026-08-14T00:53:00.228240,0.140,2.512,37.564
2026-08-14T00:53:00.228368,0.128,2.512,37.564
2026-08-14T00:53:00.228494,0.127,2.490,37.564
2026-08-14T00:53:00.229700,1.202,2.479,37.564
2026-08-14T00:53:00.230930,1.229,2.490,37.564
2026-08-14T00:53:00.266949,36.002,2.505,37.564
2026-08-14T00:53:00.267111,0.176,2.505,37.564
2026-08-14T00:53:00.267255,0.147,2.505,37.564
2026-08-14T00:53:00.268478,1.219,2.494,37.564
2026-08-14T00:53:00.268625,0.151,2.493,37.564
2026-08-14T00:53:00.269859,1.221,2.483,37.564
2026-08-14T00:53:00.270008,0.163,2.461,37.564
2026-08-14T00:53:00.272350,2.321,2.483,37.564
2026-08-14T00:53:00.272548,0.200,2.484,37.564
2026-08-14T00:53:00.273915,1.354,2.496,37.564
2026-08-14T00:53:00.274124,0.239,2.497,37.564
2026-08-14T00:53:00.274264,0.146,2.475,37.564
2026-08-14T00:53:00.274412,0.148,2.475,37.564
2026-08-14T00:53:00.276696,2.279,2.496,37.564
2026-08-14T00:53:00.276844,0.141,2.485,37.564
2026-08-14T00:53:00.276988,0.157,2.485,37.564
2026-08-14T00:53:00.279260,2.269,2.507,37.564
2026-08-14T00:53:00.279390,0.134,2.507,37.564
2026-08-14T00:53:00.279511,0.122,2.475,37.564
2026-08-14T00:53:00.279634,0.122,2.474,37.564
2026-08-14T00:53:00.317201,37.544,2.500,37.564
2026-08-14T00:53:00.317366,0.179,2.501,37.564
2026-08-14T00:53:00.317513,0.149,2.501,37.564
2026-08-14T00:53:00.319824,2.295,2.511,37.564
2026-08-14T00:53:00.319978,0.169,2.511,37.564
2026-08-14T00:53:00.320185,0.208,2.512,37.564
2026-08-14T00:53:00.324629,4.436,2.555,37.564
2026-08-14T00:53:00.324785,0.162,2.522,37.564
2026-08-14T00:53:00.324943,0.159,2.521,37.564
2026-08-14T00:53:00.325087,0.146,2.520,37.564
2026-08-14T00:53:00.325264,0.176,2.520,37.564
2026-08-14T00:53:00.326533,1.254,2.521,37.564
2026-08-14T00:53:00.326774,0.236,2.521,37.564
2026-08-14T00:53:00.326956,0.200,2.500,37.564
2026-08-14T00:53:00.329288,2.327,2.522,37.564
2026-08-14T00:53:00.329453,0.173,2.522,37.564
2026-08-14T00:53:00.329586,0.137,2.511,37.564
2026-08-14T00:53:00.329717,0.130,2.511,37.564
2026-08-14T00:53:00.330930,1.210,2.522,37.564
2026-08-14T00:53:00.331096,0.167,2.522,37.564
2026-08-14T00:53:00.366705,35.554,2.502,37.544
2026-08-14T00:53:00.366935,0.270,2.503,37.544
2026-08-14T00:53:00.367093,0.170,2.503,37.544
2026-08-14T00:53:00.369388,2.294,2.503,37.544
2026-08-14T00:53:00.369531,0.146,2.503,37.544
2026-08-14T00:53:00.369685,0.150,2.492,37.544
2026-08-14T00:53:00.369828,0.138,2.492,37.544
2026-08-14T00:53:00.372115,2.293,2.481,37.544
2026-08-14T00:53:00.372256,0.146,2.481,37.544
2026-08-14T00:53:00.373464,1.207,2.492,37.544
2026-08-14T00:53:00.373653,0.188,2.492,37.544
2026-08-14T00:53:00.373794,0.144,2.459,37.544
2026-08-14T00:53:00.373967,0.170,2.459,37.544
2026-08-14T00:53:00.376287,2.316,2.481,37.544
2026-08-14T00:53:00.376430,0.148,2.481,37.544
2026-08-14T00:53:00.376571,0.143,2.481,37.544
2026-08-14T00:53:00.376699,0.129,2.481,37.544
2026-08-14T00:53:00.378980,2.277,2.502,37.544
2026-08-14T00:53:00.381294,2.307,2.524,37.544
2026-08-14T00:53:00.381439,0.153,2.503,37.544
2026-08-14T00:53:00.416970,35.506,2.503,37.544
2026-08-14T00:53:00.417156,0.200,2.502,37.544
2026-08-14T00:53:00.417309,0.160,2.502,37.544
2026-08-14T00:53:00.419615,2.302,2.502,37.544
2026-08-14T00:53:00.419770,0.158,2.502,37.544
2026-08-14T00:53:00.421003,1.234,2.513,37.544
2026-08-14T00:53:00.421148,0.147,2.492,37.544
2026-08-14T00:53:00.424498,3.346,2.524,37.544
2026-08-14T00:53:00.424640,0.147,2.502,37.544
2026-08-14T00:53:00.424772,0.133,2.502,37.544
2026-08-14T00:53:00.424959,0.183,2.502,37.544
2026-08-14T00:53:00.427272,2.312,2.524,37.544
2026-08-14T00:53:00.427443,0.173,2.502,37.544
2026-08-14T00:53:00.427579,0.138,2.502,37.544
2026-08-14T00:53:00.427707,0.129,2.502,37.544
2026-08-14T00:53:00.427862,0.137,2.502,37.544
2026-08-14T00:53:00.428001,0.156,2.502,37.544
2026-08-14T00:53:00.428128,0.129,2.491,37.544
2026-08-14T00:53:00.429338,1.204,2.480,37.544
2026-08-14T00:53:00.430570,1.233,2.490,37.544
2026-08-14T00:53:00.467806,37.162,2.505,37.544
2026-08-14T00:53:00.468023,0.280,2.506,37.544
2026-08-14T00:53:00.468164,0.154,2.506,37.544
2026-08-14T00:53:00.469383,1.214,2.505,37.544
2026-08-14T00:53:00.469528,0.149,2.504,37.544
2026-08-14T00:53:00.469664,0.137,2.483,37.544
2026-08-14T00:53:00.471997,2.309,2.504,37.544
2026-08-14T00:53:00.472166,0.186,2.473,37.544
2026-08-14T00:53:00.474584,2.389,2.495,37.544
2026-08-14T00:53:00.474781,0.221,2.496,37.544
2026-08-14T00:53:00.475004,0.226,2.497,37.544
2026-08-14T00:53:00.475168,0.166,2.475,37.544
2026-08-14T00:53:00.476435,1.265,2.486,37.544
2026-08-14T00:53:00.476589,0.159,2.486,37.544
2026-08-14T00:53:00.476726,0.138,2.486,37.544
2026-08-14T00:53:00.476888,0.161,2.486,37.544
2026-08-14T00:53:00.478112,1.223,2.497,37.544
2026-08-14T00:53:00.479333,1.221,2.508,37.544
2026-08-14T00:53:00.481689,2.341,2.520,37.544
2026-08-14T00:53:00.481865,0.189,2.509,37.544
2026-08-14T00:53:00.517391,35.491,2.504,37.544
2026-08-14T00:53:00.517579,0.217,2.505,37.544
2026-08-14T00:53:00.517726,0.156,2.505,37.544
2026-08-14T00:53:00.518952,1.222,2.505,37.544
2026-08-14T00:53:00.519105,0.155,2.505,37.544
2026-08-14T00:53:00.521416,2.309,2.516,37.544
2026-08-14T00:53:00.521568,0.156,2.516,37.544
2026-08-14T00:53:00.523869,2.298,2.515,37.544
2026-08-14T00:53:00.524025,0.157,2.515,37.544
2026-08-14T00:53:00.524165,0.143,2.503,37.544
2026-08-14T00:53:00.524354,0.187,2.502,37.544
2026-08-14T00:53:00.526666,2.312,2.524,37.544
2026-08-14T00:53:00.526849,0.171,2.524,37.544
2026-08-14T00:53:00.526994,0.160,2.503,37.544
2026-08-14T00:53:00.527122,0.130,2.503,37.544
2026-08-14T00:53:00.529424,2.294,2.524,37.544
2026-08-14T00:53:00.529569,0.151,2.503,37.544
2026-08-14T00:53:00.529700,0.133,2.503,37.544
2026-08-14T00:53:00.529837,0.128,2.503,37.544
2026-08-14T00:53:00.531053,1.221,2.514,37.544
2026-08-14T00:53:00.563452,32.350,2.462,37.162
2026-08-14T00:53:00.566879,3.462,2.495,37.162
2026-08-14T00:53:00.567033,0.168,2.495,37.162
2026-08-14T00:53:00.567168,0.137,2.474,37.162
2026-08-14T00:53:00.569454,2.283,2.495,37.162
2026-08-14T00:53:00.569598,0.145,2.494,37.162
2026-08-14T00:53:00.569758,0.161,2.451,37.162
2026-08-14T00:53:00.572040,2.279,2.473,37.162
2026-08-14T00:53:00.572181,0.143,2.472,37.162
2026-08-14T00:53:00.573411,1.227,2.483,37.162
2026-08-14T00:53:00.573552,0.144,2.483,37.162
2026-08-14T00:53:00.573734,0.182,2.472,37.162
2026-08-14T00:53:00.573894,0.160,2.471,37.162
2026-08-14T00:53:00.576226,2.329,2.493,37.162
2026-08-14T00:53:00.576374,0.152,2.471,37.162
2026-08-14T00:53:00.576499,0.129,2.471,37.162
2026-08-14T00:53:00.576632,0.133,2.470,37.162
2026-08-14T00:53:00.578937,2.289,2.492,37.162
2026-08-14T00:53:00.579085,0.158,2.482,37.162
2026-08-14T00:53:00.581361,2.276,2.503,37.162
2026-08-14T00:53:00.581497,0.138,2.148,37.162
2026-08-14T00:53:00.616956,35.442,2.500,37.162
2026-08-14T00:53:00.617113,0.169,2.500,37.162
2026-08-14T00:53:00.617245,0.138,2.479,37.162
2026-08-14T00:53:00.619594,2.325,2.500,37.162
2026-08-14T00:53:00.619778,0.196,2.501,37.162
2026-08-14T00:53:00.621047,1.266,2.512,37.162
2026-08-14T00:53:00.624512,3.441,2.524,37.162
2026-08-14T00:53:00.624717,0.225,2.524,37.162
2026-08-14T00:53:00.624905,0.194,2.514,37.162
2026-08-14T00:53:00.625064,0.166,2.514,37.162
2026-08-14T00:53:00.625268,0.203,2.515,37.162
2026-08-14T00:53:00.626582,1.292,2.526,37.162
2026-08-14T00:53:00.626825,0.243,2.505,37.162
2026-08-14T00:53:00.627003,0.197,2.506,37.162
2026-08-14T00:53:00.629369,2.350,2.528,37.162
2026-08-14T00:53:00.629566,0.216,2.529,37.162
2026-08-14T00:53:00.629699,0.140,2.507,37.162
2026-08-14T00:53:00.629832,0.122,2.485,37.162
2026-08-14T00:53:00.631106,1.257,2.496,37.162
2026-08-14T00:53:00.631273,0.189,2.143,37.162
2026-08-14T00:53:00.666966,35.638,2.498,37.162
2026-08-14T00:53:00.667652,0.717,2.503,37.162
2026-08-14T00:53:00.667788,0.169,2.482,37.162
2026-08-14T00:53:00.668989,1.199,2.492,37.162
2026-08-14T00:53:00.669119,0.131,2.481,37.162
2026-08-14T00:53:00.669234,0.118,2.481,37.162
2026-08-14T00:53:00.669344,0.110,2.449,37.162
2026-08-14T00:53:00.671597,2.248,2.470,37.162
2026-08-14T00:53:00.671725,0.130,2.470,37.162
2026-08-14T00:53:00.674097,2.332,2.491,37.162
2026-08-14T00:53:00.674337,0.263,2.471,37.162
2026-08-14T00:53:00.674500,0.172,2.471,37.162
2026-08-14T00:53:00.674655,0.163,2.471,37.162
2026-08-14T00:53:00.676966,2.306,2.493,37.162
2026-08-14T00:53:00.677099,0.137,2.493,37.162
2026-08-14T00:53:00.677225,0.130,2.492,37.162
2026-08-14T00:53:00.678417,1.187,2.503,37.162
2026-08-14T00:53:00.678540,0.127,2.492,37.162
2026-08-14T00:53:00.678651,0.113,2.481,37.162
2026-08-14T00:53:00.678761,0.110,2.110,35.638
2026-08-14T00:53:00.716472,37.642,2.484,37.642
2026-08-14T00:53:00.716679,0.257,2.485,37.642
2026-08-14T00:53:00.716836,0.153,2.474,37.642
2026-08-14T00:53:00.719134,2.309,2.496,37.642
2026-08-14T00:53:00.719280,0.149,2.496,37.642
2026-08-14T00:53:00.720500,1.218,2.485,37.642
2026-08-14T00:53:00.720646,0.149,2.485,37.642
2026-08-14T00:53:00.723996,3.348,2.494,37.642
2026-08-14T00:53:00.724138,0.145,2.494,37.642
2026-08-14T00:53:00.724270,0.133,2.493,37.642
2026-08-14T00:53:00.724448,0.176,2.493,37.642
2026-08-14T00:53:00.727831,3.372,2.514,37.642
2026-08-14T00:53:00.728006,0.185,2.514,37.642
2026-08-14T00:53:00.728143,0.140,2.514,37.642
2026-08-14T00:53:00.728270,0.128,2.514,37.642
2026-08-14T00:53:00.728409,0.138,2.503,37.642
2026-08-14T00:53:00.728537,0.129,2.492,37.642
2026-08-14T00:53:00.728662,0.126,2.470,37.642
2026-08-14T00:53:00.728787,0.125,2.469,37.642
2026-08-14T00:53:00.731087,2.292,2.137,37.642
2026-08-14T00:53:00.766636,35.508,2.490,37.642
2026-08-14T00:53:00.766836,0.221,2.491,37.642
2026-08-14T00:53:00.766994,0.178,2.480,37.642
2026-08-14T00:53:00.769295,2.299,2.502,37.642
2026-08-14T00:53:00.769447,0.156,2.480,37.642
2026-08-14T00:53:00.769588,0.143,2.480,37.642
2026-08-14T00:53:00.771944,2.332,2.481,37.642
2026-08-14T00:53:00.772119,0.189,2.481,37.642
2026-08-14T00:53:00.774478,2.352,2.503,37.642
2026-08-14T00:53:00.774646,0.179,2.503,37.642
2026-08-14T00:53:00.774847,0.189,2.482,37.642
2026-08-14T00:53:00.775004,0.173,2.482,37.642
2026-08-14T00:53:00.776287,1.281,2.493,37.642
2026-08-14T00:53:00.776437,0.154,2.493,37.642
2026-08-14T00:53:00.776570,0.135,2.472,37.642
2026-08-14T00:53:00.776710,0.141,2.471,37.642
2026-08-14T00:53:00.777929,1.214,2.482,37.642
2026-08-14T00:53:00.779145,1.216,2.493,37.642
2026-08-14T00:53:00.781447,2.301,2.504,37.642
2026-08-14T00:53:00.781590,0.145,2.182,37.642
2026-08-14T00:53:00.817111,35.487,2.502,37.642
2026-08-14T00:53:00.817286,0.203,2.502,37.642
2026-08-14T00:53:00.817426,0.147,2.503,37.642
2026-08-14T00:53:00.819712,2.282,2.503,37.642
2026-08-14T00:53:00.819871,0.159,2.503,37.642
2026-08-14T00:53:00.821097,1.227,2.513,37.642
2026-08-14T00:53:00.821238,0.143,2.492,37.642
2026-08-14T00:53:00.824597,3.356,2.524,37.642
2026-08-14T00:53:00.824740,0.147,2.513,37.642
2026-08-14T00:53:00.824885,0.145,2.513,37.642
2026-08-14T00:53:00.825071,0.185,2.513,37.642
2026-08-14T00:53:00.827378,2.306,2.535,37.642
2026-08-14T00:53:00.827546,0.170,2.513,37.642
2026-08-14T00:53:00.827683,0.139,2.513,37.642
2026-08-14T00:53:00.827822,0.127,2.513,37.642
2026-08-14T00:53:00.827971,0.159,2.513,37.642
2026-08-14T00:53:00.828101,0.133,2.492,37.642
2026-08-14T00:53:00.828227,0.126,2.491,37.642
2026-08-14T00:53:00.831580,3.345,2.502,37.642
2026-08-14T00:53:00.831723,0.147,2.502,37.642
2026-08-14T00:53:00.867143,35.412,2.502,37.642
2026-08-14T00:53:00.867883,0.730,2.508,37.642
2026-08-14T00:53:00.868043,0.174,2.508,37.642
2026-08-14T00:53:00.869270,1.226,2.497,37.642
2026-08-14T00:53:00.869421,0.154,2.497,37.642
2026-08-14T00:53:00.869560,0.140,2.485,37.642
2026-08-14T00:53:00.871869,2.301,2.474,37.642
2026-08-14T00:53:00.872018,0.156,2.473,37.642
2026-08-14T00:53:00.873272,1.243,2.484,37.642
2026-08-14T00:53:00.873431,0.168,2.484,37.642
2026-08-14T00:53:00.873619,0.188,2.484,37.642
2026-08-14T00:53:00.873775,0.158,2.472,37.642
2026-08-14T00:53:00.876225,2.428,2.494,37.642
2026-08-14T00:53:00.876407,0.198,2.494,37.642
2026-08-14T00:53:00.876554,0.153,2.472,37.642
2026-08-14T00:53:00.876713,0.159,2.471,37.642
2026-08-14T00:53:00.878993,2.283,2.493,37.642
2026-08-14T00:53:00.879120,0.131,2.493,37.642
2026-08-14T00:53:00.879236,0.118,2.482,37.642
2026-08-14T00:53:00.879350,0.115,2.481,37.642
2026-08-14T00:53:00.917001,37.602,2.501,37.642
2026-08-14T00:53:00.917188,0.221,2.496,37.642
2026-08-14T00:53:00.917333,0.153,2.495,37.642
2026-08-14T00:53:00.919640,2.300,2.506,37.642
2026-08-14T00:53:00.919795,0.160,2.507,37.642
2026-08-14T00:53:00.921051,1.252,2.518,37.642
2026-08-14T00:53:00.923342,2.293,2.540,37.642
2026-08-14T00:53:00.923481,0.145,2.519,37.642
2026-08-14T00:53:00.924705,1.221,2.530,37.642
2026-08-14T00:53:00.924856,0.140,2.508,37.642
2026-08-14T00:53:00.925041,0.195,2.507,37.642
2026-08-14T00:53:00.926277,1.235,2.518,37.642
2026-08-14T00:53:00.926442,0.167,2.518,37.642
2026-08-14T00:53:00.926579,0.138,2.496,37.642
2026-08-14T00:53:00.928902,2.317,2.518,37.642
2026-08-14T00:53:00.929055,0.158,2.518,37.642
2026-08-14T00:53:00.929184,0.132,2.508,37.642
2026-08-14T00:53:00.929312,0.127,2.508,37.642
2026-08-14T00:53:00.931584,2.270,2.529,37.642
2026-08-14T00:53:00.931715,0.134,2.529,37.642
2026-08-14T00:53:00.967338,35.546,2.509,37.602
2026-08-14T00:53:00.967543,0.268,2.509,37.602
2026-08-14T00:53:00.967683,0.152,2.509,37.602
2026-08-14T00:53:00.968906,1.219,2.498,37.602
2026-08-14T00:53:00.969051,0.147,2.498,37.602
2026-08-14T00:53:00.969191,0.141,2.487,37.602
2026-08-14T00:53:00.972546,3.350,2.519,37.602
2026-08-14T00:53:00.972687,0.145,2.487,37.602
2026-08-14T00:53:00.973912,1.223,2.498,37.602
2026-08-14T00:53:00.974051,0.141,2.498,37.602
2026-08-14T00:53:00.974230,0.178,2.498,37.602
2026-08-14T00:53:00.974371,0.144,2.466,37.602
2026-08-14T00:53:00.976690,2.314,2.487,37.602
2026-08-14T00:53:00.976849,0.150,2.487,37.602
2026-08-14T00:53:00.976989,0.151,2.487,37.602
2026-08-14T00:53:00.977130,0.144,2.487,37.602
2026-08-14T00:53:00.978350,1.214,2.498,37.602
2026-08-14T00:53:00.979647,1.274,2.510,37.602
2026-08-14T00:53:00.980917,1.290,2.521,37.602
2026-08-14T00:53:00.981066,0.155,2.500,37.602
2026-08-14T00:53:01.016610,35.508,2.500,37.602
2026-08-14T00:53:01.016803,0.217,2.500,37.602
2026-08-14T00:53:01.016983,0.185,2.500,37.602
2026-08-14T00:53:01.019284,2.302,2.500,37.602
2026-08-14T00:53:01.019436,0.155,2.500,37.602
2026-08-14T00:53:01.021735,2.298,2.521,37.602
2026-08-14T00:53:01.024043,2.305,2.521,37.602
2026-08-14T00:53:01.024193,0.154,2.521,37.602
2026-08-14T00:53:01.024331,0.140,2.499,37.602
2026-08-14T00:53:01.024465,0.135,2.498,37.602
2026-08-14T00:53:01.024655,0.186,2.498,37.602
2026-08-14T00:53:01.026969,2.312,2.520,37.602
2026-08-14T00:53:01.027139,0.174,2.509,37.602
2026-08-14T00:53:01.027276,0.140,2.508,37.602
2026-08-14T00:53:01.027410,0.133,2.508,37.602
2026-08-14T00:53:01.027565,0.155,2.509,37.602
2026-08-14T00:53:01.027693,0.129,2.498,37.602
2026-08-14T00:53:01.027840,0.125,2.487,37.602
2026-08-14T00:53:01.030145,2.317,2.487,37.602
2026-08-14T00:53:01.030288,0.150,2.487,37.602
2026-08-14T00:53:01.066776,36.478,2.497,37.602
2026-08-14T00:53:01.066941,0.170,2.497,37.602
2026-08-14T00:53:01.067085,0.148,2.497,37.602
2026-08-14T00:53:01.068882,1.782,2.492,37.602
2026-08-14T00:53:01.069045,0.174,2.492,37.602
2026-08-14T00:53:01.069187,0.146,2.481,37.602
2026-08-14T00:53:01.072545,3.354,2.513,37.602
2026-08-14T00:53:01.072691,0.148,2.481,37.602
2026-08-14T00:53:01.073929,1.234,2.492,37.602
2026-08-14T00:53:01.074089,0.156,2.492,37.602
2026-08-14T00:53:01.074306,0.214,2.492,37.602
2026-08-14T00:53:01.074466,0.171,2.471,37.602
2026-08-14T00:53:01.076953,2.456,2.494,37.602
2026-08-14T00:53:01.077163,0.232,2.495,37.602
2026-08-14T00:53:01.077312,0.157,2.495,37.602
2026-08-14T00:53:01.077468,0.157,2.495,37.602
2026-08-14T00:53:01.077608,0.141,2.495,37.602
2026-08-14T00:53:01.079896,2.286,2.517,37.602
2026-08-14T00:53:01.081146,1.245,2.496,37.602
2026-08-14T00:53:01.081294,0.156,2.496,37.602
2026-08-14T00:53:01.116861,35.520,2.497,37.602
2026-08-14T00:53:01.117035,0.214,2.492,37.602
2026-08-14T00:53:01.117171,0.144,2.491,37.602
2026-08-14T00:53:01.119458,2.282,2.502,37.602
2026-08-14T00:53:01.119600,0.145,2.502,37.602
2026-08-14T00:53:01.120827,1.214,2.513,37.602
2026-08-14T00:53:01.120971,0.157,2.491,37.602
2026-08-14T00:53:01.124318,3.346,2.523,37.602
2026-08-14T00:53:01.124459,0.143,2.512,37.602
2026-08-14T00:53:01.124589,0.131,2.512,37.602
2026-08-14T00:53:01.124763,0.172,2.511,37.602
2026-08-14T00:53:01.127081,2.315,2.533,37.602
2026-08-14T00:53:01.127248,0.171,2.510,37.602
2026-08-14T00:53:01.127384,0.138,2.510,37.602
2026-08-14T00:53:01.127511,0.127,2.510,37.602
2026-08-14T00:53:01.127645,0.134,2.509,37.602
2026-08-14T00:53:01.128881,1.231,2.499,37.602
2026-08-14T00:53:01.129021,0.144,2.499,37.602
2026-08-14T00:53:01.129149,0.129,2.499,37.602
2026-08-14T00:53:01.129275,0.127,2.499,37.602
2026-08-14T00:53:01.167000,37.680,2.500,37.680
2026-08-14T00:53:01.167182,0.216,2.500,37.680
2026-08-14T00:53:01.167327,0.152,2.500,37.680
2026-08-14T00:53:01.169628,2.296,2.500,37.680
2026-08-14T00:53:01.169780,0.156,2.500,37.680
2026-08-14T00:53:01.169938,0.157,2.489,37.680
2026-08-14T00:53:01.172240,2.297,2.489,37.680
2026-08-14T00:53:01.172389,0.154,2.489,37.680
2026-08-14T00:53:01.174690,2.300,2.500,37.680
2026-08-14T00:53:01.174841,0.144,2.500,37.680
2026-08-14T00:53:01.175025,0.193,2.500,37.680
2026-08-14T00:53:01.175165,0.143,2.489,37.680
2026-08-14T00:53:01.176415,1.245,2.500,37.680
2026-08-14T00:53:01.176557,0.146,2.500,37.680
2026-08-14T00:53:01.176685,0.130,2.478,37.680
2026-08-14T00:53:01.176839,0.140,2.478,37.680
2026-08-14T00:53:01.178059,1.227,2.489,37.680
2026-08-14T00:53:01.179273,1.216,2.500,37.680
2026-08-14T00:53:01.181572,2.299,2.500,37.680
2026-08-14T00:53:01.181709,0.140,2.500,37.680
2026-08-14T00:53:01.217306,35.538,2.500,37.680
2026-08-14T00:53:01.217500,0.246,2.500,37.680
2026-08-14T00:53:01.217639,0.146,2.500,37.680
2026-08-14T00:53:01.218865,1.222,2.500,37.680
2026-08-14T00:53:01.219013,0.151,2.500,37.680
2026-08-14T00:53:01.221299,2.285,2.521,37.680
2026-08-14T00:53:01.221438,0.141,2.489,37.680
2026-08-14T00:53:01.224831,3.379,2.521,37.680
2026-08-14T00:53:01.224977,0.158,2.511,37.680
2026-08-14T00:53:01.225108,0.134,2.511,37.680
2026-08-14T00:53:01.225288,0.177,2.511,37.680
2026-08-14T00:53:01.226523,1.234,2.521,37.680
2026-08-14T00:53:01.226689,0.168,2.500,37.680
2026-08-14T00:53:01.226837,0.138,2.500,37.680
2026-08-14T00:53:01.226977,0.149,2.500,37.680
2026-08-14T00:53:01.229276,2.298,2.521,37.680
2026-08-14T00:53:01.229417,0.144,2.511,37.680
2026-08-14T00:53:01.229545,0.130,2.499,37.680
2026-08-14T00:53:01.231836,2.274,2.509,37.680
2026-08-14T00:53:01.231980,0.157,2.509,37.680
2026-08-14T00:53:01.267392,35.405,2.508,37.680
2026-08-14T00:53:01.267542,0.156,2.507,37.680
2026-08-14T00:53:01.267677,0.137,2.507,37.680
2026-08-14T00:53:01.269430,1.741,2.501,37.680
2026-08-14T00:53:01.269580,0.161,2.501,37.680
2026-08-14T00:53:01.269713,0.137,2.480,37.680
2026-08-14T00:53:01.269854,0.128,2.458,37.680
2026-08-14T00:53:01.272140,2.293,2.479,37.680
2026-08-14T00:53:01.272281,0.145,2.480,37.680
2026-08-14T00:53:01.272406,0.128,2.479,37.680
2026-08-14T00:53:01.272567,0.158,2.479,37.680
2026-08-14T00:53:01.273799,1.229,2.468,37.680
2026-08-14T00:53:01.273976,0.177,2.468,37.680
2026-08-14T00:53:01.274110,0.138,2.468,37.680
2026-08-14T00:53:01.274236,0.127,2.468,37.680
2026-08-14T00:53:01.276623,2.356,2.490,37.680
2026-08-14T00:53:01.278937,2.337,2.512,37.680
2026-08-14T00:53:01.279072,0.143,2.513,37.680
2026-08-14T00:53:01.279193,0.123,2.491,37.680
2026-08-14T00:53:01.279311,0.119,2.490,37.680
2026-08-14T00:53:01.317127,37.735,2.503,37.735
2026-08-14T00:53:01.317349,0.278,2.504,37.735
2026-08-14T00:53:01.317520,0.182,2.504,37.735
2026-08-14T00:53:01.318750,1.232,2.499,37.735
2026-08-14T00:53:01.318920,0.171,2.499,37.735
2026-08-14T00:53:01.319071,0.154,2.499,37.735
2026-08-14T00:53:01.319206,0.137,2.467,37.735
2026-08-14T00:53:01.321487,2.278,2.488,37.735
2026-08-14T00:53:01.321630,0.146,2.477,37.735
2026-08-14T00:53:01.321759,0.131,2.477,37.735
2026-08-14T00:53:01.321947,0.184,2.477,37.735
2026-08-14T00:53:01.323188,1.240,2.487,37.735
2026-08-14T00:53:01.323353,0.168,2.464,37.735
2026-08-14T00:53:01.324570,1.216,2.474,37.735
2026-08-14T00:53:01.324715,0.145,2.474,37.735
2026-08-14T00:53:01.327012,2.294,2.495,37.735
2026-08-14T00:53:01.327152,0.145,2.495,37.735
2026-08-14T00:53:01.328363,1.209,2.485,37.735
2026-08-14T00:53:01.328501,0.139,2.474,37.735
2026-08-14T00:53:01.328629,0.131,2.473,37.735
2026-08-14T00:53:01.366324,37.648,2.495,37.735
2026-08-14T00:53:01.366515,0.225,2.495,37.735
2026-08-14T00:53:01.366662,0.155,2.495,37.735
2026-08-14T00:53:01.368959,2.293,2.495,37.735
2026-08-14T00:53:01.369112,0.156,2.495,37.735
2026-08-14T00:53:01.369253,0.144,2.484,37.735
2026-08-14T00:53:01.371566,2.306,2.506,37.735
2026-08-14T00:53:01.371718,0.154,2.474,37.735
2026-08-14T00:53:01.371890,0.168,2.474,37.735
2026-08-14T00:53:01.372043,0.159,2.474,37.735
2026-08-14T00:53:01.372236,0.191,2.475,37.735
2026-08-14T00:53:01.373478,1.243,2.464,37.735
2026-08-14T00:53:01.374738,1.260,2.475,37.735
2026-08-14T00:53:01.374904,0.166,2.475,37.735
2026-08-14T00:53:01.376138,1.235,2.486,37.735
2026-08-14T00:53:01.376289,0.154,2.486,37.735
2026-08-14T00:53:01.378567,2.275,2.497,37.735
2026-08-14T00:53:01.378704,0.140,2.497,37.735
2026-08-14T00:53:01.378843,0.128,2.497,37.735
2026-08-14T00:53:01.378981,0.148,2.497,37.735
2026-08-14T00:53:01.416556,37.563,2.496,37.735
2026-08-14T00:53:01.416713,0.163,2.495,37.735
2026-08-14T00:53:01.416865,0.154,2.495,37.735
2026-08-14T00:53:01.419164,2.296,2.495,37.735
2026-08-14T00:53:01.419315,0.154,2.495,37.735
2026-08-14T00:53:01.419453,0.140,2.495,37.735
2026-08-14T00:53:01.421737,2.281,2.495,37.735
2026-08-14T00:53:01.421892,0.156,2.495,37.735
2026-08-14T00:53:01.422034,0.145,2.473,37.735
2026-08-14T00:53:01.422166,0.134,2.473,37.735
2026-08-14T00:53:01.422336,0.166,2.473,37.735
2026-08-14T00:53:01.424651,2.313,2.495,37.735
2026-08-14T00:53:01.424834,0.176,2.484,37.735
2026-08-14T00:53:01.424981,0.160,2.484,37.735
2026-08-14T00:53:01.426216,1.234,2.495,37.735
2026-08-14T00:53:01.428496,2.281,2.517,37.735
2026-08-14T00:53:01.429701,1.205,2.516,37.735
2026-08-14T00:53:01.429834,0.129,2.506,37.735
2026-08-14T00:53:01.431052,1.222,2.495,37.735
2026-08-14T00:53:01.431179,0.131,2.495,37.735
2026-08-14T00:53:01.466704,35.480,2.494,37.735
2026-08-14T00:53:01.466898,0.227,2.494,37.735
2026-08-14T00:53:01.467045,0.154,2.494,37.735
2026-08-14T00:53:01.468304,1.230,2.494,37.735
2026-08-14T00:53:01.468488,0.206,2.495,37.735
2026-08-14T00:53:01.468638,0.156,2.473,37.735
2026-08-14T00:53:01.471511,2.861,2.501,37.735
2026-08-14T00:53:01.471674,0.172,2.469,37.735
2026-08-14T00:53:01.471833,0.148,2.468,37.735
2026-08-14T00:53:01.471985,0.165,2.469,37.735
2026-08-14T00:53:01.472179,0.194,2.469,37.735
2026-08-14T00:53:01.474517,2.331,2.480,37.735
2026-08-14T00:53:01.474710,0.198,2.480,37.735
2026-08-14T00:53:01.474873,0.164,2.480,37.735
2026-08-14T00:53:01.476179,1.282,2.492,37.735
2026-08-14T00:53:01.476378,0.217,2.471,37.735
2026-08-14T00:53:01.478672,2.301,2.493,37.735
2026-08-14T00:53:01.478823,0.146,2.493,37.735
2026-08-14T00:53:01.478957,0.145,2.471,37.735
2026-08-14T00:53:01.479079,0.124,2.471,37.735
2026-08-14T00:53:01.516900,37.738,2.494,37.738
2026-08-14T00:53:01.517127,0.289,2.496,37.738
2026-08-14T00:53:01.517282,0.166,2.496,37.738
2026-08-14T00:53:01.518510,1.227,2.491,37.738
2026-08-14T00:53:01.518663,0.156,2.491,37.738
2026-08-14T00:53:01.518805,0.144,2.491,37.738
2026-08-14T00:53:01.522180,3.372,2.523,37.738
2026-08-14T00:53:01.522322,0.146,2.502,37.738
2026-08-14T00:53:01.522454,0.134,2.502,37.738
2026-08-14T00:53:01.522581,0.128,2.502,37.738
2026-08-14T00:53:01.522759,0.175,2.502,37.738
2026-08-14T00:53:01.524008,1.246,2.502,37.738
2026-08-14T00:53:01.524177,0.171,2.502,37.738
2026-08-14T00:53:01.524314,0.139,2.502,37.738
2026-08-14T00:53:01.526605,2.288,2.524,37.738
2026-08-14T00:53:01.526756,0.154,2.502,37.738
2026-08-14T00:53:01.529031,2.269,2.501,37.738
2026-08-14T00:53:01.529171,0.145,2.501,37.738
2026-08-14T00:53:01.530381,1.208,2.512,37.738
2026-08-14T00:53:01.530513,0.136,2.512,37.738
2026-08-14T00:53:01.563896,33.345,2.468,37.738
2026-08-14T00:53:01.566234,2.360,2.489,37.738
2026-08-14T00:53:01.566389,0.164,2.489,37.738
2026-08-14T00:53:01.566527,0.141,2.478,37.738
2026-08-14T00:53:01.568831,2.287,2.499,37.738
2026-08-14T00:53:01.568983,0.166,2.499,37.738
2026-08-14T00:53:01.569123,0.143,2.499,37.738
2026-08-14T00:53:01.571435,2.306,2.499,37.738
2026-08-14T00:53:01.571584,0.153,2.500,37.738
2026-08-14T00:53:01.571722,0.140,2.500,37.738
2026-08-14T00:53:01.571870,0.146,2.499,37.738
2026-08-14T00:53:01.572070,0.196,2.489,37.738
2026-08-14T00:53:01.573312,1.243,2.500,37.738
2026-08-14T00:53:01.574573,1.261,2.500,37.738
2026-08-14T00:53:01.574717,0.150,2.500,37.738
2026-08-14T00:53:01.575940,1.220,2.489,37.738
2026-08-14T00:53:01.576089,0.152,2.489,37.738
2026-08-14T00:53:01.578367,2.276,2.500,37.738
2026-08-14T00:53:01.578502,0.137,2.500,37.738
2026-08-14T00:53:01.578627,0.128,2.500,37.738
2026-08-14T00:53:01.578754,0.126,2.125,37.738
2026-08-14T00:53:01.616312,37.545,2.498,37.738
2026-08-14T00:53:01.616465,0.159,2.498,37.738
2026-08-14T00:53:01.616599,0.138,2.476,37.738
2026-08-14T00:53:01.617824,1.212,2.487,37.738
2026-08-14T00:53:01.620120,2.304,2.509,37.738
2026-08-14T00:53:01.621361,1.241,2.498,37.738
2026-08-14T00:53:01.621504,0.146,2.498,37.738
2026-08-14T00:53:01.621635,0.133,2.498,37.738
2026-08-14T00:53:01.623938,2.291,2.519,37.738
2026-08-14T00:53:01.624094,0.162,2.519,37.738
2026-08-14T00:53:01.624268,0.175,2.508,37.738
2026-08-14T00:53:01.626575,2.308,2.518,37.738
2026-08-14T00:53:01.626737,0.164,2.518,37.738
2026-08-14T00:53:01.629046,2.306,2.529,37.738
2026-08-14T00:53:01.629187,0.144,2.529,37.738
2026-08-14T00:53:01.629323,0.139,2.508,37.738
2026-08-14T00:53:01.631598,2.271,2.529,37.738
2026-08-14T00:53:01.631731,0.136,2.529,37.738
2026-08-14T00:53:01.631869,0.137,2.529,37.738
2026-08-14T00:53:01.632000,0.133,2.155,37.738
2026-08-14T00:53:01.666535,34.480,2.498,37.738
2026-08-14T00:53:01.666746,0.248,2.499,37.738
2026-08-14T00:53:01.666924,0.187,2.478,37.738
2026-08-14T00:53:01.669258,2.321,2.499,37.738
2026-08-14T00:53:01.669440,0.192,2.500,37.738
2026-08-14T00:53:01.669594,0.159,2.479,37.738
2026-08-14T00:53:01.671495,1.864,2.496,37.738
2026-08-14T00:53:01.671690,0.224,2.496,37.738
2026-08-14T00:53:01.671879,0.191,2.497,37.738
2026-08-14T00:53:01.672038,0.166,2.497,37.738
2026-08-14T00:53:01.672237,0.195,2.476,37.738
2026-08-14T00:53:01.673532,1.281,2.487,37.738
2026-08-14T00:53:01.673806,0.281,2.488,37.738
2026-08-14T00:53:01.673996,0.196,2.478,37.738
2026-08-14T00:53:01.675245,1.247,2.467,37.738
2026-08-14T00:53:01.679880,4.577,2.501,37.738
2026-08-14T00:53:01.680053,0.242,2.502,37.738
2026-08-14T00:53:01.680177,0.130,2.491,37.738
2026-08-14T00:53:01.680287,0.113,2.491,37.738
2026-08-14T00:53:01.680396,0.109,2.137,37.738
2026-08-14T00:53:01.717054,36.602,2.501,37.738
2026-08-14T00:53:01.717258,0.239,2.502,37.738
2026-08-14T00:53:01.717416,0.165,2.491,37.738
2026-08-14T00:53:01.718648,1.229,2.502,37.738
2026-08-14T00:53:01.718823,0.164,2.502,37.738
2026-08-14T00:53:01.718983,0.173,2.475,37.738
2026-08-14T00:53:01.721272,2.290,2.496,37.738
2026-08-14T00:53:01.721423,0.152,2.496,37.738
2026-08-14T00:53:01.721560,0.140,2.496,37.738
2026-08-14T00:53:01.721691,0.133,2.495,37.738
2026-08-14T00:53:01.721889,0.193,2.474,37.738
2026-08-14T00:53:01.723136,1.246,2.484,37.738
2026-08-14T00:53:01.724400,1.264,2.495,37.738
2026-08-14T00:53:01.724549,0.153,2.484,37.738
2026-08-14T00:53:01.726852,2.293,2.505,37.738
2026-08-14T00:53:01.729179,2.332,2.505,37.738
2026-08-14T00:53:01.729323,0.150,2.505,37.738
2026-08-14T00:53:01.729453,0.131,2.505,37.738
2026-08-14T00:53:01.729579,0.128,2.505,37.738
2026-08-14T00:53:01.729707,0.127,2.129,37.545
2026-08-14T00:53:01.766496,36.708,2.493,37.545
2026-08-14T00:53:01.766719,0.288,2.494,37.545
2026-08-14T00:53:01.766891,0.181,2.484,37.545
2026-08-14T00:53:01.769202,2.309,2.505,37.545
2026-08-14T00:53:01.769357,0.159,2.505,37.545
2026-08-14T00:53:01.769504,0.148,2.473,37.545
2026-08-14T00:53:01.771837,2.314,2.495,37.545
2026-08-14T00:53:01.771995,0.176,2.495,37.545
2026-08-14T00:53:01.772137,0.145,2.496,37.545
2026-08-14T00:53:01.772276,0.139,2.495,37.545
2026-08-14T00:53:01.772468,0.189,2.485,37.545
2026-08-14T00:53:01.773722,1.253,2.495,37.545
2026-08-14T00:53:01.773908,0.187,2.496,37.545
2026-08-14T00:53:01.774053,0.149,2.475,37.545
2026-08-14T00:53:01.776349,2.291,2.496,37.545
2026-08-14T00:53:01.776502,0.158,2.475,37.545
2026-08-14T00:53:01.778781,2.277,2.496,37.545
2026-08-14T00:53:01.778931,0.151,2.486,37.545
2026-08-14T00:53:01.779066,0.137,2.486,37.545
2026-08-14T00:53:01.779197,0.130,2.153,37.545
2026-08-14T00:53:01.816876,37.644,2.506,37.644
2026-08-14T00:53:01.817049,0.200,2.507,37.644
2026-08-14T00:53:01.817192,0.148,2.507,37.644
2026-08-14T00:53:01.818414,1.218,2.496,37.644
2026-08-14T00:53:01.818562,0.151,2.496,37.644
2026-08-14T00:53:01.818702,0.142,2.496,37.644
2026-08-14T00:53:01.821001,2.294,2.496,37.644
2026-08-14T00:53:01.821148,0.150,2.496,37.644
2026-08-14T00:53:01.822381,1.232,2.507,37.644
2026-08-14T00:53:01.822524,0.145,2.507,37.644
2026-08-14T00:53:01.822712,0.184,2.506,37.644
2026-08-14T00:53:01.823963,1.250,2.506,37.644
2026-08-14T00:53:01.824140,0.180,2.496,37.644
2026-08-14T00:53:01.824283,0.146,2.496,37.644
2026-08-14T00:53:01.826577,2.295,2.506,37.644
2026-08-14T00:53:01.828868,2.289,2.528,37.644
2026-08-14T00:53:01.829000,0.136,2.506,37.644
2026-08-14T00:53:01.829121,0.123,2.506,37.644
2026-08-14T00:53:01.830330,1.205,2.517,37.644
2026-08-14T00:53:01.830459,0.131,2.517,37.644
2026-08-14T00:53:01.866940,36.468,2.506,37.644
2026-08-14T00:53:01.867087,0.154,2.506,37.644
2026-08-14T00:53:01.867222,0.138,2.506,37.644
2026-08-14T00:53:01.868436,1.211,2.506,37.644
2026-08-14T00:53:01.868580,0.145,2.485,37.644
2026-08-14T00:53:01.868714,0.136,2.474,37.644
2026-08-14T00:53:01.871565,2.837,2.500,37.644
2026-08-14T00:53:01.871750,0.191,2.501,37.644
2026-08-14T00:53:01.871929,0.178,2.480,37.644
2026-08-14T00:53:01.872076,0.153,2.480,37.644
2026-08-14T00:53:01.872257,0.181,2.480,37.644
2026-08-14T00:53:01.874580,2.319,2.480,37.644
2026-08-14T00:53:01.874759,0.181,2.480,37.644
2026-08-14T00:53:01.874918,0.161,2.459,37.644
2026-08-14T00:53:01.876188,1.266,2.470,37.644
2026-08-14T00:53:01.876352,0.167,2.470,37.644
2026-08-14T00:53:01.878738,2.359,2.471,37.644
2026-08-14T00:53:01.878913,0.203,2.472,37.644
2026-08-14T00:53:01.879045,0.139,2.472,37.644
2026-08-14T00:53:01.879163,0.120,2.472,37.644
2026-08-14T00:53:01.916806,37.603,2.503,37.644
2026-08-14T00:53:01.917005,0.222,2.503,37.644
2026-08-14T00:53:01.917152,0.155,2.502,37.644
2026-08-14T00:53:01.918377,1.223,2.491,37.644
2026-08-14T00:53:01.918532,0.156,2.491,37.644
2026-08-14T00:53:01.918676,0.147,2.491,37.644
2026-08-14T00:53:01.922028,3.350,2.506,37.644
2026-08-14T00:53:01.922172,0.146,2.505,37.644
2026-08-14T00:53:01.922304,0.135,2.504,37.644
2026-08-14T00:53:01.922429,0.126,2.504,37.644
2026-08-14T00:53:01.922607,0.173,2.504,37.644
2026-08-14T00:53:01.923853,1.235,2.503,37.644
2026-08-14T00:53:01.924024,0.183,2.502,37.644
2026-08-14T00:53:01.924161,0.140,2.502,37.644
2026-08-14T00:53:01.926453,2.288,2.512,37.644
2026-08-14T00:53:01.926602,0.152,2.468,37.644
2026-08-14T00:53:01.928890,2.285,2.488,37.644
2026-08-14T00:53:01.929027,0.141,2.488,37.644
2026-08-14T00:53:01.930237,1.207,2.499,37.644
2026-08-14T00:53:01.930375,0.141,2.500,37.644
2026-08-14T00:53:01.967095,36.641,2.500,37.644
2026-08-14T00:53:01.967336,0.300,2.501,37.644
2026-08-14T00:53:01.967487,0.170,2.501,37.644
2026-08-14T00:53:01.968705,1.215,2.501,37.644
2026-08-14T00:53:01.968860,0.156,2.501,37.644
2026-08-14T00:53:01.969004,0.146,2.500,37.644
2026-08-14T00:53:01.971284,2.276,2.500,37.644
2026-08-14T00:53:01.971426,0.144,2.500,37.644
2026-08-14T00:53:01.971555,0.132,2.500,37.644
2026-08-14T00:53:01.971682,0.128,2.500,37.644
2026-08-14T00:53:01.971875,0.185,2.500,37.644
2026-08-14T00:53:01.974192,2.318,2.511,37.644
2026-08-14T00:53:01.974359,0.170,2.500,37.644
2026-08-14T00:53:01.974497,0.140,2.499,37.644
2026-08-14T00:53:01.976793,2.293,2.499,37.644
2026-08-14T00:53:01.976959,0.167,2.478,37.644
2026-08-14T00:53:01.979280,2.318,2.500,37.644
2026-08-14T00:53:01.979421,0.145,2.500,37.644
2026-08-14T00:53:01.979549,0.130,2.500,37.644
2026-08-14T00:53:01.979676,0.128,2.500,37.644
2026-08-14T00:53:02.016160,36.470,2.497,37.644
2026-08-14T00:53:02.016318,0.166,2.496,37.644
2026-08-14T00:53:02.016455,0.141,2.496,37.644
2026-08-14T00:53:02.018746,2.286,2.495,37.644
2026-08-14T00:53:02.018903,0.158,2.495,37.644
2026-08-14T00:53:02.019048,0.148,2.495,37.644
2026-08-14T00:53:02.022426,3.373,2.506,37.644
2026-08-14T00:53:02.022574,0.151,2.506,37.644
2026-08-14T00:53:02.022709,0.139,2.506,37.644
2026-08-14T00:53:02.022847,0.127,2.506,37.644
2026-08-14T00:53:02.023018,0.180,2.506,37.644
2026-08-14T00:53:02.024257,1.236,2.505,37.644
2026-08-14T00:53:02.024424,0.170,2.505,37.644
2026-08-14T00:53:02.024558,0.137,2.505,37.644
2026-08-14T00:53:02.026859,2.296,2.505,37.644
2026-08-14T00:53:02.027009,0.154,2.505,37.644
2026-08-14T00:53:02.029286,2.275,2.505,37.644
2026-08-14T00:53:02.029422,0.138,2.505,37.644
2026-08-14T00:53:02.030650,1.223,2.516,37.644
2026-08-14T00:53:02.030789,0.143,2.516,37.644
2026-08-14T00:53:02.066221,35.422,2.494,37.603
2026-08-14T00:53:02.066371,0.156,2.493,37.603
2026-08-14T00:53:02.066504,0.137,2.493,37.603
2026-08-14T00:53:02.068794,2.284,2.504,37.603
2026-08-14T00:53:02.068954,0.161,2.504,37.603
2026-08-14T00:53:02.069092,0.141,2.504,37.603
2026-08-14T00:53:02.071960,2.853,2.509,37.603
2026-08-14T00:53:02.072118,0.169,2.510,37.603
2026-08-14T00:53:02.072256,0.142,2.499,37.603
2026-08-14T00:53:02.072389,0.134,2.499,37.603
2026-08-14T00:53:02.072562,0.170,2.499,37.603
2026-08-14T00:53:02.073819,1.243,2.498,37.603
2026-08-14T00:53:02.073998,0.191,2.499,37.603
2026-08-14T00:53:02.074142,0.147,2.499,37.603
2026-08-14T00:53:02.076516,2.361,2.499,37.603
2026-08-14T00:53:02.076678,0.176,2.478,37.603
2026-08-14T00:53:02.079019,2.324,2.500,37.603
2026-08-14T00:53:02.079181,0.175,2.501,37.603
2026-08-14T00:53:02.079313,0.138,2.490,37.603
2026-08-14T00:53:02.079435,0.125,2.490,37.603
2026-08-14T00:53:02.117272,37.768,2.503,37.768
2026-08-14T00:53:02.117469,0.254,2.504,37.768
2026-08-14T00:53:02.117607,0.147,2.504,37.768
2026-08-14T00:53:02.118830,1.210,2.504,37.768
2026-08-14T00:53:02.118977,0.159,2.504,37.768
2026-08-14T00:53:02.119112,0.137,2.504,37.768
2026-08-14T00:53:02.121389,2.273,2.498,37.768
2026-08-14T00:53:02.121530,0.143,2.498,37.768
2026-08-14T00:53:02.121659,0.131,2.497,37.768
2026-08-14T00:53:02.121785,0.126,2.497,37.768
2026-08-14T00:53:02.121974,0.185,2.497,37.768
2026-08-14T00:53:02.124286,2.311,2.497,37.768
2026-08-14T00:53:02.124452,0.168,2.497,37.768
2026-08-14T00:53:02.124588,0.138,2.497,37.768
2026-08-14T00:53:02.126888,2.296,2.507,37.768
2026-08-14T00:53:02.127041,0.155,2.507,37.768
2026-08-14T00:53:02.129313,2.273,2.506,37.768
2026-08-14T00:53:02.129441,0.132,2.505,37.768
2026-08-14T00:53:02.130640,1.196,2.516,37.768
2026-08-14T00:53:02.130768,0.130,2.516,37.768
2026-08-14T00:53:02.166262,35.455,2.495,37.768
2026-08-14T00:53:02.166446,0.211,2.494,37.768
2026-08-14T00:53:02.166592,0.154,2.494,37.768
2026-08-14T00:53:02.168922,2.323,2.505,37.768
2026-08-14T00:53:02.169077,0.160,2.505,37.768
2026-08-14T00:53:02.169218,0.144,2.505,37.768
2026-08-14T00:53:02.171502,2.281,2.495,37.768
2026-08-14T00:53:02.171641,0.143,2.495,37.768
2026-08-14T00:53:02.171769,0.130,2.495,37.768
2026-08-14T00:53:02.171911,0.141,2.495,37.768
2026-08-14T00:53:02.172090,0.177,2.495,37.768
2026-08-14T00:53:02.174397,2.304,2.506,37.768
2026-08-14T00:53:02.174563,0.170,2.505,37.768
2026-08-14T00:53:02.174698,0.137,2.505,37.768
2026-08-14T00:53:02.175928,1.225,2.495,37.768
2026-08-14T00:53:02.176081,0.155,2.495,37.768
2026-08-14T00:53:02.178358,2.277,2.495,37.768
2026-08-14T00:53:02.178493,0.138,2.495,37.768
2026-08-14T00:53:02.178619,0.127,2.484,37.768
2026-08-14T00:53:02.178745,0.126,2.484,37.768
2026-08-14T00:53:02.216507,37.697,2.494,37.768
2026-08-14T00:53:02.216708,0.254,2.494,37.768
2026-08-14T00:53:02.216866,0.165,2.494,37.768
2026-08-14T00:53:02.219161,2.294,2.505,37.768
2026-08-14T00:53:02.219304,0.147,2.504,37.768
2026-08-14T00:53:02.219440,0.137,2.504,37.768
2026-08-14T00:53:02.221720,2.276,2.504,37.768
2026-08-14T00:53:02.221873,0.154,2.504,37.768
2026-08-14T00:53:02.222011,0.140,2.505,37.768
2026-08-14T00:53:02.222138,0.129,2.505,37.768
2026-08-14T00:53:02.222315,0.175,2.504,37.768
2026-08-14T00:53:02.224621,2.303,2.504,37.768
2026-08-14T00:53:02.224788,0.169,2.504,37.768
2026-08-14T00:53:02.224937,0.150,2.504,37.768
2026-08-14T00:53:02.226167,1.227,2.494,37.768
2026-08-14T00:53:02.229530,3.363,2.526,37.768
2026-08-14T00:53:02.229668,0.142,2.504,37.768
2026-08-14T00:53:02.229798,0.131,2.504,37.768
2026-08-14T00:53:02.229945,0.146,2.504,37.768
2026-08-14T00:53:02.230075,0.132,2.504,37.768
2026-08-14T00:53:02.266585,36.499,2.504,37.768
2026-08-14T00:53:02.266734,0.155,2.504,37.768
2026-08-14T00:53:02.266885,0.151,2.504,37.768
2026-08-14T00:53:02.269182,2.294,2.504,37.768
2026-08-14T00:53:02.269327,0.148,2.504,37.768
2026-08-14T00:53:02.269462,0.138,2.504,37.768
2026-08-14T00:53:02.272320,2.844,2.499,37.768
2026-08-14T00:53:02.272478,0.166,2.499,37.768
2026-08-14T00:53:02.272616,0.142,2.499,37.768
2026-08-14T00:53:02.272749,0.135,2.499,37.768
2026-08-14T00:53:02.272952,0.196,2.499,37.768
2026-08-14T00:53:02.273111,0.162,2.489,37.768
2026-08-14T00:53:02.274380,1.266,2.500,37.768
2026-08-14T00:53:02.274535,0.159,2.500,37.768
2026-08-14T00:53:02.275771,1.232,2.489,37.768
2026-08-14T00:53:02.275945,0.177,2.489,37.768
2026-08-14T00:53:02.278269,2.317,2.490,37.768
2026-08-14T00:53:02.278409,0.152,2.490,37.768
2026-08-14T00:53:02.278527,0.122,2.479,37.768
2026-08-14T00:53:02.278646,0.118,2.479,37.768
2026-08-14T00:53:02.316317,37.618,2.501,37.768
2026-08-14T00:53:02.316539,0.258,2.502,37.768
2026-08-14T00:53:02.316691,0.162,2.502,37.768
2026-08-14T00:53:02.318992,2.298,2.502,37.768
2026-08-14T00:53:02.319147,0.158,2.502,37.768
2026-08-14T00:53:02.319282,0.139,2.502,37.768
2026-08-14T00:53:02.321563,2.276,2.496,37.768
2026-08-14T00:53:02.321703,0.145,2.496,37.768
2026-08-14T00:53:02.321850,0.129,2.496,37.768
2026-08-14T00:53:02.321991,0.158,2.496,37.768
2026-08-14T00:53:02.322170,0.177,2.496,37.768
2026-08-14T00:53:02.324477,2.305,2.507,37.768
2026-08-14T00:53:02.324643,0.168,2.506,37.768
2026-08-14T00:53:02.324779,0.139,2.506,37.768
2026-08-14T00:53:02.327084,2.300,2.506,37.768
2026-08-14T00:53:02.327235,0.155,2.506,37.768
2026-08-14T00:53:02.329517,2.277,2.505,37.768
2026-08-14T00:53:02.329656,0.144,2.505,37.768
2026-08-14T00:53:02.330869,1.211,2.516,37.768
2026-08-14T00:53:02.331005,0.139,2.516,37.768
2026-08-14T00:53:02.366532,35.487,2.493,37.697
2026-08-14T00:53:02.366715,0.213,2.492,37.697
2026-08-14T00:53:02.366875,0.163,2.493,37.697
2026-08-14T00:53:02.369190,2.310,2.504,37.697
2026-08-14T00:53:02.369345,0.160,2.504,37.697
2026-08-14T00:53:02.369487,0.146,2.504,37.697
2026-08-14T00:53:02.371771,2.280,2.504,37.697
2026-08-14T00:53:02.371929,0.158,2.504,37.697
2026-08-14T00:53:02.372080,0.151,2.504,37.697
2026-08-14T00:53:02.372210,0.135,2.504,37.697
2026-08-14T00:53:02.372381,0.169,2.504,37.697
2026-08-14T00:53:02.374690,2.306,2.504,37.697
2026-08-14T00:53:02.374872,0.182,2.504,37.697
2026-08-14T00:53:02.375017,0.148,2.504,37.697
2026-08-14T00:53:02.376242,1.222,2.494,37.697
2026-08-14T00:53:02.376391,0.152,2.494,37.697
2026-08-14T00:53:02.378668,2.275,2.494,37.697
2026-08-14T00:53:02.378804,0.139,2.494,37.697
2026-08-14T00:53:02.378952,0.147,2.483,37.697
2026-08-14T00:53:02.379082,0.132,2.483,37.697
2026-08-14T00:53:02.416626,37.528,2.504,37.697
2026-08-14T00:53:02.416785,0.167,2.503,37.697
2026-08-14T00:53:02.416940,0.159,2.503,37.697
2026-08-14T00:53:02.419242,2.299,2.503,37.697
2026-08-14T00:53:02.419388,0.150,2.503,37.697
2026-08-14T00:53:02.419525,0.139,2.503,37.697
2026-08-14T00:53:02.421829,2.287,2.503,37.697
2026-08-14T00:53:02.421979,0.163,2.503,37.697
2026-08-14T00:53:02.422114,0.139,2.503,37.697
2026-08-14T00:53:02.422243,0.129,2.503,37.697
2026-08-14T00:53:02.422411,0.166,2.503,37.697
2026-08-14T00:53:02.424716,2.303,2.503,37.697
2026-08-14T00:53:02.424893,0.178,2.503,37.697
2026-08-14T00:53:02.425035,0.145,2.503,37.697
2026-08-14T00:53:02.426256,1.219,2.503,37.697
2026-08-14T00:53:02.429615,3.358,2.535,37.697
2026-08-14T00:53:02.429750,0.139,2.514,37.697
2026-08-14T00:53:02.429890,0.139,2.514,37.697
2026-08-14T00:53:02.430021,0.133,2.514,37.697
2026-08-14T00:53:02.430146,0.127,2.514,37.697
2026-08-14T00:53:02.466836,36.613,2.503,37.618
2026-08-14T00:53:02.467040,0.268,2.503,37.618
2026-08-14T00:53:02.467180,0.151,2.503,37.618
2026-08-14T00:53:02.468395,1.211,2.492,37.618
2026-08-14T00:53:02.468540,0.147,2.492,37.618
2026-08-14T00:53:02.468672,0.135,2.492,37.618
2026-08-14T00:53:02.472558,3.868,2.508,37.618
2026-08-14T00:53:02.472714,0.168,2.508,37.618
2026-08-14T00:53:02.472867,0.155,2.509,37.618
2026-08-14T00:53:02.473006,0.142,2.509,37.618
2026-08-14T00:53:02.473186,0.179,2.509,37.618
2026-08-14T00:53:02.474423,1.234,2.498,37.618
2026-08-14T00:53:02.474591,0.170,2.498,37.618
2026-08-14T00:53:02.474727,0.139,2.498,37.618
2026-08-14T00:53:02.475951,1.220,2.498,37.618
2026-08-14T00:53:02.476100,0.152,2.466,37.618
2026-08-14T00:53:02.478389,2.282,2.487,37.618
2026-08-14T00:53:02.478534,0.149,2.487,37.618
2026-08-14T00:53:02.478664,0.134,2.487,37.618
2026-08-14T00:53:02.478793,0.128,2.487,37.618
2026-08-14T00:53:02.516515,37.668,2.499,37.668
2026-08-14T00:53:02.516717,0.242,2.500,37.668
2026-08-14T00:53:02.516882,0.171,2.500,37.668
2026-08-14T00:53:02.519192,2.309,2.500,37.668
2026-08-14T00:53:02.519345,0.157,2.500,37.668
2026-08-14T00:53:02.519486,0.144,2.500,37.668
2026-08-14T00:53:02.521777,2.285,2.495,37.668
2026-08-14T00:53:02.521940,0.165,2.495,37.668
2026-08-14T00:53:02.522112,0.171,2.495,37.668
2026-08-14T00:53:02.522252,0.144,2.495,37.668
2026-08-14T00:53:02.522440,0.186,2.495,37.668
2026-08-14T00:53:02.523688,1.245,2.506,37.668
2026-08-14T00:53:02.523879,0.193,2.495,37.668
2026-08-14T00:53:02.524035,0.158,2.495,37.668
2026-08-14T00:53:02.527405,3.372,2.516,37.668
2026-08-14T00:53:02.527548,0.146,2.516,37.668
2026-08-14T00:53:02.528753,1.201,2.505,37.668
2026-08-14T00:53:02.528894,0.144,2.505,37.668
2026-08-14T00:53:02.530101,1.205,2.516,37.668
2026-08-14T00:53:02.530232,0.134,2.516,37.668
2026-08-14T00:53:02.563614,33.345,2.473,37.668
2026-08-14T00:53:02.567011,3.421,2.505,37.668
2026-08-14T00:53:02.567159,0.157,2.505,37.668
2026-08-14T00:53:02.567288,0.132,2.483,37.668
2026-08-14T00:53:02.568500,1.207,2.494,37.668
2026-08-14T00:53:02.568638,0.141,2.494,37.668
2026-08-14T00:53:02.568770,0.133,2.472,37.668
2026-08-14T00:53:02.572139,3.364,2.504,37.668
2026-08-14T00:53:02.572277,0.142,2.504,37.668
2026-08-14T00:53:02.572406,0.131,2.504,37.668
2026-08-14T00:53:02.572532,0.126,2.504,37.668
2026-08-14T00:53:02.572703,0.168,2.482,37.668
2026-08-14T00:53:02.573939,1.233,2.493,37.668
2026-08-14T00:53:02.574107,0.170,2.493,37.668
2026-08-14T00:53:02.574248,0.142,2.472,37.668
2026-08-14T00:53:02.576546,2.295,2.493,37.668
2026-08-14T00:53:02.576694,0.152,2.472,37.668
2026-08-14T00:53:02.578988,2.288,2.493,37.668
2026-08-14T00:53:02.579127,0.145,2.483,37.668
2026-08-14T00:53:02.579257,0.132,2.483,37.668
2026-08-14T00:53:02.579381,0.126,2.129,37.668
2026-08-14T00:53:02.616913,37.518,2.502,37.668
2026-08-14T00:53:02.617066,0.159,2.502,37.668
2026-08-14T00:53:02.617202,0.139,2.480,37.668
2026-08-14T00:53:02.618421,1.213,2.491,37.668
2026-08-14T00:53:02.618569,0.153,2.491,37.668
2026-08-14T00:53:02.618705,0.138,2.469,37.668
2026-08-14T00:53:02.622063,3.355,2.501,37.668
2026-08-14T00:53:02.622201,0.141,2.501,37.668
2026-08-14T00:53:02.622326,0.127,2.501,37.668
2026-08-14T00:53:02.622447,0.121,2.501,37.668
2026-08-14T00:53:02.622603,0.154,2.479,37.668
2026-08-14T00:53:02.623848,1.226,2.490,37.668
2026-08-14T00:53:02.624013,0.182,2.490,37.668
2026-08-14T00:53:02.624148,0.137,2.479,37.668
2026-08-14T00:53:02.626438,2.287,2.500,37.668
2026-08-14T00:53:02.629826,3.378,2.511,37.668
2026-08-14T00:53:02.629967,0.153,2.512,37.668
2026-08-14T00:53:02.630091,0.127,2.511,37.668
2026-08-14T00:53:02.630206,0.118,2.511,37.668
2026-08-14T00:53:02.630322,0.116,2.137,37.668
2026-08-14T00:53:02.666803,36.468,2.500,37.668
2026-08-14T00:53:02.666963,0.163,2.500,37.668
2026-08-14T00:53:02.667094,0.135,2.479,37.668
2026-08-14T00:53:02.668315,1.215,2.489,37.668
2026-08-14T00:53:02.668460,0.149,2.489,37.668
2026-08-14T00:53:02.671832,3.358,2.500,37.668
2026-08-14T00:53:02.671979,0.162,2.500,37.668
2026-08-14T00:53:02.672649,0.661,2.505,37.668
2026-08-14T00:53:02.672790,0.152,2.505,37.668
2026-08-14T00:53:02.672925,0.137,2.505,37.668
2026-08-14T00:53:02.673093,0.166,2.484,37.668
2026-08-14T00:53:02.674327,1.232,2.494,37.668
2026-08-14T00:53:02.674491,0.166,2.495,37.668
2026-08-14T00:53:02.675705,1.213,2.494,37.668
2026-08-14T00:53:02.675859,0.143,2.462,37.668
2026-08-14T00:53:02.679239,3.383,2.495,37.668
2026-08-14T00:53:02.679410,0.173,2.495,37.668
2026-08-14T00:53:02.679545,0.145,2.495,37.668
2026-08-14T00:53:02.679670,0.126,2.495,37.668
2026-08-14T00:53:02.679799,0.129,2.130,37.668
2026-08-14T00:53:02.716471,36.607,2.494,37.668
2026-08-14T00:53:02.716676,0.259,2.495,37.668
2026-08-14T00:53:02.716832,0.150,2.484,37.668
2026-08-14T00:53:02.719128,2.307,2.506,37.668
2026-08-14T00:53:02.719271,0.147,2.506,37.668
2026-08-14T00:53:02.719405,0.136,2.469,37.668
2026-08-14T00:53:02.721684,2.273,2.490,37.668
2026-08-14T00:53:02.721837,0.145,2.490,37.668
2026-08-14T00:53:02.721982,0.155,2.490,37.668
2026-08-14T00:53:02.722113,0.134,2.489,37.668
2026-08-14T00:53:02.722290,0.174,2.479,37.668
2026-08-14T00:53:02.724595,2.304,2.500,37.668
2026-08-14T00:53:02.724764,0.170,2.500,37.668
2026-08-14T00:53:02.724915,0.153,2.490,37.668
2026-08-14T00:53:02.726161,1.243,2.501,37.668
2026-08-14T00:53:02.729513,3.354,2.511,37.668
2026-08-14T00:53:02.729646,0.136,2.511,37.668
2026-08-14T00:53:02.729767,0.123,2.511,37.668
2026-08-14T00:53:02.729899,0.131,2.511,37.668
2026-08-14T00:53:02.730028,0.128,2.136,37.518
2026-08-14T00:53:02.766586,36.527,2.499,37.518
2026-08-14T00:53:02.766737,0.183,2.499,37.518
2026-08-14T00:53:02.766843,0.115,2.477,37.518
2026-08-14T00:53:02.769078,2.231,2.497,37.518
2026-08-14T00:53:02.769177,0.104,2.497,37.518
2026-08-14T00:53:02.769270,0.095,2.475,37.518
2026-08-14T00:53:02.771492,2.219,2.496,37.518
2026-08-14T00:53:02.771587,0.097,2.495,37.518
2026-08-14T00:53:02.771676,0.090,2.494,37.518
2026-08-14T00:53:02.771763,0.088,2.493,37.518
2026-08-14T00:53:02.771893,0.126,2.482,37.518
2026-08-14T00:53:02.773074,1.181,2.492,37.518
2026-08-14T00:53:02.774265,1.191,2.502,37.518
2026-08-14T00:53:02.774363,0.100,2.470,37.518
2026-08-14T00:53:02.775532,1.167,2.480,37.518
2026-08-14T00:53:02.779896,4.363,2.512,37.518
2026-08-14T00:53:02.779994,0.100,2.511,37.518
2026-08-14T00:53:02.780083,0.090,2.500,37.518
2026-08-14T00:53:02.780168,0.086,2.499,37.518
2026-08-14T00:53:02.780255,0.087,2.167,37.518
2026-08-14T00:53:02.816665,36.365,2.496,37.518
2026-08-14T00:53:02.816865,0.205,2.497,37.518
2026-08-14T00:53:02.817025,0.180,2.497,37.518
2026-08-14T00:53:02.818250,1.225,2.497,37.518
2026-08-14T00:53:02.818399,0.151,2.498,37.518
2026-08-14T00:53:02.818538,0.142,2.498,37.518
2026-08-14T00:53:02.821891,3.351,2.498,37.518
2026-08-14T00:53:02.822029,0.140,2.498,37.518
2026-08-14T00:53:02.822157,0.130,2.498,37.518
2026-08-14T00:53:02.822283,0.127,2.498,37.518
2026-08-14T00:53:02.822449,0.163,2.497,37.518
2026-08-14T00:53:02.823681,1.230,2.497,37.518
2026-08-14T00:53:02.823872,0.190,2.498,37.518
2026-08-14T00:53:02.824013,0.144,2.498,37.518
2026-08-14T00:53:02.826329,2.313,2.498,37.518
2026-08-14T00:53:02.829688,3.361,2.530,37.518
2026-08-14T00:53:02.829829,0.135,2.508,37.518
2026-08-14T00:53:02.829957,0.139,2.508,37.518
2026-08-14T00:53:02.830076,0.121,2.508,37.518
2026-08-14T00:53:02.830193,0.118,2.508,37.518
2026-08-14T00:53:02.866667,36.461,2.498,36.607
2026-08-14T00:53:02.866825,0.151,2.497,36.607
2026-08-14T00:53:02.866968,0.156,2.498,36.607
2026-08-14T00:53:02.868185,1.215,2.498,36.607
2026-08-14T00:53:02.868329,0.146,2.498,36.607
2026-08-14T00:53:02.871677,3.347,2.530,36.607
2026-08-14T00:53:02.871821,0.137,2.498,36.607
2026-08-14T00:53:02.871957,0.144,2.498,36.607
2026-08-14T00:53:02.872095,0.137,2.498,36.607
2026-08-14T00:53:02.872764,0.656,2.503,36.607
2026-08-14T00:53:02.872966,0.210,2.504,36.607
2026-08-14T00:53:02.874219,1.255,2.504,36.607
2026-08-14T00:53:02.874388,0.171,2.504,36.607
2026-08-14T00:53:02.875605,1.217,2.515,36.607
2026-08-14T00:53:02.875745,0.144,2.493,36.607
2026-08-14T00:53:02.879119,3.365,2.493,36.607
2026-08-14T00:53:02.879273,0.157,2.493,36.607
2026-08-14T00:53:02.879427,0.152,2.493,36.607
2026-08-14T00:53:02.880665,1.240,2.504,36.607
2026-08-14T00:53:02.880801,0.142,2.505,36.607
2026-08-14T00:53:02.916366,35.518,2.495,36.607
2026-08-14T00:53:02.916569,0.236,2.496,36.607
2026-08-14T00:53:02.916728,0.167,2.496,36.607
2026-08-14T00:53:02.919053,2.316,2.507,36.607
2026-08-14T00:53:02.919223,0.177,2.508,36.607
2026-08-14T00:53:02.919376,0.156,2.476,36.607
2026-08-14T00:53:02.921714,2.324,2.497,36.607
2026-08-14T00:53:02.921895,0.190,2.492,36.607
2026-08-14T00:53:02.922050,0.159,2.493,36.607
2026-08-14T00:53:02.922191,0.144,2.493,36.607
2026-08-14T00:53:02.922385,0.191,2.493,36.607
2026-08-14T00:53:02.923678,1.290,2.493,36.607
2026-08-14T00:53:02.923866,0.191,2.494,36.607
2026-08-14T00:53:02.924015,0.151,2.483,36.607
2026-08-14T00:53:02.927388,3.368,2.515,36.607
2026-08-14T00:53:02.927543,0.161,2.483,36.607
2026-08-14T00:53:02.928758,1.212,2.494,36.607
2026-08-14T00:53:02.928911,0.156,2.494,36.607
2026-08-14T00:53:02.930131,1.217,2.505,36.607
2026-08-14T00:53:02.930274,0.146,2.505,36.607
2026-08-14T00:53:02.967031,36.687,2.506,36.687
2026-08-14T00:53:02.967266,0.292,2.506,36.687
2026-08-14T00:53:02.967411,0.159,2.506,36.687
2026-08-14T00:53:02.968627,1.213,2.495,36.687
2026-08-14T00:53:02.968770,0.146,2.495,36.687
2026-08-14T00:53:02.968914,0.145,2.495,36.687
2026-08-14T00:53:02.971198,2.281,2.495,36.687
2026-08-14T00:53:02.971335,0.139,2.495,36.687
2026-08-14T00:53:02.971462,0.129,2.495,36.687
2026-08-14T00:53:02.971588,0.127,2.495,36.687
2026-08-14T00:53:02.971764,0.172,2.495,36.687
2026-08-14T00:53:02.973011,1.244,2.484,36.687
2026-08-14T00:53:02.974271,1.259,2.495,36.687
2026-08-14T00:53:02.974416,0.149,2.495,36.687
2026-08-14T00:53:02.976700,2.284,2.505,36.687
2026-08-14T00:53:02.976855,0.145,2.473,36.687
2026-08-14T00:53:02.979131,2.286,2.495,36.687
2026-08-14T00:53:02.979261,0.133,2.495,36.687
2026-08-14T00:53:02.979382,0.121,2.495,36.687
2026-08-14T00:53:02.979502,0.121,2.495,36.687
2026-08-14T00:53:03.017178,37.635,2.506,37.635
2026-08-14T00:53:03.017356,0.206,2.506,37.635
2026-08-14T00:53:03.017490,0.143,2.506,37.635
2026-08-14T00:53:03.018761,1.251,2.497,37.635
2026-08-14T00:53:03.018937,0.191,2.497,37.635
2026-08-14T00:53:03.019082,0.150,2.498,37.635
2026-08-14T00:53:03.021372,2.284,2.499,37.635
2026-08-14T00:53:03.021570,0.146,2.499,37.635
2026-08-14T00:53:03.021706,0.194,2.500,37.635
2026-08-14T00:53:03.021846,0.130,2.501,37.635
2026-08-14T00:53:03.022034,0.194,2.501,37.635
2026-08-14T00:53:03.024372,2.335,2.513,37.635
2026-08-14T00:53:03.024548,0.179,2.503,37.635
2026-08-14T00:53:03.024685,0.141,2.503,37.635
2026-08-14T00:53:03.025913,1.222,2.504,37.635
2026-08-14T00:53:03.029339,3.417,2.494,37.635
2026-08-14T00:53:03.029487,0.162,2.495,37.635
2026-08-14T00:53:03.029611,0.127,2.495,37.635
2026-08-14T00:53:03.029732,0.121,2.496,37.635
2026-08-14T00:53:03.029863,0.129,2.496,37.635
2026-08-14T00:53:03.066376,36.501,2.497,37.635
2026-08-14T00:53:03.066528,0.159,2.497,37.635
2026-08-14T00:53:03.066665,0.139,2.496,37.635
2026-08-14T00:53:03.068965,2.293,2.507,37.635
2026-08-14T00:53:03.069121,0.159,2.507,37.635
2026-08-14T00:53:03.069264,0.146,2.507,37.635
2026-08-14T00:53:03.071544,2.279,2.497,37.635
2026-08-14T00:53:03.071682,0.141,2.497,37.635
2026-08-14T00:53:03.071818,0.128,2.497,37.635
2026-08-14T00:53:03.071955,0.145,2.497,37.635
2026-08-14T00:53:03.072116,0.161,2.497,37.635
2026-08-14T00:53:03.073893,1.765,2.502,37.635
2026-08-14T00:53:03.074073,0.190,2.502,37.635
2026-08-14T00:53:03.074215,0.144,2.502,37.635
2026-08-14T00:53:03.076515,2.298,2.502,37.635
2026-08-14T00:53:03.076668,0.155,2.470,37.635
2026-08-14T00:53:03.078961,2.288,2.491,37.635
2026-08-14T00:53:03.079112,0.153,2.491,37.635
2026-08-14T00:53:03.079252,0.143,2.492,37.635
2026-08-14T00:53:03.079407,0.147,2.492,37.635
2026-08-14T00:53:03.117207,37.748,2.505,37.748
2026-08-14T00:53:03.117403,0.247,2.506,37.748
2026-08-14T00:53:03.117540,0.148,2.506,37.748
2026-08-14T00:53:03.118751,1.208,2.506,37.748
2026-08-14T00:53:03.118911,0.160,2.506,37.748
2026-08-14T00:53:03.119053,0.145,2.474,37.748
2026-08-14T00:53:03.121345,2.286,2.495,37.748
2026-08-14T00:53:03.121486,0.146,2.495,37.748
2026-08-14T00:53:03.121617,0.132,2.495,37.748
2026-08-14T00:53:03.121744,0.127,2.490,37.748
2026-08-14T00:53:03.121936,0.187,2.490,37.748
2026-08-14T00:53:03.123178,1.242,2.490,37.748
2026-08-14T00:53:03.124436,1.258,2.500,37.748
2026-08-14T00:53:03.124581,0.148,2.490,37.748
2026-08-14T00:53:03.126884,2.300,2.511,37.748
2026-08-14T00:53:03.127035,0.155,2.479,37.748
2026-08-14T00:53:03.129313,2.276,2.500,37.748
2026-08-14T00:53:03.129448,0.137,2.500,37.748
2026-08-14T00:53:03.130661,1.210,2.500,37.748
2026-08-14T00:53:03.130802,0.144,2.500,37.748
2026-08-14T00:53:03.166330,35.493,2.500,37.748
2026-08-14T00:53:03.166512,0.207,2.499,37.748
2026-08-14T00:53:03.166653,0.149,2.499,37.748
2026-08-14T00:53:03.168948,2.289,2.499,37.748
2026-08-14T00:53:03.169096,0.152,2.499,37.748
2026-08-14T00:53:03.169235,0.141,2.499,37.748
2026-08-14T00:53:03.171521,2.281,2.498,37.748
2026-08-14T00:53:03.171665,0.147,2.498,37.748
2026-08-14T00:53:03.171842,0.162,2.498,37.748
2026-08-14T00:53:03.171992,0.163,2.498,37.748
2026-08-14T00:53:03.172175,0.183,2.498,37.748
2026-08-14T00:53:03.174521,2.342,2.508,37.748
2026-08-14T00:53:03.174700,0.182,2.508,37.748
2026-08-14T00:53:03.174858,0.147,2.508,37.748
2026-08-14T00:53:03.176092,1.248,2.487,37.748
2026-08-14T00:53:03.176236,0.146,2.487,37.748
2026-08-14T00:53:03.178506,2.268,2.498,37.748
2026-08-14T00:53:03.178636,0.134,2.497,37.748
2026-08-14T00:53:03.178756,0.121,2.486,37.748
2026-08-14T00:53:03.178890,0.132,2.486,37.748
2026-08-14T00:53:03.216638,37.678,2.496,37.748
2026-08-14T00:53:03.216849,0.258,2.496,37.748
2026-08-14T00:53:03.217002,0.171,2.496,37.748
2026-08-14T00:53:03.218271,1.249,2.496,37.748
2026-08-14T00:53:03.218435,0.185,2.497,37.748
2026-08-14T00:53:03.218574,0.143,2.497,37.748
2026-08-14T00:53:03.221919,3.341,2.507,37.748
2026-08-14T00:53:03.222057,0.142,2.507,37.748
2026-08-14T00:53:03.222183,0.128,2.507,37.748
2026-08-14T00:53:03.222307,0.124,2.507,37.748
2026-08-14T00:53:03.222480,0.171,2.507,37.748
2026-08-14T00:53:03.223722,1.234,2.507,37.748
2026-08-14T00:53:03.223900,0.184,2.496,37.748
2026-08-14T00:53:03.224037,0.139,2.496,37.748
2026-08-14T00:53:03.226320,2.282,2.496,37.748
2026-08-14T00:53:03.229678,3.354,2.528,37.748
2026-08-14T00:53:03.229828,0.142,2.507,37.748
2026-08-14T00:53:03.229965,0.148,2.507,37.748
2026-08-14T00:53:03.230092,0.129,2.507,37.748
2026-08-14T00:53:03.230220,0.127,2.507,37.748
2026-08-14T00:53:03.266693,36.464,2.495,37.748
2026-08-14T00:53:03.266851,0.151,2.495,37.748
2026-08-14T00:53:03.266994,0.156,2.495,37.748
2026-08-14T00:53:03.268210,1.213,2.495,37.748
2026-08-14T00:53:03.268353,0.145,2.494,37.748
2026-08-14T00:53:03.268489,0.137,2.494,37.748
2026-08-14T00:53:03.271844,3.343,2.505,37.748
2026-08-14T00:53:03.271980,0.148,2.505,37.748
2026-08-14T00:53:03.272105,0.127,2.504,37.748
2026-08-14T00:53:03.272226,0.122,2.504,37.748
2026-08-14T00:53:03.272934,0.694,2.509,37.748
2026-08-14T00:53:03.274187,1.259,2.498,37.748
2026-08-14T00:53:03.274357,0.173,2.498,37.748
2026-08-14T00:53:03.274495,0.140,2.498,37.748
2026-08-14T00:53:03.275716,1.220,2.498,37.748
2026-08-14T00:53:03.275875,0.160,2.465,37.748
2026-08-14T00:53:03.279290,3.397,2.498,37.748
2026-08-14T00:53:03.279446,0.171,2.498,37.748
2026-08-14T00:53:03.279576,0.135,2.498,37.748
2026-08-14T00:53:03.279704,0.129,2.498,37.748
2026-08-14T00:53:03.316325,36.578,2.499,37.748
2026-08-14T00:53:03.316510,0.218,2.500,37.748
2026-08-14T00:53:03.316655,0.151,2.500,37.748
2026-08-14T00:53:03.317889,1.229,2.489,37.748
2026-08-14T00:53:03.318042,0.156,2.489,37.748
2026-08-14T00:53:03.319272,1.226,2.500,37.748
2026-08-14T00:53:03.321584,2.307,2.500,37.748
2026-08-14T00:53:03.321734,0.159,2.501,37.748
2026-08-14T00:53:03.321888,0.153,2.501,37.748
2026-08-14T00:53:03.322033,0.146,2.501,37.748
2026-08-14T00:53:03.322221,0.186,2.501,37.748
2026-08-14T00:53:03.324529,2.308,2.506,37.748
2026-08-14T00:53:03.324697,0.171,2.506,37.748
2026-08-14T00:53:03.324845,0.136,2.506,37.748
2026-08-14T00:53:03.327149,2.313,2.506,37.748
2026-08-14T00:53:03.327299,0.155,2.506,37.748
2026-08-14T00:53:03.329584,2.283,2.506,37.748
2026-08-14T00:53:03.329720,0.138,2.506,37.748
2026-08-14T00:53:03.330927,1.205,2.517,37.748
2026-08-14T00:53:03.331063,0.138,2.517,37.748
2026-08-14T00:53:03.366476,35.404,2.493,37.678
2026-08-14T00:53:03.366624,0.153,2.492,37.678
2026-08-14T00:53:03.366759,0.138,2.492,37.678
2026-08-14T00:53:03.367989,1.225,2.492,37.678
2026-08-14T00:53:03.368133,0.147,2.492,37.678
2026-08-14T00:53:03.369415,1.262,2.503,37.678
2026-08-14T00:53:03.371751,2.344,2.504,37.678
2026-08-14T00:53:03.371924,0.179,2.504,37.678
2026-08-14T00:53:03.372074,0.153,2.505,37.678
2026-08-14T00:53:03.372227,0.149,2.505,37.678
2026-08-14T00:53:03.372415,0.192,2.505,37.678
2026-08-14T00:53:03.374728,2.315,2.516,37.678
2026-08-14T00:53:03.374898,0.171,2.505,37.678
2026-08-14T00:53:03.375035,0.139,2.505,37.678
2026-08-14T00:53:03.375168,0.136,2.483,37.678
2026-08-14T00:53:03.375319,0.150,2.483,37.678
2026-08-14T00:53:03.375442,0.125,2.461,37.678
2026-08-14T00:53:03.378778,3.331,2.493,37.678
2026-08-14T00:53:03.378921,0.145,2.483,37.678
2026-08-14T00:53:03.379048,0.130,2.482,37.678
2026-08-14T00:53:03.416597,37.535,2.503,37.678
2026-08-14T00:53:03.416747,0.158,2.502,37.678
2026-08-14T00:53:03.416899,0.151,2.502,37.678
2026-08-14T00:53:03.419200,2.298,2.503,37.678
2026-08-14T00:53:03.419346,0.150,2.503,37.678
2026-08-14T00:53:03.419483,0.138,2.502,37.678
2026-08-14T00:53:03.421768,2.281,2.502,37.678
2026-08-14T00:53:03.421930,0.161,2.503,37.678
2026-08-14T00:53:03.422077,0.149,2.502,37.678
2026-08-14T00:53:03.422209,0.135,2.502,37.678
2026-08-14T00:53:03.422377,0.167,2.502,37.678
2026-08-14T00:53:03.424704,2.323,2.502,37.678
2026-08-14T00:53:03.424893,0.188,2.502,37.678
2026-08-14T00:53:03.425045,0.153,2.502,37.678
2026-08-14T00:53:03.426287,1.239,2.502,37.678
2026-08-14T00:53:03.429650,3.368,2.534,37.678
2026-08-14T00:53:03.429779,0.134,2.513,37.678
2026-08-14T00:53:03.429911,0.131,2.513,37.678
2026-08-14T00:53:03.430036,0.126,2.513,37.678
2026-08-14T00:53:03.430152,0.118,2.513,37.678
2026-08-14T00:53:03.466889,36.642,2.502,37.535
2026-08-14T00:53:03.467113,0.300,2.503,37.535
2026-08-14T00:53:03.467268,0.167,2.503,37.535
2026-08-14T00:53:03.468509,1.229,2.502,37.535
2026-08-14T00:53:03.468696,0.190,2.503,37.535
2026-08-14T00:53:03.468886,0.191,2.503,37.535
2026-08-14T00:53:03.471188,2.310,2.493,37.535
2026-08-14T00:53:03.471323,0.141,2.493,37.535
2026-08-14T00:53:03.471449,0.127,2.493,37.535
2026-08-14T00:53:03.471571,0.123,2.493,37.535
2026-08-14T00:53:03.471745,0.170,2.493,37.535
2026-08-14T00:53:03.473501,1.745,2.498,37.535
2026-08-14T00:53:03.473686,0.194,2.498,37.535
2026-08-14T00:53:03.473836,0.140,2.498,37.535
2026-08-14T00:53:03.476131,2.305,2.498,37.535
2026-08-14T00:53:03.476278,0.150,2.466,37.535
2026-08-14T00:53:03.478585,2.302,2.488,37.535
2026-08-14T00:53:03.478739,0.153,2.488,37.535
2026-08-14T00:53:03.478903,0.162,2.488,37.535
2026-08-14T00:53:03.479043,0.149,2.488,37.535
2026-08-14T00:53:03.516761,37.663,2.500,37.663
2026-08-14T00:53:03.516972,0.252,2.501,37.663
2026-08-14T00:53:03.517128,0.165,2.501,37.663
2026-08-14T00:53:03.518353,1.222,2.501,37.663
2026-08-14T00:53:03.518504,0.153,2.501,37.663
2026-08-14T00:53:03.518645,0.143,2.502,37.663
2026-08-14T00:53:03.522030,3.378,2.502,37.663
2026-08-14T00:53:03.522181,0.156,2.502,37.663
2026-08-14T00:53:03.522320,0.141,2.502,37.663
2026-08-14T00:53:03.522450,0.131,2.502,37.663
2026-08-14T00:53:03.522623,0.173,2.497,37.663
2026-08-14T00:53:03.523874,1.244,2.497,37.663
2026-08-14T00:53:03.524047,0.177,2.497,37.663
2026-08-14T00:53:03.524183,0.140,2.497,37.663
2026-08-14T00:53:03.526477,2.289,2.508,37.663
2026-08-14T00:53:03.526630,0.156,2.508,37.663
2026-08-14T00:53:03.528921,2.288,2.496,37.663
2026-08-14T00:53:03.529059,0.141,2.496,37.663
2026-08-14T00:53:03.530267,1.206,2.507,37.663
2026-08-14T00:53:03.530405,0.140,2.507,37.663
2026-08-14T00:53:03.562718,32.280,2.464,37.663
2026-08-14T00:53:03.566130,3.428,2.496,37.663
2026-08-14T00:53:03.566288,0.170,2.496,37.663
2026-08-14T00:53:03.566428,0.144,2.485,37.663
2026-08-14T00:53:03.568720,2.288,2.507,37.663
2026-08-14T00:53:03.568881,0.161,2.496,37.663
2026-08-14T00:53:03.569031,0.152,2.475,37.663
2026-08-14T00:53:03.571319,2.285,2.496,37.663
2026-08-14T00:53:03.571465,0.148,2.496,37.663
2026-08-14T00:53:03.571604,0.141,2.496,37.663
2026-08-14T00:53:03.571738,0.135,2.495,37.663
2026-08-14T00:53:03.571930,0.187,2.474,37.663
2026-08-14T00:53:03.574248,2.320,2.495,37.663
2026-08-14T00:53:03.574413,0.167,2.496,37.663
2026-08-14T00:53:03.574546,0.136,2.474,37.663
2026-08-14T00:53:03.575765,1.216,2.485,37.663
2026-08-14T00:53:03.575926,0.161,2.463,37.663
2026-08-14T00:53:03.578210,2.283,2.485,37.663
2026-08-14T00:53:03.578346,0.139,2.474,37.663
2026-08-14T00:53:03.578471,0.128,2.474,37.663
2026-08-14T00:53:03.578597,0.126,2.121,37.663
2026-08-14T00:53:03.616176,37.565,2.495,37.663
2026-08-14T00:53:03.616354,0.183,2.496,37.663
2026-08-14T00:53:03.616490,0.141,2.485,37.663
2026-08-14T00:53:03.618779,2.285,2.506,37.663
2026-08-14T00:53:03.618936,0.159,2.495,37.663
2026-08-14T00:53:03.619080,0.146,2.473,37.663
2026-08-14T00:53:03.622434,3.351,2.505,37.663
2026-08-14T00:53:03.622574,0.144,2.505,37.663
2026-08-14T00:53:03.622708,0.134,2.505,37.663
2026-08-14T00:53:03.622856,0.134,2.504,37.663
2026-08-14T00:53:03.623041,0.193,2.483,37.663
2026-08-14T00:53:03.624288,1.248,2.494,37.663
2026-08-14T00:53:03.624460,0.174,2.494,37.663
2026-08-14T00:53:03.624601,0.143,2.494,37.663
2026-08-14T00:53:03.626915,2.308,2.516,37.663
2026-08-14T00:53:03.627076,0.166,2.516,37.663
2026-08-14T00:53:03.629348,2.274,2.506,37.663
2026-08-14T00:53:03.629476,0.133,2.506,37.663
2026-08-14T00:53:03.630673,1.195,2.516,37.663
2026-08-14T00:53:03.630802,0.131,2.142,37.663
2026-08-14T00:53:03.666328,35.496,2.496,37.663
2026-08-14T00:53:03.666509,0.200,2.496,37.663
2026-08-14T00:53:03.666656,0.152,2.475,37.663
2026-08-14T00:53:03.668958,2.298,2.496,37.663
2026-08-14T00:53:03.669110,0.157,2.496,37.663
2026-08-14T00:53:03.669243,0.136,2.475,37.663
2026-08-14T00:53:03.671522,2.275,2.496,37.663
2026-08-14T00:53:03.671660,0.141,2.496,37.663
2026-08-14T00:53:03.671788,0.130,2.496,37.663
2026-08-14T00:53:03.671928,0.140,2.496,37.663
2026-08-14T00:53:03.672099,0.169,2.474,37.663
2026-08-14T00:53:03.673872,1.762,2.490,37.663
2026-08-14T00:53:03.674055,0.191,2.490,37.663
2026-08-14T00:53:03.674199,0.146,2.479,37.663
2026-08-14T00:53:03.676499,2.297,2.468,37.663
2026-08-14T00:53:03.676651,0.157,2.469,37.663
2026-08-14T00:53:03.678937,2.281,2.490,37.663
2026-08-14T00:53:03.679097,0.156,2.490,37.663
2026-08-14T00:53:03.679245,0.153,2.491,37.663
2026-08-14T00:53:03.679372,0.136,2.126,37.663
2026-08-14T00:53:03.717166,37.715,2.500,37.715
2026-08-14T00:53:03.717389,0.283,2.501,37.715
2026-08-14T00:53:03.717547,0.169,2.490,37.715
2026-08-14T00:53:03.717693,0.147,2.490,37.715
2026-08-14T00:53:03.717844,0.141,2.490,37.715
2026-08-14T00:53:03.721212,3.377,2.500,37.715
2026-08-14T00:53:03.721358,0.148,2.500,37.715
2026-08-14T00:53:03.721491,0.136,2.500,37.715
2026-08-14T00:53:03.721617,0.127,2.500,37.715
2026-08-14T00:53:03.721749,0.131,2.500,37.715
2026-08-14T00:53:03.724078,2.317,2.506,37.715
2026-08-14T00:53:03.724239,0.170,2.506,37.715
2026-08-14T00:53:03.724400,0.164,2.506,37.715
2026-08-14T00:53:03.726688,2.285,2.506,37.715
2026-08-14T00:53:03.726840,0.145,2.506,37.715
2026-08-14T00:53:03.729145,2.310,2.506,37.715
2026-08-14T00:53:03.730365,1.223,2.516,37.715
2026-08-14T00:53:03.730502,0.139,2.516,37.715
2026-08-14T00:53:03.730671,0.169,2.516,37.715
2026-08-14T00:53:03.730796,0.128,2.141,37.715
2026-08-14T00:53:03.766335,35.498,2.493,37.715
2026-08-14T00:53:03.766517,0.209,2.494,37.715
2026-08-14T00:53:03.766661,0.152,2.483,37.715
2026-08-14T00:53:03.768957,2.292,2.504,37.715
2026-08-14T00:53:03.769111,0.157,2.505,37.715
2026-08-14T00:53:03.769253,0.145,2.472,37.715
2026-08-14T00:53:03.771548,2.288,2.494,37.715
2026-08-14T00:53:03.771697,0.153,2.494,37.715
2026-08-14T00:53:03.771844,0.140,2.494,37.715
2026-08-14T00:53:03.771988,0.153,2.494,37.715
2026-08-14T00:53:03.772172,0.182,2.483,37.715
2026-08-14T00:53:03.773410,1.237,2.494,37.715
2026-08-14T00:53:03.773597,0.190,2.494,37.715
2026-08-14T00:53:03.773734,0.140,2.473,37.715
2026-08-14T00:53:03.776037,2.298,2.494,37.715
2026-08-14T00:53:03.779404,3.366,2.505,37.715
2026-08-14T00:53:03.779543,0.144,2.505,37.715
2026-08-14T00:53:03.779668,0.127,2.494,37.715
2026-08-14T00:53:03.779792,0.125,2.494,37.715
2026-08-14T00:53:03.779932,0.138,2.172,37.715
2026-08-14T00:53:03.816484,36.526,2.503,37.715
2026-08-14T00:53:03.816657,0.190,2.504,37.715
2026-08-14T00:53:03.816799,0.149,2.504,37.715
2026-08-14T00:53:03.819113,2.309,2.504,37.715
2026-08-14T00:53:03.819262,0.153,2.504,37.715
2026-08-14T00:53:03.819404,0.143,2.504,37.715
2026-08-14T00:53:03.821690,2.283,2.504,37.715
2026-08-14T00:53:03.821853,0.151,2.504,37.715
2026-08-14T00:53:03.822023,0.183,2.504,37.715
2026-08-14T00:53:03.822161,0.140,2.504,37.715
2026-08-14T00:53:03.822337,0.175,2.504,37.715
2026-08-14T00:53:03.824654,2.314,2.504,37.715
2026-08-14T00:53:03.824845,0.180,2.504,37.715
2026-08-14T00:53:03.824992,0.165,2.504,37.715
2026-08-14T00:53:03.826206,1.212,2.504,37.715
2026-08-14T00:53:03.829555,3.349,2.536,37.715
2026-08-14T00:53:03.829685,0.134,2.515,37.715
2026-08-14T00:53:03.829804,0.121,2.515,37.715
2026-08-14T00:53:03.829943,0.136,2.515,37.715
2026-08-14T00:53:03.830064,0.123,2.515,37.715
2026-08-14T00:53:03.866561,36.485,2.504,37.715
2026-08-14T00:53:03.866709,0.153,2.504,37.715
2026-08-14T00:53:03.866859,0.136,2.504,37.715
2026-08-14T00:53:03.869159,2.312,2.504,37.715
2026-08-14T00:53:03.869304,0.149,2.504,37.715
2026-08-14T00:53:03.869439,0.137,2.504,37.715
2026-08-14T00:53:03.871722,2.279,2.493,37.715
2026-08-14T00:53:03.871877,0.156,2.493,37.715
2026-08-14T00:53:03.872018,0.144,2.493,37.715
2026-08-14T00:53:03.872151,0.133,2.493,37.715
2026-08-14T00:53:03.872333,0.176,2.493,37.715
2026-08-14T00:53:03.874172,1.827,2.499,37.715
2026-08-14T00:53:03.874363,0.204,2.499,37.715
2026-08-14T00:53:03.874510,0.152,2.499,37.715
2026-08-14T00:53:03.875746,1.233,2.488,37.715
2026-08-14T00:53:03.875922,0.176,2.488,37.715
2026-08-14T00:53:03.879290,3.368,2.499,37.715
2026-08-14T00:53:03.879423,0.140,2.499,37.715
2026-08-14T00:53:03.879548,0.126,2.489,37.715
2026-08-14T00:53:03.879667,0.120,2.489,37.715
2026-08-14T00:53:03.916233,36.524,2.499,37.715
2026-08-14T00:53:03.916409,0.208,2.499,37.715
2026-08-14T00:53:03.916550,0.147,2.499,37.715
2026-08-14T00:53:03.918851,2.288,2.499,37.715
2026-08-14T00:53:03.918996,0.158,2.499,37.715
2026-08-14T00:53:03.919131,0.137,2.499,37.715
2026-08-14T00:53:03.921409,2.274,2.499,37.715
2026-08-14T00:53:03.921546,0.139,2.499,37.715
2026-08-14T00:53:03.921677,0.132,2.499,37.715
2026-08-14T00:53:03.921825,0.136,2.499,37.715
2026-08-14T00:53:03.922014,0.198,2.499,37.715
2026-08-14T00:53:03.924322,2.308,2.505,37.715
2026-08-14T00:53:03.924487,0.168,2.504,37.715
2026-08-14T00:53:03.924622,0.137,2.504,37.715
2026-08-14T00:53:03.926930,2.300,2.504,37.715
2026-08-14T00:53:03.927089,0.164,2.504,37.715
2026-08-14T00:53:03.929381,2.287,2.504,37.715
2026-08-14T00:53:03.929521,0.146,2.504,37.715
2026-08-14T00:53:03.930730,1.207,2.515,37.715
2026-08-14T00:53:03.930875,0.147,2.515,37.715
2026-08-14T00:53:03.966516,35.573,2.494,36.526
2026-08-14T00:53:03.966723,0.263,2.493,36.526
2026-08-14T00:53:03.966880,0.166,2.493,36.526
2026-08-14T00:53:03.969180,2.298,2.515,36.526
2026-08-14T00:53:03.969323,0.146,2.515,36.526
2026-08-14T00:53:03.969456,0.136,2.482,36.526
2026-08-14T00:53:03.971739,2.279,2.504,36.526
2026-08-14T00:53:03.971896,0.155,2.504,36.526
2026-08-14T00:53:03.972035,0.144,2.504,36.526
2026-08-14T00:53:03.972164,0.130,2.504,36.526
2026-08-14T00:53:03.972341,0.175,2.483,36.526
2026-08-14T00:53:03.974650,2.306,2.504,36.526
2026-08-14T00:53:03.974828,0.172,2.504,36.526
2026-08-14T00:53:03.974975,0.157,2.483,36.526
2026-08-14T00:53:03.975103,0.131,2.483,36.526
2026-08-14T00:53:03.975242,0.139,2.461,36.526
2026-08-14T00:53:03.977525,2.277,2.472,36.526
2026-08-14T00:53:03.977664,0.142,2.472,36.526
2026-08-14T00:53:03.977794,0.134,2.471,36.526
2026-08-14T00:53:03.977932,0.136,2.471,36.526
2026-08-14T00:53:04.016592,38.643,2.503,38.643
2026-08-14T00:53:04.016752,0.172,2.502,38.643
2026-08-14T00:53:04.016907,0.156,2.502,38.643
2026-08-14T00:53:04.018135,1.225,2.492,38.643
2026-08-14T00:53:04.018281,0.149,2.492,38.643
2026-08-14T00:53:04.018419,0.141,2.492,38.643
2026-08-14T00:53:04.021772,3.349,2.502,38.643
2026-08-14T00:53:04.021926,0.155,2.502,38.643
2026-08-14T00:53:04.022067,0.144,2.502,38.643
2026-08-14T00:53:04.022199,0.133,2.502,38.643
2026-08-14T00:53:04.022368,0.166,2.502,38.643
2026-08-14T00:53:04.024713,2.340,2.513,38.643
2026-08-14T00:53:04.024901,0.190,2.513,38.643
2026-08-14T00:53:04.025050,0.153,2.513,38.643
2026-08-14T00:53:04.026271,1.223,2.502,38.643
2026-08-14T00:53:04.029645,3.371,2.502,38.643
2026-08-14T00:53:04.029775,0.136,2.502,38.643
2026-08-14T00:53:04.029906,0.131,2.502,38.643
2026-08-14T00:53:04.030033,0.128,2.502,38.643
2026-08-14T00:53:04.030151,0.119,2.502,38.643
2026-08-14T00:53:04.066651,36.487,2.502,38.643
2026-08-14T00:53:04.066797,0.151,2.501,38.643
2026-08-14T00:53:04.066953,0.157,2.502,38.643
2026-08-14T00:53:04.069238,2.285,2.501,38.643
2026-08-14T00:53:04.069372,0.137,2.501,38.643
2026-08-14T00:53:04.069504,0.132,2.501,38.643
2026-08-14T00:53:04.071778,2.269,2.501,38.643
2026-08-14T00:53:04.071922,0.147,2.501,38.643
2026-08-14T00:53:04.072053,0.133,2.500,38.643
2026-08-14T00:53:04.072175,0.124,2.500,38.643
2026-08-14T00:53:04.072327,0.149,2.500,38.643
2026-08-14T00:53:04.073556,1.227,2.489,38.643
2026-08-14T00:53:04.074261,0.695,2.494,38.643
2026-08-14T00:53:04.074415,0.163,2.494,38.643
2026-08-14T00:53:04.076723,2.307,2.505,38.643
2026-08-14T00:53:04.076886,0.164,2.473,38.643
2026-08-14T00:53:04.079174,2.287,2.495,38.643
2026-08-14T00:53:04.079316,0.143,2.495,38.643
2026-08-14T00:53:04.079466,0.148,2.495,38.643
2026-08-14T00:53:04.079609,0.146,2.495,38.643
2026-08-14T00:53:04.116241,36.572,2.496,38.643
2026-08-14T00:53:04.116445,0.254,2.497,38.643
2026-08-14T00:53:04.116594,0.158,2.497,38.643
2026-08-14T00:53:04.118926,2.325,2.498,38.643
2026-08-14T00:53:04.119090,0.168,2.498,38.643
2026-08-14T00:53:04.119238,0.151,2.498,38.643
2026-08-14T00:53:04.121524,2.284,2.498,38.643
2026-08-14T00:53:04.121666,0.145,2.498,38.643
2026-08-14T00:53:04.121797,0.134,2.498,38.643
2026-08-14T00:53:04.121947,0.148,2.498,38.643
2026-08-14T00:53:04.122126,0.178,2.498,38.643
2026-08-14T00:53:04.123363,1.234,2.492,38.643
2026-08-14T00:53:04.124637,1.273,2.503,38.643
2026-08-14T00:53:04.124784,0.151,2.503,38.643
2026-08-14T00:53:04.127090,2.303,2.513,38.643
2026-08-14T00:53:04.127244,0.157,2.513,38.643
2026-08-14T00:53:04.129523,2.277,2.502,38.643
2026-08-14T00:53:04.129660,0.140,2.502,38.643
2026-08-14T00:53:04.130880,1.217,2.513,38.643
2026-08-14T00:53:04.131022,0.145,2.514,38.643
2026-08-14T00:53:04.166543,35.485,2.503,38.643
2026-08-14T00:53:04.166724,0.208,2.503,38.643
2026-08-14T00:53:04.166883,0.165,2.503,38.643
2026-08-14T00:53:04.167032,0.150,2.482,38.643
2026-08-14T00:53:04.169323,2.288,2.503,38.643
2026-08-14T00:53:04.170567,1.244,2.514,38.643
2026-08-14T00:53:04.170714,0.150,2.493,38.643
2026-08-14T00:53:04.170863,0.149,2.493,38.643
2026-08-14T00:53:04.174237,3.369,2.526,38.643
2026-08-14T00:53:04.174385,0.154,2.526,38.643
2026-08-14T00:53:04.174566,0.181,2.526,38.643
2026-08-14T00:53:04.176881,2.313,2.526,38.643
2026-08-14T00:53:04.177050,0.172,2.526,38.643
2026-08-14T00:53:04.177183,0.137,2.526,38.643
2026-08-14T00:53:04.177309,0.127,2.504,38.643
2026-08-14T00:53:04.178541,1.227,2.515,38.643
2026-08-14T00:53:04.178680,0.142,2.493,38.643
2026-08-14T00:53:04.180955,2.272,2.514,38.643
2026-08-14T00:53:04.181091,0.139,2.504,38.643
2026-08-14T00:53:04.181217,0.128,2.503,38.643
2026-08-14T00:53:04.216818,35.534,2.503,38.643
2026-08-14T00:53:04.217028,0.262,2.503,38.643
2026-08-14T00:53:04.217171,0.153,2.503,38.643
2026-08-14T00:53:04.218397,1.221,2.492,38.643
2026-08-14T00:53:04.218548,0.156,2.492,38.643
2026-08-14T00:53:04.218686,0.139,2.492,38.643
2026-08-14T00:53:04.220966,2.277,2.492,38.643
2026-08-14T00:53:04.221104,0.141,2.492,38.643
2026-08-14T00:53:04.222329,1.223,2.503,38.643
2026-08-14T00:53:04.222467,0.142,2.503,38.643
2026-08-14T00:53:04.222648,0.178,2.503,38.643
2026-08-14T00:53:04.223917,1.266,2.493,38.643
2026-08-14T00:53:04.224089,0.175,2.493,38.643
2026-08-14T00:53:04.224226,0.141,2.493,38.643
2026-08-14T00:53:04.226516,2.287,2.514,38.643
2026-08-14T00:53:04.229881,3.362,2.546,38.643
2026-08-14T00:53:04.230017,0.141,2.525,38.643
2026-08-14T00:53:04.230140,0.124,2.525,38.643
2026-08-14T00:53:04.230260,0.121,2.525,38.643
2026-08-14T00:53:04.230388,0.126,2.525,38.643
2026-08-14T00:53:04.266958,36.547,2.504,36.572
2026-08-14T00:53:04.267128,0.184,2.504,36.572
2026-08-14T00:53:04.267297,0.172,2.504,36.572
2026-08-14T00:53:04.268530,1.227,2.504,36.572
2026-08-14T00:53:04.268685,0.161,2.504,36.572
2026-08-14T00:53:04.268842,0.148,2.504,36.572
2026-08-14T00:53:04.271133,2.300,2.494,36.572
2026-08-14T00:53:04.271271,0.143,2.493,36.572
2026-08-14T00:53:04.271399,0.130,2.493,36.572
2026-08-14T00:53:04.271526,0.127,2.493,36.572
2026-08-14T00:53:04.271691,0.163,2.493,36.572
2026-08-14T00:53:04.272928,1.233,2.482,36.572
2026-08-14T00:53:04.274722,1.785,2.498,36.572
2026-08-14T00:53:04.274893,0.179,2.498,36.572
2026-08-14T00:53:04.276127,1.234,2.499,36.572
2026-08-14T00:53:04.276278,0.154,2.466,36.572
2026-08-14T00:53:04.278581,2.299,2.488,36.572
2026-08-14T00:53:04.278720,0.143,2.488,36.572
2026-08-14T00:53:04.278862,0.141,2.488,36.572
2026-08-14T00:53:04.279000,0.140,2.488,36.572
2026-08-14T00:53:04.316806,37.735,2.501,37.735
2026-08-14T00:53:04.317026,0.276,2.502,37.735
2026-08-14T00:53:04.317174,0.160,2.502,37.735
2026-08-14T00:53:04.318400,1.223,2.492,37.735
2026-08-14T00:53:04.318551,0.153,2.492,37.735
2026-08-14T00:53:04.318693,0.145,2.492,37.735
2026-08-14T00:53:04.322058,3.361,2.503,37.735
2026-08-14T00:53:04.322202,0.148,2.503,37.735
2026-08-14T00:53:04.322333,0.133,2.503,37.735
2026-08-14T00:53:04.322460,0.128,2.503,37.735
2026-08-14T00:53:04.322637,0.174,2.503,37.735
2026-08-14T00:53:04.323882,1.242,2.503,37.735
2026-08-14T00:53:04.324051,0.171,2.498,37.735
2026-08-14T00:53:04.324188,0.138,2.498,37.735
2026-08-14T00:53:04.326484,2.289,2.498,37.735
2026-08-14T00:53:04.326640,0.163,2.498,37.735
2026-08-14T00:53:04.328921,2.279,2.497,37.735
2026-08-14T00:53:04.329056,0.138,2.497,37.735
2026-08-14T00:53:04.330263,1.205,2.508,37.735
2026-08-14T00:53:04.330400,0.140,2.508,37.735
2026-08-14T00:53:04.367053,36.614,2.508,37.735
2026-08-14T00:53:04.367249,0.222,2.508,37.735
2026-08-14T00:53:04.367393,0.156,2.508,37.735
2026-08-14T00:53:04.368609,1.213,2.497,37.735
2026-08-14T00:53:04.368978,0.368,2.499,37.735
2026-08-14T00:53:04.369120,0.146,2.499,37.735
2026-08-14T00:53:04.371397,2.275,2.499,37.735
2026-08-14T00:53:04.371535,0.140,2.499,37.735
2026-08-14T00:53:04.371663,0.130,2.499,37.735
2026-08-14T00:53:04.371794,0.130,2.498,37.735
2026-08-14T00:53:04.371988,0.190,2.499,37.735
2026-08-14T00:53:04.373231,1.243,2.499,37.735
2026-08-14T00:53:04.374499,1.266,2.499,37.735
2026-08-14T00:53:04.374650,0.154,2.499,37.735
2026-08-14T00:53:04.376043,1.340,2.489,37.735
2026-08-14T00:53:04.376255,0.260,2.490,37.735
2026-08-14T00:53:04.378649,2.372,2.491,37.735
2026-08-14T00:53:04.378840,0.201,2.492,37.735
2026-08-14T00:53:04.378986,0.165,2.481,37.735
2026-08-14T00:53:04.379119,0.136,2.481,37.735
2026-08-14T00:53:04.416752,37.604,2.502,37.735
2026-08-14T00:53:04.416943,0.209,2.502,37.735
2026-08-14T00:53:04.417097,0.161,2.502,37.735
2026-08-14T00:53:04.418326,1.225,2.513,37.735
2026-08-14T00:53:04.418479,0.157,2.492,37.735
2026-08-14T00:53:04.418621,0.145,2.481,37.735
2026-08-14T00:53:04.420922,2.294,2.502,37.735
2026-08-14T00:53:04.421071,0.154,2.502,37.735
2026-08-14T00:53:04.422310,1.235,2.481,37.735
2026-08-14T00:53:04.422457,0.151,2.481,37.735
2026-08-14T00:53:04.422647,0.189,2.481,37.735
2026-08-14T00:53:04.423927,1.275,2.470,37.735
2026-08-14T00:53:04.424109,0.185,2.471,37.735
2026-08-14T00:53:04.424256,0.150,2.471,37.735
2026-08-14T00:53:04.427607,3.351,2.503,37.735
2026-08-14T00:53:04.428846,1.232,2.503,37.735
2026-08-14T00:53:04.428984,0.149,2.503,37.735
2026-08-14T00:53:04.429106,0.123,2.482,37.735
2026-08-14T00:53:04.429224,0.121,2.481,37.735
2026-08-14T00:53:04.429342,0.117,2.481,37.735
2026-08-14T00:53:04.466940,37.568,2.502,37.735
2026-08-14T00:53:04.467107,0.188,2.501,37.735
2026-08-14T00:53:04.467239,0.138,2.501,37.735
2026-08-14T00:53:04.468450,1.206,2.501,37.735
2026-08-14T00:53:04.468591,0.143,2.500,37.735
2026-08-14T00:53:04.468723,0.135,2.500,37.735
2026-08-14T00:53:04.471011,2.284,2.500,37.735
2026-08-14T00:53:04.471146,0.138,2.500,37.735
2026-08-14T00:53:04.471276,0.131,2.490,37.735
2026-08-14T00:53:04.471427,0.149,2.490,37.735
2026-08-14T00:53:04.471598,0.171,2.490,37.735
2026-08-14T00:53:04.472845,1.233,2.489,37.735
2026-08-14T00:53:04.474101,1.268,2.500,37.735
2026-08-14T00:53:04.474786,0.677,2.505,37.735
2026-08-14T00:53:04.476042,1.261,2.495,37.735
2026-08-14T00:53:04.476201,0.164,2.463,37.735
2026-08-14T00:53:04.478491,2.286,2.485,37.735
2026-08-14T00:53:04.478633,0.146,2.485,37.735
2026-08-14T00:53:04.478761,0.131,2.485,37.735
2026-08-14T00:53:04.478906,0.143,2.485,37.735
2026-08-14T00:53:04.516709,37.731,2.497,37.735
2026-08-14T00:53:04.516938,0.286,2.498,37.735
2026-08-14T00:53:04.517095,0.169,2.498,37.735
2026-08-14T00:53:04.518327,1.228,2.498,37.735
2026-08-14T00:53:04.518480,0.156,2.498,37.735
2026-08-14T00:53:04.518622,0.146,2.498,37.735
2026-08-14T00:53:04.521977,3.351,2.508,37.735
2026-08-14T00:53:04.522121,0.147,2.508,37.735
2026-08-14T00:53:04.522252,0.134,2.509,37.735
2026-08-14T00:53:04.522380,0.129,2.509,37.735
2026-08-14T00:53:04.522556,0.174,2.509,37.735
2026-08-14T00:53:04.523791,1.232,2.509,37.735
2026-08-14T00:53:04.523969,0.179,2.493,37.735
2026-08-14T00:53:04.524111,0.144,2.492,37.735
2026-08-14T00:53:04.526403,2.289,2.503,37.735
2026-08-14T00:53:04.526555,0.155,2.503,37.735
2026-08-14T00:53:04.528842,2.275,2.503,37.735
2026-08-14T00:53:04.528980,0.150,2.503,37.735
2026-08-14T00:53:04.530189,1.206,2.513,37.735
2026-08-14T00:53:04.530324,0.139,2.513,37.735
2026-08-14T00:53:04.562682,32.283,2.459,37.731
2026-08-14T00:53:04.566264,3.604,2.492,37.731
2026-08-14T00:53:04.566459,0.237,2.493,37.731
2026-08-14T00:53:04.566611,0.158,2.482,37.731
2026-08-14T00:53:04.568934,2.313,2.504,37.731
2026-08-14T00:53:04.569099,0.174,2.504,37.731
2026-08-14T00:53:04.569244,0.149,2.472,37.731
2026-08-14T00:53:04.571582,2.328,2.494,37.731
2026-08-14T00:53:04.571740,0.166,2.494,37.731
2026-08-14T00:53:04.571900,0.160,2.494,37.731
2026-08-14T00:53:04.572050,0.151,2.494,37.731
2026-08-14T00:53:04.572244,0.192,2.484,37.731
2026-08-14T00:53:04.574569,2.313,2.505,37.731
2026-08-14T00:53:04.574738,0.188,2.506,37.731
2026-08-14T00:53:04.574862,0.128,2.484,37.731
2026-08-14T00:53:04.576057,1.193,2.494,37.731
2026-08-14T00:53:04.576181,0.127,2.473,37.731
2026-08-14T00:53:04.578476,2.273,2.494,37.731
2026-08-14T00:53:04.578613,0.155,2.484,37.731
2026-08-14T00:53:04.578720,0.112,2.483,37.731
2026-08-14T00:53:04.578830,0.103,2.118,37.731
2026-08-14T00:53:04.616383,37.532,2.491,37.731
2026-08-14T00:53:04.616551,0.181,2.492,37.731
2026-08-14T00:53:04.616694,0.148,2.481,37.731
2026-08-14T00:53:04.618993,2.294,2.500,37.731
2026-08-14T00:53:04.619144,0.155,2.500,37.731
2026-08-14T00:53:04.619285,0.144,2.479,37.731
2026-08-14T00:53:04.621579,2.285,2.500,37.731
2026-08-14T00:53:04.621727,0.155,2.501,37.731
2026-08-14T00:53:04.624044,2.311,2.522,37.731
2026-08-14T00:53:04.624196,0.158,2.522,37.731
2026-08-14T00:53:04.624385,0.188,2.512,37.731
2026-08-14T00:53:04.624534,0.152,2.500,37.731
2026-08-14T00:53:04.626909,2.355,2.522,37.731
2026-08-14T00:53:04.627072,0.181,2.511,37.731
2026-08-14T00:53:04.627205,0.136,2.510,37.731
2026-08-14T00:53:04.629495,2.287,2.509,37.731
2026-08-14T00:53:04.630711,1.217,2.519,37.731
2026-08-14T00:53:04.630860,0.149,2.519,37.731
2026-08-14T00:53:04.630996,0.139,2.519,37.731
2026-08-14T00:53:04.631124,0.129,2.144,37.731
2026-08-14T00:53:04.666552,35.417,2.496,37.731
2026-08-14T00:53:04.666701,0.155,2.496,37.731
2026-08-14T00:53:04.666849,0.137,2.485,37.731
2026-08-14T00:53:04.668074,1.234,2.496,37.731
2026-08-14T00:53:04.668220,0.149,2.496,37.731
2026-08-14T00:53:04.668357,0.139,2.474,37.731
2026-08-14T00:53:04.671716,3.353,2.506,37.731
2026-08-14T00:53:04.671875,0.160,2.496,37.731
2026-08-14T00:53:04.672020,0.149,2.496,37.731
2026-08-14T00:53:04.672155,0.136,2.495,37.731
2026-08-14T00:53:04.672322,0.165,2.484,37.731
2026-08-14T00:53:04.673564,1.239,2.495,37.731
2026-08-14T00:53:04.673734,0.173,2.495,37.731
2026-08-14T00:53:04.673889,0.155,2.463,37.731
2026-08-14T00:53:04.675688,1.789,2.468,37.731
2026-08-14T00:53:04.675876,0.193,2.469,37.731
2026-08-14T00:53:04.678187,2.317,2.491,37.731
2026-08-14T00:53:04.678318,0.135,2.491,37.731
2026-08-14T00:53:04.678436,0.120,2.491,37.731
2026-08-14T00:53:04.678553,0.118,2.116,37.731
2026-08-14T00:53:04.716229,37.622,2.491,37.731
2026-08-14T00:53:04.716418,0.230,2.492,37.731
2026-08-14T00:53:04.716555,0.146,2.481,37.731
2026-08-14T00:53:04.718864,2.303,2.503,37.731
2026-08-14T00:53:04.719010,0.150,2.503,37.731
2026-08-14T00:53:04.719144,0.137,2.481,37.731
2026-08-14T00:53:04.721426,2.276,2.503,37.731
2026-08-14T00:53:04.721566,0.143,2.503,37.731
2026-08-14T00:53:04.721695,0.131,2.503,37.731
2026-08-14T00:53:04.721834,0.126,2.502,37.731
2026-08-14T00:53:04.722022,0.197,2.492,37.731
2026-08-14T00:53:04.724332,2.308,2.502,37.731
2026-08-14T00:53:04.724500,0.170,2.497,37.731
2026-08-14T00:53:04.724635,0.138,2.486,37.731
2026-08-14T00:53:04.726928,2.290,2.507,37.731
2026-08-14T00:53:04.727077,0.151,2.486,37.731
2026-08-14T00:53:04.729363,2.281,2.507,37.731
2026-08-14T00:53:04.729501,0.143,2.507,37.731
2026-08-14T00:53:04.730709,1.206,2.518,37.731
2026-08-14T00:53:04.730854,0.138,2.142,37.622
2026-08-14T00:53:04.766503,35.585,2.495,37.622
2026-08-14T00:53:04.766720,0.277,2.496,37.622
2026-08-14T00:53:04.766889,0.177,2.486,37.622
2026-08-14T00:53:04.768125,1.235,2.496,37.622
2026-08-14T00:53:04.768276,0.155,2.497,37.622
2026-08-14T00:53:04.771649,3.368,2.497,37.622
2026-08-14T00:53:04.771800,0.156,2.497,37.622
2026-08-14T00:53:04.771960,0.159,2.497,37.622
2026-08-14T00:53:04.772098,0.141,2.497,37.622
2026-08-14T00:53:04.772232,0.135,2.497,37.622
2026-08-14T00:53:04.772418,0.183,2.486,37.622
2026-08-14T00:53:04.773657,1.238,2.497,37.622
2026-08-14T00:53:04.773838,0.171,2.497,37.622
2026-08-14T00:53:04.773983,0.158,2.476,37.622
2026-08-14T00:53:04.774115,0.134,2.476,37.622
2026-08-14T00:53:04.776404,2.284,2.476,37.622
2026-08-14T00:53:04.776546,0.146,2.476,37.622
2026-08-14T00:53:04.776673,0.129,2.465,37.622
2026-08-14T00:53:04.777906,1.228,2.476,37.622
2026-08-14T00:53:04.778045,0.143,2.154,37.622
2026-08-14T00:53:04.816731,38.659,2.505,38.659
2026-08-14T00:53:04.816919,0.204,2.505,38.659
2026-08-14T00:53:04.817074,0.160,2.505,38.659
2026-08-14T00:53:04.818299,1.223,2.494,38.659
2026-08-14T00:53:04.818446,0.152,2.494,38.659
2026-08-14T00:53:04.818586,0.141,2.493,38.659
2026-08-14T00:53:04.821945,3.355,2.504,38.659
2026-08-14T00:53:04.822088,0.146,2.503,38.659
2026-08-14T00:53:04.822223,0.136,2.503,38.659
2026-08-14T00:53:04.822355,0.133,2.503,38.659
2026-08-14T00:53:04.822529,0.172,2.503,38.659
2026-08-14T00:53:04.823776,1.242,2.492,38.659
2026-08-14T00:53:04.823967,0.192,2.492,38.659
2026-08-14T00:53:04.824117,0.153,2.492,38.659
2026-08-14T00:53:04.827463,3.346,2.514,38.659
2026-08-14T00:53:04.828694,1.233,2.525,38.659
2026-08-14T00:53:04.828837,0.134,2.504,38.659
2026-08-14T00:53:04.828966,0.142,2.504,38.659
2026-08-14T00:53:04.829087,0.122,2.504,38.659
2026-08-14T00:53:04.829207,0.121,2.504,38.659
2026-08-14T00:53:04.866770,37.550,2.504,38.659
2026-08-14T00:53:04.866932,0.165,2.504,38.659
2026-08-14T00:53:04.867073,0.145,2.504,38.659
2026-08-14T00:53:04.868290,1.214,2.493,38.659
2026-08-14T00:53:04.868434,0.145,2.493,38.659
2026-08-14T00:53:04.868570,0.138,2.493,38.659
2026-08-14T00:53:04.871922,3.348,2.503,38.659
2026-08-14T00:53:04.872062,0.143,2.503,38.659
2026-08-14T00:53:04.872194,0.133,2.482,38.659
2026-08-14T00:53:04.872322,0.128,2.481,38.659
2026-08-14T00:53:04.872486,0.162,2.481,38.659
2026-08-14T00:53:04.873724,1.236,2.492,38.659
2026-08-14T00:53:04.873916,0.188,2.470,38.659
2026-08-14T00:53:04.874079,0.165,2.470,38.659
2026-08-14T00:53:04.875891,1.803,2.487,38.659
2026-08-14T00:53:04.879267,3.389,2.498,38.659
2026-08-14T00:53:04.879397,0.135,2.487,38.659
2026-08-14T00:53:04.879515,0.120,2.487,38.659
2026-08-14T00:53:04.879633,0.119,2.486,38.659
2026-08-14T00:53:04.879751,0.118,2.486,38.659
2026-08-14T00:53:04.916356,36.554,2.498,38.659
2026-08-14T00:53:04.916538,0.223,2.498,38.659
2026-08-14T00:53:04.916675,0.144,2.498,38.659
2026-08-14T00:53:04.917925,1.242,2.498,38.659
2026-08-14T00:53:04.918076,0.156,2.499,38.659
2026-08-14T00:53:04.918239,0.161,2.499,38.659
2026-08-14T00:53:04.921589,3.349,2.499,38.659
2026-08-14T00:53:04.921730,0.144,2.499,38.659
2026-08-14T00:53:04.921877,0.148,2.499,38.659
2026-08-14T00:53:04.922014,0.138,2.499,38.659
2026-08-14T00:53:04.922192,0.177,2.499,38.659
2026-08-14T00:53:04.924502,2.306,2.509,38.659
2026-08-14T00:53:04.924668,0.170,2.509,38.659
2026-08-14T00:53:04.924804,0.138,2.509,38.659
2026-08-14T00:53:04.927117,2.308,2.514,38.659
2026-08-14T00:53:04.927269,0.154,2.514,38.659
2026-08-14T00:53:04.929542,2.274,2.514,38.659
2026-08-14T00:53:04.929670,0.130,2.514,38.659
2026-08-14T00:53:04.930880,1.206,2.524,38.659
2026-08-14T00:53:04.931010,0.134,2.525,38.659
2026-08-14T00:53:04.966728,35.645,2.505,38.659
2026-08-14T00:53:04.966944,0.275,2.505,38.659
2026-08-14T00:53:04.967091,0.157,2.505,38.659
2026-08-14T00:53:04.968306,1.213,2.494,38.659
2026-08-14T00:53:04.968448,0.144,2.494,38.659
2026-08-14T00:53:04.968580,0.135,2.494,38.659
2026-08-14T00:53:04.971939,3.354,2.505,38.659
2026-08-14T00:53:04.972078,0.143,2.505,38.659
2026-08-14T00:53:04.972207,0.131,2.505,38.659
2026-08-14T00:53:04.972335,0.128,2.505,38.659
2026-08-14T00:53:04.972512,0.174,2.505,38.659
2026-08-14T00:53:04.973744,1.230,2.494,38.659
2026-08-14T00:53:04.973928,0.182,2.494,38.659
2026-08-14T00:53:04.974076,0.150,2.494,38.659
2026-08-14T00:53:04.976372,2.295,2.494,38.659
2026-08-14T00:53:04.976524,0.155,2.494,38.659
2026-08-14T00:53:04.978801,2.275,2.494,38.659
2026-08-14T00:53:04.978952,0.152,2.494,38.659
2026-08-14T00:53:04.979081,0.131,2.484,38.659
2026-08-14T00:53:04.979208,0.127,2.484,38.659
2026-08-14T00:53:05.016844,37.579,2.504,38.659
2026-08-14T00:53:05.017037,0.235,2.503,38.659
2026-08-14T00:53:05.017185,0.158,2.503,38.659
2026-08-14T00:53:05.018410,1.222,2.503,38.659
2026-08-14T00:53:05.018560,0.154,2.503,38.659
2026-08-14T00:53:05.018702,0.143,2.471,38.659
2026-08-14T00:53:05.021007,2.298,2.492,38.659
2026-08-14T00:53:05.021161,0.157,2.492,38.659
2026-08-14T00:53:05.021300,0.142,2.492,38.659
2026-08-14T00:53:05.022523,1.219,2.503,38.659
2026-08-14T00:53:05.022719,0.196,2.503,38.659
2026-08-14T00:53:05.023972,1.250,2.503,38.659
2026-08-14T00:53:05.024153,0.185,2.503,38.659
2026-08-14T00:53:05.024299,0.150,2.503,38.659
2026-08-14T00:53:05.026593,2.294,2.525,38.659
2026-08-14T00:53:05.027819,1.217,2.514,38.659
2026-08-14T00:53:05.029036,1.225,2.525,38.659
2026-08-14T00:53:05.029169,0.137,2.525,38.659
2026-08-14T00:53:05.030382,1.211,2.525,38.659
2026-08-14T00:53:05.030510,0.131,2.525,38.659
2026-08-14T00:53:05.067022,36.501,2.503,37.579
2026-08-14T00:53:05.067171,0.154,2.503,37.579
2026-08-14T00:53:05.067305,0.136,2.502,37.579
2026-08-14T00:53:05.068520,1.211,2.502,37.579
2026-08-14T00:53:05.068666,0.149,2.502,37.579
2026-08-14T00:53:05.068801,0.137,2.502,37.579
2026-08-14T00:53:05.071111,2.304,2.492,37.579
2026-08-14T00:53:05.071256,0.149,2.492,37.579
2026-08-14T00:53:05.071389,0.135,2.492,37.579
2026-08-14T00:53:05.071519,0.131,2.492,37.579
2026-08-14T00:53:05.071683,0.161,2.492,37.579
2026-08-14T00:53:05.073998,2.312,2.502,37.579
2026-08-14T00:53:05.074168,0.173,2.502,37.579
2026-08-14T00:53:05.074306,0.141,2.502,37.579
2026-08-14T00:53:05.076135,1.811,2.487,37.579
2026-08-14T00:53:05.076310,0.187,2.476,37.579
2026-08-14T00:53:05.078593,2.288,2.498,37.579
2026-08-14T00:53:05.078723,0.135,2.498,37.579
2026-08-14T00:53:05.078857,0.133,2.498,37.579
2026-08-14T00:53:05.078986,0.130,2.498,37.579
2026-08-14T00:53:05.116733,37.677,2.499,37.677
2026-08-14T00:53:05.116948,0.269,2.500,37.677
2026-08-14T00:53:05.117096,0.160,2.500,37.677
2026-08-14T00:53:05.118312,1.214,2.500,37.677
2026-08-14T00:53:05.118452,0.144,2.500,37.677
2026-08-14T00:53:05.118585,0.135,2.500,37.677
2026-08-14T00:53:05.121937,3.342,2.500,37.677
2026-08-14T00:53:05.122085,0.151,2.500,37.677
2026-08-14T00:53:05.122217,0.137,2.500,37.677
2026-08-14T00:53:05.122343,0.128,2.500,37.677
2026-08-14T00:53:05.122543,0.195,2.501,37.677
2026-08-14T00:53:05.123781,1.238,2.501,37.677
2026-08-14T00:53:05.123965,0.184,2.501,37.677
2026-08-14T00:53:05.124112,0.148,2.500,37.677
2026-08-14T00:53:05.126408,2.294,2.505,37.677
2026-08-14T00:53:05.126560,0.156,2.473,37.677
2026-08-14T00:53:05.128843,2.275,2.494,37.677
2026-08-14T00:53:05.128974,0.142,2.495,37.677
2026-08-14T00:53:05.130174,1.198,2.505,37.677
2026-08-14T00:53:05.130305,0.134,2.506,37.677
2026-08-14T00:53:05.166926,36.580,2.506,37.677
2026-08-14T00:53:05.167114,0.212,2.506,37.677
2026-08-14T00:53:05.167261,0.158,2.506,37.677
2026-08-14T00:53:05.168508,1.241,2.506,37.677
2026-08-14T00:53:05.168663,0.158,2.506,37.677
2026-08-14T00:53:05.168804,0.144,2.506,37.677
2026-08-14T00:53:05.171109,2.301,2.495,37.677
2026-08-14T00:53:05.171249,0.145,2.495,37.677
2026-08-14T00:53:05.171378,0.132,2.495,37.677
2026-08-14T00:53:05.171504,0.126,2.495,37.677
2026-08-14T00:53:05.171674,0.167,2.495,37.677
2026-08-14T00:53:05.172918,1.240,2.484,37.677
2026-08-14T00:53:05.174180,1.261,2.495,37.677
2026-08-14T00:53:05.174325,0.150,2.495,37.677
2026-08-14T00:53:05.175547,1.220,2.484,37.677
2026-08-14T00:53:05.175694,0.149,2.484,37.677
2026-08-14T00:53:05.179084,3.385,2.495,37.677
2026-08-14T00:53:05.179223,0.144,2.496,37.677
2026-08-14T00:53:05.179350,0.130,2.485,37.677
2026-08-14T00:53:05.179477,0.127,2.485,37.677
2026-08-14T00:53:05.205235,25.747,2.386,37.677
2026-08-14T00:53:05.216262,10.986,2.493,37.677
2026-08-14T00:53:05.216449,0.228,2.494,37.677
2026-08-14T00:53:05.216589,0.149,2.483,37.677
2026-08-14T00:53:05.218886,2.292,2.504,37.677
2026-08-14T00:53:05.219030,0.148,2.504,37.677
2026-08-14T00:53:05.219162,0.135,2.472,37.677
2026-08-14T00:53:05.221437,2.272,2.494,37.677
2026-08-14T00:53:05.221574,0.140,2.494,37.677
2026-08-14T00:53:05.221703,0.131,2.494,37.677
2026-08-14T00:53:05.221844,0.127,2.493,37.677
2026-08-14T00:53:05.222031,0.196,2.483,37.677
2026-08-14T00:53:05.224339,2.307,2.504,37.677
2026-08-14T00:53:05.224505,0.168,2.504,37.677
2026-08-14T00:53:05.224641,0.138,2.483,37.677
2026-08-14T00:53:05.225875,1.231,2.493,37.677
2026-08-14T00:53:05.229243,3.366,2.504,37.677
2026-08-14T00:53:05.229384,0.145,2.504,37.677
2026-08-14T00:53:05.229511,0.130,2.504,37.677
2026-08-14T00:53:05.230729,1.214,2.515,37.677
2026-08-14T00:53:05.230877,0.149,2.141,37.677
2026-08-14T00:53:05.266310,35.423,2.493,37.677
2026-08-14T00:53:05.266459,0.156,2.493,37.677
2026-08-14T00:53:05.266593,0.137,2.482,37.677
2026-08-14T00:53:05.268891,2.293,2.503,37.677
2026-08-14T00:53:05.269035,0.148,2.503,37.677
2026-08-14T00:53:05.269169,0.136,2.482,37.677
2026-08-14T00:53:05.271450,2.277,2.503,37.677
2026-08-14T00:53:05.271591,0.144,2.503,37.677
2026-08-14T00:53:05.271723,0.134,2.492,37.677
2026-08-14T00:53:05.271868,0.143,2.492,37.677
2026-08-14T00:53:05.272045,0.175,2.481,37.677
2026-08-14T00:53:05.274364,2.317,2.502,37.677
2026-08-14T00:53:05.274535,0.173,2.502,37.677
2026-08-14T00:53:05.274673,0.142,2.481,37.677
2026-08-14T00:53:05.276479,1.789,2.487,37.677
2026-08-14T00:53:05.276654,0.186,2.476,37.677
2026-08-14T00:53:05.278933,2.283,2.498,37.677
2026-08-14T00:53:05.279065,0.136,2.487,37.677
2026-08-14T00:53:05.279185,0.123,2.487,37.677
2026-08-14T00:53:05.279305,0.120,2.123,37.677
2026-08-14T00:53:05.317017,37.652,2.498,37.677
2026-08-14T00:53:05.317218,0.246,2.499,37.677
2026-08-14T00:53:05.317364,0.155,2.488,37.677
2026-08-14T00:53:05.318594,1.224,2.499,37.677
2026-08-14T00:53:05.318749,0.160,2.499,37.677
2026-08-14T00:53:05.318912,0.161,2.478,37.677
2026-08-14T00:53:05.321206,2.293,2.499,37.677
2026-08-14T00:53:05.321347,0.146,2.500,37.677
2026-08-14T00:53:05.321481,0.133,2.500,37.677
2026-08-14T00:53:05.321615,0.136,2.499,37.677
2026-08-14T00:53:05.321792,0.176,2.478,37.677
2026-08-14T00:53:05.324115,2.319,2.499,37.677
2026-08-14T00:53:05.324284,0.172,2.500,37.677
2026-08-14T00:53:05.324422,0.140,2.483,37.677
2026-08-14T00:53:05.326713,2.289,2.504,37.677
2026-08-14T00:53:05.326879,0.167,2.483,37.677
2026-08-14T00:53:05.329210,2.326,2.505,37.677
2026-08-14T00:53:05.329353,0.149,2.505,37.677
2026-08-14T00:53:05.330564,1.209,2.516,37.677
2026-08-14T00:53:05.330696,0.137,2.140,37.652
2026-08-14T00:53:05.366192,35.456,2.492,37.652
2026-08-14T00:53:05.366380,0.214,2.493,37.652
2026-08-14T00:53:05.366527,0.156,2.482,37.652
2026-08-14T00:53:05.368833,2.290,2.504,37.652
2026-08-14T00:53:05.368991,0.172,2.504,37.652
2026-08-14T00:53:05.369134,0.146,2.472,37.652
2026-08-14T00:53:05.371430,2.291,2.493,37.652
2026-08-14T00:53:05.371579,0.153,2.494,37.652
2026-08-14T00:53:05.371716,0.139,2.494,37.652
2026-08-14T00:53:05.371864,0.146,2.493,37.652
2026-08-14T00:53:05.372055,0.189,2.483,37.652
2026-08-14T00:53:05.373294,1.239,2.493,37.652
2026-08-14T00:53:05.374552,1.257,2.504,37.652
2026-08-14T00:53:05.374701,0.152,2.483,37.652
2026-08-14T00:53:05.375943,1.236,2.494,37.652
2026-08-14T00:53:05.376094,0.159,2.473,37.652
2026-08-14T00:53:05.378424,2.312,2.494,37.652
2026-08-14T00:53:05.378588,0.176,2.484,37.652
2026-08-14T00:53:05.378723,0.142,2.484,37.652
2026-08-14T00:53:05.378869,0.145,2.120,37.652
2026-08-14T00:53:05.416495,37.602,2.494,37.652
2026-08-14T00:53:05.416672,0.192,2.494,37.652
2026-08-14T00:53:05.416828,0.152,2.483,37.652
2026-08-14T00:53:05.418061,1.241,2.494,37.652
2026-08-14T00:53:05.418212,0.154,2.494,37.652
2026-08-14T00:53:05.418353,0.144,2.472,37.652
2026-08-14T00:53:05.421720,3.359,2.505,37.652
2026-08-14T00:53:05.421883,0.166,2.505,37.652
2026-08-14T00:53:05.422031,0.151,2.505,37.652
2026-08-14T00:53:05.422165,0.136,2.505,37.652
2026-08-14T00:53:05.422346,0.178,2.494,37.652
2026-08-14T00:53:05.423590,1.241,2.494,37.652
2026-08-14T00:53:05.423763,0.176,2.494,37.652
2026-08-14T00:53:05.423918,0.155,2.484,37.652
2026-08-14T00:53:05.426218,2.301,2.505,37.652
2026-08-14T00:53:05.429577,3.359,2.505,37.652
2026-08-14T00:53:05.429712,0.138,2.505,37.652
2026-08-14T00:53:05.429853,0.127,2.505,37.652
2026-08-14T00:53:05.429990,0.151,2.505,37.652
2026-08-14T00:53:05.430116,0.128,2.249,37.652
2026-08-14T00:53:05.466785,36.598,2.505,37.652
2026-08-14T00:53:05.467012,0.283,2.506,37.652
2026-08-14T00:53:05.467159,0.158,2.506,37.652
2026-08-14T00:53:05.468415,1.241,2.495,37.652
2026-08-14T00:53:05.468590,0.184,2.496,37.652
2026-08-14T00:53:05.468736,0.152,2.496,37.652
2026-08-14T00:53:05.471030,2.290,2.496,37.652
2026-08-14T00:53:05.471180,0.152,2.496,37.652
2026-08-14T00:53:05.471318,0.141,2.496,37.652
2026-08-14T00:53:05.471453,0.135,2.496,37.652
2026-08-14T00:53:05.471640,0.184,2.496,37.652
2026-08-14T00:53:05.474033,2.371,2.497,37.652
2026-08-14T00:53:05.474281,0.253,2.498,37.652
2026-08-14T00:53:05.474466,0.192,2.498,37.652
2026-08-14T00:53:05.475727,1.261,2.498,37.652
2026-08-14T00:53:05.475918,0.197,2.467,37.652
2026-08-14T00:53:05.478774,2.850,2.494,37.652
2026-08-14T00:53:05.478935,0.171,2.494,37.652
2026-08-14T00:53:05.479072,0.141,2.483,37.652
2026-08-14T00:53:05.479199,0.129,2.483,37.652
2026-08-14T00:53:05.516986,37.717,2.506,37.717
2026-08-14T00:53:05.517186,0.257,2.507,37.717
2026-08-14T00:53:05.517327,0.152,2.507,37.717
2026-08-14T00:53:05.518551,1.215,2.497,37.717
2026-08-14T00:53:05.518707,0.162,2.497,37.717
2026-08-14T00:53:05.518865,0.158,2.497,37.717
2026-08-14T00:53:05.521171,2.299,2.497,37.717
2026-08-14T00:53:05.521325,0.160,2.497,37.717
2026-08-14T00:53:05.521465,0.143,2.497,37.717
2026-08-14T00:53:05.521602,0.138,2.497,37.717
2026-08-14T00:53:05.521792,0.185,2.497,37.717
2026-08-14T00:53:05.524128,2.332,2.498,37.717
2026-08-14T00:53:05.524308,0.185,2.498,37.717
2026-08-14T00:53:05.524453,0.148,2.498,37.717
2026-08-14T00:53:05.526761,2.303,2.503,37.717
2026-08-14T00:53:05.526936,0.175,2.503,37.717
2026-08-14T00:53:05.529218,2.288,2.503,37.717
2026-08-14T00:53:05.529347,0.131,2.503,37.717
2026-08-14T00:53:05.530545,1.197,2.514,37.717
2026-08-14T00:53:05.530677,0.134,2.514,37.717
2026-08-14T00:53:05.562996,32.280,2.460,37.717
2026-08-14T00:53:05.566453,3.465,2.492,37.717
2026-08-14T00:53:05.566622,0.191,2.493,37.717
2026-08-14T00:53:05.566793,0.172,2.482,37.717
2026-08-14T00:53:05.568050,1.253,2.493,37.717
2026-08-14T00:53:05.568204,0.160,2.493,37.717
2026-08-14T00:53:05.568345,0.144,2.471,37.717
2026-08-14T00:53:05.571695,3.348,2.503,37.717
2026-08-14T00:53:05.571840,0.140,2.504,37.717
2026-08-14T00:53:05.571978,0.147,2.504,37.717
2026-08-14T00:53:05.572107,0.130,2.503,37.717
2026-08-14T00:53:05.572275,0.167,2.482,37.717
2026-08-14T00:53:05.573508,1.230,2.492,37.717
2026-08-14T00:53:05.573671,0.165,2.492,37.717
2026-08-14T00:53:05.573806,0.138,2.471,37.717
2026-08-14T00:53:05.576123,2.310,2.492,37.717
2026-08-14T00:53:05.576277,0.159,2.471,37.717
2026-08-14T00:53:05.578554,2.276,2.492,37.717
2026-08-14T00:53:05.578689,0.138,2.481,37.717
2026-08-14T00:53:05.578824,0.127,2.481,37.717
2026-08-14T00:53:05.578960,0.143,2.128,37.717
2026-08-14T00:53:05.616529,37.557,2.501,37.717
2026-08-14T00:53:05.616683,0.162,2.502,37.717
2026-08-14T00:53:05.616829,0.136,2.480,37.717
2026-08-14T00:53:05.618055,1.234,2.491,37.717
2026-08-14T00:53:05.618201,0.150,2.491,37.717
2026-08-14T00:53:05.618338,0.138,2.469,37.717
2026-08-14T00:53:05.621747,3.383,2.501,37.717
2026-08-14T00:53:05.621939,0.209,2.502,37.717
2026-08-14T00:53:05.622098,0.164,2.502,37.717
2026-08-14T00:53:05.622241,0.145,2.502,37.717
2026-08-14T00:53:05.622436,0.192,2.491,37.717
2026-08-14T00:53:05.623711,1.266,2.492,37.717
2026-08-14T00:53:05.623933,0.225,2.492,37.717
2026-08-14T00:53:05.624108,0.177,2.482,37.717
2026-08-14T00:53:05.626490,2.355,2.504,37.717
2026-08-14T00:53:05.626688,0.226,2.483,37.717
2026-08-14T00:53:05.629035,2.334,2.504,37.717
2026-08-14T00:53:05.629216,0.190,2.505,37.717
2026-08-14T00:53:05.630483,1.261,2.516,37.717
2026-08-14T00:53:05.630660,0.185,2.142,37.717
2026-08-14T00:53:05.666359,35.644,2.496,37.717
2026-08-14T00:53:05.666558,0.257,2.497,37.717
2026-08-14T00:53:05.666692,0.144,2.486,37.717
2026-08-14T00:53:05.668991,2.293,2.508,37.717
2026-08-14T00:53:05.669127,0.142,2.508,37.717
2026-08-14T00:53:05.669253,0.128,2.475,37.717
2026-08-14T00:53:05.671515,2.258,2.496,37.717
2026-08-14T00:53:05.671643,0.131,2.496,37.717
2026-08-14T00:53:05.671761,0.120,2.496,37.717
2026-08-14T00:53:05.671894,0.130,2.496,37.717
2026-08-14T00:53:05.672070,0.174,2.485,37.717
2026-08-14T00:53:05.674376,2.299,2.506,37.717
2026-08-14T00:53:05.674550,0.179,2.506,37.717
2026-08-14T00:53:05.674685,0.138,2.485,37.717
2026-08-14T00:53:05.675908,1.219,2.463,37.717
2026-08-14T00:53:05.676056,0.152,2.463,37.717
2026-08-14T00:53:05.678858,2.780,2.490,37.717
2026-08-14T00:53:05.679004,0.166,2.490,37.717
2026-08-14T00:53:05.679130,0.130,2.490,37.717
2026-08-14T00:53:05.679254,0.125,2.125,37.717
2026-08-14T00:53:05.717094,37.738,2.500,37.738
2026-08-14T00:53:05.717387,0.355,2.502,37.738
2026-08-14T00:53:05.717614,0.234,2.492,37.738
2026-08-14T00:53:05.718955,1.340,2.503,37.738
2026-08-14T00:53:05.719136,0.201,2.504,37.738
2026-08-14T00:53:05.719285,0.157,2.483,37.738
2026-08-14T00:53:05.721599,2.300,2.504,37.738
2026-08-14T00:53:05.721766,0.175,2.504,37.738
2026-08-14T00:53:05.721926,0.162,2.505,37.738
2026-08-14T00:53:05.722074,0.151,2.504,37.738
2026-08-14T00:53:05.722267,0.191,2.483,37.738
2026-08-14T00:53:05.723517,1.248,2.493,37.738
2026-08-14T00:53:05.723697,0.182,2.492,37.738
2026-08-14T00:53:05.723899,0.149,2.481,37.738
2026-08-14T00:53:05.727280,3.438,2.514,37.738
2026-08-14T00:53:05.727420,0.144,2.487,37.738
2026-08-14T00:53:05.728615,1.192,2.497,37.738
2026-08-14T00:53:05.728739,0.128,2.497,37.738
2026-08-14T00:53:05.729931,1.190,2.507,37.738
2026-08-14T00:53:05.730058,0.128,2.131,37.738
2026-08-14T00:53:05.766634,36.541,2.494,37.738
2026-08-14T00:53:05.766825,0.202,2.495,37.738
2026-08-14T00:53:05.766979,0.171,2.484,37.738
2026-08-14T00:53:05.768196,1.217,2.495,37.738
2026-08-14T00:53:05.768338,0.145,2.495,37.738
2026-08-14T00:53:05.768472,0.136,2.473,37.738
2026-08-14T00:53:05.771832,3.343,2.505,37.738
2026-08-14T00:53:05.771973,0.155,2.505,37.738
2026-08-14T00:53:05.772104,0.134,2.505,37.738
2026-08-14T00:53:05.772255,0.151,2.505,37.738
2026-08-14T00:53:05.772432,0.175,2.483,37.738
2026-08-14T00:53:05.774739,2.305,2.504,37.738
2026-08-14T00:53:05.774924,0.186,2.505,37.738
2026-08-14T00:53:05.775070,0.149,2.483,37.738
2026-08-14T00:53:05.775199,0.132,2.483,37.738
2026-08-14T00:53:05.775337,0.138,2.461,37.738
2026-08-14T00:53:05.776572,1.227,2.472,37.738
2026-08-14T00:53:05.776715,0.147,2.462,37.738
2026-08-14T00:53:05.777928,1.211,2.472,37.738
2026-08-14T00:53:05.778067,0.142,2.151,37.738
2026-08-14T00:53:05.816789,38.682,2.503,38.682
2026-08-14T00:53:05.816984,0.225,2.504,38.682
2026-08-14T00:53:05.817131,0.156,2.503,38.682
2026-08-14T00:53:05.818378,1.241,2.503,38.682
2026-08-14T00:53:05.818532,0.159,2.503,38.682
2026-08-14T00:53:05.820836,2.292,2.525,38.682
2026-08-14T00:53:05.820980,0.157,2.493,38.682
2026-08-14T00:53:05.822192,1.210,2.504,38.682
2026-08-14T00:53:05.822334,0.145,2.504,38.682
2026-08-14T00:53:05.822463,0.131,2.504,38.682
2026-08-14T00:53:05.823717,1.248,2.514,38.682
2026-08-14T00:53:05.823882,0.168,2.504,38.682
2026-08-14T00:53:05.824048,0.167,2.504,38.682
2026-08-14T00:53:05.826335,2.286,2.525,38.682
2026-08-14T00:53:05.828624,2.287,2.525,38.682
2026-08-14T00:53:05.830934,2.311,2.547,38.682
2026-08-14T00:53:05.831072,0.142,2.525,38.682
2026-08-14T00:53:05.831192,0.123,2.525,38.682
2026-08-14T00:53:05.831311,0.119,2.525,38.682
2026-08-14T00:53:05.831427,0.117,2.525,38.682
2026-08-14T00:53:05.866861,35.410,2.503,38.682
2026-08-14T00:53:05.867011,0.166,2.503,38.682
2026-08-14T00:53:05.867147,0.139,2.503,38.682
2026-08-14T00:53:05.868362,1.211,2.503,38.682
2026-08-14T00:53:05.868506,0.147,2.503,38.682
2026-08-14T00:53:05.868639,0.136,2.503,38.682
2026-08-14T00:53:05.871020,2.351,2.493,38.682
2026-08-14T00:53:05.871199,0.199,2.493,38.682
2026-08-14T00:53:05.871344,0.152,2.492,38.682
2026-08-14T00:53:05.871483,0.141,2.492,38.682
2026-08-14T00:53:05.871657,0.172,2.492,38.682
2026-08-14T00:53:05.872920,1.259,2.492,38.682
2026-08-14T00:53:05.874186,1.268,2.503,38.682
2026-08-14T00:53:05.874332,0.150,2.502,38.682
2026-08-14T00:53:05.875557,1.223,2.491,38.682
2026-08-14T00:53:05.879476,3.906,2.528,38.682
2026-08-14T00:53:05.879635,0.170,2.506,38.682
2026-08-14T00:53:05.879768,0.139,2.506,38.682
2026-08-14T00:53:05.879914,0.144,2.494,38.682
2026-08-14T00:53:05.880051,0.139,2.494,38.682
2026-08-14T00:53:05.916846,36.712,2.505,38.682
2026-08-14T00:53:05.917038,0.269,2.505,38.682
2026-08-14T00:53:05.917157,0.131,2.505,38.682
2026-08-14T00:53:05.918341,1.183,2.494,38.682
2026-08-14T00:53:05.918458,0.119,2.493,38.682
2026-08-14T00:53:05.918565,0.109,2.493,38.682
2026-08-14T00:53:05.921881,3.309,2.504,38.682
2026-08-14T00:53:05.921994,0.118,2.504,38.682
2026-08-14T00:53:05.922097,0.105,2.503,38.682
2026-08-14T00:53:05.922198,0.101,2.503,38.682
2026-08-14T00:53:05.922342,0.142,2.503,38.682
2026-08-14T00:53:05.923539,1.194,2.492,38.682
2026-08-14T00:53:05.923675,0.137,2.491,38.682
2026-08-14T00:53:05.923783,0.110,2.491,38.682
2026-08-14T00:53:05.926065,2.271,2.502,38.682
2026-08-14T00:53:05.929433,3.367,2.534,38.682
2026-08-14T00:53:05.929575,0.146,2.507,38.682
2026-08-14T00:53:05.929703,0.131,2.507,38.682
2026-08-14T00:53:05.929845,0.128,2.507,38.682
2026-08-14T00:53:05.929984,0.152,2.507,38.682
2026-08-14T00:53:05.966740,36.670,2.497,38.682
2026-08-14T00:53:05.966999,0.320,2.496,38.682
2026-08-14T00:53:05.967173,0.190,2.496,38.682
2026-08-14T00:53:05.968406,1.234,2.495,38.682
2026-08-14T00:53:05.968544,0.147,2.494,38.682
2026-08-14T00:53:05.968670,0.127,2.494,38.682
2026-08-14T00:53:05.972008,3.334,2.504,38.682
2026-08-14T00:53:05.972140,0.134,2.504,38.682
2026-08-14T00:53:05.972262,0.125,2.503,38.682
2026-08-14T00:53:05.972382,0.120,2.503,38.682
2026-08-14T00:53:05.972550,0.165,2.503,38.682
2026-08-14T00:53:05.973775,1.224,2.503,38.682
2026-08-14T00:53:05.973950,0.174,2.503,38.682
2026-08-14T00:53:05.974085,0.139,2.502,38.682
2026-08-14T00:53:05.976380,2.291,2.491,38.682
2026-08-14T00:53:05.976524,0.148,2.491,38.682
2026-08-14T00:53:05.978827,2.290,2.502,38.682
2026-08-14T00:53:05.978962,0.147,2.502,38.682
2026-08-14T00:53:05.979083,0.124,2.492,38.682
2026-08-14T00:53:05.979209,0.125,2.492,38.682
2026-08-14T00:53:06.016762,37.537,2.501,38.682
2026-08-14T00:53:06.016933,0.179,2.501,38.682
2026-08-14T00:53:06.017077,0.148,2.501,38.682
2026-08-14T00:53:06.018301,1.220,2.501,38.682
2026-08-14T00:53:06.018448,0.150,2.501,38.682
2026-08-14T00:53:06.018586,0.139,2.501,38.682
2026-08-14T00:53:06.021939,3.349,2.501,38.682
2026-08-14T00:53:06.022076,0.142,2.501,38.682
2026-08-14T00:53:06.022203,0.129,2.501,38.682
2026-08-14T00:53:06.022328,0.125,2.501,38.682
2026-08-14T00:53:06.022489,0.158,2.501,38.682
2026-08-14T00:53:06.023723,1.231,2.490,38.682
2026-08-14T00:53:06.023901,0.179,2.490,38.682
2026-08-14T00:53:06.024041,0.143,2.490,38.682
2026-08-14T00:53:06.026335,2.291,2.511,38.682
2026-08-14T00:53:06.026483,0.151,2.511,38.682
2026-08-14T00:53:06.028761,2.275,2.522,38.682
2026-08-14T00:53:06.028908,0.149,2.522,38.682
2026-08-14T00:53:06.030123,1.211,2.522,38.682
2026-08-14T00:53:06.030262,0.145,2.522,38.682
2026-08-14T00:53:06.066764,36.491,2.500,37.537
2026-08-14T00:53:06.066929,0.170,2.500,37.537
2026-08-14T00:53:06.067072,0.147,2.499,37.537
2026-08-14T00:53:06.068291,1.216,2.499,37.537
2026-08-14T00:53:06.068434,0.146,2.499,37.537
2026-08-14T00:53:06.068569,0.137,2.477,37.537
2026-08-14T00:53:06.071930,3.353,2.509,37.537
2026-08-14T00:53:06.072074,0.149,2.499,37.537
2026-08-14T00:53:06.072208,0.136,2.499,37.537
2026-08-14T00:53:06.072341,0.133,2.499,37.537
2026-08-14T00:53:06.072509,0.164,2.488,37.537
2026-08-14T00:53:06.073742,1.234,2.499,37.537
2026-08-14T00:53:06.073917,0.176,2.499,37.537
2026-08-14T00:53:06.074055,0.141,2.477,37.537
2026-08-14T00:53:06.076347,2.287,2.477,37.537
2026-08-14T00:53:06.076493,0.150,2.456,37.537
2026-08-14T00:53:06.078239,1.735,2.472,37.537
2026-08-14T00:53:06.078384,0.156,2.472,37.537
2026-08-14T00:53:06.078511,0.130,2.472,37.537
2026-08-14T00:53:06.078635,0.124,2.472,37.537
2026-08-14T00:53:06.116434,37.736,2.495,37.736
2026-08-14T00:53:06.116646,0.260,2.496,37.736
2026-08-14T00:53:06.116797,0.162,2.496,37.736
2026-08-14T00:53:06.118048,1.245,2.497,37.736
2026-08-14T00:53:06.118197,0.155,2.497,37.736
2026-08-14T00:53:06.118335,0.141,2.497,37.736
2026-08-14T00:53:06.121690,3.348,2.507,37.736
2026-08-14T00:53:06.121852,0.150,2.506,37.736
2026-08-14T00:53:06.121996,0.161,2.507,37.736
2026-08-14T00:53:06.122126,0.131,2.506,37.736
2026-08-14T00:53:06.122311,0.183,2.507,37.736
2026-08-14T00:53:06.123565,1.247,2.506,37.736
2026-08-14T00:53:06.123746,0.185,2.496,37.736
2026-08-14T00:53:06.123903,0.159,2.496,37.736
2026-08-14T00:53:06.126209,2.305,2.507,37.736
2026-08-14T00:53:06.126360,0.153,2.469,37.736
2026-08-14T00:53:06.128630,2.271,2.490,37.736
2026-08-14T00:53:06.128763,0.135,2.490,37.736
2026-08-14T00:53:06.129976,1.210,2.501,37.736
2026-08-14T00:53:06.130109,0.136,2.501,37.736
2026-08-14T00:53:06.166606,36.485,2.498,37.736
2026-08-14T00:53:06.166758,0.158,2.497,37.736
2026-08-14T00:53:06.166911,0.153,2.497,37.736
2026-08-14T00:53:06.168140,1.225,2.498,37.736
2026-08-14T00:53:06.168290,0.154,2.498,37.736
2026-08-14T00:53:06.168429,0.142,2.499,37.736
2026-08-14T00:53:06.171780,3.348,2.499,37.736
2026-08-14T00:53:06.171931,0.154,2.499,37.736
2026-08-14T00:53:06.172063,0.135,2.500,37.736
2026-08-14T00:53:06.172187,0.125,2.500,37.736
2026-08-14T00:53:06.172347,0.158,2.500,37.736
2026-08-14T00:53:06.173576,1.227,2.500,37.736
2026-08-14T00:53:06.173738,0.163,2.501,37.736
2026-08-14T00:53:06.173888,0.150,2.501,37.736
2026-08-14T00:53:06.176185,2.295,2.501,37.736
2026-08-14T00:53:06.176332,0.150,2.469,37.736
2026-08-14T00:53:06.178615,2.279,2.490,37.736
2026-08-14T00:53:06.178750,0.140,2.490,37.736
2026-08-14T00:53:06.178890,0.139,2.491,37.736
2026-08-14T00:53:06.179023,0.134,2.490,37.736
