Timestamp,Telemetry_Gap_ms,Telemetry_Mean_Gap_ms,Telemetry_Max_Gap_ms,Telemetry_Std_Gap_ms,Blockchain_TX_Latency_ms,TX_Count,Block_Number,Blockchain_Status,Altitude_m,Speed_mps,Heading_deg,Latitude,Longitude,Voltage_V,Current_A,Satellites
2026-08-24T05:56:34.935840,3.713,3.713,3.713,0.000,0.000,0,0,WAITING FOR FIRST TX...,0.000,0.000,0,0.0000000,0.0000000,0.000,0.000,0
2026-08-24T05:56:34.939752,3.931,3.822,3.931,0.154,0.000,0,0,WAITING FOR FIRST TX...,0.000,0.000,0,0.0000000,0.0000000,0.000,0.000,0
2026-08-24T05:56:34.940264,0.514,2.720,3.931,1.913,0.000,0,0,WAITING FOR FIRST TX...,0.000,0.000,0,0.0000000,0.0000000,0.000,0.000,0
2026-08-24T05:56:34.940578,0.372,2.133,3.931,1.954,0.000,0,0,WAITING FOR FIRST TX...,0.000,0.000,0,24.3677150,88.6261626,0.000,0.000,0
2026-08-24T05:56:34.943470,2.881,2.282,3.931,1.725,0.000,0,0,WAITING FOR FIRST TX...,0.000,0.008,257,24.3677150,88.6261626,0.000,0.000,0
2026-08-24T05:56:34.943955,0.476,1.981,3.931,1.710,0.000,0,0,WAITING FOR FIRST TX...,0.000,0.008,257,24.3677150,88.6261626,0.000,-0.010,0
2026-08-24T05:56:34.946359,2.404,2.042,3.931,1.569,0.000,0,0,WAITING FOR FIRST TX...,0.000,0.008,257,24.3677150,88.6261626,0.000,-0.010,0
2026-08-24T05:56:34.946662,0.318,1.826,3.931,1.575,0.000,0,0,WAITING FOR FIRST TX...,0.000,0.008,257,24.3677150,88.6261626,0.000,-0.010,0
2026-08-24T05:56:34.946966,0.306,1.657,3.931,1.558,0.000,0,0,WAITING FOR FIRST TX...,0.000,0.008,257,24.3677150,88.6261626,0.000,-0.010,0
2026-08-24T05:56:34.947237,0.268,1.518,3.931,1.533,0.000,0,0,WAITING FOR FIRST TX...,0.000,0.008,257,24.3677150,88.6261626,0.000,-0.010,0
2026-08-24T05:56:34.947648,0.393,1.416,3.931,1.494,0.000,0,0,WAITING FOR FIRST TX...,0.000,0.008,257,24.3677150,88.6261626,0.000,-0.010,0
2026-08-24T05:56:34.949445,1.796,1.448,3.931,1.429,0.000,0,0,WAITING FOR FIRST TX...,0.000,0.008,257,24.3677150,88.6261626,0.000,-0.010,0
2026-08-24T05:56:34.949949,0.510,1.376,3.931,1.392,0.000,0,0,WAITING FOR FIRST TX...,0.000,0.008,257,24.3677150,88.6261626,0.000,-0.010,0
2026-08-24T05:56:34.952513,2.532,1.458,3.931,1.373,0.000,0,0,WAITING FOR FIRST TX...,0.000,0.008,257,24.3677150,88.6261626,0.000,-0.010,0
2026-08-24T05:56:34.953538,1.039,1.430,3.931,1.327,0.000,0,0,WAITING FOR FIRST TX...,0.000,0.008,257,24.3677150,88.6261626,0.000,-0.010,0
2026-08-24T05:56:34.953902,0.370,1.364,3.931,1.309,0.000,0,0,WAITING FOR FIRST TX...,0.000,0.008,257,24.3677150,88.6261626,0.000,-0.010,7
2026-08-24T05:56:34.954219,0.306,1.302,3.931,1.294,0.000,0,0,WAITING FOR FIRST TX...,0.000,0.008,257,24.3677150,88.6261626,0.000,-0.010,7
2026-08-24T05:56:34.954545,0.324,1.247,3.931,1.276,0.000,0,0,WAITING FOR FIRST TX...,0.000,0.008,257,24.3677150,88.6261626,0.000,-0.010,7
2026-08-24T05:56:34.954845,0.310,1.198,3.931,1.258,0.000,0,0,WAITING FOR FIRST TX...,0.000,0.008,257,24.3677150,88.6261626,0.000,-0.010,7
2026-08-24T05:56:34.955132,0.286,1.152,3.931,1.242,0.000,0,0,WAITING FOR FIRST TX...,0.000,0.008,257,24.3677150,88.6261626,0.000,-0.010,7
2026-08-24T05:56:34.985582,30.424,2.546,30.424,6.501,0.000,0,0,WAITING FOR FIRST TX...,0.000,0.008,257,24.3677150,88.6261626,0.000,-0.010,7
2026-08-24T05:56:34.985933,0.371,2.448,30.424,6.362,0.000,0,0,WAITING FOR FIRST TX...,0.000,0.008,257,24.3677150,88.6261626,0.000,-0.010,7
2026-08-24T05:56:34.986217,0.296,2.354,30.424,6.231,0.000,0,0,WAITING FOR FIRST TX...,0.000,0.008,257,24.3677150,88.6261626,0.000,-0.010,7
2026-08-24T05:56:34.987651,1.436,2.316,30.424,6.097,0.000,0,0,WAITING FOR FIRST TX...,0.000,0.008,257,24.3677150,88.6261626,0.000,-0.010,7
2026-08-24T05:56:34.987925,0.275,2.234,30.424,5.983,0.000,0,0,WAITING FOR FIRST TX...,0.000,0.008,257,24.3677150,88.6261626,0.000,-0.010,7
2026-08-24T05:56:34.988178,0.255,2.158,30.424,5.875,0.000,0,0,WAITING FOR FIRST TX...,0.000,0.008,257,24.3677150,88.6261626,0.000,-0.010,7
2026-08-24T05:56:34.990879,2.697,2.178,30.424,5.762,0.000,0,0,WAITING FOR FIRST TX...,0.000,0.008,257,24.3677150,88.6261626,0.000,-0.010,7
2026-08-24T05:56:34.991136,0.257,2.109,30.424,5.666,0.000,0,0,WAITING FOR FIRST TX...,0.000,0.008,257,24.3677150,88.6261626,0.000,-0.010,7
2026-08-24T05:56:34.993055,1.915,2.103,30.424,5.564,0.000,0,0,WAITING FOR FIRST TX...,0.000,0.008,257,24.3677150,88.6261626,0.000,-0.010,7
2026-08-24T05:56:34.993314,0.261,2.041,30.424,5.477,0.000,0,0,WAITING FOR FIRST TX...,0.000,0.008,257,24.3677150,88.6261626,0.000,-0.010,7
2026-08-24T05:56:34.993604,0.290,1.985,30.424,5.394,0.000,0,0,WAITING FOR FIRST TX...,0.000,0.008,257,24.3677150,88.6261626,0.000,-0.010,7
2026-08-24T05:56:34.993873,0.266,1.931,30.424,5.315,0.000,0,0,WAITING FOR FIRST TX...,0.000,0.008,257,24.3677150,88.6261626,0.000,-0.010,7
2026-08-24T05:56:34.994665,0.792,1.897,30.424,5.235,0.000,0,0,WAITING FOR FIRST TX...,0.000,0.008,257,24.3677150,88.6261626,0.000,-0.010,7
2026-08-24T05:56:34.994929,0.265,1.849,30.424,5.163,0.000,0,0,WAITING FOR FIRST TX...,0.000,0.008,257,24.3677150,88.6261626,0.000,-0.010,7
2026-08-24T05:56:34.995375,0.446,1.808,30.424,5.092,0.000,0,0,WAITING FOR FIRST TX...,0.000,0.008,257,24.3677150,88.6261626,0.000,-0.010,7
2026-08-24T05:56:34.995636,0.257,1.765,30.424,5.025,0.000,0,0,WAITING FOR FIRST TX...,0.000,0.008,257,24.3677150,88.6261626,0.000,-0.010,7
2026-08-24T05:56:34.997415,1.776,1.766,30.424,4.955,0.000,0,0,WAITING FOR FIRST TX...,0.000,0.008,257,24.3677150,88.6261626,0.000,-0.010,7
2026-08-24T05:56:34.997675,0.263,1.726,30.424,4.894,0.000,0,0,WAITING FOR FIRST TX...,0.000,0.008,257,24.3677150,88.6261626,0.000,-0.010,7
2026-08-24T05:56:34.998094,0.417,1.693,30.424,4.834,0.000,0,0,WAITING FOR FIRST TX...,0.000,0.008,257,24.3677150,88.6261626,0.000,-0.010,7
2026-08-24T05:56:34.998351,0.257,1.657,30.424,4.777,0.000,0,0,WAITING FOR FIRST TX...,0.000,0.008,257,24.3677150,88.6261626,0.000,-0.010,7
2026-08-24T05:56:35.035506,37.102,2.521,37.102,7.272,0.000,0,0,WAITING FOR FIRST TX...,0.000,0.008,257,24.3677150,88.6261626,0.000,-0.010,7
2026-08-24T05:56:35.035889,0.410,2.471,37.102,7.191,0.000,0,0,WAITING FOR FIRST TX...,0.000,0.008,257,24.3677150,88.6261626,0.000,-0.010,7
2026-08-24T05:56:35.036199,0.321,2.421,37.102,7.112,0.000,0,0,WAITING FOR FIRST TX...,0.000,0.008,257,24.3677150,88.6261626,0.000,-0.010,7
2026-08-24T05:56:35.038031,1.822,2.407,37.102,7.029,0.000,0,0,WAITING FOR FIRST TX...,0.000,0.008,257,24.3677150,88.6261626,0.000,-0.010,7
2026-08-24T05:56:35.038336,0.314,2.361,37.102,6.956,0.000,0,0,WAITING FOR FIRST TX...,0.000,0.008,257,24.3677150,88.6261626,0.000,-0.010,7
2026-08-24T05:56:35.040885,2.543,2.365,37.102,6.878,0.000,0,0,WAITING FOR FIRST TX...,0.000,0.008,257,24.3677150,88.6261626,0.000,-0.010,7
2026-08-24T05:56:35.041187,0.310,2.321,37.102,6.810,0.000,0,0,WAITING FOR FIRST TX...,0.000,0.008,257,24.3677150,88.6261626,0.000,-0.010,7
2026-08-24T05:56:35.043114,1.925,2.313,37.102,6.737,0.000,0,0,WAITING FOR FIRST TX...,0.000,0.008,257,24.3677150,88.6261626,0.000,-0.010,7
2026-08-24T05:56:35.043408,0.292,2.271,37.102,6.673,0.000,0,0,WAITING FOR FIRST TX...,0.000,0.008,257,24.3677150,88.6261626,0.000,-0.010,7
2026-08-24T05:56:35.043681,0.278,2.232,37.102,6.610,0.000,0,0,WAITING FOR FIRST TX...,0.000,0.008,257,24.3677150,88.6261626,0.000,-0.010,7
2026-08-24T05:56:35.044011,0.328,2.164,37.102,6.612,0.000,0,0,WAITING FOR FIRST TX...,0.000,0.008,257,24.3677150,88.6261626,0.000,-0.010,7
2026-08-24T05:56:35.044665,0.657,2.098,37.102,6.611,0.000,0,0,WAITING FOR FIRST TX...,0.000,0.008,257,24.3677150,88.6261626,0.000,-0.010,7
2026-08-24T05:56:35.044981,0.307,2.094,37.102,6.612,0.000,0,0,WAITING FOR FIRST TX...,0.000,0.008,257,24.3677150,88.6261626,0.000,-0.010,7
2026-08-24T05:56:35.045275,0.294,2.093,37.102,6.612,0.000,0,0,WAITING FOR FIRST TX...,0.000,0.008,257,24.3677150,88.6261626,0.000,-0.010,7
2026-08-24T05:56:35.045553,0.278,2.041,37.102,6.616,0.000,0,0,WAITING FOR FIRST TX...,0.000,0.008,257,24.3677150,88.6261626,0.000,-0.010,7
2026-08-24T05:56:35.048117,2.563,2.082,37.102,6.613,0.000,0,0,WAITING FOR FIRST TX...,0.000,0.008,257,24.3677150,88.6261626,0.000,-0.010,7
2026-08-24T05:56:35.048401,0.285,2.040,37.102,6.617,0.000,0,0,WAITING FOR FIRST TX...,0.000,0.008,257,24.3677150,88.6261626,0.000,-0.010,7
2026-08-24T05:56:35.048676,0.277,2.039,37.102,6.618,0.000,0,0,WAITING FOR FIRST TX...,0.000,0.008,257,24.3677150,88.6261626,0.000,-0.010,7
2026-08-24T05:56:35.049730,1.040,2.054,37.102,6.614,0.000,0,0,WAITING FOR FIRST TX...,0.000,0.008,257,24.3677150,88.6261626,0.000,-0.010,7
2026-08-24T05:56:35.050019,0.300,2.055,37.102,6.614,0.000,0,0,WAITING FOR FIRST TX...,0.000,0.008,257,24.3677150,88.6261626,0.000,-0.010,7
2026-08-24T05:56:35.085565,35.492,2.757,37.102,8.124,0.000,0,0,WAITING FOR FIRST TX...,0.000,0.008,257,24.3677150,88.6261626,0.000,-0.010,7
2026-08-24T05:56:35.085979,0.446,2.730,37.102,8.130,0.000,0,0,WAITING FOR FIRST TX...,0.000,0.008,257,24.3677150,88.6261626,0.000,-0.010,7
2026-08-24T05:56:35.086313,0.347,2.726,37.102,8.131,0.000,0,0,WAITING FOR FIRST TX...,0.000,0.008,257,24.3677150,88.6261626,0.000,-0.010,7
2026-08-24T05:56:35.088172,1.868,2.713,37.102,8.132,0.000,0,0,WAITING FOR FIRST TX...,0.000,0.008,257,24.3677142,88.6261612,0.000,-0.010,7
2026-08-24T05:56:35.088467,0.300,2.698,37.102,8.136,0.000,0,0,WAITING FOR FIRST TX...,0.000,0.007,257,24.3677142,88.6261612,0.000,-0.010,7
2026-08-24T05:56:35.088747,0.279,2.696,37.102,8.136,0.000,0,0,WAITING FOR FIRST TX...,0.000,0.007,257,24.3677142,88.6261612,0.000,-0.010,7
2026-08-24T05:56:35.090934,2.206,2.734,37.102,8.129,0.000,0,0,WAITING FOR FIRST TX...,0.000,0.007,257,24.3677142,88.6261612,0.000,-0.010,7
2026-08-24T05:56:35.091195,0.265,2.733,37.102,8.130,0.000,0,0,WAITING FOR FIRST TX...,0.000,0.007,257,24.3677142,88.6261612,0.000,-0.010,7
2026-08-24T05:56:35.092968,1.771,2.762,37.102,8.123,0.000,0,0,WAITING FOR FIRST TX...,0.000,0.007,257,24.3677142,88.6261612,0.000,-0.010,7
2026-08-24T05:56:35.093227,0.261,2.762,37.102,8.123,0.000,0,0,WAITING FOR FIRST TX...,0.000,0.007,257,24.3677142,88.6261612,0.000,-0.010,7
2026-08-24T05:56:35.093515,0.286,2.159,37.102,7.080,0.000,0,0,WAITING FOR FIRST TX...,0.000,0.007,257,24.3677142,88.6261612,0.000,-0.010,7
2026-08-24T05:56:35.093798,0.262,2.157,37.102,7.081,0.000,0,0,WAITING FOR FIRST TX...,0.000,0.007,257,24.3677142,88.6261612,0.000,-0.010,7
2026-08-24T05:56:35.094689,0.914,2.169,37.102,7.078,0.000,0,0,WAITING FOR FIRST TX...,0.000,0.007,257,24.3677142,88.6261612,0.000,-0.010,7
2026-08-24T05:56:35.094961,0.270,2.146,37.102,7.082,0.000,0,0,WAITING FOR FIRST TX...,0.000,0.007,257,24.3677142,88.6261612,0.000,-0.010,7
2026-08-24T05:56:35.095391,0.422,2.149,37.102,7.081,0.000,0,0,WAITING FOR FIRST TX...,0.000,0.007,257,24.3677142,88.6261612,0.000,-0.010,7
2026-08-24T05:56:35.095660,0.269,2.149,37.102,7.081,0.000,0,0,WAITING FOR FIRST TX...,0.000,0.007,257,24.3677142,88.6261612,0.000,-0.010,7
2026-08-24T05:56:35.096624,0.963,2.115,37.102,7.083,0.000,0,0,WAITING FOR FIRST TX...,0.000,0.007,257,24.3677142,88.6261612,0.000,-0.010,7
2026-08-24T05:56:35.098335,1.711,2.144,37.102,7.078,0.000,0,0,WAITING FOR FIRST TX...,0.000,0.007,257,24.3677142,88.6261612,0.000,-0.010,7
2026-08-24T05:56:35.099448,1.110,2.128,37.102,7.080,0.000,0,0,WAITING FOR FIRST TX...,0.000,0.007,257,24.3677142,88.6261612,0.000,-0.010,7
2026-08-24T05:56:35.099727,0.274,2.128,37.102,7.080,0.000,0,0,WAITING FOR FIRST TX...,0.000,0.007,257,24.3677142,88.6261612,0.000,-0.010,7
2026-08-24T05:56:35.135471,35.722,2.836,37.102,8.519,0.000,0,0,WAITING FOR FIRST TX...,0.000,0.007,257,24.3677142,88.6261612,0.000,-0.010,7
2026-08-24T05:56:35.135831,0.352,2.838,37.102,8.518,0.000,0,0,WAITING FOR FIRST TX...,0.000,0.007,257,24.3677142,88.6261612,0.000,-0.010,7
2026-08-24T05:56:35.136132,0.332,2.829,37.102,8.521,0.000,0,0,WAITING FOR FIRST TX...,0.000,0.007,257,24.3677142,88.6261612,0.000,-0.010,7
2026-08-24T05:56:35.137600,1.473,2.853,37.102,8.515,0.000,0,0,WAITING FOR FIRST TX...,0.000,0.007,257,24.3677142,88.6261612,0.000,-0.010,7
2026-08-24T05:56:35.137893,0.286,2.850,37.102,8.516,0.000,0,0,WAITING FOR FIRST TX...,0.000,0.008,257,24.3677142,88.6261612,0.000,-0.010,7
2026-08-24T05:56:35.140600,2.702,2.899,37.102,8.508,0.000,0,0,WAITING FOR FIRST TX...,0.000,0.008,257,24.3677142,88.6261612,0.000,-0.010,7
2026-08-24T05:56:35.140922,0.318,2.870,37.102,8.514,0.000,0,0,WAITING FOR FIRST TX...,0.000,0.008,257,24.3677142,88.6261612,0.000,-0.010,7
2026-08-24T05:56:35.141236,0.319,2.871,37.102,8.514,0.000,0,0,WAITING FOR FIRST TX...,0.000,0.008,257,24.3677142,88.6261612,0.000,-0.010,7
2026-08-24T05:56:35.141522,0.290,2.868,37.102,8.515,0.000,0,0,WAITING FOR FIRST TX...,0.000,0.008,257,24.3677142,88.6261612,0.000,-0.010,7
2026-08-24T05:56:35.141801,0.272,2.869,37.102,8.515,0.000,0,0,WAITING FOR FIRST TX...,0.000,0.008,257,24.3677142,88.6261612,0.000,-0.010,7
2026-08-24T05:56:35.143069,1.273,2.152,35.722,6.936,0.000,0,0,WAITING FOR FIRST TX...,0.000,0.008,257,24.3677142,88.6261612,0.000,-0.010,7
2026-08-24T05:56:35.143357,0.290,2.150,35.722,6.937,0.000,0,0,WAITING FOR FIRST TX...,0.000,0.008,257,24.3677142,88.6261612,0.000,-0.010,7
2026-08-24T05:56:35.143648,0.294,2.149,35.722,6.937,0.000,0,0,WAITING FOR FIRST TX...,0.000,0.008,257,24.3677142,88.6261612,0.000,-0.010,7
2026-08-24T05:56:35.144493,0.845,2.129,35.722,6.939,0.000,0,0,WAITING FOR FIRST TX...,0.000,0.008,257,24.3677142,88.6261612,0.000,-0.010,7
2026-08-24T05:56:35.144773,0.271,2.129,35.722,6.940,0.000,0,0,WAITING FOR FIRST TX...,0.000,0.008,257,24.3677142,88.6261612,0.000,-0.010,7
2026-08-24T05:56:35.148015,3.249,2.143,35.722,6.941,0.000,0,0,WAITING FOR FIRST TX...,0.000,0.008,257,24.3677142,88.6261612,0.000,-0.010,7
2026-08-24T05:56:35.148299,0.276,2.142,35.722,6.941,0.000,0,0,WAITING FOR FIRST TX...,0.000,0.008,257,24.3677142,88.6261612,0.000,-0.010,7
2026-08-24T05:56:35.148576,0.277,2.109,35.722,6.946,0.000,0,0,WAITING FOR FIRST TX...,0.000,0.008,257,24.3677142,88.6261612,0.000,-0.010,7
2026-08-24T05:56:35.149657,1.082,2.125,35.722,6.943,0.000,0,0,WAITING FOR FIRST TX...,0.000,0.008,257,24.3677142,88.6261612,0.000,-0.010,7
2026-08-24T05:56:35.149960,0.289,2.125,35.722,6.943,0.000,0,0,WAITING FOR FIRST TX...,0.000,0.008,257,24.3677142,88.6261612,0.000,-0.010,7
2026-08-24T05:56:35.185574,35.591,2.830,35.722,8.396,0.000,0,0,WAITING FOR FIRST TX...,0.000,0.008,257,24.3677142,88.6261612,0.000,-0.010,7
2026-08-24T05:56:35.185944,0.395,2.825,35.722,8.397,0.000,0,0,WAITING FOR FIRST TX...,0.000,0.008,257,24.3677142,88.6261612,0.000,-0.010,7
2026-08-24T05:56:35.186255,0.318,2.825,35.722,8.397,0.000,0,0,WAITING FOR FIRST TX...,0.000,0.008,257,24.3677142,88.6261612,0.000,-0.010,7
2026-08-24T05:56:35.187677,1.422,2.848,35.722,8.392,0.000,0,0,WAITING FOR FIRST TX...,0.000,0.008,257,24.3677142,88.6261612,0.000,-0.010,7
2026-08-24T05:56:35.188000,0.322,2.849,35.722,8.391,0.000,0,0,WAITING FOR FIRST TX...,0.000,0.008,257,24.3677142,88.6261612,0.000,-0.010,7
2026-08-24T05:56:35.188288,0.292,2.803,35.722,8.399,0.000,0,0,WAITING FOR FIRST TX...,0.000,0.008,257,24.3677142,88.6261612,0.000,-0.010,7
2026-08-24T05:56:35.190912,2.624,2.850,35.722,8.391,0.000,0,0,WAITING FOR FIRST TX...,0.000,0.008,257,24.3677142,88.6261612,0.000,-0.010,7
2026-08-24T05:56:35.191201,0.291,2.850,35.722,8.391,0.000,0,0,WAITING FOR FIRST TX...,0.000,0.008,257,24.3677142,88.6261612,0.000,-0.010,7
2026-08-24T05:56:35.193037,1.833,2.866,35.722,8.388,0.000,0,0,WAITING FOR FIRST TX...,0.000,0.008,257,24.3677142,88.6261612,0.000,-0.010,7
2026-08-24T05:56:35.193326,0.291,2.866,35.722,8.388,0.000,0,0,WAITING FOR FIRST TX...,0.000,0.008,257,24.3677142,88.6261612,0.000,-0.010,7
2026-08-24T05:56:35.193640,0.316,2.163,35.722,6.948,0.000,0,0,WAITING FOR FIRST TX...,0.000,0.008,257,24.3677142,88.6261612,0.000,-0.010,7
2026-08-24T05:56:35.193940,0.296,2.160,35.722,6.948,0.000,0,0,WAITING FOR FIRST TX...,0.000,0.008,257,24.3677142,88.6261612,0.000,-0.010,7
2026-08-24T05:56:35.194705,0.759,2.168,35.722,6.946,0.000,0,0,WAITING FOR FIRST TX...,0.000,0.008,257,24.3677142,88.6261612,0.000,-0.010,7
2026-08-24T05:56:35.195004,0.299,2.136,35.722,6.951,0.000,0,0,WAITING FOR FIRST TX...,0.000,0.008,257,24.3677142,88.6261612,0.000,-0.010,7
2026-08-24T05:56:35.195414,0.412,2.139,35.722,6.951,0.000,0,0,WAITING FOR FIRST TX...,0.000,0.008,257,24.3677142,88.6261612,0.000,-0.010,7
2026-08-24T05:56:35.195713,0.292,2.139,35.722,6.951,0.000,0,0,WAITING FOR FIRST TX...,0.000,0.008,257,24.3677142,88.6261612,0.000,-0.010,7
2026-08-24T05:56:35.198153,2.436,2.144,35.722,6.951,0.000,0,0,WAITING FOR FIRST TX...,0.000,0.008,257,24.3677142,88.6261612,0.000,-0.010,7
2026-08-24T05:56:35.198468,0.319,2.145,35.722,6.951,0.000,0,0,WAITING FOR FIRST TX...,0.000,0.008,257,24.3677142,88.6261612,0.000,-0.010,7
2026-08-24T05:56:35.198791,0.303,2.115,35.722,6.955,0.000,0,0,WAITING FOR FIRST TX...,0.000,0.008,257,24.3677142,88.6261612,0.000,-0.010,7
2026-08-24T05:56:35.199097,0.326,2.117,35.722,6.955,0.000,0,0,WAITING FOR FIRST TX...,0.000,0.008,257,24.3677142,88.6261612,0.000,-0.010,7
2026-08-24T05:56:35.235474,36.364,2.838,36.364,8.468,0.000,0,0,WAITING FOR FIRST TX...,0.000,0.008,257,24.3677142,88.6261612,0.000,-0.010,7
2026-08-24T05:56:35.235806,0.338,2.840,36.364,8.468,0.000,0,0,WAITING FOR FIRST TX...,0.000,0.008,257,24.3677142,88.6261612,0.000,-0.010,7
2026-08-24T05:56:35.236103,0.312,2.828,36.364,8.471,0.000,0,0,WAITING FOR FIRST TX...,0.000,0.008,257,24.3677142,88.6261612,0.000,-0.010,7
2026-08-24T05:56:35.238141,2.029,2.863,36.364,8.464,0.000,0,0,WAITING FOR FIRST TX...,0.000,0.008,257,24.3677142,88.6261612,0.000,-0.010,7
2026-08-24T05:56:35.238451,0.321,2.861,36.364,8.464,0.000,0,0,WAITING FOR FIRST TX...,0.000,0.008,257,24.3677142,88.6261612,0.000,-0.010,7
2026-08-24T05:56:35.240884,2.407,2.904,36.364,8.456,0.000,0,0,WAITING FOR FIRST TX...,0.000,0.008,257,24.3677142,88.6261612,0.000,-0.010,7
2026-08-24T05:56:35.241196,0.340,2.891,36.364,8.460,0.000,0,0,WAITING FOR FIRST TX...,0.000,0.008,257,24.3677142,88.6261612,0.000,-0.010,7
2026-08-24T05:56:35.243019,1.823,2.893,36.364,8.459,0.000,0,0,WAITING FOR FIRST TX...,0.000,0.008,257,24.3677142,88.6261612,0.000,-0.010,7
2026-08-24T05:56:35.243316,0.299,2.877,36.364,8.464,0.000,0,0,WAITING FOR FIRST TX...,0.000,0.008,257,24.3677142,88.6261612,0.000,-0.010,7
2026-08-24T05:56:35.243595,0.282,2.877,36.364,8.464,0.000,0,0,WAITING FOR FIRST TX...,0.000,0.008,257,24.3677142,88.6261612,0.000,-0.010,7
2026-08-24T05:56:35.243919,0.322,2.169,36.364,7.017,0.000,0,0,WAITING FOR FIRST TX...,0.000,0.008,257,24.3677142,88.6261612,0.000,-0.010,7
2026-08-24T05:56:35.245457,1.537,2.193,36.364,7.013,0.000,0,0,WAITING FOR FIRST TX...,0.000,0.008,257,24.3677142,88.6261612,0.000,-0.010,7
2026-08-24T05:56:35.245778,0.311,2.192,36.364,7.013,0.000,0,0,WAITING FOR FIRST TX...,0.000,0.008,257,24.3677142,88.6261612,0.000,-0.010,7
2026-08-24T05:56:35.246068,0.302,2.169,36.364,7.017,0.000,0,0,WAITING FOR FIRST TX...,0.000,0.008,257,24.3677142,88.6261612,0.000,-0.010,7
2026-08-24T05:56:35.246346,0.279,2.169,36.364,7.017,0.000,0,0,WAITING FOR FIRST TX...,0.000,0.008,257,24.3677142,88.6261612,0.000,-0.010,7
2026-08-24T05:56:35.246965,0.618,2.127,36.364,7.020,0.000,0,0,WAITING FOR FIRST TX...,0.000,0.008,257,24.3677142,88.6261612,0.000,-0.010,7
2026-08-24T05:56:35.250510,3.545,2.192,36.364,7.018,0.000,0,0,WAITING FOR FIRST TX...,0.000,0.008,257,24.3677142,88.6261612,0.000,-0.010,7
2026-08-24T05:56:35.250817,0.285,2.191,36.364,7.018,0.000,0,0,WAITING FOR FIRST TX...,0.000,0.008,257,24.3677142,88.6261612,0.000,-0.010,7
2026-08-24T05:56:35.251102,0.309,2.191,36.364,7.018,0.000,0,0,WAITING FOR FIRST TX...,0.000,0.008,257,24.3677142,88.6261612,0.000,-0.010,7
2026-08-24T05:56:35.251379,0.278,2.192,36.364,7.018,0.000,0,0,WAITING FOR FIRST TX...,0.000,0.008,257,24.3677142,88.6261612,0.000,-0.010,7
2026-08-24T05:56:35.285566,34.134,2.849,36.364,8.344,0.000,0,0,WAITING FOR FIRST TX...,0.000,0.008,257,24.3677142,88.6261612,0.000,-0.010,7
2026-08-24T05:56:35.285994,0.455,2.852,36.364,8.343,0.000,0,0,WAITING FOR FIRST TX...,0.000,0.008,257,24.3677142,88.6261612,0.000,-0.010,7
2026-08-24T05:56:35.286335,0.355,2.853,36.364,8.342,0.000,0,0,WAITING FOR FIRST TX...,0.000,0.008,257,24.3677142,88.6261612,0.000,-0.010,7
2026-08-24T05:56:35.288057,1.723,2.871,36.364,8.339,0.000,0,0,WAITING FOR FIRST TX...,0.000,0.008,257,24.3677133,88.6261602,0.000,-0.010,7
2026-08-24T05:56:35.288360,0.309,2.872,36.364,8.339,0.000,0,0,WAITING FOR FIRST TX...,0.000,0.009,257,24.3677133,88.6261602,0.000,-0.010,7
2026-08-24T05:56:35.288667,0.308,2.813,36.364,8.346,0.000,0,0,WAITING FOR FIRST TX...,0.000,0.009,257,24.3677133,88.6261602,0.000,-0.010,7
2026-08-24T05:56:35.290932,2.266,2.853,36.364,8.339,0.000,0,0,WAITING FOR FIRST TX...,0.000,0.009,257,24.3677133,88.6261602,0.000,-0.010,7
2026-08-24T05:56:35.291213,0.284,2.853,36.364,8.339,0.000,0,0,WAITING FOR FIRST TX...,0.000,0.009,257,24.3677133,88.6261602,0.000,-0.010,7
2026-08-24T05:56:35.293073,1.858,2.868,36.364,8.336,0.000,0,0,WAITING FOR FIRST TX...,0.000,0.009,257,24.3677133,88.6261602,0.000,-0.010,7
2026-08-24T05:56:35.293353,0.282,2.868,36.364,8.336,0.000,0,0,WAITING FOR FIRST TX...,0.000,0.009,257,24.3677133,88.6261602,0.000,-0.010,7
2026-08-24T05:56:35.293668,0.312,2.163,36.364,6.875,0.000,0,0,WAITING FOR FIRST TX...,0.000,0.009,257,24.3677133,88.6261602,0.000,-0.010,7
2026-08-24T05:56:35.293967,0.301,2.161,36.364,6.875,0.000,0,0,WAITING FOR FIRST TX...,0.000,0.009,257,24.3677133,88.6261602,0.000,-0.010,7
2026-08-24T05:56:35.294691,0.724,2.169,36.364,6.873,0.000,0,0,WAITING FOR FIRST TX...,0.000,0.009,257,24.3677133,88.6261602,0.000,-0.010,7
2026-08-24T05:56:35.294983,0.292,2.146,36.364,6.878,0.000,0,0,WAITING FOR FIRST TX...,0.000,0.009,257,24.3677133,88.6261602,0.000,-0.010,7
2026-08-24T05:56:35.295403,0.418,2.148,36.364,6.877,0.000,0,0,WAITING FOR FIRST TX...,0.000,0.009,257,24.3677133,88.6261602,0.000,-0.010,7
2026-08-24T05:56:35.295688,0.288,2.148,36.364,6.877,0.000,0,0,WAITING FOR FIRST TX...,0.000,0.009,257,24.3677133,88.6261602,0.000,-0.010,7
2026-08-24T05:56:35.297925,2.237,2.140,36.364,6.877,0.000,0,0,WAITING FOR FIRST TX...,0.000,0.009,257,24.3677133,88.6261602,0.000,-0.010,7
2026-08-24T05:56:35.298206,0.281,2.140,36.364,6.877,0.000,0,0,WAITING FOR FIRST TX...,0.000,0.009,257,24.3677133,88.6261602,0.000,-0.010,7
2026-08-24T05:56:35.298482,0.275,2.109,36.364,6.882,0.000,0,0,WAITING FOR FIRST TX...,0.000,0.009,257,24.3677133,88.6261602,0.000,-0.010,7
2026-08-24T05:56:35.298762,0.275,2.109,36.364,6.882,0.000,0,0,WAITING FOR FIRST TX...,0.000,0.009,257,24.3677133,88.6261602,0.000,-0.010,7
2026-08-24T05:56:35.335523,36.739,2.837,36.739,8.440,0.000,0,0,WAITING FOR FIRST TX...,0.000,0.009,257,24.3677133,88.6261602,0.000,-0.010,7
2026-08-24T05:56:35.335866,0.358,2.838,36.739,8.439,0.000,0,0,WAITING FOR FIRST TX...,0.000,0.009,257,24.3677133,88.6261602,0.000,-0.010,7
2026-08-24T05:56:35.336170,0.314,2.829,36.739,8.442,0.000,0,0,WAITING FOR FIRST TX...,0.000,0.009,257,24.3677133,88.6261602,0.000,-0.010,7
2026-08-24T05:56:35.337624,1.462,2.853,36.739,8.436,0.000,0,0,WAITING FOR FIRST TX...,0.000,0.009,257,24.3677133,88.6261602,0.000,-0.010,7
2026-08-24T05:56:35.337923,0.301,2.851,36.739,8.437,0.000,0,0,WAITING FOR FIRST TX...,0.000,0.009,257,24.3677133,88.6261602,0.000,-0.010,7
2026-08-24T05:56:35.340564,2.630,2.897,36.739,8.429,0.000,0,0,WAITING FOR FIRST TX...,0.000,0.009,257,24.3677133,88.6261602,0.000,-0.010,7
2026-08-24T05:56:35.340881,0.323,2.855,36.739,8.437,0.000,0,0,WAITING FOR FIRST TX...,0.000,0.009,257,24.3677133,88.6261602,0.000,-0.010,7
2026-08-24T05:56:35.341169,0.293,2.854,36.739,8.437,0.000,0,0,WAITING FOR FIRST TX...,0.000,0.009,257,24.3677133,88.6261602,0.000,-0.010,7
2026-08-24T05:56:35.341443,0.277,2.854,36.739,8.437,0.000,0,0,WAITING FOR FIRST TX...,0.000,0.009,257,24.3677133,88.6261602,0.000,-0.010,7
2026-08-24T05:56:35.341716,0.266,2.853,36.739,8.437,0.000,0,0,WAITING FOR FIRST TX...,0.000,0.009,257,24.3677133,88.6261602,0.000,-0.010,7
2026-08-24T05:56:35.343044,1.331,2.152,36.739,6.915,0.000,0,0,WAITING FOR FIRST TX...,0.000,0.009,257,24.3677133,88.6261602,0.000,-0.010,7
2026-08-24T05:56:35.343333,0.291,2.151,36.739,6.915,0.000,0,0,WAITING FOR FIRST TX...,0.000,0.009,257,24.3677133,88.6261602,0.000,-0.010,7
2026-08-24T05:56:35.343624,0.293,2.151,36.739,6.915,0.000,0,0,WAITING FOR FIRST TX...,0.000,0.009,257,24.3677133,88.6261602,0.000,-0.010,7
2026-08-24T05:56:35.344493,0.866,2.128,36.739,6.918,0.000,0,0,WAITING FOR FIRST TX...,0.000,0.009,257,24.3677133,88.6261602,0.000,-0.010,7
2026-08-24T05:56:35.344775,0.276,2.127,36.739,6.918,0.000,0,0,WAITING FOR FIRST TX...,0.000,0.009,257,24.3677133,88.6261602,0.000,-0.010,7
2026-08-24T05:56:35.348020,3.250,2.144,36.739,6.920,0.000,0,0,WAITING FOR FIRST TX...,0.000,0.009,257,24.3677133,88.6261602,0.000,-0.010,7
2026-08-24T05:56:35.348296,0.277,2.142,36.739,6.920,0.000,0,0,WAITING FOR FIRST TX...,0.000,0.009,257,24.3677133,88.6261602,0.000,-0.010,7
2026-08-24T05:56:35.348562,0.269,2.111,36.739,6.925,0.000,0,0,WAITING FOR FIRST TX...,0.000,0.009,257,24.3677133,88.6261602,0.000,-0.010,7
2026-08-24T05:56:35.349640,1.073,2.127,36.739,6.922,0.000,0,0,WAITING FOR FIRST TX...,0.000,0.009,257,24.3677133,88.6261602,0.000,-0.010,7
2026-08-24T05:56:35.349919,0.281,2.127,36.739,6.922,0.000,0,0,WAITING FOR FIRST TX...,0.000,0.009,257,24.3677133,88.6261602,0.000,-0.010,7
2026-08-24T05:56:35.385586,35.630,2.833,36.739,8.381,0.000,0,0,WAITING FOR FIRST TX...,0.000,0.009,257,24.3677133,88.6261602,0.000,-0.010,7
2026-08-24T05:56:35.385950,0.386,2.810,36.739,8.386,0.000,0,0,WAITING FOR FIRST TX...,0.000,0.009,257,24.3677133,88.6261602,0.000,-0.010,7
2026-08-24T05:56:35.386253,0.313,2.810,36.739,8.386,0.000,0,0,WAITING FOR FIRST TX...,0.000,0.009,257,24.3677133,88.6261602,0.000,-0.010,7
2026-08-24T05:56:35.387670,1.420,2.832,36.739,8.381,0.000,0,0,WAITING FOR FIRST TX...,0.000,0.009,257,24.3677133,88.6261602,0.000,-0.010,7
2026-08-24T05:56:35.387958,0.287,2.832,36.739,8.381,0.000,0,0,WAITING FOR FIRST TX...,0.000,0.008,257,24.3677133,88.6261602,0.000,-0.010,7
2026-08-24T05:56:35.388230,0.275,2.825,36.739,8.383,0.000,0,0,WAITING FOR FIRST TX...,0.000,0.008,257,24.3677133,88.6261602,0.000,-0.010,7
2026-08-24T05:56:35.390914,2.680,2.808,36.739,8.382,0.000,0,0,WAITING FOR FIRST TX...,0.000,0.008,257,24.3677133,88.6261602,0.000,-0.010,7
2026-08-24T05:56:35.391190,0.279,2.808,36.739,8.382,0.000,0,0,WAITING FOR FIRST TX...,0.000,0.008,257,24.3677133,88.6261602,0.000,-0.010,7
2026-08-24T05:56:35.393056,1.863,2.839,36.739,8.376,0.000,0,0,WAITING FOR FIRST TX...,0.000,0.008,257,24.3677133,88.6261602,0.000,-0.010,7
2026-08-24T05:56:35.393326,0.273,2.839,36.739,8.376,0.000,0,0,WAITING FOR FIRST TX...,0.000,0.008,257,24.3677133,88.6261602,0.000,-0.010,7
2026-08-24T05:56:35.393623,0.305,2.162,36.739,7.059,0.000,0,0,WAITING FOR FIRST TX...,0.000,0.008,257,24.3677133,88.6261602,0.000,-0.010,7
2026-08-24T05:56:35.393901,0.279,2.159,36.739,7.060,0.000,0,0,WAITING FOR FIRST TX...,0.000,0.008,257,24.3677133,88.6261602,0.000,-0.010,7
2026-08-24T05:56:35.394681,0.779,2.167,36.739,7.058,0.000,0,0,WAITING FOR FIRST TX...,0.000,0.008,257,24.3677133,88.6261602,0.000,-0.010,7
2026-08-24T05:56:35.394960,0.282,2.139,36.739,7.063,0.000,0,0,WAITING FOR FIRST TX...,0.000,0.008,257,24.3677133,88.6261602,0.000,-0.010,7
2026-08-24T05:56:35.395386,0.427,2.141,36.739,7.062,0.000,0,0,WAITING FOR FIRST TX...,0.000,0.008,257,24.3677133,88.6261602,0.000,-0.010,7
2026-08-24T05:56:35.395650,0.263,2.140,36.739,7.062,0.000,0,0,WAITING FOR FIRST TX...,0.000,0.008,257,24.3677133,88.6261602,0.000,-0.010,7
2026-08-24T05:56:35.397939,2.281,2.140,36.739,7.062,0.000,0,0,WAITING FOR FIRST TX...,0.000,0.008,257,24.3677133,88.6261602,0.000,-0.010,7
2026-08-24T05:56:35.398212,0.276,2.140,36.739,7.063,0.000,0,0,WAITING FOR FIRST TX...,0.000,0.008,257,24.3677133,88.6261602,0.000,-0.010,7
2026-08-24T05:56:35.398474,0.265,2.108,36.739,7.067,0.000,0,0,WAITING FOR FIRST TX...,0.000,0.008,257,24.3677133,88.6261602,0.000,-0.010,7
2026-08-24T05:56:35.398742,0.258,2.108,36.739,7.068,0.000,0,0,WAITING FOR FIRST TX...,0.000,0.008,257,24.3677133,88.6261602,0.000,-0.010,7
2026-08-24T05:56:35.435586,36.813,2.838,36.813,8.598,0.000,0,0,WAITING FOR FIRST TX...,0.000,0.008,257,24.3677133,88.6261602,0.000,-0.010,7
2026-08-24T05:56:35.435941,0.378,2.839,36.813,8.597,0.000,0,0,WAITING FOR FIRST TX...,0.000,0.008,257,24.3677133,88.6261602,0.000,-0.010,7
2026-08-24T05:56:35.436235,0.305,2.831,36.813,8.600,0.000,0,0,WAITING FOR FIRST TX...,0.000,0.008,257,24.3677133,88.6261602,0.000,-0.010,7
2026-08-24T05:56:35.438124,1.891,2.863,36.813,8.593,0.000,0,0,WAITING FOR FIRST TX...,0.000,0.008,257,24.3677133,88.6261602,0.000,-0.010,7
2026-08-24T05:56:35.438418,0.296,2.861,36.813,8.594,0.000,0,0,WAITING FOR FIRST TX...,0.000,0.009,257,24.3677133,88.6261602,0.000,-0.010,7
2026-08-24T05:56:35.440864,2.424,2.903,36.813,8.586,0.000,0,0,WAITING FOR FIRST TX...,0.000,0.009,257,24.3677133,88.6261602,0.000,-0.010,7
2026-08-24T05:56:35.441161,0.319,2.865,36.813,8.593,0.000,0,0,WAITING FOR FIRST TX...,0.000,0.009,257,24.3677133,88.6261602,0.000,-0.010,7
2026-08-24T05:56:35.443086,1.915,2.898,36.813,8.586,0.000,0,0,WAITING FOR FIRST TX...,0.000,0.009,257,24.3677133,88.6261602,0.000,-0.010,7
2026-08-24T05:56:35.443374,0.291,2.898,36.813,8.586,0.000,0,0,WAITING FOR FIRST TX...,0.000,0.009,257,24.3677133,88.6261602,0.000,-0.010,7
2026-08-24T05:56:35.443643,0.272,2.898,36.813,8.586,0.000,0,0,WAITING FOR FIRST TX...,0.000,0.009,257,24.3677133,88.6261602,0.000,-0.010,7
2026-08-24T05:56:35.443976,0.330,2.170,36.813,7.067,0.000,0,0,WAITING FOR FIRST TX...,0.000,0.009,257,24.3677133,88.6261602,0.000,-0.010,7
2026-08-24T05:56:35.444668,0.690,2.176,36.813,7.066,0.000,0,0,WAITING FOR FIRST TX...,0.000,0.009,257,24.3677133,88.6261602,0.000,-0.010,7
2026-08-24T05:56:35.444976,0.309,2.176,36.813,7.066,0.000,0,0,WAITING FOR FIRST TX...,0.000,0.009,257,24.3677133,88.6261602,0.000,-0.010,7
2026-08-24T05:56:35.445413,0.437,2.156,36.813,7.069,0.000,0,0,WAITING FOR FIRST TX...,0.000,0.009,257,24.3677133,88.6261602,0.000,-0.010,7
2026-08-24T05:56:35.445686,0.275,2.155,36.813,7.069,0.000,0,0,WAITING FOR FIRST TX...,0.000,0.009,257,24.3677133,88.6261602,0.000,-0.010,7
2026-08-24T05:56:35.446984,1.297,2.129,36.813,7.070,0.000,0,0,WAITING FOR FIRST TX...,0.000,0.009,257,24.3677133,88.6261602,0.000,-0.010,7
2026-08-24T05:56:35.450538,3.554,2.193,36.813,7.068,0.000,0,0,WAITING FOR FIRST TX...,0.000,0.009,257,24.3677133,88.6261602,0.000,-0.010,7
2026-08-24T05:56:35.450819,0.274,2.193,36.813,7.068,0.000,0,0,WAITING FOR FIRST TX...,0.000,0.009,257,24.3677133,88.6261602,0.000,-0.010,7
2026-08-24T05:56:35.451089,0.280,2.193,36.813,7.068,0.000,0,0,WAITING FOR FIRST TX...,0.000,0.009,257,24.3677133,88.6261602,0.000,-0.010,7
2026-08-24T05:56:35.451354,0.265,2.193,36.813,7.068,0.000,0,0,WAITING FOR FIRST TX...,0.000,0.009,257,24.3677133,88.6261602,0.000,-0.010,7
2026-08-24T05:56:35.485517,34.116,2.849,36.813,8.385,0.000,0,0,WAITING FOR FIRST TX...,0.000,0.009,257,24.3677133,88.6261602,0.000,-0.010,7
2026-08-24T05:56:35.485905,0.413,2.851,36.813,8.384,0.000,0,0,WAITING FOR FIRST TX...,0.000,0.009,257,24.3677133,88.6261602,0.000,-0.010,7
2026-08-24T05:56:35.486218,0.323,2.852,36.813,8.384,0.000,0,0,WAITING FOR FIRST TX...,0.000,0.009,257,24.3677133,88.6261602,0.000,-0.010,7
2026-08-24T05:56:35.488049,1.832,2.871,36.813,8.380,0.000,0,0,WAITING FOR FIRST TX...,0.000,0.009,257,24.3677125,88.6261596,0.000,-0.010,7
2026-08-24T05:56:35.488338,0.292,2.871,36.813,8.380,0.000,0,0,WAITING FOR FIRST TX...,0.000,0.009,257,24.3677125,88.6261596,0.000,-0.010,7
2026-08-24T05:56:35.488614,0.279,2.812,36.813,8.388,0.000,0,0,WAITING FOR FIRST TX...,0.000,0.009,257,24.3677125,88.6261596,0.000,-0.010,7
2026-08-24T05:56:35.490941,2.326,2.853,36.813,8.380,0.000,0,0,WAITING FOR FIRST TX...,0.000,0.009,257,24.3677125,88.6261596,0.000,-0.010,7
2026-08-24T05:56:35.491222,0.284,2.853,36.813,8.380,0.000,0,0,WAITING FOR FIRST TX...,0.000,0.009,257,24.3677125,88.6261596,0.000,-0.010,7
2026-08-24T05:56:35.493075,1.852,2.869,36.813,8.377,0.000,0,0,WAITING FOR FIRST TX...,0.000,0.009,257,24.3677125,88.6261596,0.000,-0.010,7
2026-08-24T05:56:35.493346,0.273,2.869,36.813,8.377,0.000,0,0,WAITING FOR FIRST TX...,0.000,0.009,257,24.3677125,88.6261596,0.000,-0.010,7
2026-08-24T05:56:35.493650,0.303,2.162,36.813,6.921,0.000,0,0,WAITING FOR FIRST TX...,0.000,0.009,257,24.3677125,88.6261596,0.000,-0.010,7
2026-08-24T05:56:35.493938,0.288,2.160,36.813,6.922,0.000,0,0,WAITING FOR FIRST TX...,0.000,0.009,257,24.3677125,88.6261596,0.000,-0.010,7
2026-08-24T05:56:35.494726,0.764,2.169,36.813,6.919,0.000,0,0,WAITING FOR FIRST TX...,0.000,0.009,257,24.3677125,88.6261596,0.000,-0.010,7
2026-08-24T05:56:35.495026,0.322,2.147,36.813,6.924,0.000,0,0,WAITING FOR FIRST TX...,0.000,0.009,257,24.3677125,88.6261596,0.000,-0.010,7
2026-08-24T05:56:35.495397,0.373,2.149,36.813,6.923,0.000,0,0,WAITING FOR FIRST TX...,0.000,0.009,257,24.3677125,88.6261596,0.000,-0.010,7
2026-08-24T05:56:35.495672,0.274,2.149,36.813,6.923,0.000,0,0,WAITING FOR FIRST TX...,0.000,0.009,257,24.3677125,88.6261596,0.000,-0.010,7
2026-08-24T05:56:35.498257,2.582,2.147,36.813,6.923,0.000,0,0,WAITING FOR FIRST TX...,0.000,0.009,257,24.3677125,88.6261596,0.000,-0.010,7
2026-08-24T05:56:35.498535,0.280,2.147,36.813,6.923,0.000,0,0,WAITING FOR FIRST TX...,0.000,0.009,257,24.3677125,88.6261596,0.000,-0.010,7
2026-08-24T05:56:35.499720,1.180,2.133,36.813,6.924,0.000,0,0,WAITING FOR FIRST TX...,0.000,0.009,257,24.3677125,88.6261596,0.000,-0.010,7
2026-08-24T05:56:35.499997,0.282,2.133,36.813,6.924,0.000,0,0,WAITING FOR FIRST TX...,0.000,0.009,257,24.3677125,88.6261596,0.000,-0.010,7
2026-08-24T05:56:35.535565,35.516,2.838,36.813,8.373,0.000,0,0,WAITING FOR FIRST TX...,0.000,0.009,257,24.3677125,88.6261596,0.000,-0.010,7
2026-08-24T05:56:35.535961,0.424,2.841,36.813,8.372,0.000,0,0,WAITING FOR FIRST TX...,0.000,0.009,257,24.3677125,88.6261596,0.000,-0.010,7
2026-08-24T05:56:35.536280,0.335,2.832,36.813,8.375,0.000,0,0,WAITING FOR FIRST TX...,0.000,0.009,257,24.3677125,88.6261596,0.000,-0.010,7
2026-08-24T05:56:35.538240,1.964,2.865,36.813,8.368,0.000,0,0,WAITING FOR FIRST TX...,0.000,0.009,257,24.3677125,88.6261596,0.000,-0.010,7
2026-08-24T05:56:35.538534,0.294,2.863,36.813,8.369,0.000,0,0,WAITING FOR FIRST TX...,0.000,0.008,257,24.3677125,88.6261596,0.000,-0.010,7
2026-08-24T05:56:35.538842,0.287,2.863,36.813,8.369,0.000,0,0,WAITING FOR FIRST TX...,0.000,0.008,257,24.3677125,88.6261596,0.000,-0.010,7
2026-08-24T05:56:35.541026,2.189,2.861,36.813,8.369,0.000,0,0,WAITING FOR FIRST TX...,0.000,0.008,257,24.3677125,88.6261596,0.000,-0.010,7
2026-08-24T05:56:35.541336,0.324,2.862,36.813,8.368,0.000,0,0,WAITING FOR FIRST TX...,0.000,0.008,257,24.3677125,88.6261596,0.000,-0.010,7
2026-08-24T05:56:35.542979,1.641,2.890,36.813,8.362,0.000,0,0,WAITING FOR FIRST TX...,0.000,0.008,257,24.3677125,88.6261596,0.000,-0.010,7
2026-08-24T05:56:35.543266,0.294,2.890,36.813,8.362,0.000,0,0,WAITING FOR FIRST TX...,0.000,0.008,257,24.3677125,88.6261596,0.000,-0.010,7
2026-08-24T05:56:35.543578,0.313,2.160,35.516,6.784,0.000,0,0,WAITING FOR FIRST TX...,0.000,0.008,257,24.3677125,88.6261596,0.000,-0.010,7
2026-08-24T05:56:35.543868,0.291,2.159,35.516,6.785,0.000,0,0,WAITING FOR FIRST TX...,0.000,0.008,257,24.3677125,88.6261596,0.000,-0.010,7
2026-08-24T05:56:35.544704,0.827,2.169,35.516,6.782,0.000,0,0,WAITING FOR FIRST TX...,0.000,0.008,257,24.3677125,88.6261596,0.000,-0.010,7
2026-08-24T05:56:35.544984,0.289,2.137,35.516,6.787,0.000,0,0,WAITING FOR FIRST TX...,0.000,0.008,257,24.3677125,88.6261596,0.000,-0.010,7
2026-08-24T05:56:35.545392,0.409,2.139,35.516,6.787,0.000,0,0,WAITING FOR FIRST TX...,0.000,0.008,257,24.3677125,88.6261596,0.000,-0.010,7
2026-08-24T05:56:35.545667,0.276,2.096,35.516,6.792,0.000,0,0,WAITING FOR FIRST TX...,0.000,0.008,257,24.3677125,88.6261596,0.000,-0.010,7
2026-08-24T05:56:35.546614,0.944,2.109,35.516,6.789,0.000,0,0,WAITING FOR FIRST TX...,0.000,0.008,257,24.3677125,88.6261596,0.000,-0.010,7
2026-08-24T05:56:35.548313,1.708,2.105,35.516,6.789,0.000,0,0,WAITING FOR FIRST TX...,0.000,0.008,257,24.3677125,88.6261596,0.000,-0.010,7
2026-08-24T05:56:35.549424,1.111,2.121,35.516,6.786,0.000,0,0,WAITING FOR FIRST TX...,0.000,0.008,257,24.3677125,88.6261596,0.000,-0.010,7
2026-08-24T05:56:35.549698,0.269,2.121,35.516,6.786,0.000,0,0,WAITING FOR FIRST TX...,0.000,0.008,257,24.3677125,88.6261596,0.000,-0.010,7
2026-08-24T05:56:35.584757,35.015,2.815,35.516,8.220,0.000,0,0,WAITING FOR FIRST TX...,0.000,0.008,257,24.3677125,88.6261596,0.000,-0.010,7
2026-08-24T05:56:35.585440,0.714,2.815,35.516,8.220,0.000,0,0,WAITING FOR FIRST TX...,0.000,0.008,257,24.3677125,88.6261596,0.000,-0.010,7
2026-08-24T05:56:35.585767,0.330,2.816,35.516,8.220,0.000,0,0,WAITING FOR FIRST TX...,0.000,0.008,257,24.3677125,88.6261596,0.000,-0.010,7
2026-08-24T05:56:35.587590,1.837,2.844,35.516,8.214,0.000,0,0,WAITING FOR FIRST TX...,0.000,0.008,257,24.3677125,88.6261596,0.000,-0.010,7
2026-08-24T05:56:35.587884,0.295,2.844,35.516,8.214,0.000,0,0,WAITING FOR FIRST TX...,0.000,0.008,257,24.3677125,88.6261596,0.000,-0.010,7
2026-08-24T05:56:35.590503,2.619,2.871,35.516,8.211,0.000,0,0,WAITING FOR FIRST TX...,0.000,0.008,257,24.3677125,88.6261596,0.000,-0.010,7
2026-08-24T05:56:35.590782,0.269,2.805,35.516,8.218,0.000,0,0,WAITING FOR FIRST TX...,0.000,0.008,257,24.3677125,88.6261596,0.000,-0.010,7
2026-08-24T05:56:35.591048,0.279,2.805,35.516,8.218,0.000,0,0,WAITING FOR FIRST TX...,0.000,0.008,257,24.3677125,88.6261596,0.000,-0.010,7
2026-08-24T05:56:35.591309,0.261,2.805,35.516,8.219,0.000,0,0,WAITING FOR FIRST TX...,0.000,0.008,257,24.3677125,88.6261596,0.000,-0.010,7
2026-08-24T05:56:35.591562,0.254,2.804,35.516,8.219,0.000,0,0,WAITING FOR FIRST TX...,0.000,0.008,257,24.3677125,88.6261596,0.000,-0.010,7
2026-08-24T05:56:35.593003,1.439,2.151,35.516,6.866,0.000,0,0,WAITING FOR FIRST TX...,0.000,0.008,257,24.3677125,88.6261596,0.000,-0.010,7
2026-08-24T05:56:35.593279,0.277,2.148,35.516,6.867,0.000,0,0,WAITING FOR FIRST TX...,0.000,0.008,257,24.3677125,88.6261596,0.000,-0.010,7
2026-08-24T05:56:35.593559,0.281,2.147,35.516,6.867,0.000,0,0,WAITING FOR FIRST TX...,0.000,0.008,257,24.3677125,88.6261596,0.000,-0.010,7
2026-08-24T05:56:35.594491,0.932,2.129,35.516,6.869,0.000,0,0,WAITING FOR FIRST TX...,0.000,0.008,257,24.3677125,88.6261596,0.000,-0.010,7
2026-08-24T05:56:35.594762,0.262,2.129,35.516,6.869,0.000,0,0,WAITING FOR FIRST TX...,0.000,0.008,257,24.3677125,88.6261596,0.000,-0.010,7
2026-08-24T05:56:35.598002,3.247,2.188,35.516,6.866,0.000,0,0,WAITING FOR FIRST TX...,0.000,0.008,257,24.3677125,88.6261596,0.000,-0.010,7
2026-08-24T05:56:35.598266,0.266,2.147,35.516,6.871,0.000,0,0,WAITING FOR FIRST TX...,0.000,0.008,257,24.3677125,88.6261596,0.000,-0.010,7
2026-08-24T05:56:35.598522,0.259,2.146,35.516,6.871,0.000,0,0,WAITING FOR FIRST TX...,0.000,0.008,257,24.3677125,88.6261596,0.000,-0.010,7
2026-08-24T05:56:35.599638,1.112,2.131,35.516,6.872,0.000,0,0,WAITING FOR FIRST TX...,0.000,0.008,257,24.3677125,88.6261596,0.000,-0.010,7
2026-08-24T05:56:35.599910,0.271,2.131,35.516,6.872,0.000,0,0,WAITING FOR FIRST TX...,0.000,0.008,257,24.3677125,88.6261596,0.000,-0.010,7
2026-08-24T05:56:35.635519,35.583,2.837,35.583,8.336,0.000,0,0,WAITING FOR FIRST TX...,0.000,0.008,257,24.3677125,88.6261596,0.000,-0.010,7
2026-08-24T05:56:35.635848,0.336,2.838,35.583,8.336,0.000,0,0,WAITING FOR FIRST TX...,0.000,0.008,257,24.3677125,88.6261596,0.000,-0.010,7
2026-08-24T05:56:35.636133,0.302,2.829,35.583,8.338,0.000,0,0,WAITING FOR FIRST TX...,0.000,0.008,257,24.3677125,88.6261596,0.000,-0.010,7
2026-08-24T05:56:35.637808,1.680,2.856,35.583,8.332,0.000,0,0,WAITING FOR FIRST TX...,0.000,0.008,257,24.3677125,88.6261596,0.000,-0.010,7
2026-08-24T05:56:35.640737,2.899,2.906,35.583,8.325,0.000,0,0,WAITING FOR FIRST TX...,0.000,0.008,257,24.3677125,88.6261596,0.000,-0.010,7
2026-08-24T05:56:35.641032,0.325,2.907,35.583,8.324,0.000,0,0,WAITING FOR FIRST TX...,0.000,0.008,257,24.3677125,88.6261596,0.000,-0.010,7
2026-08-24T05:56:35.641297,0.269,2.861,35.583,8.333,0.000,0,0,WAITING FOR FIRST TX...,0.000,0.008,257,24.3677125,88.6261596,0.000,-0.010,7
2026-08-24T05:56:35.641551,0.258,2.861,35.583,8.333,0.000,0,0,WAITING FOR FIRST TX...,0.000,0.008,257,24.3677125,88.6261596,0.000,-0.010,7
2026-08-24T05:56:35.643055,1.496,2.867,35.583,8.332,0.000,0,0,WAITING FOR FIRST TX...,0.000,0.008,257,24.3677125,88.6261596,0.000,-0.010,7
2026-08-24T05:56:35.643323,0.270,2.867,35.583,8.332,0.000,0,0,WAITING FOR FIRST TX...,0.000,0.008,257,24.3677125,88.6261596,0.000,-0.010,7
2026-08-24T05:56:35.643625,0.293,2.162,35.583,6.877,0.000,0,0,WAITING FOR FIRST TX...,0.000,0.008,257,24.3677125,88.6261596,0.000,-0.010,7
2026-08-24T05:56:35.643905,0.283,2.160,35.583,6.878,0.000,0,0,WAITING FOR FIRST TX...,0.000,0.008,257,24.3677125,88.6261596,0.000,-0.010,7
2026-08-24T05:56:35.644704,0.788,2.169,35.583,6.875,0.000,0,0,WAITING FOR FIRST TX...,0.000,0.008,257,24.3677125,88.6261596,0.000,-0.010,7
2026-08-24T05:56:35.644979,0.286,2.135,35.583,6.880,0.000,0,0,WAITING FOR FIRST TX...,0.000,0.008,257,24.3677125,88.6261596,0.000,-0.010,7
2026-08-24T05:56:35.645397,0.419,2.138,35.583,6.880,0.000,0,0,WAITING FOR FIRST TX...,0.000,0.008,257,24.3677125,88.6261596,0.000,-0.010,7
2026-08-24T05:56:35.646560,1.151,2.155,35.583,6.876,0.000,0,0,WAITING FOR FIRST TX...,0.000,0.008,257,24.3677125,88.6261596,0.000,-0.010,7
2026-08-24T05:56:35.648400,1.842,2.148,35.583,6.876,0.000,0,0,WAITING FOR FIRST TX...,0.000,0.008,257,24.3677125,88.6261596,0.000,-0.010,7
2026-08-24T05:56:35.648673,0.275,2.147,35.583,6.877,0.000,0,0,WAITING FOR FIRST TX...,0.000,0.008,257,24.3677125,88.6261596,0.000,-0.010,7
2026-08-24T05:56:35.649865,1.190,2.138,35.583,6.878,0.000,0,0,WAITING FOR FIRST TX...,0.000,0.008,257,24.3677125,88.6261596,0.000,-0.010,7
2026-08-24T05:56:35.650142,0.278,2.138,35.583,6.878,0.000,0,0,WAITING FOR FIRST TX...,0.000,0.008,257,24.3677125,88.6261596,0.000,-0.010,7
2026-08-24T05:56:35.685532,35.332,2.838,35.583,8.320,0.000,0,0,WAITING FOR FIRST TX...,0.000,0.008,257,24.3677125,88.6261596,0.000,-0.010,7
2026-08-24T05:56:35.685932,0.433,2.841,35.583,8.319,0.000,0,0,WAITING FOR FIRST TX...,0.000,0.008,257,24.3677125,88.6261596,0.000,-0.010,7
2026-08-24T05:56:35.686266,0.351,2.831,35.583,8.322,0.000,0,0,WAITING FOR FIRST TX...,0.000,0.008,257,24.3677125,88.6261596,0.000,-0.010,7
2026-08-24T05:56:35.688149,1.886,2.863,35.583,8.315,0.000,0,0,WAITING FOR FIRST TX...,0.000,0.008,257,24.3677116,88.6261593,0.000,-0.010,7
2026-08-24T05:56:35.688434,0.289,2.861,35.583,8.315,0.000,0,0,WAITING FOR FIRST TX...,0.000,0.008,257,24.3677116,88.6261593,0.000,-0.010,7
2026-08-24T05:56:35.688715,0.275,2.861,35.583,8.315,0.000,0,0,WAITING FOR FIRST TX...,0.000,0.008,257,24.3677116,88.6261593,0.000,-0.010,7
2026-08-24T05:56:35.690915,2.207,2.886,35.583,8.311,0.000,0,0,WAITING FOR FIRST TX...,0.000,0.008,257,24.3677116,88.6261593,0.000,-0.010,7
2026-08-24T05:56:35.691186,0.273,2.857,35.583,8.318,0.000,0,0,WAITING FOR FIRST TX...,0.000,0.008,257,24.3677116,88.6261593,0.000,-0.010,7
2026-08-24T05:56:35.693045,1.856,2.872,35.583,8.316,0.000,0,0,WAITING FOR FIRST TX...,0.000,0.008,257,24.3677116,88.6261593,0.000,-0.010,7
2026-08-24T05:56:35.693315,0.272,2.872,35.583,8.316,0.000,0,0,WAITING FOR FIRST TX...,0.000,0.008,257,24.3677116,88.6261593,0.000,-0.010,7
2026-08-24T05:56:35.693618,0.300,2.178,35.583,6.907,0.000,0,0,WAITING FOR FIRST TX...,0.000,0.008,257,24.3677116,88.6261593,0.000,-0.010,7
2026-08-24T05:56:35.693915,0.298,2.170,35.583,6.909,0.000,0,0,WAITING FOR FIRST TX...,0.000,0.008,257,24.3677116,88.6261593,0.000,-0.010,7
2026-08-24T05:56:35.695433,1.514,2.193,35.583,6.905,0.000,0,0,WAITING FOR FIRST TX...,0.000,0.008,257,24.3677116,88.6261593,0.000,-0.010,7
2026-08-24T05:56:35.695719,0.283,2.162,35.583,6.910,0.000,0,0,WAITING FOR FIRST TX...,0.000,0.008,257,24.3677116,88.6261593,0.000,-0.010,7
2026-08-24T05:56:35.695990,0.279,2.162,35.583,6.910,0.000,0,0,WAITING FOR FIRST TX...,0.000,0.008,257,24.3677116,88.6261593,0.000,-0.010,7
2026-08-24T05:56:35.696265,0.276,2.115,35.583,6.915,0.000,0,0,WAITING FOR FIRST TX...,0.000,0.008,257,24.3677116,88.6261593,0.000,-0.010,7
2026-08-24T05:56:35.698276,2.008,2.150,35.583,6.910,0.000,0,0,WAITING FOR FIRST TX...,0.000,0.008,257,24.3677116,88.6261593,0.000,-0.010,7
2026-08-24T05:56:35.698548,0.275,2.150,35.583,6.910,0.000,0,0,WAITING FOR FIRST TX...,0.000,0.008,257,24.3677116,88.6261593,0.000,-0.010,7
2026-08-24T05:56:35.699704,1.150,2.168,35.583,6.906,0.000,0,0,WAITING FOR FIRST TX...,0.000,0.008,257,24.3677116,88.6261593,0.000,-0.010,7
2026-08-24T05:56:35.699993,0.289,2.168,35.583,6.906,0.000,0,0,WAITING FOR FIRST TX...,0.000,0.008,257,24.3677116,88.6261593,0.000,-0.010,7
2026-08-24T05:56:35.734766,34.738,2.834,35.583,8.299,0.000,0,0,WAITING FOR FIRST TX...,0.000,0.008,257,24.3677116,88.6261593,0.000,-0.010,7
2026-08-24T05:56:35.735464,0.720,2.843,35.583,8.296,0.000,0,0,WAITING FOR FIRST TX...,0.000,0.008,257,24.3677116,88.6261593,0.000,-0.010,7
2026-08-24T05:56:35.735772,0.310,2.844,35.583,8.296,0.000,0,0,WAITING FOR FIRST TX...,0.000,0.008,257,24.3677116,88.6261593,0.000,-0.010,7
2026-08-24T05:56:35.737618,1.859,2.862,35.583,8.293,0.000,0,0,WAITING FOR FIRST TX...,0.000,0.008,257,24.3677116,88.6261593,0.000,-0.010,7
2026-08-24T05:56:35.737908,0.290,2.863,35.583,8.293,0.000,0,0,WAITING FOR FIRST TX...,0.000,0.008,257,24.3677116,88.6261593,0.000,-0.010,7
2026-08-24T05:56:35.740570,2.648,2.851,35.583,8.293,0.000,0,0,WAITING FOR FIRST TX...,0.000,0.008,257,24.3677116,88.6261593,0.000,-0.010,7
2026-08-24T05:56:35.740890,0.331,2.852,35.583,8.292,0.000,0,0,WAITING FOR FIRST TX...,0.000,0.008,257,24.3677116,88.6261593,0.000,-0.010,7
2026-08-24T05:56:35.741173,0.291,2.853,35.583,8.292,0.000,0,0,WAITING FOR FIRST TX...,0.000,0.008,257,24.3677116,88.6261593,0.000,-0.010,7
2026-08-24T05:56:35.741444,0.273,2.836,35.583,8.296,0.000,0,0,WAITING FOR FIRST TX...,0.000,0.008,257,24.3677116,88.6261593,0.000,-0.010,7
2026-08-24T05:56:35.741714,0.263,2.836,35.583,8.296,0.000,0,0,WAITING FOR FIRST TX...,0.000,0.008,257,24.3677116,88.6261593,0.000,-0.010,7
2026-08-24T05:56:35.742473,0.763,2.139,35.332,6.822,0.000,0,0,WAITING FOR FIRST TX...,0.000,0.008,257,24.3677116,88.6261593,0.000,-0.010,7
2026-08-24T05:56:35.743081,0.606,2.145,35.332,6.821,0.000,0,0,WAITING FOR FIRST TX...,0.000,0.008,257,24.3677116,88.6261593,0.000,-0.010,7
2026-08-24T05:56:35.743386,0.302,2.145,35.332,6.821,0.000,0,0,WAITING FOR FIRST TX...,0.000,0.008,257,24.3677116,88.6261593,0.000,-0.010,7
2026-08-24T05:56:35.745709,2.314,2.158,35.332,6.820,0.000,0,0,WAITING FOR FIRST TX...,0.000,0.008,257,24.3677116,88.6261593,0.000,-0.010,7
2026-08-24T05:56:35.745991,0.292,2.105,35.332,6.824,0.000,0,0,WAITING FOR FIRST TX...,0.000,0.008,257,24.3677116,88.6261593,0.000,-0.010,7
2026-08-24T05:56:35.747870,1.881,2.137,35.332,6.820,0.000,0,0,WAITING FOR FIRST TX...,0.000,0.008,257,24.3677116,88.6261593,0.000,-0.010,7
2026-08-24T05:56:35.748141,0.274,2.137,35.332,6.820,0.000,0,0,WAITING FOR FIRST TX...,0.000,0.008,257,24.3677116,88.6261593,0.000,-0.010,7
2026-08-24T05:56:35.748407,0.266,2.137,35.332,6.820,0.000,0,0,WAITING FOR FIRST TX...,0.000,0.008,257,24.3677116,88.6261593,0.000,-0.010,7
2026-08-24T05:56:35.749873,1.465,2.136,35.332,6.820,0.000,0,0,WAITING FOR FIRST TX...,0.000,0.008,257,24.3677116,88.6261593,0.000,-0.010,7
2026-08-24T05:56:35.750146,0.273,2.136,35.332,6.820,0.000,0,0,WAITING FOR FIRST TX...,0.000,0.008,257,24.3677116,88.6261593,0.000,-0.010,7
2026-08-24T05:56:35.785541,35.342,2.837,35.342,8.273,0.000,0,0,WAITING FOR FIRST TX...,0.000,0.008,257,24.3677116,88.6261593,0.000,-0.010,7
2026-08-24T05:56:35.785944,0.429,2.840,35.342,8.272,0.000,0,0,WAITING FOR FIRST TX...,0.000,0.008,257,24.3677116,88.6261593,0.000,-0.010,7
2026-08-24T05:56:35.786271,0.339,2.831,35.342,8.274,0.000,0,0,WAITING FOR FIRST TX...,0.000,0.008,257,24.3677116,88.6261593,0.000,-0.010,7
2026-08-24T05:56:35.787573,1.305,2.852,35.342,8.269,0.000,0,0,WAITING FOR FIRST TX...,0.000,0.008,257,24.3677116,88.6261593,0.000,-0.010,7
2026-08-24T05:56:35.787910,0.334,2.850,35.342,8.270,0.000,0,0,WAITING FOR FIRST TX...,0.000,0.008,257,24.3677116,88.6261593,0.000,-0.010,7
2026-08-24T05:56:35.790527,2.626,2.879,35.342,8.266,0.000,0,0,WAITING FOR FIRST TX...,0.000,0.008,257,24.3677116,88.6261593,0.000,-0.010,7
2026-08-24T05:56:35.790805,0.283,2.848,35.342,8.273,0.000,0,0,WAITING FOR FIRST TX...,0.000,0.008,257,24.3677116,88.6261593,0.000,-0.010,7
2026-08-24T05:56:35.791088,0.291,2.848,35.342,8.273,0.000,0,0,WAITING FOR FIRST TX...,0.000,0.008,257,24.3677116,88.6261593,0.000,-0.010,7
2026-08-24T05:56:35.791348,0.262,2.830,35.342,8.278,0.000,0,0,WAITING FOR FIRST TX...,0.000,0.008,257,24.3677116,88.6261593,0.000,-0.010,7
2026-08-24T05:56:35.791601,0.254,2.829,35.342,8.278,0.000,0,0,WAITING FOR FIRST TX...,0.000,0.008,257,24.3677116,88.6261593,0.000,-0.010,7
2026-08-24T05:56:35.792441,0.837,2.140,35.342,6.824,0.000,0,0,WAITING FOR FIRST TX...,0.000,0.008,257,24.3677116,88.6261593,0.000,-0.010,7
2026-08-24T05:56:35.793157,0.713,2.145,35.342,6.822,0.000,0,0,WAITING FOR FIRST TX...,0.000,0.008,257,24.3677116,88.6261593,0.000,-0.010,7
2026-08-24T05:56:35.793445,0.291,2.144,35.342,6.823,0.000,0,0,WAITING FOR FIRST TX...,0.000,0.008,257,24.3677116,88.6261593,0.000,-0.010,7
2026-08-24T05:56:35.794486,1.043,2.127,35.342,6.824,0.000,0,0,WAITING FOR FIRST TX...,0.000,0.008,257,24.3677116,88.6261593,0.000,-0.010,7
2026-08-24T05:56:35.794766,0.263,2.127,35.342,6.825,0.000,0,0,WAITING FOR FIRST TX...,0.000,0.008,257,24.3677116,88.6261593,0.000,-0.010,7
2026-08-24T05:56:35.798106,3.344,2.188,35.342,6.821,0.000,0,0,WAITING FOR FIRST TX...,0.000,0.008,257,24.3677116,88.6261593,0.000,-0.010,7
2026-08-24T05:56:35.798385,0.279,2.149,35.342,6.827,0.000,0,0,WAITING FOR FIRST TX...,0.000,0.008,257,24.3677116,88.6261593,0.000,-0.010,7
2026-08-24T05:56:35.798659,0.279,2.149,35.342,6.827,0.000,0,0,WAITING FOR FIRST TX...,0.000,0.008,257,24.3677116,88.6261593,0.000,-0.010,7
2026-08-24T05:56:35.800022,1.360,2.140,35.342,6.827,0.000,0,0,WAITING FOR FIRST TX...,0.000,0.008,257,24.3677116,88.6261593,0.000,-0.010,7
2026-08-24T05:56:35.800294,0.273,2.140,35.342,6.827,0.000,0,0,WAITING FOR FIRST TX...,0.000,0.008,257,24.3677116,88.6261593,0.000,-0.010,7
2026-08-24T05:56:35.800560,0.268,2.139,35.342,6.828,0.000,0,0,WAITING FOR FIRST TX...,0.000,0.008,257,24.3677116,88.6261593,0.000,-0.010,7
2026-08-24T05:56:35.834820,34.179,2.817,35.342,8.187,0.000,0,0,WAITING FOR FIRST TX...,0.000,0.008,257,24.3677116,88.6261593,0.000,-0.010,7
2026-08-24T05:56:35.835462,0.687,2.800,35.342,8.191,0.000,0,0,WAITING FOR FIRST TX...,0.000,0.008,257,24.3677116,88.6261593,0.000,-0.010,7
2026-08-24T05:56:35.835797,0.349,2.801,35.342,8.190,0.000,0,0,WAITING FOR FIRST TX...,0.000,0.008,257,24.3677116,88.6261593,0.000,-0.010,7
2026-08-24T05:56:35.838120,2.334,2.842,35.342,8.182,0.000,0,0,WAITING FOR FIRST TX...,0.000,0.008,257,24.3677116,88.6261593,0.000,-0.010,7
2026-08-24T05:56:35.838407,0.294,2.843,35.342,8.182,0.000,0,0,WAITING FOR FIRST TX...,0.000,0.009,257,24.3677116,88.6261593,0.000,-0.010,7
2026-08-24T05:56:35.840870,2.443,2.851,35.342,8.182,0.000,0,0,WAITING FOR FIRST TX...,0.000,0.009,257,24.3677116,88.6261593,0.000,-0.010,7
2026-08-24T05:56:35.841180,0.328,2.853,35.342,8.181,0.000,0,0,WAITING FOR FIRST TX...,0.000,0.009,257,24.3677116,88.6261593,0.000,-0.010,7
2026-08-24T05:56:35.843008,1.828,2.866,35.342,8.179,0.000,0,0,WAITING FOR FIRST TX...,0.000,0.009,257,24.3677116,88.6261593,0.000,-0.010,7
2026-08-24T05:56:35.843299,0.293,2.866,35.342,8.179,0.000,0,0,WAITING FOR FIRST TX...,0.000,0.009,257,24.3677116,88.6261593,0.000,-0.010,7
2026-08-24T05:56:35.843568,0.272,2.177,35.342,6.769,0.000,0,0,WAITING FOR FIRST TX...,0.000,0.009,257,24.3677116,88.6261593,0.000,-0.010,7
2026-08-24T05:56:35.843882,0.313,2.169,35.342,6.771,0.000,0,0,WAITING FOR FIRST TX...,0.000,0.009,257,24.3677116,88.6261593,0.000,-0.010,7
2026-08-24T05:56:35.845451,1.565,2.194,35.342,6.766,0.000,0,0,WAITING FOR FIRST TX...,0.000,0.009,257,24.3677116,88.6261593,0.000,-0.010,7
2026-08-24T05:56:35.845769,0.307,2.163,35.342,6.771,0.000,0,0,WAITING FOR FIRST TX...,0.000,0.009,257,24.3677116,88.6261593,0.000,-0.010,7
2026-08-24T05:56:35.846050,0.296,2.163,35.342,6.771,0.000,0,0,WAITING FOR FIRST TX...,0.000,0.009,257,24.3677116,88.6261593,0.000,-0.010,7
2026-08-24T05:56:35.846317,0.270,2.115,35.342,6.776,0.000,0,0,WAITING FOR FIRST TX...,0.000,0.009,257,24.3677116,88.6261593,0.000,-0.010,7
2026-08-24T05:56:35.846984,0.655,2.122,35.342,6.775,0.000,0,0,WAITING FOR FIRST TX...,0.000,0.009,257,24.3677116,88.6261593,0.000,-0.010,7
2026-08-24T05:56:35.850509,3.524,2.187,35.342,6.772,0.000,0,0,WAITING FOR FIRST TX...,0.000,0.009,257,24.3677116,88.6261593,0.000,-0.010,7
2026-08-24T05:56:35.850805,0.286,2.187,35.342,6.772,0.000,0,0,WAITING FOR FIRST TX...,0.000,0.009,257,24.3677116,88.6261593,0.000,-0.010,7
2026-08-24T05:56:35.851105,0.312,2.188,35.342,6.772,0.000,0,0,WAITING FOR FIRST TX...,0.000,0.009,257,24.3677116,88.6261593,0.000,-0.010,7
2026-08-24T05:56:35.851382,0.279,2.178,35.342,6.774,0.000,0,0,WAITING FOR FIRST TX...,0.000,0.009,257,24.3677116,88.6261593,0.000,-0.010,7
2026-08-24T05:56:35.885514,34.089,2.848,35.342,8.134,0.000,0,0,WAITING FOR FIRST TX...,0.000,0.009,257,24.3677116,88.6261593,0.000,-0.010,7
2026-08-24T05:56:35.885920,0.405,2.850,35.342,8.133,0.000,0,0,WAITING FOR FIRST TX...,0.000,0.009,257,24.3677116,88.6261593,0.000,-0.010,7
2026-08-24T05:56:35.886254,0.364,2.811,35.342,8.141,0.000,0,0,WAITING FOR FIRST TX...,0.000,0.009,257,24.3677116,88.6261593,0.000,-0.010,7
2026-08-24T05:56:35.888049,1.796,2.841,35.342,8.134,0.000,0,0,WAITING FOR FIRST TX...,0.000,0.009,257,24.3677089,88.6261612,0.000,-0.010,7
2026-08-24T05:56:35.888354,0.307,2.809,35.342,8.141,0.000,0,0,WAITING FOR FIRST TX...,0.000,0.008,257,24.3677089,88.6261612,0.000,-0.010,7
2026-08-24T05:56:35.888644,0.294,2.810,35.342,8.141,0.000,0,0,WAITING FOR FIRST TX...,0.000,0.008,257,24.3677089,88.6261612,0.000,-0.010,7
2026-08-24T05:56:35.890932,2.285,2.850,35.342,8.133,0.000,0,0,WAITING FOR FIRST TX...,0.000,0.008,257,24.3677089,88.6261612,0.000,-0.010,7
2026-08-24T05:56:35.891232,0.300,2.827,35.342,8.139,0.000,0,0,WAITING FOR FIRST TX...,0.000,0.008,257,24.3677089,88.6261612,0.000,-0.010,7
2026-08-24T05:56:35.893021,1.785,2.857,35.342,8.132,0.000,0,0,WAITING FOR FIRST TX...,0.000,0.008,257,24.3677089,88.6261612,0.000,-0.010,7
2026-08-24T05:56:35.893328,0.311,2.156,34.179,6.650,0.000,0,0,WAITING FOR FIRST TX...,0.000,0.008,257,24.3677089,88.6261612,0.000,-0.010,7
2026-08-24T05:56:35.893653,0.330,2.154,34.179,6.650,0.000,0,0,WAITING FOR FIRST TX...,0.000,0.008,257,24.3677089,88.6261612,0.000,-0.010,7
2026-08-24T05:56:35.893967,0.310,2.154,34.179,6.651,0.000,0,0,WAITING FOR FIRST TX...,0.000,0.008,257,24.3677089,88.6261612,0.000,-0.010,7
2026-08-24T05:56:35.894710,0.733,2.142,34.179,6.652,0.000,0,0,WAITING FOR FIRST TX...,0.000,0.008,257,24.3677089,88.6261612,0.000,-0.010,7
2026-08-24T05:56:35.895029,0.313,2.142,34.179,6.653,0.000,0,0,WAITING FOR FIRST TX...,0.000,0.008,257,24.3677089,88.6261612,0.000,-0.010,7
2026-08-24T05:56:35.895408,0.403,2.098,34.179,6.657,0.000,0,0,WAITING FOR FIRST TX...,0.000,0.008,257,24.3677089,88.6261612,0.000,-0.010,7
2026-08-24T05:56:35.895723,0.293,2.098,34.179,6.657,0.000,0,0,WAITING FOR FIRST TX...,0.000,0.008,257,24.3677089,88.6261612,0.000,-0.010,7
2026-08-24T05:56:35.898451,2.736,2.147,34.179,6.652,0.000,0,0,WAITING FOR FIRST TX...,0.000,0.008,257,24.3677089,88.6261612,0.000,-0.010,7
2026-08-24T05:56:35.898757,0.310,2.148,34.179,6.652,0.000,0,0,WAITING FOR FIRST TX...,0.000,0.008,257,24.3677089,88.6261612,0.000,-0.010,7
2026-08-24T05:56:35.899754,0.999,2.163,34.179,6.648,0.000,0,0,WAITING FOR FIRST TX...,0.000,0.008,257,24.3677089,88.6261612,0.000,-0.010,7
2026-08-24T05:56:35.900038,0.291,2.152,34.179,6.651,0.000,0,0,WAITING FOR FIRST TX...,0.000,0.008,257,24.3677089,88.6261612,0.000,-0.010,7
2026-08-24T05:56:35.931682,31.625,2.770,34.179,7.844,0.000,0,0,WAITING FOR FIRST TX...,0.000,0.008,257,24.3677089,88.6261612,0.000,-0.010,7
2026-08-24T05:56:35.935588,3.905,2.842,34.179,7.838,0.000,0,0,WAITING FOR FIRST TX...,0.000,0.008,257,24.3677089,88.6261612,0.000,-0.010,7
2026-08-24T05:56:35.935914,0.339,2.828,34.179,7.842,0.000,0,0,WAITING FOR FIRST TX...,0.000,0.008,257,24.3677089,88.6261612,0.000,-0.010,7
2026-08-24T05:56:35.936208,0.300,2.829,34.179,7.841,0.000,0,0,WAITING FOR FIRST TX...,0.000,0.008,257,24.3677089,88.6261612,0.000,-0.010,7
2026-08-24T05:56:35.938112,1.904,2.800,34.179,7.842,0.000,0,0,WAITING FOR FIRST TX...,0.000,0.008,257,24.3677089,88.6261612,0.000,-0.010,7
2026-08-24T05:56:35.938398,0.284,2.800,34.179,7.842,0.000,0,0,WAITING FOR FIRST TX...,0.000,0.009,257,24.3677089,88.6261612,0.000,-0.010,7
2026-08-24T05:56:35.938681,0.285,2.800,34.179,7.842,0.000,0,0,WAITING FOR FIRST TX...,0.000,0.009,257,24.3677089,88.6261612,0.000,-0.010,7
2026-08-24T05:56:35.940937,2.248,2.818,34.179,7.840,0.000,0,0,WAITING FOR FIRST TX...,0.000,0.009,257,24.3677089,88.6261612,0.000,-0.010,7
2026-08-24T05:56:35.941290,0.349,2.820,34.179,7.839,0.000,0,0,WAITING FOR FIRST TX...,0.000,0.009,257,24.3677089,88.6261612,0.000,-0.010,7
2026-08-24T05:56:35.943121,1.839,2.851,34.179,7.832,0.000,0,0,WAITING FOR FIRST TX...,0.000,0.009,257,24.3677089,88.6261612,0.000,-0.010,7
2026-08-24T05:56:35.943416,0.298,2.173,34.089,6.401,0.000,0,0,WAITING FOR FIRST TX...,0.000,0.009,257,24.3677089,88.6261612,0.000,-0.010,7
2026-08-24T05:56:35.943743,0.318,2.166,34.089,6.403,0.000,0,0,WAITING FOR FIRST TX...,0.000,0.009,257,24.3677089,88.6261612,0.000,-0.010,7
2026-08-24T05:56:35.944038,0.305,2.165,34.089,6.403,0.000,0,0,WAITING FOR FIRST TX...,0.000,0.009,257,24.3677089,88.6261612,0.000,-0.010,7
2026-08-24T05:56:35.944681,0.646,2.131,34.089,6.407,0.000,0,0,WAITING FOR FIRST TX...,0.000,0.009,257,24.3677089,88.6261612,0.000,-0.010,7
2026-08-24T05:56:35.944994,0.309,2.132,34.089,6.407,0.000,0,0,WAITING FOR FIRST TX...,0.000,0.009,257,24.3677089,88.6261612,0.000,-0.010,7
2026-08-24T05:56:35.945396,0.404,2.091,34.089,6.411,0.000,0,0,WAITING FOR FIRST TX...,0.000,0.009,257,24.3677089,88.6261612,0.000,-0.010,7
2026-08-24T05:56:35.945681,0.285,2.090,34.089,6.411,0.000,0,0,WAITING FOR FIRST TX...,0.000,0.009,257,24.3677089,88.6261612,0.000,-0.010,7
2026-08-24T05:56:35.948015,2.332,2.100,34.089,6.411,0.000,0,0,WAITING FOR FIRST TX...,0.000,0.009,257,24.3677089,88.6261612,0.000,-0.010,7
2026-08-24T05:56:35.948318,0.294,2.100,34.089,6.411,0.000,0,0,WAITING FOR FIRST TX...,0.000,0.009,257,24.3677089,88.6261612,0.000,-0.010,7
2026-08-24T05:56:35.948634,0.316,2.101,34.089,6.411,0.000,0,0,WAITING FOR FIRST TX...,0.000,0.009,257,24.3677089,88.6261612,0.000,-0.010,7
2026-08-24T05:56:35.948953,0.323,2.101,34.089,6.411,0.000,0,0,WAITING FOR FIRST TX...,0.000,0.009,257,24.3677089,88.6261612,0.000,-0.010,7
2026-08-24T05:56:35.985559,36.540,2.801,36.540,8.050,0.000,0,0,WAITING FOR FIRST TX...,0.000,0.009,257,24.3677089,88.6261612,0.000,-0.010,7
2026-08-24T05:56:35.986017,0.496,2.804,36.540,8.049,0.000,0,0,WAITING FOR FIRST TX...,0.000,0.009,257,24.3677089,88.6261612,0.000,-0.010,7
2026-08-24T05:56:35.986363,0.367,2.806,36.540,8.048,0.000,0,0,WAITING FOR FIRST TX...,0.000,0.009,257,24.3677089,88.6261612,0.000,-0.010,7
2026-08-24T05:56:35.988170,1.802,2.836,36.540,8.041,0.000,0,0,WAITING FOR FIRST TX...,0.000,0.009,257,24.3677089,88.6261612,0.000,-0.010,7
2026-08-24T05:56:35.988483,0.330,2.830,36.540,8.043,0.000,0,0,WAITING FOR FIRST TX...,0.000,0.009,257,24.3677089,88.6261612,0.000,-0.010,7
2026-08-24T05:56:35.988790,0.299,2.765,36.540,8.051,0.000,0,0,WAITING FOR FIRST TX...,0.000,0.009,257,24.3677089,88.6261612,0.000,-0.010,7
2026-08-24T05:56:35.990925,2.144,2.803,36.540,8.043,0.000,0,0,WAITING FOR FIRST TX...,0.000,0.009,257,24.3677089,88.6261612,0.000,-0.010,7
2026-08-24T05:56:35.991215,0.295,2.802,36.540,8.043,0.000,0,0,WAITING FOR FIRST TX...,0.000,0.009,257,24.3677089,88.6261612,0.000,-0.010,7
2026-08-24T05:56:35.993009,1.792,2.833,36.540,8.036,0.000,0,0,WAITING FOR FIRST TX...,0.000,0.009,257,24.3677089,88.6261612,0.000,-0.010,7
2026-08-24T05:56:35.993294,0.295,2.157,36.540,6.657,0.000,0,0,WAITING FOR FIRST TX...,0.000,0.009,257,24.3677089,88.6261612,0.000,-0.010,7
2026-08-24T05:56:35.993605,0.313,2.155,36.540,6.657,0.000,0,0,WAITING FOR FIRST TX...,0.000,0.009,257,24.3677089,88.6261612,0.000,-0.010,7
2026-08-24T05:56:35.993896,0.290,2.153,36.540,6.658,0.000,0,0,WAITING FOR FIRST TX...,0.000,0.009,257,24.3677089,88.6261612,0.000,-0.010,7
2026-08-24T05:56:35.994669,0.771,2.133,36.540,6.660,0.000,0,0,WAITING FOR FIRST TX...,0.000,0.009,257,24.3677089,88.6261612,0.000,-0.010,7
2026-08-24T05:56:35.994959,0.292,2.133,36.540,6.660,0.000,0,0,WAITING FOR FIRST TX...,0.000,0.009,257,24.3677089,88.6261612,0.000,-0.010,7
2026-08-24T05:56:35.995397,0.440,2.135,36.540,6.660,0.000,0,0,WAITING FOR FIRST TX...,0.000,0.009,257,24.3677089,88.6261612,0.000,-0.010,7
2026-08-24T05:56:35.995672,0.276,2.095,36.540,6.665,0.000,0,0,WAITING FOR FIRST TX...,0.000,0.009,257,24.3677089,88.6261612,0.000,-0.010,7
2026-08-24T05:56:35.997930,2.254,2.134,36.540,6.660,0.000,0,0,WAITING FOR FIRST TX...,0.000,0.009,257,24.3677089,88.6261612,0.000,-0.010,7
2026-08-24T05:56:35.998205,0.276,2.104,36.540,6.665,0.000,0,0,WAITING FOR FIRST TX...,0.000,0.009,257,24.3677089,88.6261612,0.000,-0.010,7
2026-08-24T05:56:35.998470,0.266,2.103,36.540,6.665,0.000,0,0,WAITING FOR FIRST TX...,0.000,0.009,257,24.3677089,88.6261612,0.000,-0.010,7
2026-08-24T05:56:35.998746,0.265,2.102,36.540,6.665,0.000,0,0,WAITING FOR FIRST TX...,0.000,0.009,257,24.3677089,88.6261612,0.000,-0.010,7
2026-08-24T05:56:36.035544,36.742,2.831,36.742,8.265,0.000,0,0,WAITING FOR FIRST TX...,0.000,0.009,257,24.3677089,88.6261612,0.000,-0.010,7
2026-08-24T05:56:36.035975,0.464,2.825,36.742,8.266,0.000,0,0,WAITING FOR FIRST TX...,0.000,0.009,257,24.3677089,88.6261612,0.000,-0.010,7
2026-08-24T05:56:36.036305,0.353,2.826,36.742,8.266,0.000,0,0,WAITING FOR FIRST TX...,0.000,0.009,257,24.3677089,88.6261612,0.000,-0.010,7
2026-08-24T05:56:36.038040,1.733,2.853,36.742,8.260,0.000,0,0,WAITING FOR FIRST TX...,0.000,0.009,257,24.3677089,88.6261612,0.000,-0.010,7
2026-08-24T05:56:36.038335,0.303,2.853,36.742,8.260,0.000,0,0,WAITING FOR FIRST TX...,0.000,0.009,257,24.3677089,88.6261612,0.000,-0.010,7
2026-08-24T05:56:36.040855,2.511,2.848,36.742,8.260,0.000,0,0,WAITING FOR FIRST TX...,0.000,0.009,257,24.3677089,88.6261612,0.000,-0.010,7
2026-08-24T05:56:36.041157,0.302,2.848,36.742,8.260,0.000,0,0,WAITING FOR FIRST TX...,0.000,0.009,257,24.3677089,88.6261612,0.000,-0.010,7
2026-08-24T05:56:36.042988,1.828,2.865,36.742,8.257,0.000,0,0,WAITING FOR FIRST TX...,0.000,0.009,257,24.3677089,88.6261612,0.000,-0.010,7
2026-08-24T05:56:36.043295,0.315,2.865,36.742,8.257,0.000,0,0,WAITING FOR FIRST TX...,0.000,0.009,257,24.3677089,88.6261612,0.000,-0.010,7
2026-08-24T05:56:36.043588,0.296,2.239,36.742,7.144,0.000,0,0,WAITING FOR FIRST TX...,0.000,0.009,257,24.3677089,88.6261612,0.000,-0.010,7
2026-08-24T05:56:36.043909,0.323,2.167,36.742,7.145,0.000,0,0,WAITING FOR FIRST TX...,0.000,0.009,257,24.3677089,88.6261612,0.000,-0.010,7
2026-08-24T05:56:36.045271,1.362,2.188,36.742,7.141,0.000,0,0,WAITING FOR FIRST TX...,0.000,0.009,257,24.3677089,88.6261612,0.000,-0.010,7
2026-08-24T05:56:36.045569,0.301,2.188,36.742,7.141,0.000,0,0,WAITING FOR FIRST TX...,0.000,0.009,257,24.3677089,88.6261612,0.000,-0.010,7
2026-08-24T05:56:36.045847,0.267,2.155,36.742,7.146,0.000,0,0,WAITING FOR FIRST TX...,0.000,0.009,257,24.3677089,88.6261612,0.000,-0.010,7
2026-08-24T05:56:36.046112,0.278,2.155,36.742,7.146,0.000,0,0,WAITING FOR FIRST TX...,0.000,0.009,257,24.3677089,88.6261612,0.000,-0.010,7
2026-08-24T05:56:36.048086,1.972,2.188,36.742,7.141,0.000,0,0,WAITING FOR FIRST TX...,0.000,0.009,257,24.3677089,88.6261612,0.000,-0.010,7
2026-08-24T05:56:36.048349,0.265,2.149,36.742,7.146,0.000,0,0,WAITING FOR FIRST TX...,0.000,0.009,257,24.3677089,88.6261612,0.000,-0.010,7
2026-08-24T05:56:36.048604,0.256,2.147,36.742,7.147,0.000,0,0,WAITING FOR FIRST TX...,0.000,0.009,257,24.3677089,88.6261612,0.000,-0.010,7
2026-08-24T05:56:36.049779,1.152,2.133,36.742,7.148,0.000,0,0,WAITING FOR FIRST TX...,0.000,0.009,257,24.3677089,88.6261612,0.000,-0.010,7
2026-08-24T05:56:36.050059,0.290,2.133,36.742,7.148,0.000,0,0,WAITING FOR FIRST TX...,0.000,0.009,257,24.3677089,88.6261612,0.000,-0.010,7
2026-08-24T05:56:36.085550,35.431,2.835,36.742,8.553,0.000,0,0,WAITING FOR FIRST TX...,0.000,0.009,257,24.3677089,88.6261612,0.000,-0.010,7
2026-08-24T05:56:36.085972,0.462,2.838,36.742,8.552,0.000,0,0,WAITING FOR FIRST TX...,0.000,0.009,257,24.3677089,88.6261612,0.000,-0.010,7
2026-08-24T05:56:36.086279,0.321,2.832,36.742,8.554,0.000,0,0,WAITING FOR FIRST TX...,0.000,0.009,257,24.3677089,88.6261612,0.000,-0.010,7
2026-08-24T05:56:36.088047,1.766,2.861,36.742,8.547,0.000,0,0,WAITING FOR FIRST TX...,0.000,0.009,257,24.3677068,88.6261621,0.000,-0.010,7
2026-08-24T05:56:36.088336,0.292,2.859,36.742,8.548,0.000,0,0,WAITING FOR FIRST TX...,0.000,0.009,257,24.3677068,88.6261621,0.000,-0.010,7
2026-08-24T05:56:36.088671,0.301,2.859,36.742,8.548,0.000,0,0,WAITING FOR FIRST TX...,0.000,0.009,257,24.3677068,88.6261621,0.000,-0.010,7
2026-08-24T05:56:36.090991,2.312,2.859,36.742,8.548,0.000,0,0,WAITING FOR FIRST TX...,0.000,0.009,257,24.3677068,88.6261621,0.000,-0.010,7
2026-08-24T05:56:36.091343,0.353,2.860,36.742,8.548,0.000,0,0,WAITING FOR FIRST TX...,0.000,0.009,257,24.3677068,88.6261621,0.000,-0.010,7
2026-08-24T05:56:36.093061,1.721,2.888,36.742,8.541,0.000,0,0,WAITING FOR FIRST TX...,0.000,0.009,257,24.3677068,88.6261621,0.000,-0.010,7
2026-08-24T05:56:36.093407,0.347,2.889,36.742,8.541,0.000,0,0,WAITING FOR FIRST TX...,0.000,0.009,257,24.3677068,88.6261621,0.000,-0.010,7
2026-08-24T05:56:36.093791,0.381,2.165,36.742,7.031,0.000,0,0,WAITING FOR FIRST TX...,0.000,0.009,257,24.3677068,88.6261621,0.000,-0.010,7
2026-08-24T05:56:36.094134,0.358,2.163,36.742,7.032,0.000,0,0,WAITING FOR FIRST TX...,0.000,0.009,257,24.3677068,88.6261621,0.000,-0.010,7
2026-08-24T05:56:36.094743,0.583,2.167,36.742,7.031,0.000,0,0,WAITING FOR FIRST TX...,0.000,0.009,257,24.3677068,88.6261621,0.000,-0.010,7
2026-08-24T05:56:36.095087,0.367,2.138,36.742,7.035,0.000,0,0,WAITING FOR FIRST TX...,0.000,0.009,257,24.3677068,88.6261621,0.000,-0.010,7
2026-08-24T05:56:36.095398,0.345,2.138,36.742,7.035,0.000,0,0,WAITING FOR FIRST TX...,0.000,0.009,257,24.3677068,88.6261621,0.000,-0.010,7
2026-08-24T05:56:36.095674,0.277,2.138,36.742,7.035,0.000,0,0,WAITING FOR FIRST TX...,0.000,0.009,257,24.3677068,88.6261621,0.000,-0.010,7
2026-08-24T05:56:36.097960,2.284,2.141,36.742,7.035,0.000,0,0,WAITING FOR FIRST TX...,0.000,0.009,257,24.3677068,88.6261621,0.000,-0.010,7
2026-08-24T05:56:36.098234,0.276,2.140,36.742,7.035,0.000,0,0,WAITING FOR FIRST TX...,0.000,0.009,257,24.3677068,88.6261621,0.000,-0.010,7
2026-08-24T05:56:36.098500,0.267,2.110,36.742,7.040,0.000,0,0,WAITING FOR FIRST TX...,0.000,0.009,257,24.3677068,88.6261621,0.000,-0.010,7
2026-08-24T05:56:36.098777,0.266,2.109,36.742,7.040,0.000,0,0,WAITING FOR FIRST TX...,0.000,0.009,257,24.3677068,88.6261621,0.000,-0.010,7
2026-08-24T05:56:36.135573,36.721,2.838,36.742,8.568,0.000,0,0,WAITING FOR FIRST TX...,0.000,0.009,257,24.3677068,88.6261621,0.000,-0.010,7
2026-08-24T05:56:36.136008,0.495,2.842,36.742,8.567,0.000,0,0,WAITING FOR FIRST TX...,0.000,0.009,257,24.3677068,88.6261621,0.000,-0.010,7
2026-08-24T05:56:36.136323,0.329,2.833,36.742,8.569,0.000,0,0,WAITING FOR FIRST TX...,0.000,0.009,257,24.3677068,88.6261621,0.000,-0.010,7
2026-08-24T05:56:36.137661,1.330,2.854,36.742,8.564,0.000,0,0,WAITING FOR FIRST TX...,0.000,0.009,257,24.3677068,88.6261621,0.000,-0.010,7
2026-08-24T05:56:36.138010,0.351,2.852,36.742,8.565,0.000,0,0,WAITING FOR FIRST TX...,0.000,0.009,257,24.3677068,88.6261621,0.000,-0.010,7
2026-08-24T05:56:36.140660,2.609,2.898,36.742,8.557,0.000,0,0,WAITING FOR FIRST TX...,0.000,0.009,257,24.3677068,88.6261621,0.000,-0.010,7
2026-08-24T05:56:36.141073,0.442,2.862,36.742,8.563,0.000,0,0,WAITING FOR FIRST TX...,0.000,0.009,257,24.3677068,88.6261621,0.000,-0.010,7
2026-08-24T05:56:36.141435,0.353,2.864,36.742,8.563,0.000,0,0,WAITING FOR FIRST TX...,0.000,0.009,257,24.3677068,88.6261621,0.000,-0.010,7
2026-08-24T05:56:36.141843,0.383,2.866,36.742,8.562,0.000,0,0,WAITING FOR FIRST TX...,0.000,0.009,257,24.3677068,88.6261621,0.000,-0.010,7
2026-08-24T05:56:36.142207,0.399,2.869,36.742,8.561,0.000,0,0,WAITING FOR FIRST TX...,0.000,0.009,257,24.3677068,88.6261621,0.000,-0.010,7
2026-08-24T05:56:36.143051,0.854,2.151,36.721,7.031,0.000,0,0,WAITING FOR FIRST TX...,0.000,0.009,257,24.3677068,88.6261621,0.000,-0.010,7
2026-08-24T05:56:36.143358,0.313,2.148,36.721,7.032,0.000,0,0,WAITING FOR FIRST TX...,0.000,0.009,257,24.3677068,88.6261621,0.000,-0.010,7
2026-08-24T05:56:36.143665,0.308,2.147,36.721,7.032,0.000,0,0,WAITING FOR FIRST TX...,0.000,0.009,257,24.3677068,88.6261621,0.000,-0.010,7
2026-08-24T05:56:36.144564,0.898,2.130,36.721,7.034,0.000,0,0,WAITING FOR FIRST TX...,0.000,0.009,257,24.3677068,88.6261621,0.000,-0.010,7
2026-08-24T05:56:36.144893,0.325,2.131,36.721,7.034,0.000,0,0,WAITING FOR FIRST TX...,0.000,0.009,257,24.3677068,88.6261621,0.000,-0.010,7
2026-08-24T05:56:36.148048,3.153,2.144,36.721,7.035,0.000,0,0,WAITING FOR FIRST TX...,0.000,0.009,257,24.3677068,88.6261621,0.000,-0.010,7
2026-08-24T05:56:36.148344,0.302,2.144,36.721,7.035,0.000,0,0,WAITING FOR FIRST TX...,0.000,0.009,257,24.3677068,88.6261621,0.000,-0.010,7
2026-08-24T05:56:36.148625,0.285,2.113,36.721,7.040,0.000,0,0,WAITING FOR FIRST TX...,0.000,0.009,257,24.3677068,88.6261621,0.000,-0.010,7
2026-08-24T05:56:36.149621,0.995,2.126,36.721,7.037,0.000,0,0,WAITING FOR FIRST TX...,0.000,0.009,257,24.3677068,88.6261621,0.000,-0.010,7
2026-08-24T05:56:36.149911,0.289,2.126,36.721,7.037,0.000,0,0,WAITING FOR FIRST TX...,0.000,0.009,257,24.3677068,88.6261621,0.000,-0.010,7
2026-08-24T05:56:36.185636,35.681,2.833,36.721,8.481,0.000,0,0,WAITING FOR FIRST TX...,0.000,0.009,257,24.3677068,88.6261621,0.000,-0.010,7
2026-08-24T05:56:36.186003,0.403,2.814,36.721,8.485,0.000,0,0,WAITING FOR FIRST TX...,0.000,0.009,257,24.3677068,88.6261621,0.000,-0.010,7
2026-08-24T05:56:36.186293,0.297,2.814,36.721,8.485,0.000,0,0,WAITING FOR FIRST TX...,0.000,0.009,257,24.3677068,88.6261621,0.000,-0.010,7
2026-08-24T05:56:36.188042,1.748,2.844,36.721,8.479,0.000,0,0,WAITING FOR FIRST TX...,0.000,0.009,257,24.3677068,88.6261621,0.000,-0.010,7
2026-08-24T05:56:36.188331,0.289,2.844,36.721,8.479,0.000,0,0,WAITING FOR FIRST TX...,0.000,0.009,257,24.3677068,88.6261621,0.000,-0.010,7
2026-08-24T05:56:36.188612,0.283,2.810,36.721,8.486,0.000,0,0,WAITING FOR FIRST TX...,0.000,0.009,257,24.3677068,88.6261621,0.000,-0.010,7
2026-08-24T05:56:36.190935,2.308,2.851,36.721,8.478,0.000,0,0,WAITING FOR FIRST TX...,0.000,0.009,257,24.3677068,88.6261621,0.000,-0.010,7
2026-08-24T05:56:36.191239,0.306,2.852,36.721,8.478,0.000,0,0,WAITING FOR FIRST TX...,0.000,0.009,257,24.3677068,88.6261621,0.000,-0.010,7
2026-08-24T05:56:36.193077,1.837,2.866,36.721,8.476,0.000,0,0,WAITING FOR FIRST TX...,0.000,0.009,257,24.3677068,88.6261621,0.000,-0.010,7
2026-08-24T05:56:36.193372,0.303,2.866,36.721,8.475,0.000,0,0,WAITING FOR FIRST TX...,0.000,0.009,257,24.3677068,88.6261621,0.000,-0.010,7
2026-08-24T05:56:36.193710,0.329,2.164,36.721,7.058,0.000,0,0,WAITING FOR FIRST TX...,0.000,0.009,257,24.3677068,88.6261621,0.000,-0.010,7
2026-08-24T05:56:36.194017,0.317,2.161,36.721,7.059,0.000,0,0,WAITING FOR FIRST TX...,0.000,0.009,257,24.3677068,88.6261621,0.000,-0.010,7
2026-08-24T05:56:36.194686,0.666,2.168,36.721,7.057,0.000,0,0,WAITING FOR FIRST TX...,0.000,0.009,257,24.3677068,88.6261621,0.000,-0.010,7
2026-08-24T05:56:36.195000,0.317,2.139,36.721,7.062,0.000,0,0,WAITING FOR FIRST TX...,0.000,0.009,257,24.3677068,88.6261621,0.000,-0.010,7
2026-08-24T05:56:36.195399,0.398,2.141,36.721,7.062,0.000,0,0,WAITING FOR FIRST TX...,0.000,0.009,257,24.3677068,88.6261621,0.000,-0.010,7
2026-08-24T05:56:36.195704,0.301,2.141,36.721,7.062,0.000,0,0,WAITING FOR FIRST TX...,0.000,0.009,257,24.3677068,88.6261621,0.000,-0.010,7
2026-08-24T05:56:36.197955,2.255,2.140,36.721,7.062,0.000,0,0,WAITING FOR FIRST TX...,0.000,0.009,257,24.3677068,88.6261621,0.000,-0.010,7
2026-08-24T05:56:36.198250,0.295,2.139,36.721,7.062,0.000,0,0,WAITING FOR FIRST TX...,0.000,0.009,257,24.3677068,88.6261621,0.000,-0.010,7
2026-08-24T05:56:36.198537,0.290,2.110,36.721,7.066,0.000,0,0,WAITING FOR FIRST TX...,0.000,0.009,257,24.3677068,88.6261621,0.000,-0.010,7
2026-08-24T05:56:36.198832,0.285,2.109,36.721,7.067,0.000,0,0,WAITING FOR FIRST TX...,0.000,0.009,257,24.3677068,88.6261621,0.000,-0.010,7
2026-08-24T05:56:36.235502,36.657,2.834,36.721,8.585,0.000,0,0,WAITING FOR FIRST TX...,0.000,0.009,257,24.3677068,88.6261621,0.000,-0.010,7
2026-08-24T05:56:36.235842,0.356,2.834,36.721,8.585,0.000,0,0,WAITING FOR FIRST TX...,0.000,0.009,257,24.3677068,88.6261621,0.000,-0.010,7
2026-08-24T05:56:36.236123,0.300,2.829,36.721,8.586,0.000,0,0,WAITING FOR FIRST TX...,0.000,0.009,257,24.3677068,88.6261621,0.000,-0.010,7
2026-08-24T05:56:36.238012,1.886,2.859,36.721,8.580,0.000,0,0,WAITING FOR FIRST TX...,0.000,0.009,257,24.3677068,88.6261621,0.000,-0.010,7
2026-08-24T05:56:36.238302,0.292,2.858,36.721,8.581,0.000,0,0,WAITING FOR FIRST TX...,0.000,0.010,257,24.3677068,88.6261621,0.000,-0.010,7
2026-08-24T05:56:36.240880,2.570,2.904,36.721,8.573,0.000,0,0,WAITING FOR FIRST TX...,0.000,0.010,257,24.3677068,88.6261621,0.000,-0.010,7
2026-08-24T05:56:36.241169,0.295,2.864,36.721,8.580,0.000,0,0,WAITING FOR FIRST TX...,0.000,0.010,257,24.3677068,88.6261621,0.000,-0.010,7
2026-08-24T05:56:36.243068,1.894,2.897,36.721,8.573,0.000,0,0,WAITING FOR FIRST TX...,0.000,0.010,257,24.3677068,88.6261621,0.000,-0.010,7
2026-08-24T05:56:36.243366,0.303,2.897,36.721,8.573,0.000,0,0,WAITING FOR FIRST TX...,0.000,0.010,257,24.3677068,88.6261621,0.000,-0.010,7
2026-08-24T05:56:36.243637,0.277,2.897,36.721,8.573,0.000,0,0,WAITING FOR FIRST TX...,0.000,0.010,257,24.3677068,88.6261621,0.000,-0.010,7
2026-08-24T05:56:36.243952,0.313,2.169,36.657,7.053,0.000,0,0,WAITING FOR FIRST TX...,0.000,0.010,257,24.3677068,88.6261621,0.000,-0.010,7
2026-08-24T05:56:36.244669,0.717,2.174,36.657,7.052,0.000,0,0,WAITING FOR FIRST TX...,0.000,0.010,257,24.3677068,88.6261621,0.000,-0.010,7
2026-08-24T05:56:36.244972,0.302,2.173,36.657,7.052,0.000,0,0,WAITING FOR FIRST TX...,0.000,0.010,257,24.3677068,88.6261621,0.000,-0.010,7
2026-08-24T05:56:36.245384,0.421,2.155,36.657,7.055,0.000,0,0,WAITING FOR FIRST TX...,0.000,0.010,257,24.3677068,88.6261621,0.000,-0.010,7
2026-08-24T05:56:36.245641,0.259,2.153,36.657,7.056,0.000,0,0,WAITING FOR FIRST TX...,0.000,0.010,257,24.3677068,88.6261621,0.000,-0.010,7
2026-08-24T05:56:36.246945,1.301,2.127,36.657,7.057,0.000,0,0,WAITING FOR FIRST TX...,0.000,0.010,257,24.3677068,88.6261621,0.000,-0.010,7
2026-08-24T05:56:36.251121,4.066,2.199,36.657,7.058,0.000,0,0,WAITING FOR FIRST TX...,0.000,0.010,257,24.3677068,88.6261621,0.000,-0.010,7
2026-08-24T05:56:36.251531,0.493,2.202,36.657,7.057,0.000,0,0,WAITING FOR FIRST TX...,0.000,0.010,257,24.3677068,88.6261621,0.000,-0.010,7
2026-08-24T05:56:36.251850,0.335,2.201,36.657,7.057,0.000,0,0,WAITING FOR FIRST TX...,0.000,0.010,257,24.3677068,88.6261621,0.000,-0.010,7
2026-08-24T05:56:36.252137,0.308,2.200,36.657,7.058,0.000,0,0,WAITING FOR FIRST TX...,0.000,0.010,257,24.3677068,88.6261621,0.000,-0.010,7
2026-08-24T05:56:36.285549,33.375,2.850,36.657,8.317,0.000,0,0,WAITING FOR FIRST TX...,0.000,0.010,257,24.3677068,88.6261621,0.000,-0.010,7
2026-08-24T05:56:36.285917,0.390,2.851,36.657,8.317,0.000,0,0,WAITING FOR FIRST TX...,0.000,0.010,257,24.3677068,88.6261621,0.000,-0.010,7
2026-08-24T05:56:36.286211,0.307,2.851,36.657,8.317,0.000,0,0,WAITING FOR FIRST TX...,0.000,0.010,257,24.3677068,88.6261621,0.000,-0.010,7
2026-08-24T05:56:36.287667,1.458,2.863,36.657,8.314,0.000,0,0,WAITING FOR FIRST TX...,0.000,0.010,257,24.3677046,88.6261619,0.000,-0.010,7
2026-08-24T05:56:36.288015,0.282,2.862,36.657,8.315,0.000,0,0,WAITING FOR FIRST TX...,0.000,0.010,257,24.3677046,88.6261619,0.000,-0.010,7
2026-08-24T05:56:36.288292,0.332,2.805,36.657,8.322,0.000,0,0,WAITING FOR FIRST TX...,0.000,0.010,257,24.3677046,88.6261619,0.000,-0.010,7
2026-08-24T05:56:36.290892,2.598,2.851,36.657,8.314,0.000,0,0,WAITING FOR FIRST TX...,0.000,0.010,257,24.3677046,88.6261619,0.000,-0.010,7
2026-08-24T05:56:36.291166,0.275,2.851,36.657,8.315,0.000,0,0,WAITING FOR FIRST TX...,0.000,0.010,257,24.3677046,88.6261619,0.000,-0.010,7
2026-08-24T05:56:36.292974,1.806,2.867,36.657,8.312,0.000,0,0,WAITING FOR FIRST TX...,0.000,0.010,257,24.3677046,88.6261619,0.000,-0.010,7
2026-08-24T05:56:36.293242,0.271,2.867,36.657,8.312,0.000,0,0,WAITING FOR FIRST TX...,0.000,0.010,257,24.3677046,88.6261619,0.000,-0.010,7
2026-08-24T05:56:36.293543,0.300,2.159,36.657,6.836,0.000,0,0,WAITING FOR FIRST TX...,0.000,0.010,257,24.3677046,88.6261619,0.000,-0.010,7
2026-08-24T05:56:36.293821,0.272,2.157,36.657,6.837,0.000,0,0,WAITING FOR FIRST TX...,0.000,0.010,257,24.3677046,88.6261619,0.000,-0.010,7
2026-08-24T05:56:36.295657,1.833,2.187,36.657,6.832,0.000,0,0,WAITING FOR FIRST TX...,0.000,0.010,257,24.3677046,88.6261619,0.000,-0.010,7
2026-08-24T05:56:36.295971,0.315,2.159,36.657,6.837,0.000,0,0,WAITING FOR FIRST TX...,0.000,0.010,257,24.3677046,88.6261619,0.000,-0.010,7
2026-08-24T05:56:36.296246,0.278,2.159,36.657,6.837,0.000,0,0,WAITING FOR FIRST TX...,0.000,0.010,257,24.3677046,88.6261619,0.000,-0.010,7
2026-08-24T05:56:36.296528,0.283,2.159,36.657,6.837,0.000,0,0,WAITING FOR FIRST TX...,0.000,0.010,257,24.3677046,88.6261619,0.000,-0.010,7
2026-08-24T05:56:36.296802,0.268,2.118,36.657,6.842,0.000,0,0,WAITING FOR FIRST TX...,0.000,0.010,257,24.3677046,88.6261619,0.000,-0.010,7
2026-08-24T05:56:36.298263,1.467,2.141,36.657,6.838,0.000,0,0,WAITING FOR FIRST TX...,0.000,0.010,257,24.3677046,88.6261619,0.000,-0.010,7
2026-08-24T05:56:36.299439,1.175,2.128,36.657,6.839,0.000,0,0,WAITING FOR FIRST TX...,0.000,0.010,257,24.3677046,88.6261619,0.000,-0.010,7
2026-08-24T05:56:36.299724,0.277,2.127,36.657,6.839,0.000,0,0,WAITING FOR FIRST TX...,0.000,0.010,257,24.3677046,88.6261619,0.000,-0.010,7
2026-08-24T05:56:36.335626,35.884,2.838,36.657,8.333,0.000,0,0,WAITING FOR FIRST TX...,0.000,0.010,257,24.3677046,88.6261619,0.000,-0.010,7
2026-08-24T05:56:36.336019,0.390,2.840,36.657,8.333,0.000,0,0,WAITING FOR FIRST TX...,0.000,0.010,257,24.3677046,88.6261619,0.000,-0.010,7
2026-08-24T05:56:36.336382,0.379,2.834,36.657,8.335,0.000,0,0,WAITING FOR FIRST TX...,0.000,0.010,257,24.3677046,88.6261619,0.000,-0.010,7
2026-08-24T05:56:36.337586,1.217,2.852,36.657,8.330,0.000,0,0,WAITING FOR FIRST TX...,0.000,0.010,257,24.3677046,88.6261619,0.000,-0.010,7
2026-08-24T05:56:36.337885,0.301,2.850,36.657,8.331,0.000,0,0,WAITING FOR FIRST TX...,0.000,0.010,257,24.3677046,88.6261619,0.000,-0.010,7
2026-08-24T05:56:36.340576,2.678,2.898,36.657,8.323,0.000,0,0,WAITING FOR FIRST TX...,0.000,0.010,257,24.3677046,88.6261619,0.000,-0.010,7
2026-08-24T05:56:36.340899,0.332,2.859,36.657,8.330,0.000,0,0,WAITING FOR FIRST TX...,0.000,0.010,257,24.3677046,88.6261619,0.000,-0.010,7
2026-08-24T05:56:36.341177,0.287,2.859,36.657,8.330,0.000,0,0,WAITING FOR FIRST TX...,0.000,0.010,257,24.3677046,88.6261619,0.000,-0.010,7
2026-08-24T05:56:36.341443,0.267,2.859,36.657,8.330,0.000,0,0,WAITING FOR FIRST TX...,0.000,0.010,257,24.3677046,88.6261619,0.000,-0.010,7
2026-08-24T05:56:36.341715,0.262,2.858,36.657,8.330,0.000,0,0,WAITING FOR FIRST TX...,0.000,0.010,257,24.3677046,88.6261619,0.000,-0.010,7
2026-08-24T05:56:36.343038,1.322,2.151,35.884,6.754,0.000,0,0,WAITING FOR FIRST TX...,0.000,0.010,257,24.3677046,88.6261619,0.000,-0.010,7
2026-08-24T05:56:36.343338,0.307,2.150,35.884,6.755,0.000,0,0,WAITING FOR FIRST TX...,0.000,0.010,257,24.3677046,88.6261619,0.000,-0.010,7
2026-08-24T05:56:36.343630,0.296,2.150,35.884,6.755,0.000,0,0,WAITING FOR FIRST TX...,0.000,0.010,257,24.3677046,88.6261619,0.000,-0.010,7
2026-08-24T05:56:36.344473,0.842,2.129,35.884,6.757,0.000,0,0,WAITING FOR FIRST TX...,0.000,0.010,257,24.3677046,88.6261619,0.000,-0.010,7
2026-08-24T05:56:36.344765,0.269,2.129,35.884,6.757,0.000,0,0,WAITING FOR FIRST TX...,0.000,0.010,257,24.3677046,88.6261619,0.000,-0.010,7
2026-08-24T05:56:36.347461,2.711,2.132,35.884,6.757,0.000,0,0,WAITING FOR FIRST TX...,0.000,0.010,257,24.3677046,88.6261619,0.000,-0.010,7
2026-08-24T05:56:36.348157,0.700,2.140,35.884,6.755,0.000,0,0,WAITING FOR FIRST TX...,0.000,0.010,257,24.3677046,88.6261619,0.000,-0.010,7
2026-08-24T05:56:36.348426,0.274,2.107,35.884,6.760,0.000,0,0,WAITING FOR FIRST TX...,0.000,0.010,257,24.3677046,88.6261619,0.000,-0.010,7
2026-08-24T05:56:36.349650,1.224,2.126,35.884,6.757,0.000,0,0,WAITING FOR FIRST TX...,0.000,0.010,257,24.3677046,88.6261619,0.000,-0.010,7
2026-08-24T05:56:36.349922,0.273,2.126,35.884,6.757,0.000,0,0,WAITING FOR FIRST TX...,0.000,0.010,257,24.3677046,88.6261619,0.000,-0.010,7
2026-08-24T05:56:36.386110,36.125,2.842,36.125,8.286,0.000,0,0,WAITING FOR FIRST TX...,0.000,0.010,257,24.3677046,88.6261619,0.000,-0.010,7
2026-08-24T05:56:36.386941,0.743,2.843,36.125,8.286,0.000,0,0,WAITING FOR FIRST TX...,0.000,0.010,257,24.3677046,88.6261619,0.000,-0.010,7
2026-08-24T05:56:36.387970,1.123,2.859,36.125,8.281,0.000,0,0,WAITING FOR FIRST TX...,0.000,0.010,257,24.3677046,88.6261619,0.000,-0.010,7
2026-08-24T05:56:36.388348,0.398,2.859,36.125,8.281,0.000,0,0,WAITING FOR FIRST TX...,0.000,0.010,257,24.3677046,88.6261619,0.000,-0.010,7
2026-08-24T05:56:36.388669,0.330,2.860,36.125,8.281,0.000,0,0,WAITING FOR FIRST TX...,0.000,0.010,257,24.3677046,88.6261619,0.000,-0.010,7
2026-08-24T05:56:36.388989,0.323,2.840,36.125,8.286,0.000,0,0,WAITING FOR FIRST TX...,0.000,0.010,257,24.3677046,88.6261619,0.000,-0.010,7
2026-08-24T05:56:36.390925,1.936,2.798,36.125,8.285,0.000,0,0,WAITING FOR FIRST TX...,0.000,0.010,257,24.3677046,88.6261619,0.000,-0.010,7
2026-08-24T05:56:36.391238,0.307,2.794,36.125,8.286,0.000,0,0,WAITING FOR FIRST TX...,0.000,0.010,257,24.3677046,88.6261619,0.000,-0.010,7
2026-08-24T05:56:36.392450,1.210,2.812,36.125,8.282,0.000,0,0,WAITING FOR FIRST TX...,0.000,0.010,257,24.3677046,88.6261619,0.000,-0.010,7
2026-08-24T05:56:36.392768,0.312,2.812,36.125,8.282,0.000,0,0,WAITING FOR FIRST TX...,0.000,0.010,257,24.3677046,88.6261619,0.000,-0.010,7
2026-08-24T05:56:36.393115,0.356,2.151,36.125,7.014,0.000,0,0,WAITING FOR FIRST TX...,0.000,0.010,257,24.3677046,88.6261619,0.000,-0.010,7
2026-08-24T05:56:36.393424,0.311,2.150,36.125,7.015,0.000,0,0,WAITING FOR FIRST TX...,0.000,0.010,257,24.3677046,88.6261619,0.000,-0.010,7
2026-08-24T05:56:36.394687,1.262,2.169,36.125,7.011,0.000,0,0,WAITING FOR FIRST TX...,0.000,0.010,257,24.3677046,88.6261619,0.000,-0.010,7
2026-08-24T05:56:36.395000,0.314,2.146,36.125,7.015,0.000,0,0,WAITING FOR FIRST TX...,0.000,0.010,257,24.3677046,88.6261619,0.000,-0.010,7
2026-08-24T05:56:36.395394,0.398,2.148,36.125,7.014,0.000,0,0,WAITING FOR FIRST TX...,0.000,0.010,257,24.3677046,88.6261619,0.000,-0.010,7
2026-08-24T05:56:36.395685,0.299,2.148,36.125,7.015,0.000,0,0,WAITING FOR FIRST TX...,0.000,0.010,257,24.3677046,88.6261619,0.000,-0.010,7
2026-08-24T05:56:36.398010,2.322,2.142,36.125,7.014,0.000,0,0,WAITING FOR FIRST TX...,0.000,0.010,257,24.3677046,88.6261619,0.000,-0.010,7
2026-08-24T05:56:36.398313,0.293,2.142,36.125,7.014,0.000,0,0,WAITING FOR FIRST TX...,0.000,0.010,257,24.3677046,88.6261619,0.000,-0.010,7
2026-08-24T05:56:36.398612,0.300,2.112,36.125,7.019,0.000,0,0,WAITING FOR FIRST TX...,0.000,0.010,257,24.3677046,88.6261619,0.000,-0.010,7
2026-08-24T05:56:36.398918,0.308,2.113,36.125,7.019,0.000,0,0,WAITING FOR FIRST TX...,0.000,0.010,257,24.3677046,88.6261619,0.000,-0.010,7
2026-08-24T05:56:36.434748,35.807,2.823,36.125,8.476,0.000,0,0,WAITING FOR FIRST TX...,0.000,0.010,257,24.3677046,88.6261619,0.000,-0.010,7
2026-08-24T05:56:36.435439,0.711,2.832,36.125,8.474,0.000,0,0,WAITING FOR FIRST TX...,0.000,0.010,257,24.3677046,88.6261619,0.000,-0.010,7
2026-08-24T05:56:36.435978,0.533,2.806,36.125,8.479,0.000,0,0,WAITING FOR FIRST TX...,0.000,0.010,257,24.3677046,88.6261619,0.000,-0.010,7
2026-08-24T05:56:36.438202,2.230,2.844,36.125,8.472,0.000,0,0,WAITING FOR FIRST TX...,0.000,0.010,257,24.3677046,88.6261619,0.000,-0.010,7
2026-08-24T05:56:36.438502,0.308,2.845,36.125,8.472,0.000,0,0,WAITING FOR FIRST TX...,0.000,0.010,257,24.3677046,88.6261619,0.000,-0.010,7
2026-08-24T05:56:36.440852,2.344,2.886,36.125,8.464,0.000,0,0,WAITING FOR FIRST TX...,0.000,0.010,257,24.3677046,88.6261619,0.000,-0.010,7
2026-08-24T05:56:36.441157,0.304,2.887,36.125,8.464,0.000,0,0,WAITING FOR FIRST TX...,0.000,0.010,257,24.3677046,88.6261619,0.000,-0.010,7
2026-08-24T05:56:36.442448,1.292,2.883,36.125,8.464,0.000,0,0,WAITING FOR FIRST TX...,0.000,0.010,257,24.3677046,88.6261619,0.000,-0.010,7
2026-08-24T05:56:36.442773,0.319,2.866,36.125,8.469,0.000,0,0,WAITING FOR FIRST TX...,0.000,0.010,257,24.3677046,88.6261619,0.000,-0.010,7
2026-08-24T05:56:36.443068,0.308,2.867,36.125,8.469,0.000,0,0,WAITING FOR FIRST TX...,0.000,0.010,257,24.3677046,88.6261619,0.000,-0.010,7
2026-08-24T05:56:36.443386,0.320,2.155,36.125,7.006,0.000,0,0,WAITING FOR FIRST TX...,0.000,0.010,257,24.3677046,88.6261619,0.000,-0.010,7
2026-08-24T05:56:36.445265,1.876,2.185,36.125,7.002,0.000,0,0,WAITING FOR FIRST TX...,0.000,0.010,257,24.3677046,88.6261619,0.000,-0.010,7
2026-08-24T05:56:36.445576,0.315,2.184,36.125,7.002,0.000,0,0,WAITING FOR FIRST TX...,0.000,0.010,257,24.3677046,88.6261619,0.000,-0.010,7
2026-08-24T05:56:36.445866,0.282,2.165,36.125,7.006,0.000,0,0,WAITING FOR FIRST TX...,0.000,0.010,257,24.3677046,88.6261619,0.000,-0.010,7
2026-08-24T05:56:36.446150,0.292,2.165,36.125,7.006,0.000,0,0,WAITING FOR FIRST TX...,0.000,0.010,257,24.3677046,88.6261619,0.000,-0.010,7
2026-08-24T05:56:36.447957,1.805,2.148,36.125,7.006,0.000,0,0,WAITING FOR FIRST TX...,0.000,0.010,257,24.3677046,88.6261619,0.000,-0.010,7
2026-08-24T05:56:36.448245,0.290,2.147,36.125,7.006,0.000,0,0,WAITING FOR FIRST TX...,0.000,0.010,257,24.3677046,88.6261619,0.000,-0.010,7
2026-08-24T05:56:36.448523,0.280,2.147,36.125,7.006,0.000,0,0,WAITING FOR FIRST TX...,0.000,0.010,257,24.3677046,88.6261619,0.000,-0.010,7
2026-08-24T05:56:36.449712,1.182,2.165,36.125,7.002,0.000,0,0,WAITING FOR FIRST TX...,0.000,0.010,257,24.3677046,88.6261619,0.000,-0.010,7
2026-08-24T05:56:36.449997,0.291,2.165,36.125,7.002,0.000,0,0,WAITING FOR FIRST TX...,0.000,0.010,257,24.3677046,88.6261619,0.000,-0.010,7
2026-08-24T05:56:36.484783,34.725,2.834,36.125,8.378,0.000,0,0,WAITING FOR FIRST TX...,0.000,0.010,257,24.3677046,88.6261619,0.000,-0.010,7
2026-08-24T05:56:36.485456,0.705,2.842,36.125,8.376,0.000,0,0,WAITING FOR FIRST TX...,0.000,0.010,257,24.3677046,88.6261619,0.000,-0.010,7
2026-08-24T05:56:36.485798,0.348,2.843,36.125,8.376,0.000,0,0,WAITING FOR FIRST TX...,0.000,0.010,257,24.3677046,88.6261619,0.000,-0.010,7
2026-08-24T05:56:36.487590,1.805,2.862,36.125,8.372,0.000,0,0,WAITING FOR FIRST TX...,0.000,0.010,257,24.3677038,88.6261599,0.000,-0.010,7
2026-08-24T05:56:36.487910,0.322,2.863,36.125,8.372,0.000,0,0,WAITING FOR FIRST TX...,0.000,0.011,257,24.3677038,88.6261599,0.000,-0.010,7
2026-08-24T05:56:36.490624,2.688,2.862,36.125,8.372,0.000,0,0,WAITING FOR FIRST TX...,0.000,0.011,257,24.3677038,88.6261599,0.000,-0.010,7
2026-08-24T05:56:36.490978,0.374,2.856,36.125,8.373,0.000,0,0,WAITING FOR FIRST TX...,0.000,0.011,257,24.3677038,88.6261599,0.000,-0.010,7
2026-08-24T05:56:36.491275,0.308,2.857,36.125,8.373,0.000,0,0,WAITING FOR FIRST TX...,0.000,0.011,257,24.3677038,88.6261599,0.000,-0.010,7
2026-08-24T05:56:36.491560,0.287,2.838,36.125,8.378,0.000,0,0,WAITING FOR FIRST TX...,0.000,0.011,257,24.3677038,88.6261599,0.000,-0.010,7
2026-08-24T05:56:36.491848,0.279,2.838,36.125,8.378,0.000,0,0,WAITING FOR FIRST TX...,0.000,0.011,257,24.3677038,88.6261599,0.000,-0.010,7
2026-08-24T05:56:36.493104,1.256,2.141,35.807,6.865,0.000,0,0,WAITING FOR FIRST TX...,0.000,0.011,257,24.3677038,88.6261599,0.000,-0.010,7
2026-08-24T05:56:36.493420,0.317,2.132,35.807,6.867,0.000,0,0,WAITING FOR FIRST TX...,0.000,0.011,257,24.3677038,88.6261599,0.000,-0.010,7
2026-08-24T05:56:36.493755,0.326,2.116,35.807,6.871,0.000,0,0,WAITING FOR FIRST TX...,0.000,0.011,257,24.3677038,88.6261599,0.000,-0.010,7
2026-08-24T05:56:36.494685,0.939,2.127,35.807,6.868,0.000,0,0,WAITING FOR FIRST TX...,0.000,0.011,257,24.3677038,88.6261599,0.000,-0.010,7
2026-08-24T05:56:36.494994,0.311,2.127,35.807,6.869,0.000,0,0,WAITING FOR FIRST TX...,0.000,0.011,257,24.3677038,88.6261599,0.000,-0.010,7
2026-08-24T05:56:36.495294,0.302,2.126,35.807,6.869,0.000,0,0,WAITING FOR FIRST TX...,0.000,0.011,257,24.3677038,88.6261599,0.000,-0.010,7
2026-08-24T05:56:36.497980,2.684,2.141,35.807,6.869,0.000,0,0,WAITING FOR FIRST TX...,0.000,0.011,257,24.3677038,88.6261599,0.000,-0.010,7
2026-08-24T05:56:36.498276,0.298,2.141,35.807,6.869,0.000,0,0,WAITING FOR FIRST TX...,0.000,0.011,257,24.3677038,88.6261599,0.000,-0.010,7
2026-08-24T05:56:36.498566,0.291,2.123,35.807,6.873,0.000,0,0,WAITING FOR FIRST TX...,0.000,0.011,257,24.3677038,88.6261599,0.000,-0.010,7
2026-08-24T05:56:36.498866,0.290,2.122,35.807,6.873,0.000,0,0,WAITING FOR FIRST TX...,0.000,0.011,257,24.3677038,88.6261599,0.000,-0.010,7
2026-08-24T05:56:36.535491,36.602,2.847,36.602,8.420,0.000,0,0,WAITING FOR FIRST TX...,0.000,0.011,257,24.3677038,88.6261599,0.000,-0.010,7
2026-08-24T05:56:36.535885,0.416,2.849,36.602,8.420,0.000,0,0,WAITING FOR FIRST TX...,0.000,0.011,257,24.3677038,88.6261599,0.000,-0.010,7
2026-08-24T05:56:36.536459,0.572,2.835,36.602,8.423,0.000,0,0,WAITING FOR FIRST TX...,0.000,0.011,257,24.3677038,88.6261599,0.000,-0.010,7
2026-08-24T05:56:36.537620,1.177,2.853,36.602,8.418,0.000,0,0,WAITING FOR FIRST TX...,0.000,0.011,257,24.3677038,88.6261599,0.000,-0.010,7
2026-08-24T05:56:36.537922,0.305,2.851,36.602,8.419,0.000,0,0,WAITING FOR FIRST TX...,0.000,0.011,257,24.3677038,88.6261599,0.000,-0.010,7
2026-08-24T05:56:36.540524,2.608,2.897,36.602,8.411,0.000,0,0,WAITING FOR FIRST TX...,0.000,0.011,257,24.3677038,88.6261599,0.000,-0.010,7
2026-08-24T05:56:36.540806,0.278,2.856,36.602,8.419,0.000,0,0,WAITING FOR FIRST TX...,0.000,0.011,257,24.3677038,88.6261599,0.000,-0.010,7
2026-08-24T05:56:36.541075,0.278,2.856,36.602,8.419,0.000,0,0,WAITING FOR FIRST TX...,0.000,0.011,257,24.3677038,88.6261599,0.000,-0.010,7
2026-08-24T05:56:36.541336,0.264,2.855,36.602,8.419,0.000,0,0,WAITING FOR FIRST TX...,0.000,0.011,257,24.3677038,88.6261599,0.000,-0.010,7
2026-08-24T05:56:36.541609,0.264,2.854,36.602,8.419,0.000,0,0,WAITING FOR FIRST TX...,0.000,0.011,257,24.3677038,88.6261599,0.000,-0.010,7
2026-08-24T05:56:36.543115,1.500,2.168,36.602,6.949,0.000,0,0,WAITING FOR FIRST TX...,0.000,0.011,257,24.3677038,88.6261599,0.000,-0.010,7
2026-08-24T05:56:36.543429,0.321,2.160,36.602,6.950,0.000,0,0,WAITING FOR FIRST TX...,0.000,0.011,257,24.3677038,88.6261599,0.000,-0.010,7
2026-08-24T05:56:36.543764,0.303,2.156,36.602,6.952,0.000,0,0,WAITING FOR FIRST TX...,0.000,0.011,257,24.3677038,88.6261599,0.000,-0.010,7
2026-08-24T05:56:36.544512,0.776,2.127,36.602,6.954,0.000,0,0,WAITING FOR FIRST TX...,0.000,0.011,257,24.3677038,88.6261599,0.000,-0.010,7
2026-08-24T05:56:36.544799,0.278,2.126,36.602,6.955,0.000,0,0,WAITING FOR FIRST TX...,0.000,0.011,257,24.3677038,88.6261599,0.000,-0.010,7
2026-08-24T05:56:36.548030,3.238,2.144,36.602,6.956,0.000,0,0,WAITING FOR FIRST TX...,0.000,0.011,257,24.3677038,88.6261599,0.000,-0.010,7
2026-08-24T05:56:36.548319,0.283,2.143,36.602,6.956,0.000,0,0,WAITING FOR FIRST TX...,0.000,0.011,257,24.3677038,88.6261599,0.000,-0.010,7
2026-08-24T05:56:36.548598,0.280,2.123,36.602,6.960,0.000,0,0,WAITING FOR FIRST TX...,0.000,0.011,257,24.3677038,88.6261599,0.000,-0.010,7
2026-08-24T05:56:36.549724,1.117,2.139,36.602,6.957,0.000,0,0,WAITING FOR FIRST TX...,0.000,0.011,257,24.3677038,88.6261599,0.000,-0.010,7
2026-08-24T05:56:36.550011,0.297,2.139,36.602,6.957,0.000,0,0,WAITING FOR FIRST TX...,0.000,0.011,257,24.3677038,88.6261599,0.000,-0.010,7
2026-08-24T05:56:36.585485,35.445,2.841,36.602,8.395,0.000,0,0,WAITING FOR FIRST TX...,0.000,0.011,257,24.3677038,88.6261599,0.000,-0.010,7
2026-08-24T05:56:36.585852,0.361,2.811,36.602,8.401,0.000,0,0,WAITING FOR FIRST TX...,0.000,0.011,257,24.3677038,88.6261599,0.000,-0.010,7
2026-08-24T05:56:36.586171,0.347,2.812,36.602,8.401,0.000,0,0,WAITING FOR FIRST TX...,0.000,0.011,257,24.3677038,88.6261599,0.000,-0.010,7
2026-08-24T05:56:36.587670,1.502,2.836,36.602,8.395,0.000,0,0,WAITING FOR FIRST TX...,0.000,0.011,257,24.3677038,88.6261599,0.000,-0.010,7
2026-08-24T05:56:36.587972,0.303,2.836,36.602,8.395,0.000,0,0,WAITING FOR FIRST TX...,0.000,0.011,257,24.3677038,88.6261599,0.000,-0.010,7
2026-08-24T05:56:36.588254,0.285,2.806,36.602,8.401,0.000,0,0,WAITING FOR FIRST TX...,0.000,0.011,257,24.3677038,88.6261599,0.000,-0.010,7
2026-08-24T05:56:36.591820,3.546,2.871,36.602,8.394,0.000,0,0,WAITING FOR FIRST TX...,0.000,0.011,257,24.3677038,88.6261599,0.000,-0.010,7
2026-08-24T05:56:36.592283,0.439,2.874,36.602,8.393,0.000,0,0,WAITING FOR FIRST TX...,0.000,0.011,257,24.3677038,88.6261599,0.000,-0.010,7
2026-08-24T05:56:36.593196,0.944,2.870,36.602,8.394,0.000,0,0,WAITING FOR FIRST TX...,0.000,0.011,257,24.3677038,88.6261599,0.000,-0.010,7
2026-08-24T05:56:36.593497,0.308,2.870,36.602,8.394,0.000,0,0,WAITING FOR FIRST TX...,0.000,0.011,257,24.3677038,88.6261599,0.000,-0.010,7
2026-08-24T05:56:36.593853,0.341,2.182,36.602,7.029,0.000,0,0,WAITING FOR FIRST TX...,0.000,0.011,257,24.3677038,88.6261599,0.000,-0.010,7
2026-08-24T05:56:36.594164,0.321,2.175,36.602,7.030,0.000,0,0,WAITING FOR FIRST TX...,0.000,0.011,257,24.3677038,88.6261599,0.000,-0.010,7
2026-08-24T05:56:36.595445,1.282,2.193,36.602,7.027,0.000,0,0,WAITING FOR FIRST TX...,0.000,0.011,257,24.3677038,88.6261599,0.000,-0.010,7
2026-08-24T05:56:36.595757,0.302,2.163,36.602,7.032,0.000,0,0,WAITING FOR FIRST TX...,0.000,0.011,257,24.3677038,88.6261599,0.000,-0.010,7
2026-08-24T05:56:36.596055,0.309,2.163,36.602,7.032,0.000,0,0,WAITING FOR FIRST TX...,0.000,0.011,257,24.3677038,88.6261599,0.000,-0.010,7
2026-08-24T05:56:36.596351,0.298,2.115,36.602,7.036,0.000,0,0,WAITING FOR FIRST TX...,0.000,0.011,257,24.3677038,88.6261599,0.000,-0.010,7
2026-08-24T05:56:36.598029,1.674,2.141,36.602,7.032,0.000,0,0,WAITING FOR FIRST TX...,0.000,0.011,257,24.3677038,88.6261599,0.000,-0.010,7
2026-08-24T05:56:36.598330,0.301,2.141,36.602,7.032,0.000,0,0,WAITING FOR FIRST TX...,0.000,0.011,257,24.3677038,88.6261599,0.000,-0.010,7
2026-08-24T05:56:36.598642,0.302,2.141,36.602,7.032,0.000,0,0,WAITING FOR FIRST TX...,0.000,0.011,257,24.3677038,88.6261599,0.000,-0.010,7
2026-08-24T05:56:36.598963,0.321,2.142,36.602,7.032,0.000,0,0,WAITING FOR FIRST TX...,0.000,0.011,257,24.3677038,88.6261599,0.000,-0.010,7
2026-08-24T05:56:36.635469,36.498,2.847,36.602,8.545,0.000,0,0,WAITING FOR FIRST TX...,0.000,0.011,257,24.3677038,88.6261599,0.000,-0.010,7
2026-08-24T05:56:36.635819,0.350,2.848,36.602,8.544,0.000,0,0,WAITING FOR FIRST TX...,0.000,0.011,257,24.3677038,88.6261599,0.000,-0.010,7
2026-08-24T05:56:36.636131,0.330,2.848,36.602,8.544,0.000,0,0,WAITING FOR FIRST TX...,0.000,0.011,257,24.3677038,88.6261599,0.000,-0.010,7
2026-08-24T05:56:36.638182,2.041,2.870,36.602,8.541,0.000,0,0,WAITING FOR FIRST TX...,0.000,0.011,257,24.3677038,88.6261599,0.000,-0.010,7
2026-08-24T05:56:36.638499,0.325,2.870,36.602,8.541,0.000,0,0,WAITING FOR FIRST TX...,0.000,0.011,257,24.3677038,88.6261599,0.000,-0.010,7
2026-08-24T05:56:36.640993,2.496,2.914,36.602,8.533,0.000,0,0,WAITING FOR FIRST TX...,0.000,0.011,257,24.3677038,88.6261599,0.000,-0.010,7
2026-08-24T05:56:36.641298,0.300,2.866,36.602,8.541,0.000,0,0,WAITING FOR FIRST TX...,0.000,0.011,257,24.3677038,88.6261599,0.000,-0.010,7
2026-08-24T05:56:36.643011,1.706,2.894,36.602,8.535,0.000,0,0,WAITING FOR FIRST TX...,0.000,0.011,257,24.3677038,88.6261599,0.000,-0.010,7
2026-08-24T05:56:36.643358,0.352,2.896,36.602,8.534,0.000,0,0,WAITING FOR FIRST TX...,0.000,0.011,257,24.3677038,88.6261599,0.000,-0.010,7
2026-08-24T05:56:36.643661,0.311,2.896,36.602,8.534,0.000,0,0,WAITING FOR FIRST TX...,0.000,0.011,257,24.3677038,88.6261599,0.000,-0.010,7
2026-08-24T05:56:36.644008,0.345,2.171,36.498,7.017,0.000,0,0,WAITING FOR FIRST TX...,0.000,0.011,257,24.3677038,88.6261599,0.000,-0.010,7
2026-08-24T05:56:36.645432,1.422,2.191,36.498,7.013,0.000,0,0,WAITING FOR FIRST TX...,0.000,0.011,257,24.3677038,88.6261599,0.000,-0.010,7
2026-08-24T05:56:36.645770,0.329,2.186,36.498,7.015,0.000,0,0,WAITING FOR FIRST TX...,0.000,0.011,257,24.3677038,88.6261599,0.000,-0.010,7
2026-08-24T05:56:36.646069,0.313,2.169,36.498,7.018,0.000,0,0,WAITING FOR FIRST TX...,0.000,0.011,257,24.3677038,88.6261599,0.000,-0.010,7
2026-08-24T05:56:36.646356,0.289,2.168,36.498,7.018,0.000,0,0,WAITING FOR FIRST TX...,0.000,0.011,257,24.3677038,88.6261599,0.000,-0.010,7
2026-08-24T05:56:36.646868,0.500,2.126,36.498,7.022,0.000,0,0,WAITING FOR FIRST TX...,0.000,0.011,257,24.3677038,88.6261599,0.000,-0.010,7
2026-08-24T05:56:36.648582,1.722,2.155,36.498,7.017,0.000,0,0,WAITING FOR FIRST TX...,0.000,0.011,257,24.3677038,88.6261599,0.000,-0.010,7
2026-08-24T05:56:36.648885,0.304,2.156,36.498,7.017,0.000,0,0,WAITING FOR FIRST TX...,0.000,0.011,257,24.3677038,88.6261599,0.000,-0.010,7
2026-08-24T05:56:36.649836,0.944,2.169,36.498,7.014,0.000,0,0,WAITING FOR FIRST TX...,0.000,0.011,257,24.3677038,88.6261599,0.000,-0.010,7
2026-08-24T05:56:36.650148,0.319,2.170,36.498,7.014,0.000,0,0,WAITING FOR FIRST TX...,0.000,0.011,257,24.3677038,88.6261599,0.000,-0.010,7
2026-08-24T05:56:36.685616,35.396,2.848,36.498,8.441,0.000,0,0,WAITING FOR FIRST TX...,0.000,0.011,257,24.3677038,88.6261599,0.000,-0.010,7
2026-08-24T05:56:36.686077,0.490,2.852,36.498,8.440,0.000,0,0,WAITING FOR FIRST TX...,0.000,0.011,257,24.3677038,88.6261599,0.000,-0.010,7
2026-08-24T05:56:36.686444,0.395,2.854,36.498,8.439,0.000,0,0,WAITING FOR FIRST TX...,0.000,0.011,257,24.3677038,88.6261599,0.000,-0.010,7
2026-08-24T05:56:36.687559,1.120,2.860,36.498,8.437,0.000,0,0,WAITING FOR FIRST TX...,0.000,0.011,257,24.3677039,88.6261573,0.000,-0.010,7
2026-08-24T05:56:36.687891,0.336,2.862,36.498,8.437,0.000,0,0,WAITING FOR FIRST TX...,0.000,0.012,257,24.3677039,88.6261573,0.000,-0.010,7
2026-08-24T05:56:36.690534,2.644,2.850,36.498,8.437,0.000,0,0,WAITING FOR FIRST TX...,0.000,0.012,257,24.3677039,88.6261573,0.000,-0.010,7
2026-08-24T05:56:36.690854,0.305,2.850,36.498,8.437,0.000,0,0,WAITING FOR FIRST TX...,0.000,0.012,257,24.3677039,88.6261573,0.000,-0.010,7
2026-08-24T05:56:36.691145,0.321,2.851,36.498,8.437,0.000,0,0,WAITING FOR FIRST TX...,0.000,0.012,257,24.3677039,88.6261573,0.000,-0.010,7
2026-08-24T05:56:36.691425,0.282,2.834,36.498,8.441,0.000,0,0,WAITING FOR FIRST TX...,0.000,0.012,257,24.3677039,88.6261573,0.000,-0.010,7
2026-08-24T05:56:36.691709,0.273,2.834,36.498,8.441,0.000,0,0,WAITING FOR FIRST TX...,0.000,0.012,257,24.3677039,88.6261573,0.000,-0.010,7
2026-08-24T05:56:36.693025,1.322,2.151,36.498,7.008,0.000,0,0,WAITING FOR FIRST TX...,0.000,0.012,257,24.3677039,88.6261573,0.000,-0.010,7
2026-08-24T05:56:36.694716,1.624,2.177,36.498,7.004,0.000,0,0,WAITING FOR FIRST TX...,0.000,0.012,257,24.3677039,88.6261573,0.000,-0.010,7
2026-08-24T05:56:36.695494,0.831,2.186,36.498,7.002,0.000,0,0,WAITING FOR FIRST TX...,0.000,0.012,257,24.3677039,88.6261573,0.000,-0.010,7
2026-08-24T05:56:36.696000,0.511,2.166,36.498,7.005,0.000,0,0,WAITING FOR FIRST TX...,0.000,0.012,257,24.3677039,88.6261573,0.000,-0.010,7
2026-08-24T05:56:36.696294,0.301,2.166,36.498,7.005,0.000,0,0,WAITING FOR FIRST TX...,0.000,0.012,257,24.3677039,88.6261573,0.000,-0.010,7
2026-08-24T05:56:36.698018,1.722,2.195,36.498,7.000,0.000,0,0,WAITING FOR FIRST TX...,0.000,0.012,257,24.3677039,88.6261573,0.000,-0.010,7
2026-08-24T05:56:36.698313,0.297,2.130,36.498,7.003,0.000,0,0,WAITING FOR FIRST TX...,0.000,0.012,257,24.3677039,88.6261573,0.000,-0.010,7
2026-08-24T05:56:36.698602,0.290,2.127,36.498,7.003,0.000,0,0,WAITING FOR FIRST TX...,0.000,0.012,257,24.3677039,88.6261573,0.000,-0.010,7
2026-08-24T05:56:36.699625,1.024,2.129,36.498,7.003,0.000,0,0,WAITING FOR FIRST TX...,0.000,0.012,257,24.3677039,88.6261573,0.000,-0.010,7
2026-08-24T05:56:36.699924,0.298,2.129,36.498,7.003,0.000,0,0,WAITING FOR FIRST TX...,0.000,0.012,257,24.3677039,88.6261573,0.000,-0.010,7
2026-08-24T05:56:36.735531,35.552,2.833,36.498,8.442,0.000,0,0,WAITING FOR FIRST TX...,0.000,0.012,257,24.3677039,88.6261573,0.000,-0.010,7
2026-08-24T05:56:36.735926,0.450,2.835,36.498,8.441,0.000,0,0,WAITING FOR FIRST TX...,0.000,0.012,257,24.3677039,88.6261573,0.000,-0.010,7
2026-08-24T05:56:36.736218,0.301,2.816,36.498,8.446,0.000,0,0,WAITING FOR FIRST TX...,0.000,0.012,257,24.3677039,88.6261573,0.000,-0.010,7
2026-08-24T05:56:36.737771,1.537,2.840,36.498,8.441,0.000,0,0,WAITING FOR FIRST TX...,0.000,0.012,257,24.3677039,88.6261573,0.000,-0.010,7
2026-08-24T05:56:36.738072,0.317,2.841,36.498,8.441,0.000,0,0,WAITING FOR FIRST TX...,0.000,0.012,257,24.3677039,88.6261573,0.000,-0.010,7
2026-08-24T05:56:36.740522,2.451,2.884,36.498,8.433,0.000,0,0,WAITING FOR FIRST TX...,0.000,0.012,257,24.3677039,88.6261573,0.000,-0.010,7
2026-08-24T05:56:36.740809,0.281,2.856,36.498,8.439,0.000,0,0,WAITING FOR FIRST TX...,0.000,0.012,257,24.3677039,88.6261573,0.000,-0.010,7
2026-08-24T05:56:36.741097,0.287,2.856,36.498,8.439,0.000,0,0,WAITING FOR FIRST TX...,0.000,0.012,257,24.3677039,88.6261573,0.000,-0.010,7
2026-08-24T05:56:36.741415,0.322,2.856,36.498,8.439,0.000,0,0,WAITING FOR FIRST TX...,0.000,0.012,257,24.3677039,88.6261573,0.000,-0.010,7
2026-08-24T05:56:36.741682,0.280,2.855,36.498,8.439,0.000,0,0,WAITING FOR FIRST TX...,0.000,0.012,257,24.3677039,88.6261573,0.000,-0.010,7
2026-08-24T05:56:36.743019,1.331,2.152,35.552,6.904,0.000,0,0,WAITING FOR FIRST TX...,0.000,0.012,257,24.3677039,88.6261573,0.000,-0.010,7
2026-08-24T05:56:36.743307,0.292,2.151,35.552,6.904,0.000,0,0,WAITING FOR FIRST TX...,0.000,0.012,257,24.3677039,88.6261573,0.000,-0.010,7
2026-08-24T05:56:36.743599,0.295,2.150,35.552,6.905,0.000,0,0,WAITING FOR FIRST TX...,0.000,0.012,257,24.3677039,88.6261573,0.000,-0.010,7
2026-08-24T05:56:36.744494,0.893,2.127,35.552,6.907,0.000,0,0,WAITING FOR FIRST TX...,0.000,0.012,257,24.3677039,88.6261573,0.000,-0.010,7
2026-08-24T05:56:36.744772,0.272,2.126,35.552,6.907,0.000,0,0,WAITING FOR FIRST TX...,0.000,0.012,257,24.3677039,88.6261573,0.000,-0.010,7
2026-08-24T05:56:36.747976,3.207,2.140,35.552,6.909,0.000,0,0,WAITING FOR FIRST TX...,0.000,0.012,257,24.3677039,88.6261573,0.000,-0.010,7
2026-08-24T05:56:36.748242,0.272,2.140,35.552,6.909,0.000,0,0,WAITING FOR FIRST TX...,0.000,0.012,257,24.3677039,88.6261573,0.000,-0.010,7
2026-08-24T05:56:36.748501,0.260,2.111,35.552,6.914,0.000,0,0,WAITING FOR FIRST TX...,0.000,0.012,257,24.3677039,88.6261573,0.000,-0.010,7
2026-08-24T05:56:36.749609,1.105,2.126,35.552,6.911,0.000,0,0,WAITING FOR FIRST TX...,0.000,0.012,257,24.3677039,88.6261573,0.000,-0.010,7
2026-08-24T05:56:36.749885,0.276,2.125,35.552,6.911,0.000,0,0,WAITING FOR FIRST TX...,0.000,0.012,257,24.3677039,88.6261573,0.000,-0.010,7
2026-08-24T05:56:36.785514,35.607,2.830,35.607,8.371,0.000,0,0,WAITING FOR FIRST TX...,0.000,0.012,257,24.3677039,88.6261573,0.000,-0.010,7
2026-08-24T05:56:36.785848,0.330,2.808,35.607,8.376,0.000,0,0,WAITING FOR FIRST TX...,0.000,0.012,257,24.3677039,88.6261573,0.000,-0.010,7
2026-08-24T05:56:36.786147,0.314,2.808,35.607,8.376,0.000,0,0,WAITING FOR FIRST TX...,0.000,0.012,257,24.3677039,88.6261573,0.000,-0.010,7
2026-08-24T05:56:36.788100,1.954,2.841,35.607,8.369,0.000,0,0,WAITING FOR FIRST TX...,0.000,0.012,257,24.3677039,88.6261573,0.000,-0.010,7
2026-08-24T05:56:36.788381,0.284,2.841,35.607,8.369,0.000,0,0,WAITING FOR FIRST TX...,0.000,0.012,257,24.3677039,88.6261573,0.000,-0.010,7
2026-08-24T05:56:36.788653,0.274,2.836,35.607,8.370,0.000,0,0,WAITING FOR FIRST TX...,0.000,0.012,257,24.3677039,88.6261573,0.000,-0.010,7
2026-08-24T05:56:36.790941,2.287,2.848,35.607,8.369,0.000,0,0,WAITING FOR FIRST TX...,0.000,0.012,257,24.3677039,88.6261573,0.000,-0.010,7
2026-08-24T05:56:36.791214,0.274,2.847,35.607,8.369,0.000,0,0,WAITING FOR FIRST TX...,0.000,0.012,257,24.3677039,88.6261573,0.000,-0.010,7
2026-08-24T05:56:36.792952,1.730,2.863,35.607,8.367,0.000,0,0,WAITING FOR FIRST TX...,0.000,0.012,257,24.3677039,88.6261573,0.000,-0.010,7
2026-08-24T05:56:36.793232,0.280,2.862,35.607,8.367,0.000,0,0,WAITING FOR FIRST TX...,0.000,0.012,257,24.3677039,88.6261573,0.000,-0.010,7
2026-08-24T05:56:36.793540,0.307,2.160,35.607,6.931,0.000,0,0,WAITING FOR FIRST TX...,0.000,0.012,257,24.3677039,88.6261573,0.000,-0.010,7
2026-08-24T05:56:36.793829,0.283,2.156,35.607,6.932,0.000,0,0,WAITING FOR FIRST TX...,0.000,0.012,257,24.3677039,88.6261573,0.000,-0.010,7
2026-08-24T05:56:36.794730,0.855,2.165,35.607,6.930,0.000,0,0,WAITING FOR FIRST TX...,0.000,0.012,257,24.3677039,88.6261573,0.000,-0.010,7
2026-08-24T05:56:36.795022,0.343,2.150,35.607,6.933,0.000,0,0,WAITING FOR FIRST TX...,0.000,0.012,257,24.3677039,88.6261573,0.000,-0.010,7
2026-08-24T05:56:36.795297,0.278,2.148,35.607,6.933,0.000,0,0,WAITING FOR FIRST TX...,0.000,0.012,257,24.3677039,88.6261573,0.000,-0.010,7
2026-08-24T05:56:36.797472,2.136,2.138,35.607,6.933,0.000,0,0,WAITING FOR FIRST TX...,0.000,0.012,257,24.3677039,88.6261573,0.000,-0.010,7
2026-08-24T05:56:36.798392,0.938,2.151,35.607,6.930,0.000,0,0,WAITING FOR FIRST TX...,0.000,0.012,257,24.3677039,88.6261573,0.000,-0.010,7
2026-08-24T05:56:36.798748,0.348,2.152,35.607,6.930,0.000,0,0,WAITING FOR FIRST TX...,0.000,0.012,257,24.3677039,88.6261573,0.000,-0.010,7
2026-08-24T05:56:36.799682,0.951,2.165,35.607,6.927,0.000,0,0,WAITING FOR FIRST TX...,0.000,0.012,257,24.3677039,88.6261573,0.000,-0.010,7
2026-08-24T05:56:36.799997,0.316,2.166,35.607,6.927,0.000,0,0,WAITING FOR FIRST TX...,0.000,0.012,257,24.3677039,88.6261573,0.000,-0.010,7
2026-08-24T05:56:36.835464,35.447,2.848,35.607,8.372,0.000,0,0,WAITING FOR FIRST TX...,0.000,0.012,257,24.3677039,88.6261573,0.000,-0.010,7
2026-08-24T05:56:36.835822,0.365,2.823,35.607,8.378,0.000,0,0,WAITING FOR FIRST TX...,0.000,0.012,257,24.3677039,88.6261573,0.000,-0.010,7
2026-08-24T05:56:36.836133,0.328,2.813,35.607,8.380,0.000,0,0,WAITING FOR FIRST TX...,0.000,0.012,257,24.3677039,88.6261573,0.000,-0.010,7
2026-08-24T05:56:36.838033,1.889,2.841,35.607,8.375,0.000,0,0,WAITING FOR FIRST TX...,0.000,0.012,257,24.3677039,88.6261573,0.000,-0.010,7
2026-08-24T05:56:36.838341,0.320,2.841,35.607,8.375,0.000,0,0,WAITING FOR FIRST TX...,0.000,0.012,257,24.3677039,88.6261573,0.000,-0.010,7
2026-08-24T05:56:36.840843,2.486,2.856,35.607,8.374,0.000,0,0,WAITING FOR FIRST TX...,0.000,0.012,257,24.3677039,88.6261573,0.000,-0.010,7
2026-08-24T05:56:36.841138,0.313,2.857,35.607,8.373,0.000,0,0,WAITING FOR FIRST TX...,0.000,0.012,257,24.3677039,88.6261573,0.000,-0.010,7
2026-08-24T05:56:36.843017,1.875,2.888,35.607,8.367,0.000,0,0,WAITING FOR FIRST TX...,0.000,0.012,257,24.3677039,88.6261573,0.000,-0.010,7
2026-08-24T05:56:36.843323,0.303,2.874,35.607,8.370,0.000,0,0,WAITING FOR FIRST TX...,0.000,0.012,257,24.3677039,88.6261573,0.000,-0.010,7
2026-08-24T05:56:36.843656,0.317,2.874,35.607,8.370,0.000,0,0,WAITING FOR FIRST TX...,0.000,0.012,257,24.3677039,88.6261573,0.000,-0.010,7
2026-08-24T05:56:36.844024,0.383,2.171,35.607,6.920,0.000,0,0,WAITING FOR FIRST TX...,0.000,0.012,257,24.3677039,88.6261573,0.000,-0.010,7
2026-08-24T05:56:36.844691,0.672,2.175,35.607,6.919,0.000,0,0,WAITING FOR FIRST TX...,0.000,0.012,257,24.3677039,88.6261573,0.000,-0.010,7
2026-08-24T05:56:36.845075,0.328,2.176,35.607,6.919,0.000,0,0,WAITING FOR FIRST TX...,0.000,0.012,257,24.3677039,88.6261573,0.000,-0.010,7
2026-08-24T05:56:36.845361,0.347,2.152,35.607,6.923,0.000,0,0,WAITING FOR FIRST TX...,0.000,0.012,257,24.3677039,88.6261573,0.000,-0.010,7
2026-08-24T05:56:36.845637,0.278,2.151,35.607,6.924,0.000,0,0,WAITING FOR FIRST TX...,0.000,0.012,257,24.3677039,88.6261573,0.000,-0.010,7
2026-08-24T05:56:36.848091,2.447,2.151,35.607,6.924,0.000,0,0,WAITING FOR FIRST TX...,0.000,0.012,257,24.3677039,88.6261573,0.000,-0.010,7
2026-08-24T05:56:36.848380,0.293,2.151,35.607,6.924,0.000,0,0,WAITING FOR FIRST TX...,0.000,0.012,257,24.3677039,88.6261573,0.000,-0.010,7
2026-08-24T05:56:36.848657,0.280,2.151,35.607,6.924,0.000,0,0,WAITING FOR FIRST TX...,0.000,0.012,257,24.3677039,88.6261573,0.000,-0.010,7
2026-08-24T05:56:36.849755,1.086,2.167,35.607,6.920,0.000,0,0,WAITING FOR FIRST TX...,0.000,0.012,257,24.3677039,88.6261573,0.000,-0.010,7
2026-08-24T05:56:36.850040,0.293,2.167,35.607,6.920,0.000,0,0,WAITING FOR FIRST TX...,0.000,0.012,257,24.3677039,88.6261573,0.000,-0.010,7
2026-08-24T05:56:36.885492,35.430,2.849,35.607,8.366,0.000,0,0,WAITING FOR FIRST TX...,0.000,0.012,257,24.3677039,88.6261573,0.000,-0.010,7
2026-08-24T05:56:36.885833,0.343,2.850,35.607,8.365,0.000,0,0,WAITING FOR FIRST TX...,0.000,0.012,257,24.3677039,88.6261573,0.000,-0.010,7
2026-08-24T05:56:36.886135,0.320,2.850,35.607,8.365,0.000,0,0,WAITING FOR FIRST TX...,0.000,0.012,257,24.3677039,88.6261573,0.000,-0.010,7
2026-08-24T05:56:36.888119,1.981,2.872,35.607,8.361,0.000,0,0,WAITING FOR FIRST TX...,0.000,0.012,257,24.3677028,88.6261566,0.000,-0.010,7
2026-08-24T05:56:36.888411,0.293,2.873,35.607,8.361,0.000,0,0,WAITING FOR FIRST TX...,0.000,0.013,257,24.3677028,88.6261566,0.000,-0.010,7
2026-08-24T05:56:36.888702,0.288,2.814,35.607,8.369,0.000,0,0,WAITING FOR FIRST TX...,0.000,0.013,257,24.3677028,88.6261566,0.000,-0.010,7
2026-08-24T05:56:36.890923,2.226,2.853,35.607,8.361,0.000,0,0,WAITING FOR FIRST TX...,0.000,0.013,257,24.3677028,88.6261566,0.000,-0.010,7
2026-08-24T05:56:36.891226,0.304,2.854,35.607,8.361,0.000,0,0,WAITING FOR FIRST TX...,0.000,0.013,257,24.3677028,88.6261566,0.000,-0.010,7
2026-08-24T05:56:36.893063,1.836,2.869,35.607,8.359,0.000,0,0,WAITING FOR FIRST TX...,0.000,0.013,257,24.3677028,88.6261566,0.000,-0.010,7
2026-08-24T05:56:36.893345,0.285,2.869,35.607,8.359,0.000,0,0,WAITING FOR FIRST TX...,0.000,0.013,257,24.3677028,88.6261566,0.000,-0.010,7
2026-08-24T05:56:36.893656,0.309,2.163,35.447,6.900,0.000,0,0,WAITING FOR FIRST TX...,0.000,0.013,257,24.3677028,88.6261566,0.000,-0.010,7
2026-08-24T05:56:36.893954,0.300,2.162,35.447,6.901,0.000,0,0,WAITING FOR FIRST TX...,0.000,0.013,257,24.3677028,88.6261566,0.000,-0.010,7
2026-08-24T05:56:36.895457,1.487,2.186,35.447,6.896,0.000,0,0,WAITING FOR FIRST TX...,0.000,0.013,257,24.3677028,88.6261566,0.000,-0.010,7
2026-08-24T05:56:36.895782,0.325,2.153,35.447,6.901,0.000,0,0,WAITING FOR FIRST TX...,0.000,0.013,257,24.3677028,88.6261566,0.000,-0.010,7
2026-08-24T05:56:36.896072,0.303,2.154,35.447,6.901,0.000,0,0,WAITING FOR FIRST TX...,0.000,0.013,257,24.3677028,88.6261566,0.000,-0.010,7
2026-08-24T05:56:36.896361,0.291,2.154,35.447,6.901,0.000,0,0,WAITING FOR FIRST TX...,0.000,0.013,257,24.3677028,88.6261566,0.000,-0.010,7
2026-08-24T05:56:36.898307,1.946,2.147,35.447,6.901,0.000,0,0,WAITING FOR FIRST TX...,0.000,0.013,257,24.3677028,88.6261566,0.000,-0.010,7
2026-08-24T05:56:36.899856,1.510,2.172,35.447,6.896,0.000,0,0,WAITING FOR FIRST TX...,0.000,0.013,257,24.3677028,88.6261566,0.000,-0.010,7
2026-08-24T05:56:36.900343,0.515,2.148,35.447,6.900,0.000,0,0,WAITING FOR FIRST TX...,0.000,0.013,257,24.3677028,88.6261566,0.000,-0.010,7
2026-08-24T05:56:36.901229,0.893,2.160,35.447,6.897,0.000,0,0,WAITING FOR FIRST TX...,0.000,0.013,257,24.3677028,88.6261566,0.000,-0.010,7
2026-08-24T05:56:36.931818,30.554,2.765,35.447,7.974,0.000,0,0,WAITING FOR FIRST TX...,0.000,0.013,257,24.3677028,88.6261566,0.000,-0.010,7
2026-08-24T05:56:36.935508,3.722,2.834,35.447,7.967,0.000,0,0,WAITING FOR FIRST TX...,0.000,0.013,257,24.3677028,88.6261566,0.000,-0.010,7
2026-08-24T05:56:36.935824,0.315,2.823,35.447,7.970,0.000,0,0,WAITING FOR FIRST TX...,0.000,0.013,257,24.3677028,88.6261566,0.000,-0.010,7
2026-08-24T05:56:36.936112,0.300,2.822,35.447,7.970,0.000,0,0,WAITING FOR FIRST TX...,0.000,0.013,257,24.3677028,88.6261566,0.000,-0.010,7
2026-08-24T05:56:36.937622,1.503,2.846,35.447,7.964,0.000,0,0,WAITING FOR FIRST TX...,0.000,0.013,257,24.3677028,88.6261566,0.000,-0.010,7
2026-08-24T05:56:36.937919,0.312,2.810,35.447,7.972,0.000,0,0,WAITING FOR FIRST TX...,0.000,0.013,257,24.3677028,88.6261566,0.000,-0.010,7
2026-08-24T05:56:36.940524,2.607,2.843,35.447,7.967,0.000,0,0,WAITING FOR FIRST TX...,0.000,0.013,257,24.3677028,88.6261566,0.000,-0.010,7
2026-08-24T05:56:36.940804,0.275,2.842,35.447,7.968,0.000,0,0,WAITING FOR FIRST TX...,0.000,0.013,257,24.3677028,88.6261566,0.000,-0.010,7
2026-08-24T05:56:36.941070,0.276,2.828,35.447,7.971,0.000,0,0,WAITING FOR FIRST TX...,0.000,0.013,257,24.3677028,88.6261566,0.000,-0.010,7
2026-08-24T05:56:36.941331,0.262,2.827,35.447,7.972,0.000,0,0,WAITING FOR FIRST TX...,0.000,0.013,257,24.3677028,88.6261566,0.000,-0.010,7
2026-08-24T05:56:36.941585,0.255,2.123,35.430,6.439,0.000,0,0,WAITING FOR FIRST TX...,0.000,0.013,257,24.3677028,88.6261566,0.000,-0.010,7
2026-08-24T05:56:36.943000,1.409,2.144,35.430,6.435,0.000,0,0,WAITING FOR FIRST TX...,0.000,0.013,257,24.3677028,88.6261566,0.000,-0.010,7
2026-08-24T05:56:36.943287,0.288,2.143,35.430,6.435,0.000,0,0,WAITING FOR FIRST TX...,0.000,0.013,257,24.3677028,88.6261566,0.000,-0.010,7
2026-08-24T05:56:36.943584,0.295,2.112,35.430,6.441,0.000,0,0,WAITING FOR FIRST TX...,0.000,0.013,257,24.3677028,88.6261566,0.000,-0.010,7
2026-08-24T05:56:36.944511,0.922,2.124,35.430,6.438,0.000,0,0,WAITING FOR FIRST TX...,0.000,0.013,257,24.3677028,88.6261566,0.000,-0.010,7
2026-08-24T05:56:36.944810,0.296,2.080,35.430,6.443,0.000,0,0,WAITING FOR FIRST TX...,0.000,0.013,257,24.3677028,88.6261566,0.000,-0.010,7
2026-08-24T05:56:36.948074,3.275,2.139,35.430,6.440,0.000,0,0,WAITING FOR FIRST TX...,0.000,0.013,257,24.3677028,88.6261566,0.000,-0.010,7
2026-08-24T05:56:36.948406,0.330,2.108,35.430,6.445,0.000,0,0,WAITING FOR FIRST TX...,0.000,0.013,257,24.3677028,88.6261566,0.000,-0.010,7
2026-08-24T05:56:36.948671,0.270,2.107,35.430,6.445,0.000,0,0,WAITING FOR FIRST TX...,0.000,0.013,257,24.3677028,88.6261566,0.000,-0.010,7
2026-08-24T05:56:36.949690,1.019,2.121,35.430,6.442,0.000,0,0,WAITING FOR FIRST TX...,0.000,0.013,257,24.3677028,88.6261566,0.000,-0.010,7
2026-08-24T05:56:36.949964,0.273,2.119,35.430,6.442,0.000,0,0,WAITING FOR FIRST TX...,0.000,0.013,257,24.3677028,88.6261566,0.000,-0.010,7
2026-08-24T05:56:36.985543,35.529,2.816,35.529,7.984,0.000,0,0,WAITING FOR FIRST TX...,0.000,0.013,257,24.3677028,88.6261566,0.000,-0.010,7
2026-08-24T05:56:36.985934,0.418,2.818,35.529,7.983,0.000,0,0,WAITING FOR FIRST TX...,0.000,0.013,257,24.3677028,88.6261566,0.000,-0.010,7
2026-08-24T05:56:36.986253,0.331,2.818,35.529,7.984,0.000,0,0,WAITING FOR FIRST TX...,0.000,0.013,257,24.3677028,88.6261566,0.000,-0.010,7
2026-08-24T05:56:36.988030,1.780,2.848,35.529,7.977,0.000,0,0,WAITING FOR FIRST TX...,0.000,0.013,257,24.3677028,88.6261566,0.000,-0.010,7
2026-08-24T05:56:36.988316,0.291,2.805,35.529,7.985,0.000,0,0,WAITING FOR FIRST TX...,0.000,0.013,257,24.3677028,88.6261566,0.000,-0.010,7
2026-08-24T05:56:36.988585,0.271,2.804,35.529,7.985,0.000,0,0,WAITING FOR FIRST TX...,0.000,0.013,257,24.3677028,88.6261566,0.000,-0.010,7
2026-08-24T05:56:36.990881,2.295,2.845,35.529,7.977,0.000,0,0,WAITING FOR FIRST TX...,0.000,0.013,257,24.3677028,88.6261566,0.000,-0.010,7
2026-08-24T05:56:36.991159,0.269,2.828,35.529,7.981,0.000,0,0,WAITING FOR FIRST TX...,0.000,0.013,257,24.3677028,88.6261566,0.000,-0.010,7
2026-08-24T05:56:36.993001,1.838,2.859,35.529,7.974,0.000,0,0,WAITING FOR FIRST TX...,0.000,0.013,257,24.3677028,88.6261566,0.000,-0.010,7
2026-08-24T05:56:36.993276,0.280,2.156,35.529,6.448,0.000,0,0,WAITING FOR FIRST TX...,0.000,0.013,257,24.3677028,88.6261566,0.000,-0.010,7
2026-08-24T05:56:36.993583,0.306,2.156,35.529,6.448,0.000,0,0,WAITING FOR FIRST TX...,0.000,0.013,257,24.3677028,88.6261566,0.000,-0.010,7
2026-08-24T05:56:36.993870,0.287,2.155,35.529,6.448,0.000,0,0,WAITING FOR FIRST TX...,0.000,0.013,257,24.3677028,88.6261566,0.000,-0.010,7
2026-08-24T05:56:36.994669,0.798,2.131,35.529,6.451,0.000,0,0,WAITING FOR FIRST TX...,0.000,0.013,257,24.3677028,88.6261566,0.000,-0.010,7
2026-08-24T05:56:36.994955,0.288,2.131,35.529,6.451,0.000,0,0,WAITING FOR FIRST TX...,0.000,0.013,257,24.3677028,88.6261566,0.000,-0.010,7
2026-08-24T05:56:36.995385,0.431,2.134,35.529,6.450,0.000,0,0,WAITING FOR FIRST TX...,0.000,0.013,257,24.3677028,88.6261566,0.000,-0.010,7
2026-08-24T05:56:36.995665,0.278,2.095,35.529,6.455,0.000,0,0,WAITING FOR FIRST TX...,0.000,0.013,257,24.3677028,88.6261566,0.000,-0.010,7
2026-08-24T05:56:36.997960,2.293,2.135,35.529,6.450,0.000,0,0,WAITING FOR FIRST TX...,0.000,0.013,257,24.3677028,88.6261566,0.000,-0.010,7
2026-08-24T05:56:36.998235,0.277,2.104,35.529,6.455,0.000,0,0,WAITING FOR FIRST TX...,0.000,0.013,257,24.3677028,88.6261566,0.000,-0.010,7
2026-08-24T05:56:36.998503,0.268,2.103,35.529,6.456,0.000,0,0,WAITING FOR FIRST TX...,0.000,0.013,257,24.3677028,88.6261566,0.000,-0.010,7
2026-08-24T05:56:36.998777,0.267,2.102,35.529,6.456,0.000,0,0,WAITING FOR FIRST TX...,0.000,0.013,257,24.3677028,88.6261566,0.000,-0.010,7
2026-08-24T05:56:37.034818,35.964,2.816,35.964,8.031,0.000,0,0,WAITING FOR FIRST TX...,0.000,0.013,257,24.3677028,88.6261566,0.000,-0.010,7
2026-08-24T05:56:37.035444,0.676,2.800,35.964,8.034,0.000,0,0,WAITING FOR FIRST TX...,0.000,0.013,257,24.3677028,88.6261566,0.000,-0.010,7
2026-08-24T05:56:37.035789,0.357,2.800,35.964,8.034,0.000,0,0,WAITING FOR FIRST TX...,0.000,0.013,257,24.3677028,88.6261566,0.000,-0.010,7
2026-08-24T05:56:37.038142,2.350,2.841,35.964,8.026,0.000,0,0,WAITING FOR FIRST TX...,0.000,0.013,257,24.3677028,88.6261566,0.000,-0.010,7
2026-08-24T05:56:37.038482,0.355,2.842,35.964,8.026,0.000,0,0,WAITING FOR FIRST TX...,0.000,0.013,257,24.3677028,88.6261566,0.000,-0.010,7
2026-08-24T05:56:37.040832,2.348,2.850,35.964,8.025,0.000,0,0,WAITING FOR FIRST TX...,0.000,0.013,257,24.3677028,88.6261566,0.000,-0.010,7
2026-08-24T05:56:37.041117,0.294,2.826,35.964,8.031,0.000,0,0,WAITING FOR FIRST TX...,0.000,0.013,257,24.3677028,88.6261566,0.000,-0.010,7
2026-08-24T05:56:37.043055,1.933,2.854,35.964,8.025,0.000,0,0,WAITING FOR FIRST TX...,0.000,0.013,257,24.3677028,88.6261566,0.000,-0.010,7
2026-08-24T05:56:37.043350,0.300,2.843,35.964,8.029,0.000,0,0,WAITING FOR FIRST TX...,0.000,0.013,257,24.3677028,88.6261566,0.000,-0.010,7
2026-08-24T05:56:37.043624,0.276,2.237,35.964,6.968,0.000,0,0,WAITING FOR FIRST TX...,0.000,0.013,257,24.3677028,88.6261566,0.000,-0.010,7
2026-08-24T05:56:37.043967,0.322,2.169,35.964,6.969,0.000,0,0,WAITING FOR FIRST TX...,0.000,0.013,257,24.3677028,88.6261566,0.000,-0.010,7
2026-08-24T05:56:37.045439,1.481,2.192,35.964,6.965,0.000,0,0,WAITING FOR FIRST TX...,0.000,0.013,257,24.3677028,88.6261566,0.000,-0.010,7
2026-08-24T05:56:37.045772,0.329,2.193,35.964,6.965,0.000,0,0,WAITING FOR FIRST TX...,0.000,0.013,257,24.3677028,88.6261566,0.000,-0.010,7
2026-08-24T05:56:37.046060,0.303,2.169,35.964,6.969,0.000,0,0,WAITING FOR FIRST TX...,0.000,0.013,257,24.3677028,88.6261566,0.000,-0.010,7
2026-08-24T05:56:37.046333,0.274,2.168,35.964,6.970,0.000,0,0,WAITING FOR FIRST TX...,0.000,0.013,257,24.3677028,88.6261566,0.000,-0.010,7
2026-08-24T05:56:37.046986,0.639,2.129,35.964,6.973,0.000,0,0,WAITING FOR FIRST TX...,0.000,0.013,257,24.3677028,88.6261566,0.000,-0.010,7
2026-08-24T05:56:37.050488,3.512,2.194,35.964,6.970,0.000,0,0,WAITING FOR FIRST TX...,0.000,0.013,257,24.3677028,88.6261566,0.000,-0.010,7
2026-08-24T05:56:37.050778,0.284,2.194,35.964,6.970,0.000,0,0,WAITING FOR FIRST TX...,0.000,0.013,257,24.3677028,88.6261566,0.000,-0.010,7
2026-08-24T05:56:37.051055,0.286,2.194,35.964,6.970,0.000,0,0,WAITING FOR FIRST TX...,0.000,0.013,257,24.3677028,88.6261566,0.000,-0.010,7
2026-08-24T05:56:37.051325,0.272,2.195,35.964,6.970,0.000,0,0,WAITING FOR FIRST TX...,0.000,0.013,257,24.3677028,88.6261566,0.000,-0.010,7
2026-08-24T05:56:37.085539,34.193,2.850,35.964,8.308,0.000,0,0,WAITING FOR FIRST TX...,0.000,0.013,257,24.3677028,88.6261566,0.000,-0.010,7
2026-08-24T05:56:37.085877,0.332,2.851,35.964,8.308,0.000,0,0,WAITING FOR FIRST TX...,0.000,0.013,257,24.3677028,88.6261566,0.000,-0.010,7
2026-08-24T05:56:37.086177,0.320,2.852,35.964,8.308,0.000,0,0,WAITING FOR FIRST TX...,0.000,0.013,257,24.3677028,88.6261566,0.000,-0.010,7
2026-08-24T05:56:37.088003,1.828,2.870,35.964,8.304,0.000,0,0,WAITING FOR FIRST TX...,0.000,0.013,257,24.3677008,88.6261573,0.000,-0.010,7
2026-08-24T05:56:37.088283,0.284,2.870,35.964,8.304,0.000,0,0,WAITING FOR FIRST TX...,0.000,0.013,257,24.3677008,88.6261573,0.000,-0.010,7
2026-08-24T05:56:37.088556,0.273,2.809,35.964,8.312,0.000,0,0,WAITING FOR FIRST TX...,0.000,0.013,257,24.3677008,88.6261573,0.000,-0.010,7
2026-08-24T05:56:37.090920,2.363,2.850,35.964,8.305,0.000,0,0,WAITING FOR FIRST TX...,0.000,0.013,257,24.3677008,88.6261573,0.000,-0.010,7
2026-08-24T05:56:37.091198,0.279,2.850,35.964,8.305,0.000,0,0,WAITING FOR FIRST TX...,0.000,0.013,257,24.3677008,88.6261573,0.000,-0.010,7
2026-08-24T05:56:37.093046,1.845,2.867,35.964,8.302,0.000,0,0,WAITING FOR FIRST TX...,0.000,0.013,257,24.3677008,88.6261573,0.000,-0.010,7
2026-08-24T05:56:37.093322,0.279,2.867,35.964,8.302,0.000,0,0,WAITING FOR FIRST TX...,0.000,0.013,257,24.3677008,88.6261573,0.000,-0.010,7
2026-08-24T05:56:37.093625,0.303,2.162,35.964,6.839,0.000,0,0,WAITING FOR FIRST TX...,0.000,0.013,257,24.3677008,88.6261573,0.000,-0.010,7
2026-08-24T05:56:37.093911,0.286,2.160,35.964,6.840,0.000,0,0,WAITING FOR FIRST TX...,0.000,0.013,257,24.3677008,88.6261573,0.000,-0.010,7
2026-08-24T05:56:37.094654,0.740,2.168,35.964,6.838,0.000,0,0,WAITING FOR FIRST TX...,0.000,0.013,257,24.3677008,88.6261573,0.000,-0.010,7
2026-08-24T05:56:37.094961,0.308,2.139,35.964,6.843,0.000,0,0,WAITING FOR FIRST TX...,0.000,0.013,257,24.3677008,88.6261573,0.000,-0.010,7
2026-08-24T05:56:37.095384,0.424,2.141,35.964,6.842,0.000,0,0,WAITING FOR FIRST TX...,0.000,0.013,257,24.3677008,88.6261573,0.000,-0.010,7
2026-08-24T05:56:37.095664,0.281,2.141,35.964,6.842,0.000,0,0,WAITING FOR FIRST TX...,0.000,0.013,257,24.3677008,88.6261573,0.000,-0.010,7
2026-08-24T05:56:37.097932,2.265,2.141,35.964,6.842,0.000,0,0,WAITING FOR FIRST TX...,0.000,0.013,257,24.3677008,88.6261573,0.000,-0.010,7
2026-08-24T05:56:37.098200,0.280,2.141,35.964,6.842,0.000,0,0,WAITING FOR FIRST TX...,0.000,0.013,257,24.3677008,88.6261573,0.000,-0.010,7
2026-08-24T05:56:37.098461,0.262,2.109,35.964,6.847,0.000,0,0,WAITING FOR FIRST TX...,0.000,0.013,257,24.3677008,88.6261573,0.000,-0.010,7
2026-08-24T05:56:37.098730,0.260,2.109,35.964,6.847,0.000,0,0,WAITING FOR FIRST TX...,0.000,0.013,257,24.3677008,88.6261573,0.000,-0.010,7
2026-08-24T05:56:37.135564,36.766,2.838,36.766,8.414,0.000,0,0,WAITING FOR FIRST TX...,0.000,0.013,257,24.3677008,88.6261573,0.000,-0.010,7
2026-08-24T05:56:37.136023,0.489,2.842,36.766,8.412,0.000,0,0,WAITING FOR FIRST TX...,0.000,0.013,257,24.3677008,88.6261573,0.000,-0.010,7
2026-08-24T05:56:37.136470,0.407,2.834,36.766,8.414,0.000,0,0,WAITING FOR FIRST TX...,0.000,0.013,257,24.3677008,88.6261573,0.000,-0.010,7
2026-08-24T05:56:37.137856,1.390,2.857,36.766,8.409,0.000,0,0,WAITING FOR FIRST TX...,0.000,0.013,257,24.3677008,88.6261573,0.000,-0.010,7
2026-08-24T05:56:37.138198,0.412,2.856,36.766,8.409,0.000,0,0,WAITING FOR FIRST TX...,0.000,0.013,257,24.3677008,88.6261573,0.000,-0.010,7
2026-08-24T05:56:37.140509,2.315,2.897,36.766,8.401,0.000,0,0,WAITING FOR FIRST TX...,0.000,0.013,257,24.3677008,88.6261573,0.000,-0.010,7
2026-08-24T05:56:37.140804,0.291,2.857,36.766,8.409,0.000,0,0,WAITING FOR FIRST TX...,0.000,0.013,257,24.3677008,88.6261573,0.000,-0.010,7
2026-08-24T05:56:37.141077,0.286,2.857,36.766,8.409,0.000,0,0,WAITING FOR FIRST TX...,0.000,0.013,257,24.3677008,88.6261573,0.000,-0.010,7
2026-08-24T05:56:37.141360,0.277,2.857,36.766,8.409,0.000,0,0,WAITING FOR FIRST TX...,0.000,0.013,257,24.3677008,88.6261573,0.000,-0.010,7
2026-08-24T05:56:37.141637,0.280,2.857,36.766,8.409,0.000,0,0,WAITING FOR FIRST TX...,0.000,0.013,257,24.3677008,88.6261573,0.000,-0.010,7
2026-08-24T05:56:37.143118,1.444,2.167,36.766,6.921,0.000,0,0,WAITING FOR FIRST TX...,0.000,0.013,257,24.3677008,88.6261573,0.000,-0.010,7
2026-08-24T05:56:37.143494,0.390,2.161,36.766,6.922,0.000,0,0,WAITING FOR FIRST TX...,0.000,0.013,257,24.3677008,88.6261573,0.000,-0.010,7
2026-08-24T05:56:37.143879,0.387,2.162,36.766,6.922,0.000,0,0,WAITING FOR FIRST TX...,0.000,0.013,257,24.3677008,88.6261573,0.000,-0.010,7
2026-08-24T05:56:37.144399,0.490,2.125,36.766,6.926,0.000,0,0,WAITING FOR FIRST TX...,0.000,0.013,257,24.3677008,88.6261573,0.000,-0.010,7
2026-08-24T05:56:37.145981,1.604,2.150,36.766,6.922,0.000,0,0,WAITING FOR FIRST TX...,0.000,0.013,257,24.3677008,88.6261573,0.000,-0.010,7
2026-08-24T05:56:37.147470,1.492,2.133,36.766,6.922,0.000,0,0,WAITING FOR FIRST TX...,0.000,0.013,257,24.3677008,88.6261573,0.000,-0.010,7
2026-08-24T05:56:37.147817,0.349,2.134,36.766,6.922,0.000,0,0,WAITING FOR FIRST TX...,0.000,0.013,257,24.3677008,88.6261573,0.000,-0.010,7
2026-08-24T05:56:37.148140,0.335,2.102,36.766,6.926,0.000,0,0,WAITING FOR FIRST TX...,0.000,0.013,257,24.3677008,88.6261573,0.000,-0.010,7
2026-08-24T05:56:37.149908,1.745,2.131,36.766,6.922,0.000,0,0,WAITING FOR FIRST TX...,0.000,0.013,257,24.3677008,88.6261573,0.000,-0.010,7
2026-08-24T05:56:37.150272,0.382,2.133,36.766,6.921,0.000,0,0,WAITING FOR FIRST TX...,0.000,0.013,257,24.3677008,88.6261573,0.000,-0.010,7
2026-08-24T05:56:37.185497,35.204,2.830,36.766,8.346,0.000,0,0,WAITING FOR FIRST TX...,0.000,0.013,257,24.3677008,88.6261573,0.000,-0.010,7
2026-08-24T05:56:37.185866,0.383,2.808,36.766,8.351,0.000,0,0,WAITING FOR FIRST TX...,0.000,0.013,257,24.3677008,88.6261573,0.000,-0.010,7
2026-08-24T05:56:37.186173,0.328,2.808,36.766,8.351,0.000,0,0,WAITING FOR FIRST TX...,0.000,0.013,257,24.3677008,88.6261573,0.000,-0.010,7
2026-08-24T05:56:37.187597,1.421,2.831,36.766,8.346,0.000,0,0,WAITING FOR FIRST TX...,0.000,0.013,257,24.3677008,88.6261573,0.000,-0.010,7
2026-08-24T05:56:37.187899,0.297,2.831,36.766,8.346,0.000,0,0,WAITING FOR FIRST TX...,0.000,0.014,257,24.3677008,88.6261573,0.000,-0.010,7
2026-08-24T05:56:37.190514,2.570,2.870,36.766,8.340,0.000,0,0,WAITING FOR FIRST TX...,0.000,0.014,257,24.3677008,88.6261573,0.000,-0.010,7
2026-08-24T05:56:37.190809,0.343,2.806,36.766,8.347,0.000,0,0,WAITING FOR FIRST TX...,0.000,0.014,257,24.3677008,88.6261573,0.000,-0.010,7
2026-08-24T05:56:37.191094,0.283,2.806,36.766,8.347,0.000,0,0,WAITING FOR FIRST TX...,0.000,0.014,257,24.3677008,88.6261573,0.000,-0.010,7
2026-08-24T05:56:37.191368,0.279,2.806,36.766,8.347,0.000,0,0,WAITING FOR FIRST TX...,0.000,0.014,257,24.3677008,88.6261573,0.000,-0.010,7
2026-08-24T05:56:37.191636,0.268,2.806,36.766,8.347,0.000,0,0,WAITING FOR FIRST TX...,0.000,0.014,257,24.3677008,88.6261573,0.000,-0.010,7
2026-08-24T05:56:37.193089,1.450,2.151,36.766,7.012,0.000,0,0,WAITING FOR FIRST TX...,0.000,0.014,257,24.3677008,88.6261573,0.000,-0.010,7
2026-08-24T05:56:37.193381,0.292,2.151,36.766,7.012,0.000,0,0,WAITING FOR FIRST TX...,0.000,0.014,257,24.3677008,88.6261573,0.000,-0.010,7
2026-08-24T05:56:37.193678,0.302,2.150,36.766,7.012,0.000,0,0,WAITING FOR FIRST TX...,0.000,0.014,257,24.3677008,88.6261573,0.000,-0.010,7
2026-08-24T05:56:37.194492,0.812,2.130,36.766,7.015,0.000,0,0,WAITING FOR FIRST TX...,0.000,0.014,257,24.3677008,88.6261573,0.000,-0.010,7
2026-08-24T05:56:37.194770,0.272,2.130,36.766,7.015,0.000,0,0,WAITING FOR FIRST TX...,0.000,0.014,257,24.3677008,88.6261573,0.000,-0.010,7
2026-08-24T05:56:37.198005,3.239,2.189,36.766,7.011,0.000,0,0,WAITING FOR FIRST TX...,0.000,0.014,257,24.3677008,88.6261573,0.000,-0.010,7
2026-08-24T05:56:37.198282,0.277,2.147,36.766,7.017,0.000,0,0,WAITING FOR FIRST TX...,0.000,0.014,257,24.3677008,88.6261573,0.000,-0.010,7
2026-08-24T05:56:37.198549,0.271,2.147,36.766,7.017,0.000,0,0,WAITING FOR FIRST TX...,0.000,0.014,257,24.3677008,88.6261573,0.000,-0.010,7
2026-08-24T05:56:37.199611,1.061,2.131,36.766,7.018,0.000,0,0,WAITING FOR FIRST TX...,0.000,0.014,257,24.3677008,88.6261573,0.000,-0.010,7
2026-08-24T05:56:37.199892,0.280,2.131,36.766,7.018,0.000,0,0,WAITING FOR FIRST TX...,0.000,0.014,257,24.3677008,88.6261573,0.000,-0.010,7
2026-08-24T05:56:37.235473,35.541,2.836,36.766,8.453,2272.747,1,113,OK,0.000,0.014,257,24.3677008,88.6261573,0.000,-0.010,7
2026-08-24T05:56:37.235860,0.385,2.838,36.766,8.453,2272.747,1,113,OK,0.000,0.014,257,24.3677008,88.6261573,0.000,-0.010,7
2026-08-24T05:56:37.236178,0.353,2.830,36.766,8.455,2272.747,1,113,OK,0.000,0.014,257,24.3677008,88.6261573,0.000,-0.010,7
2026-08-24T05:56:37.238078,1.891,2.862,36.766,8.448,2272.747,1,113,OK,0.000,0.014,257,24.3677008,88.6261573,0.000,-0.010,7
2026-08-24T05:56:37.238383,0.317,2.860,36.766,8.449,2272.747,1,113,OK,0.000,0.014,257,24.3677008,88.6261573,0.000,-0.010,7
2026-08-24T05:56:37.240833,2.445,2.903,36.766,8.441,2272.747,1,113,OK,0.000,0.014,257,24.3677008,88.6261573,0.000,-0.010,7
2026-08-24T05:56:37.241116,0.291,2.864,36.766,8.449,2272.747,1,113,OK,0.000,0.014,257,24.3677008,88.6261573,0.000,-0.010,7
2026-08-24T05:56:37.243043,1.922,2.897,36.766,8.442,2272.747,1,113,OK,0.000,0.014,257,24.3677008,88.6261573,0.000,-0.010,7
2026-08-24T05:56:37.243365,0.308,2.898,36.766,8.441,2272.747,1,113,OK,0.000,0.014,257,24.3677008,88.6261573,0.000,-0.010,7
2026-08-24T05:56:37.243664,0.308,2.898,36.766,8.441,2272.747,1,113,OK,0.000,0.014,257,24.3677008,88.6261573,0.000,-0.010,7
2026-08-24T05:56:37.243997,0.333,2.170,35.541,6.887,2272.747,1,113,OK,0.000,0.014,257,24.3677008,88.6261573,0.000,-0.010,7
2026-08-24T05:56:37.244702,0.681,2.174,35.541,6.886,2272.747,1,113,OK,0.000,0.014,257,24.3677008,88.6261573,0.000,-0.010,7
2026-08-24T05:56:37.245124,0.380,2.173,35.541,6.886,2272.747,1,113,OK,0.000,0.014,257,24.3677008,88.6261573,0.000,-0.010,7
2026-08-24T05:56:37.245447,0.388,2.153,35.541,6.890,2272.747,1,113,OK,0.000,0.014,257,24.3677008,88.6261573,0.000,-0.010,7
2026-08-24T05:56:37.245746,0.290,2.151,35.541,6.891,2272.747,1,113,OK,0.000,0.014,257,24.3677008,88.6261573,0.000,-0.010,7
2026-08-24T05:56:37.247424,1.687,2.138,35.541,6.891,2272.747,1,113,OK,0.000,0.014,257,24.3677008,88.6261573,0.000,-0.010,7
2026-08-24T05:56:37.248190,0.749,2.147,35.541,6.889,2272.747,1,113,OK,0.000,0.014,257,24.3677008,88.6261573,0.000,-0.010,7
2026-08-24T05:56:37.248548,0.358,2.149,35.541,6.889,2272.747,1,113,OK,0.000,0.014,257,24.3677008,88.6261573,0.000,-0.010,7
2026-08-24T05:56:37.249769,1.212,2.167,35.541,6.885,2272.747,1,113,OK,0.000,0.014,257,24.3677008,88.6261573,0.000,-0.010,7
2026-08-24T05:56:37.250111,0.360,2.169,35.541,6.884,2272.747,1,113,OK,0.000,0.014,257,24.3677008,88.6261573,0.000,-0.010,7
2026-08-24T05:56:37.285752,35.461,2.849,35.541,8.338,2272.747,1,113,OK,0.000,0.014,257,24.3677008,88.6261573,0.000,-0.010,7
2026-08-24T05:56:37.286509,0.871,2.859,35.541,8.336,2272.747,1,113,OK,0.000,0.014,257,24.3677008,88.6261573,0.000,-0.010,7
2026-08-24T05:56:37.286974,0.504,2.861,35.541,8.335,2272.747,1,113,OK,0.000,0.014,257,24.3677008,88.6261573,0.000,-0.010,7
2026-08-24T05:56:37.288133,1.156,2.875,35.541,8.332,2272.747,1,113,OK,0.000,0.014,257,24.3676995,88.6261577,0.000,-0.010,7
2026-08-24T05:56:37.288523,0.410,2.851,35.541,8.337,2272.747,1,113,OK,0.000,0.014,257,24.3676995,88.6261577,0.000,-0.010,7
2026-08-24T05:56:37.288872,0.340,2.828,35.541,8.343,2272.747,1,113,OK,0.000,0.014,257,24.3676995,88.6261577,0.000,-0.010,7
2026-08-24T05:56:37.291024,2.129,2.863,35.541,8.336,2272.747,1,113,OK,0.000,0.014,257,24.3676995,88.6261577,0.000,-0.010,7
2026-08-24T05:56:37.291414,0.416,2.865,35.541,8.335,2272.747,1,113,OK,0.000,0.014,257,24.3676995,88.6261577,0.000,-0.010,7
2026-08-24T05:56:37.293133,1.718,2.864,35.541,8.335,2272.747,1,113,OK,0.000,0.014,257,24.3676995,88.6261577,0.000,-0.010,7
2026-08-24T05:56:37.293484,0.360,2.864,35.541,8.335,2272.747,1,113,OK,0.000,0.014,257,24.3676995,88.6261577,0.000,-0.010,7
2026-08-24T05:56:37.293859,0.366,2.167,35.541,6.911,2272.747,1,113,OK,0.000,0.014,257,24.3676995,88.6261577,0.000,-0.010,7
2026-08-24T05:56:37.294197,0.354,2.167,35.541,6.911,2272.747,1,113,OK,0.000,0.014,257,24.3676995,88.6261577,0.000,-0.010,7
2026-08-24T05:56:37.294713,0.507,2.170,35.541,6.911,2272.747,1,113,OK,0.000,0.014,257,24.3676995,88.6261577,0.000,-0.010,7
2026-08-24T05:56:37.295048,0.347,2.149,35.541,6.915,2272.747,1,113,OK,0.000,0.014,257,24.3676995,88.6261577,0.000,-0.010,7
2026-08-24T05:56:37.295414,0.366,2.150,35.541,6.914,2272.747,1,113,OK,0.000,0.014,257,24.3676995,88.6261577,0.000,-0.010,7
2026-08-24T05:56:37.295735,0.308,2.105,35.541,6.919,2272.747,1,113,OK,0.000,0.014,257,24.3676995,88.6261577,0.000,-0.010,7
2026-08-24T05:56:37.298000,2.257,2.143,35.541,6.914,2272.747,1,113,OK,0.000,0.014,257,24.3676995,88.6261577,0.000,-0.010,7
2026-08-24T05:56:37.298328,0.353,2.145,35.541,6.914,2272.747,1,113,OK,0.000,0.014,257,24.3676995,88.6261577,0.000,-0.010,7
2026-08-24T05:56:37.298628,0.305,2.145,35.541,6.914,2272.747,1,113,OK,0.000,0.014,257,24.3676995,88.6261577,0.000,-0.010,7
2026-08-24T05:56:37.298933,0.307,2.146,35.541,6.913,2272.747,1,113,OK,0.000,0.014,257,24.3676995,88.6261577,0.000,-0.010,7
2026-08-24T05:56:37.335767,36.628,2.849,36.628,8.459,2272.747,1,113,OK,0.000,0.014,257,24.3676995,88.6261577,0.000,-0.010,7
2026-08-24T05:56:37.336539,0.903,2.862,36.628,8.455,2272.747,1,113,OK,0.000,0.014,257,24.3676995,88.6261577,0.000,-0.010,7
2026-08-24T05:56:37.337021,0.524,2.866,36.628,8.454,2272.747,1,113,OK,0.000,0.014,257,24.3676995,88.6261577,0.000,-0.010,7
2026-08-24T05:56:37.337825,0.762,2.865,36.628,8.454,2272.747,1,113,OK,0.000,0.014,257,24.3676995,88.6261577,0.000,-0.010,7
2026-08-24T05:56:37.338733,0.920,2.878,36.628,8.451,2272.747,1,113,OK,0.000,0.014,257,24.3676995,88.6261577,0.000,-0.010,7
2026-08-24T05:56:37.340626,1.916,2.852,36.628,8.451,2272.747,1,113,OK,0.000,0.014,257,24.3676995,88.6261577,0.000,-0.010,7
2026-08-24T05:56:37.341058,0.451,2.855,36.628,8.450,2272.747,1,113,OK,0.000,0.014,257,24.3676995,88.6261577,0.000,-0.010,7
2026-08-24T05:56:37.341394,0.348,2.857,36.628,8.450,2272.747,1,113,OK,0.000,0.014,257,24.3676995,88.6261577,0.000,-0.010,7
2026-08-24T05:56:37.341734,0.325,2.842,36.628,8.454,2272.747,1,113,OK,0.000,0.014,257,24.3676995,88.6261577,0.000,-0.010,7
2026-08-24T05:56:37.342060,0.343,2.843,36.628,8.453,2272.747,1,113,OK,0.000,0.014,257,24.3676995,88.6261577,0.000,-0.010,7
2026-08-24T05:56:37.343190,1.066,2.154,36.628,7.016,2272.747,1,113,OK,0.000,0.014,257,24.3676995,88.6261577,0.000,-0.010,7
2026-08-24T05:56:37.343678,0.546,2.157,36.628,7.015,2272.747,1,113,OK,0.000,0.014,257,24.3676995,88.6261577,0.000,-0.010,7
2026-08-24T05:56:37.344052,0.385,2.157,36.628,7.015,2272.747,1,113,OK,0.000,0.014,257,24.3676995,88.6261577,0.000,-0.010,7
2026-08-24T05:56:37.344637,0.552,2.131,36.628,7.018,2272.747,1,113,OK,0.000,0.014,257,24.3676995,88.6261577,0.000,-0.010,7
2026-08-24T05:56:37.345140,0.502,2.134,36.628,7.017,2272.747,1,113,OK,0.000,0.014,257,24.3676995,88.6261577,0.000,-0.010,7
2026-08-24T05:56:37.348038,2.884,2.143,36.628,7.018,2272.747,1,113,OK,0.000,0.014,257,24.3676995,88.6261577,0.000,-0.010,7
2026-08-24T05:56:37.348434,0.422,2.146,36.628,7.017,2272.747,1,113,OK,0.000,0.014,257,24.3676995,88.6261577,0.000,-0.010,7
2026-08-24T05:56:37.348779,0.343,2.114,36.628,7.022,2272.747,1,113,OK,0.000,0.014,257,24.3676995,88.6261577,0.000,-0.010,7
2026-08-24T05:56:37.349681,0.912,2.126,36.628,7.019,2272.747,1,113,OK,0.000,0.014,257,24.3676995,88.6261577,0.000,-0.010,7
2026-08-24T05:56:37.350016,0.348,2.127,36.628,7.019,2272.747,1,113,OK,0.000,0.014,257,24.3676995,88.6261577,0.000,-0.010,7
2026-08-24T05:56:37.385642,35.564,2.832,36.628,8.456,2272.747,1,113,OK,0.000,0.014,257,24.3676995,88.6261577,0.000,-0.010,7
2026-08-24T05:56:37.386067,0.475,2.828,36.628,8.458,2272.747,1,113,OK,0.000,0.014,257,24.3676995,88.6261577,0.000,-0.010,7
2026-08-24T05:56:37.386379,0.329,2.827,36.628,8.458,2272.747,1,113,OK,0.000,0.014,257,24.3676995,88.6261577,0.000,-0.010,7
2026-08-24T05:56:37.388039,1.657,2.852,36.628,8.452,2272.747,1,113,OK,0.000,0.014,257,24.3676995,88.6261577,0.000,-0.010,7
2026-08-24T05:56:37.388348,0.315,2.852,36.628,8.452,2272.747,1,113,OK,0.000,0.014,257,24.3676995,88.6261577,0.000,-0.010,7
2026-08-24T05:56:37.388637,0.293,2.825,36.628,8.458,2272.747,1,113,OK,0.000,0.014,257,24.3676995,88.6261577,0.000,-0.010,7
2026-08-24T05:56:37.390946,2.294,2.855,36.628,8.453,2272.747,1,113,OK,0.000,0.014,257,24.3676995,88.6261577,0.000,-0.010,7
2026-08-24T05:56:37.391268,0.332,2.855,36.628,8.454,2272.747,1,113,OK,0.000,0.014,257,24.3676995,88.6261577,0.000,-0.010,7
2026-08-24T05:56:37.393011,1.737,2.865,36.628,8.452,2272.747,1,113,OK,0.000,0.014,257,24.3676995,88.6261577,0.000,-0.010,7
2026-08-24T05:56:37.393372,0.360,2.865,36.628,8.452,2272.747,1,113,OK,0.000,0.014,257,24.3676995,88.6261577,0.000,-0.010,7
2026-08-24T05:56:37.393770,0.376,2.164,36.628,7.027,2272.747,1,113,OK,0.000,0.014,257,24.3676995,88.6261577,0.000,-0.010,7
2026-08-24T05:56:37.394097,0.357,2.153,36.628,7.029,2272.747,1,113,OK,0.000,0.014,257,24.3676995,88.6261577,0.000,-0.010,7
2026-08-24T05:56:37.394751,0.625,2.156,36.628,7.028,2272.747,1,113,OK,0.000,0.014,257,24.3676995,88.6261577,0.000,-0.010,7
2026-08-24T05:56:37.395077,0.360,2.140,36.628,7.032,2272.747,1,113,OK,0.000,0.014,257,24.3676995,88.6261577,0.000,-0.010,7
2026-08-24T05:56:37.395466,0.382,2.139,36.628,7.032,2272.747,1,113,OK,0.000,0.014,257,24.3676995,88.6261577,0.000,-0.010,7
2026-08-24T05:56:37.395838,0.349,2.140,36.628,7.032,2272.747,1,113,OK,0.000,0.014,257,24.3676995,88.6261577,0.000,-0.010,7
2026-08-24T05:56:37.398255,2.436,2.146,36.628,7.032,2272.747,1,113,OK,0.000,0.014,257,24.3676995,88.6261577,0.000,-0.010,7
2026-08-24T05:56:37.398549,0.307,2.143,36.628,7.032,2272.747,1,113,OK,0.000,0.014,257,24.3676995,88.6261577,0.000,-0.010,7
2026-08-24T05:56:37.399736,1.163,2.132,36.628,7.034,2272.747,1,113,OK,0.000,0.014,257,24.3676995,88.6261577,0.000,-0.010,7
2026-08-24T05:56:37.400119,0.373,2.133,36.628,7.034,2272.747,1,113,OK,0.000,0.014,257,24.3676995,88.6261577,0.000,-0.010,7
2026-08-24T05:56:37.435673,35.457,2.834,36.628,8.460,2272.747,1,113,OK,0.000,0.014,257,24.3676995,88.6261577,0.000,-0.010,7
2026-08-24T05:56:37.436312,0.708,2.842,36.628,8.458,2272.747,1,113,OK,0.000,0.014,257,24.3676995,88.6261577,0.000,-0.010,7
2026-08-24T05:56:37.436765,0.427,2.840,36.628,8.458,2272.747,1,113,OK,0.000,0.014,257,24.3676995,88.6261577,0.000,-0.010,7
2026-08-24T05:56:37.438126,1.409,2.861,36.628,8.453,2272.747,1,113,OK,0.000,0.014,257,24.3676995,88.6261577,0.000,-0.010,7
2026-08-24T05:56:37.438497,0.392,2.862,36.628,8.453,2272.747,1,113,OK,0.000,0.015,257,24.3676995,88.6261577,0.000,-0.010,7
2026-08-24T05:56:37.439560,1.039,2.876,36.628,8.449,2272.747,1,113,OK,0.000,0.015,257,24.3676995,88.6261577,0.000,-0.010,7
2026-08-24T05:56:37.443457,3.768,2.907,36.628,8.450,2272.747,1,113,OK,0.000,0.015,257,24.3676995,88.6261577,0.000,-0.010,7
2026-08-24T05:56:37.444323,0.858,2.917,36.628,8.447,2272.747,1,113,OK,0.000,0.015,257,24.3676995,88.6261577,0.000,-0.010,7
2026-08-24T05:56:37.444982,0.771,2.926,36.628,8.444,2272.747,1,113,OK,0.000,0.015,257,24.3676995,88.6261577,0.000,-0.010,7
2026-08-24T05:56:37.445478,0.515,2.930,36.628,8.443,2272.747,1,113,OK,0.000,0.015,257,24.3676995,88.6261577,0.000,-0.010,7
2026-08-24T05:56:37.446070,0.544,2.208,35.564,6.906,2272.747,1,113,OK,0.000,0.015,257,24.3676995,88.6261577,0.000,-0.010,7
2026-08-24T05:56:37.446519,0.514,2.201,35.564,6.908,2272.747,1,113,OK,0.000,0.015,257,24.3676995,88.6261577,0.000,-0.010,7
2026-08-24T05:56:37.446925,0.413,2.198,35.564,6.908,2272.747,1,113,OK,0.000,0.015,257,24.3676995,88.6261577,0.000,-0.010,7
2026-08-24T05:56:37.447277,0.361,2.190,35.564,6.910,2272.747,1,113,OK,0.000,0.015,257,24.3676995,88.6261577,0.000,-0.010,7
2026-08-24T05:56:37.447738,0.447,2.181,35.564,6.912,2272.747,1,113,OK,0.000,0.015,257,24.3676995,88.6261577,0.000,-0.010,7
2026-08-24T05:56:37.448076,0.356,2.150,35.564,6.917,2272.747,1,113,OK,0.000,0.015,257,24.3676995,88.6261577,0.000,-0.010,7
2026-08-24T05:56:37.448371,0.304,2.147,35.564,6.918,2272.747,1,113,OK,0.000,0.015,257,24.3676995,88.6261577,0.000,-0.010,7
2026-08-24T05:56:37.448658,0.289,2.146,35.564,6.918,2272.747,1,113,OK,0.000,0.015,257,24.3676995,88.6261577,0.000,-0.010,7
2026-08-24T05:56:37.450014,1.341,2.166,35.564,6.914,2272.747,1,113,OK,0.000,0.015,257,24.3676995,88.6261577,0.000,-0.010,7
2026-08-24T05:56:37.450314,0.305,2.165,35.564,6.914,2272.747,1,113,OK,0.000,0.015,257,24.3676995,88.6261577,0.000,-0.010,7
2026-08-24T05:56:37.485743,35.275,2.849,35.564,8.347,2272.747,1,113,OK,0.000,0.015,257,24.3676995,88.6261577,0.000,-0.010,7
2026-08-24T05:56:37.486353,0.714,2.853,35.564,8.346,2272.747,1,113,OK,0.000,0.015,257,24.3676995,88.6261577,0.000,-0.010,7
2026-08-24T05:56:37.486770,0.425,2.854,35.564,8.346,2272.747,1,113,OK,0.000,0.015,257,24.3676995,88.6261577,0.000,-0.010,7
2026-08-24T05:56:37.488074,1.322,2.869,35.564,8.343,2272.747,1,113,OK,0.000,0.015,257,24.3676976,88.6261590,0.000,-0.010,7
2026-08-24T05:56:37.488421,0.360,2.866,35.564,8.343,2272.747,1,113,OK,0.000,0.015,257,24.3676976,88.6261590,0.000,-0.010,7
2026-08-24T05:56:37.488739,0.316,2.815,35.564,8.351,2272.747,1,113,OK,0.000,0.015,257,24.3676976,88.6261590,0.000,-0.010,7
2026-08-24T05:56:37.490971,2.219,2.851,35.564,8.345,2272.747,1,113,OK,0.000,0.015,257,24.3676976,88.6261590,0.000,-0.010,7
2026-08-24T05:56:37.491329,0.376,2.851,35.564,8.344,2272.747,1,113,OK,0.000,0.015,257,24.3676976,88.6261590,0.000,-0.010,7
2026-08-24T05:56:37.493028,1.690,2.867,35.564,8.341,2272.747,1,113,OK,0.000,0.015,257,24.3676976,88.6261590,0.000,-0.010,7
2026-08-24T05:56:37.493367,0.346,2.867,35.564,8.341,2272.747,1,113,OK,0.000,0.015,257,24.3676976,88.6261590,0.000,-0.010,7
2026-08-24T05:56:37.493768,0.392,2.163,35.457,6.883,2272.747,1,113,OK,0.000,0.015,257,24.3676976,88.6261590,0.000,-0.010,7
2026-08-24T05:56:37.494098,0.344,2.161,35.457,6.884,2272.747,1,113,OK,0.000,0.015,257,24.3676976,88.6261590,0.000,-0.010,7
2026-08-24T05:56:37.495466,1.369,2.182,35.457,6.880,2272.747,1,113,OK,0.000,0.015,257,24.3676976,88.6261590,0.000,-0.010,7
2026-08-24T05:56:37.495817,0.342,2.155,35.457,6.885,2272.747,1,113,OK,0.000,0.015,257,24.3676976,88.6261590,0.000,-0.010,7
2026-08-24T05:56:37.496117,0.314,2.155,35.457,6.885,2272.747,1,113,OK,0.000,0.015,257,24.3676976,88.6261590,0.000,-0.010,7
2026-08-24T05:56:37.496409,0.294,2.155,35.457,6.885,2272.747,1,113,OK,0.000,0.015,257,24.3676976,88.6261590,0.000,-0.010,7
2026-08-24T05:56:37.498259,1.848,2.146,35.457,6.885,2272.747,1,113,OK,0.000,0.015,257,24.3676976,88.6261590,0.000,-0.010,7
2026-08-24T05:56:37.498545,0.288,2.146,35.457,6.885,2272.747,1,113,OK,0.000,0.015,257,24.3676976,88.6261590,0.000,-0.010,7
2026-08-24T05:56:37.499697,1.146,2.134,35.457,6.886,2272.747,1,113,OK,0.000,0.015,257,24.3676976,88.6261590,0.000,-0.010,7
2026-08-24T05:56:37.499983,0.293,2.132,35.457,6.887,2272.747,1,113,OK,0.000,0.015,257,24.3676976,88.6261590,0.000,-0.010,7
2026-08-24T05:56:37.535598,35.531,2.835,35.531,8.344,2272.747,1,113,OK,0.000,0.015,257,24.3676976,88.6261590,0.000,-0.010,7
2026-08-24T05:56:37.536125,0.562,2.840,35.531,8.343,2272.747,1,113,OK,0.000,0.015,257,24.3676976,88.6261590,0.000,-0.010,7
2026-08-24T05:56:37.536498,0.402,2.835,35.531,8.344,2272.747,1,113,OK,0.000,0.015,257,24.3676976,88.6261590,0.000,-0.010,7
2026-08-24T05:56:37.537628,1.125,2.850,35.531,8.340,2272.747,1,113,OK,0.000,0.015,257,24.3676976,88.6261590,0.000,-0.010,7
2026-08-24T05:56:37.537967,0.349,2.850,35.531,8.340,2272.747,1,113,OK,0.000,0.015,257,24.3676976,88.6261590,0.000,-0.010,7
2026-08-24T05:56:37.540673,2.688,2.897,35.531,8.333,2272.747,1,113,OK,0.000,0.015,257,24.3676976,88.6261590,0.000,-0.010,7
2026-08-24T05:56:37.541022,0.367,2.855,35.531,8.340,2272.747,1,113,OK,0.000,0.015,257,24.3676976,88.6261590,0.000,-0.010,7
2026-08-24T05:56:37.541325,0.311,2.855,35.531,8.340,2272.747,1,113,OK,0.000,0.015,257,24.3676976,88.6261590,0.000,-0.010,7
2026-08-24T05:56:37.541613,0.291,2.838,35.531,8.345,2272.747,1,113,OK,0.000,0.015,257,24.3676976,88.6261590,0.000,-0.010,7
2026-08-24T05:56:37.541903,0.288,2.836,35.531,8.345,2272.747,1,113,OK,0.000,0.015,257,24.3676976,88.6261590,0.000,-0.010,7
2026-08-24T05:56:37.543017,1.110,2.149,35.531,6.892,2272.747,1,113,OK,0.000,0.015,257,24.3676976,88.6261590,0.000,-0.010,7
2026-08-24T05:56:37.543321,0.308,2.141,35.531,6.894,2272.747,1,113,OK,0.000,0.015,257,24.3676976,88.6261590,0.000,-0.010,7
2026-08-24T05:56:37.543635,0.313,2.139,35.531,6.895,2272.747,1,113,OK,0.000,0.015,257,24.3676976,88.6261590,0.000,-0.010,7
2026-08-24T05:56:37.544543,0.869,2.128,35.531,6.896,2272.747,1,113,OK,0.000,0.015,257,24.3676976,88.6261590,0.000,-0.010,7
2026-08-24T05:56:37.544932,0.403,2.128,35.531,6.896,2272.747,1,113,OK,0.000,0.015,257,24.3676976,88.6261590,0.000,-0.010,7
2026-08-24T05:56:37.548126,3.160,2.171,35.531,6.896,2272.747,1,113,OK,0.000,0.015,257,24.3676976,88.6261590,0.000,-0.010,7
2026-08-24T05:56:37.548538,0.447,2.104,35.531,6.896,2272.747,1,113,OK,0.000,0.015,257,24.3676976,88.6261590,0.000,-0.010,7
2026-08-24T05:56:37.548884,0.355,2.094,35.531,6.898,2272.747,1,113,OK,0.000,0.015,257,24.3676976,88.6261590,0.000,-0.010,7
2026-08-24T05:56:37.549645,0.760,2.094,35.531,6.898,2272.747,1,113,OK,0.000,0.015,257,24.3676976,88.6261590,0.000,-0.010,7
2026-08-24T05:56:37.549968,0.332,2.090,35.531,6.899,2272.747,1,113,OK,0.000,0.015,257,24.3676976,88.6261590,0.000,-0.010,7
2026-08-24T05:56:37.585582,35.539,2.790,35.539,8.360,2272.747,1,113,OK,0.000,0.015,257,24.3676976,88.6261590,0.000,-0.010,7
2026-08-24T05:56:37.586052,0.514,2.790,35.539,8.360,2272.747,1,113,OK,0.000,0.015,257,24.3676976,88.6261590,0.000,-0.010,7
2026-08-24T05:56:37.586401,0.372,2.789,35.539,8.360,2272.747,1,113,OK,0.000,0.015,257,24.3676976,88.6261590,0.000,-0.010,7
2026-08-24T05:56:37.587281,0.879,2.800,35.539,8.357,2272.747,1,113,OK,0.000,0.015,257,24.3676976,88.6261590,0.000,-0.010,7
2026-08-24T05:56:37.590549,3.258,2.856,35.539,8.351,2272.747,1,113,OK,0.000,0.016,257,24.3676976,88.6261590,0.000,-0.010,7
2026-08-24T05:56:37.590894,0.354,2.856,35.539,8.351,2272.747,1,113,OK,0.000,0.016,257,24.3676976,88.6261590,0.000,-0.010,7
2026-08-24T05:56:37.591226,0.341,2.857,35.539,8.350,2272.747,1,113,OK,0.000,0.016,257,24.3676976,88.6261590,0.000,-0.010,7
2026-08-24T05:56:37.591523,0.299,2.857,35.539,8.350,2272.747,1,113,OK,0.000,0.016,257,24.3676976,88.6261590,0.000,-0.010,7
2026-08-24T05:56:37.593003,1.473,2.860,35.539,8.350,2272.747,1,113,OK,0.000,0.016,257,24.3676976,88.6261590,0.000,-0.010,7
2026-08-24T05:56:37.593317,0.318,2.860,35.539,8.350,2272.747,1,113,OK,0.000,0.016,257,24.3676976,88.6261590,0.000,-0.010,7
2026-08-24T05:56:37.593660,0.344,2.161,35.539,6.921,2272.747,1,113,OK,0.000,0.016,257,24.3676976,88.6261590,0.000,-0.010,7
2026-08-24T05:56:37.593985,0.325,2.153,35.539,6.923,2272.747,1,113,OK,0.000,0.016,257,24.3676976,88.6261590,0.000,-0.010,7
2026-08-24T05:56:37.594550,0.565,2.156,35.539,6.923,2272.747,1,113,OK,0.000,0.016,257,24.3676976,88.6261590,0.000,-0.010,7
2026-08-24T05:56:37.594861,0.305,2.136,35.539,6.927,2272.747,1,113,OK,0.000,0.016,257,24.3676976,88.6261590,0.000,-0.010,7
2026-08-24T05:56:37.598022,3.167,2.192,35.539,6.923,2272.747,1,113,OK,0.000,0.016,257,24.3676976,88.6261590,0.000,-0.010,7
2026-08-24T05:56:37.598328,0.310,2.192,35.539,6.923,2272.747,1,113,OK,0.000,0.016,257,24.3676976,88.6261590,0.000,-0.010,7
2026-08-24T05:56:37.598614,0.286,2.153,35.539,6.929,2272.747,1,113,OK,0.000,0.016,257,24.3676976,88.6261590,0.000,-0.010,7
2026-08-24T05:56:37.599998,1.382,2.173,35.539,6.925,2272.747,1,113,OK,0.000,0.016,257,24.3676976,88.6261590,0.000,-0.010,7
2026-08-24T05:56:37.600289,0.295,2.146,35.539,6.930,2272.747,1,113,OK,0.000,0.016,257,24.3676976,88.6261590,0.000,-0.010,7
2026-08-24T05:56:37.600571,0.281,2.144,35.539,6.930,2272.747,1,113,OK,0.000,0.016,257,24.3676976,88.6261590,0.000,-0.010,7
2026-08-24T05:56:37.635560,34.912,2.835,35.539,8.330,2272.747,1,113,OK,0.000,0.016,257,24.3676976,88.6261590,0.000,-0.010,7
2026-08-24T05:56:37.636047,0.530,2.838,35.539,8.329,2272.747,1,113,OK,0.000,0.016,257,24.3676976,88.6261590,0.000,-0.010,7
2026-08-24T05:56:37.636391,0.366,2.818,35.539,8.334,2272.747,1,113,OK,0.000,0.016,257,24.3676976,88.6261590,0.000,-0.010,7
2026-08-24T05:56:37.638208,1.812,2.848,35.539,8.327,2272.747,1,113,OK,0.000,0.016,257,24.3676976,88.6261590,0.000,-0.010,7
2026-08-24T05:56:37.638533,0.337,2.848,35.539,8.327,2272.747,1,113,OK,0.000,0.017,257,24.3676976,88.6261590,0.000,-0.010,7
2026-08-24T05:56:37.640879,2.320,2.889,35.539,8.319,2272.747,1,113,OK,0.000,0.017,257,24.3676976,88.6261590,0.000,-0.010,7
2026-08-24T05:56:37.641226,0.363,2.859,35.539,8.326,2272.747,1,113,OK,0.000,0.017,257,24.3676976,88.6261590,0.000,-0.010,7
2026-08-24T05:56:37.643014,1.783,2.889,35.539,8.319,2272.747,1,113,OK,0.000,0.017,257,24.3676976,88.6261590,0.000,-0.010,7
2026-08-24T05:56:37.643353,0.351,2.873,35.539,8.323,2272.747,1,113,OK,0.000,0.017,257,24.3676976,88.6261590,0.000,-0.010,7
2026-08-24T05:56:37.643660,0.311,2.873,35.539,8.323,2272.747,1,113,OK,0.000,0.017,257,24.3676976,88.6261590,0.000,-0.010,7
2026-08-24T05:56:37.644015,0.354,2.170,35.539,6.865,2272.747,1,113,OK,0.000,0.017,257,24.3676976,88.6261590,0.000,-0.010,7
2026-08-24T05:56:37.644719,0.669,2.172,35.539,6.865,2272.747,1,113,OK,0.000,0.017,257,24.3676976,88.6261590,0.000,-0.010,7
2026-08-24T05:56:37.645192,0.430,2.172,35.539,6.865,2272.747,1,113,OK,0.000,0.017,257,24.3676976,88.6261590,0.000,-0.010,7
2026-08-24T05:56:37.645527,0.411,2.158,35.539,6.868,2272.747,1,113,OK,0.000,0.017,257,24.3676976,88.6261590,0.000,-0.010,7
2026-08-24T05:56:37.645868,0.315,2.157,35.539,6.868,2272.747,1,113,OK,0.000,0.017,257,24.3676976,88.6261590,0.000,-0.010,7
2026-08-24T05:56:37.648179,2.298,2.150,35.539,6.867,2272.747,1,113,OK,0.000,0.017,257,24.3676976,88.6261590,0.000,-0.010,7
2026-08-24T05:56:37.648569,0.418,2.151,35.539,6.867,2272.747,1,113,OK,0.000,0.017,257,24.3676976,88.6261590,0.000,-0.010,7
2026-08-24T05:56:37.648912,0.349,2.151,35.539,6.867,2272.747,1,113,OK,0.000,0.017,257,24.3676976,88.6261590,0.000,-0.010,7
2026-08-24T05:56:37.649748,0.826,2.162,35.539,6.864,2272.747,1,113,OK,0.000,0.017,257,24.3676976,88.6261590,0.000,-0.010,7
2026-08-24T05:56:37.650086,0.351,2.163,35.539,6.864,2272.747,1,113,OK,0.000,0.017,257,24.3676976,88.6261590,0.000,-0.010,7
2026-08-24T05:56:37.685688,35.503,2.851,35.539,8.324,2272.747,1,113,OK,0.000,0.017,257,24.3676976,88.6261590,0.000,-0.010,7
2026-08-24T05:56:37.686208,0.585,2.857,35.539,8.323,2272.747,1,113,OK,0.000,0.017,257,24.3676976,88.6261590,0.000,-0.010,7
2026-08-24T05:56:37.686585,0.396,2.858,35.539,8.322,2272.747,1,113,OK,0.000,0.017,257,24.3676976,88.6261590,0.000,-0.010,7
2026-08-24T05:56:37.687670,1.084,2.863,35.539,8.321,2272.747,1,113,OK,0.000,0.017,257,24.3676958,88.6261609,0.000,-0.010,7
2026-08-24T05:56:37.688036,0.378,2.862,35.539,8.321,2272.747,1,113,OK,0.000,0.018,257,24.3676958,88.6261609,0.000,-0.010,7
2026-08-24T05:56:37.690504,2.469,2.848,35.539,8.321,2272.747,1,113,OK,0.000,0.018,257,24.3676958,88.6261609,0.000,-0.010,7
2026-08-24T05:56:37.690825,0.324,2.846,35.539,8.322,2272.747,1,113,OK,0.000,0.018,257,24.3676958,88.6261609,0.000,-0.010,7
2026-08-24T05:56:37.691115,0.303,2.845,35.539,8.322,2272.747,1,113,OK,0.000,0.018,257,24.3676958,88.6261609,0.000,-0.010,7
2026-08-24T05:56:37.691394,0.282,2.835,35.539,8.325,2272.747,1,113,OK,0.000,0.018,257,24.3676958,88.6261609,0.000,-0.010,7
2026-08-24T05:56:37.691661,0.269,2.834,35.539,8.326,2272.747,1,113,OK,0.000,0.018,257,24.3676958,88.6261609,0.000,-0.010,7
2026-08-24T05:56:37.693105,1.436,2.152,35.503,6.859,2272.747,1,113,OK,0.000,0.018,257,24.3676958,88.6261609,0.000,-0.010,7
2026-08-24T05:56:37.693409,0.304,2.148,35.503,6.860,2272.747,1,113,OK,0.000,0.018,257,24.3676958,88.6261609,0.000,-0.010,7
2026-08-24T05:56:37.693733,0.314,2.147,35.503,6.861,2272.747,1,113,OK,0.000,0.018,257,24.3676958,88.6261609,0.000,-0.010,7
2026-08-24T05:56:37.694500,0.777,2.145,35.503,6.861,2272.747,1,113,OK,0.000,0.018,257,24.3676958,88.6261609,0.000,-0.010,7
2026-08-24T05:56:37.694791,0.286,2.085,35.503,6.864,2272.747,1,113,OK,0.000,0.018,257,24.3676958,88.6261609,0.000,-0.010,7
2026-08-24T05:56:37.698107,3.320,2.145,35.503,6.862,2272.747,1,113,OK,0.000,0.018,257,24.3676958,88.6261609,0.000,-0.010,7
2026-08-24T05:56:37.698395,0.295,2.144,35.503,6.862,2272.747,1,113,OK,0.000,0.018,257,24.3676958,88.6261609,0.000,-0.010,7
2026-08-24T05:56:37.698670,0.275,2.143,35.503,6.862,2272.747,1,113,OK,0.000,0.018,257,24.3676958,88.6261609,0.000,-0.010,7
2026-08-24T05:56:37.699640,0.964,2.133,35.503,6.864,2272.747,1,113,OK,0.000,0.018,257,24.3676958,88.6261609,0.000,-0.010,7
2026-08-24T05:56:37.699929,0.294,2.133,35.503,6.864,2272.747,1,113,OK,0.000,0.018,257,24.3676958,88.6261609,0.000,-0.010,7
2026-08-24T05:56:37.735783,35.569,2.837,35.569,8.328,2272.747,1,113,OK,0.000,0.018,257,24.3676958,88.6261609,0.000,-0.010,7
2026-08-24T05:56:37.736754,1.134,2.853,35.569,8.324,2272.747,1,113,OK,0.000,0.018,257,24.3676958,88.6261609,0.000,-0.010,7
2026-08-24T05:56:37.737287,0.593,2.854,35.569,8.324,2272.747,1,113,OK,0.000,0.018,257,24.3676958,88.6261609,0.000,-0.010,7
2026-08-24T05:56:37.738537,1.268,2.873,35.569,8.319,2272.747,1,113,OK,0.000,0.018,257,24.3676958,88.6261609,0.000,-0.010,7
2026-08-24T05:56:37.738917,0.401,2.818,35.569,8.326,2272.747,1,113,OK,0.000,0.018,257,24.3676958,88.6261609,0.000,-0.010,7
2026-08-24T05:56:37.739312,0.344,2.818,35.569,8.326,2272.747,1,113,OK,0.000,0.018,257,24.3676958,88.6261609,0.000,-0.010,7
2026-08-24T05:56:37.739931,0.666,2.826,35.569,8.323,2272.747,1,113,OK,0.000,0.018,257,24.3676958,88.6261609,0.000,-0.010,7
2026-08-24T05:56:37.740290,0.372,2.806,35.569,8.328,2272.747,1,113,OK,0.000,0.018,257,24.3676958,88.6261609,0.000,-0.010,7
2026-08-24T05:56:37.743149,2.838,2.857,35.569,8.320,2272.747,1,113,OK,0.000,0.018,257,24.3676958,88.6261609,0.000,-0.010,7
2026-08-24T05:56:37.743495,0.371,2.858,35.569,8.320,2272.747,1,113,OK,0.000,0.018,257,24.3676958,88.6261609,0.000,-0.010,7
2026-08-24T05:56:37.743862,0.346,2.167,35.569,6.920,2272.747,1,113,OK,0.000,0.018,257,24.3676958,88.6261609,0.000,-0.010,7
2026-08-24T05:56:37.744749,0.845,2.173,35.569,6.919,2272.747,1,113,OK,0.000,0.018,257,24.3676958,88.6261609,0.000,-0.010,7
2026-08-24T05:56:37.745145,0.453,2.175,35.569,6.919,2272.747,1,113,OK,0.000,0.018,257,24.3676958,88.6261609,0.000,-0.010,7
2026-08-24T05:56:37.745504,0.341,2.146,35.569,6.923,2272.747,1,113,OK,0.000,0.018,257,24.3676958,88.6261609,0.000,-0.010,7
2026-08-24T05:56:37.748073,2.567,2.190,35.569,6.919,2272.747,1,113,OK,0.000,0.018,257,24.3676958,88.6261609,0.000,-0.010,7
2026-08-24T05:56:37.748435,0.392,2.152,35.569,6.923,2272.747,1,113,OK,0.000,0.018,257,24.3676958,88.6261609,0.000,-0.010,7
2026-08-24T05:56:37.748744,0.307,2.151,35.569,6.924,2272.747,1,113,OK,0.000,0.018,257,24.3676958,88.6261609,0.000,-0.010,7
2026-08-24T05:56:37.749954,1.220,2.139,35.569,6.925,2272.747,1,113,OK,0.000,0.018,257,24.3676958,88.6261609,0.000,-0.010,7
2026-08-24T05:56:37.750311,0.356,2.139,35.569,6.925,2272.747,1,113,OK,0.000,0.018,257,24.3676958,88.6261609,0.000,-0.010,7
2026-08-24T05:56:37.750598,0.290,2.139,35.569,6.925,2272.747,1,113,OK,0.000,0.018,257,24.3676958,88.6261609,0.000,-0.010,7
2026-08-24T05:56:37.785806,35.033,2.833,35.569,8.335,2272.747,1,113,OK,0.000,0.018,257,24.3676958,88.6261609,0.000,-0.010,7
2026-08-24T05:56:37.786502,0.810,2.835,35.569,8.335,2272.747,1,113,OK,0.000,0.018,257,24.3676958,88.6261609,0.000,-0.010,7
2026-08-24T05:56:37.786948,0.476,2.836,35.569,8.334,2272.747,1,113,OK,0.000,0.018,257,24.3676958,88.6261609,0.000,-0.010,7
2026-08-24T05:56:37.788229,1.277,2.854,35.569,8.330,2272.747,1,113,OK,0.000,0.018,257,24.3676958,88.6261609,0.000,-0.010,7
2026-08-24T05:56:37.788605,0.394,2.855,35.569,8.330,2272.747,1,113,OK,0.000,0.018,257,24.3676958,88.6261609,0.000,-0.010,7
2026-08-24T05:56:37.789443,0.802,2.825,35.569,8.334,2272.747,1,113,OK,0.000,0.018,257,24.3676958,88.6261609,0.000,-0.010,7
2026-08-24T05:56:37.790960,1.546,2.848,35.569,8.329,2272.747,1,113,OK,0.000,0.018,257,24.3676958,88.6261609,0.000,-0.010,7
2026-08-24T05:56:37.791279,0.344,2.848,35.569,8.329,2272.747,1,113,OK,0.000,0.018,257,24.3676958,88.6261609,0.000,-0.010,7
2026-08-24T05:56:37.793032,1.732,2.866,35.569,8.326,2272.747,1,113,OK,0.000,0.018,257,24.3676958,88.6261609,0.000,-0.010,7
2026-08-24T05:56:37.793373,0.355,2.866,35.569,8.326,2272.747,1,113,OK,0.000,0.018,257,24.3676958,88.6261609,0.000,-0.010,7
2026-08-24T05:56:37.793799,0.388,2.164,35.569,6.870,2272.747,1,113,OK,0.000,0.018,257,24.3676958,88.6261609,0.000,-0.010,7
2026-08-24T05:56:37.794149,0.390,2.160,35.569,6.871,2272.747,1,113,OK,0.000,0.018,257,24.3676958,88.6261609,0.000,-0.010,7
2026-08-24T05:56:37.794925,0.774,2.167,35.569,6.869,2272.747,1,113,OK,0.000,0.018,257,24.3676958,88.6261609,0.000,-0.010,7
2026-08-24T05:56:37.795242,0.335,2.152,35.569,6.873,2272.747,1,113,OK,0.000,0.018,257,24.3676958,88.6261609,0.000,-0.010,7
2026-08-24T05:56:37.795520,0.283,2.150,35.569,6.873,2272.747,1,113,OK,0.000,0.018,257,24.3676958,88.6261609,0.000,-0.010,7
2026-08-24T05:56:37.798132,2.589,2.153,35.569,6.873,2272.747,1,113,OK,0.000,0.018,257,24.3676958,88.6261609,0.000,-0.010,7
2026-08-24T05:56:37.798470,0.353,2.153,35.569,6.873,2272.747,1,113,OK,0.000,0.018,257,24.3676958,88.6261609,0.000,-0.010,7
2026-08-24T05:56:37.798901,0.324,2.154,35.569,6.873,2272.747,1,113,OK,0.000,0.018,257,24.3676958,88.6261609,0.000,-0.010,7
2026-08-24T05:56:37.800080,1.258,2.173,35.569,6.869,2272.747,1,113,OK,0.000,0.018,257,24.3676958,88.6261609,0.000,-0.010,7
2026-08-24T05:56:37.800432,0.381,2.176,35.569,6.868,2272.747,1,113,OK,0.000,0.018,257,24.3676958,88.6261609,0.000,-0.010,7
2026-08-24T05:56:37.800755,0.301,2.153,35.569,6.873,2272.747,1,113,OK,0.000,0.018,257,24.3676958,88.6261609,0.000,-0.010,7
2026-08-24T05:56:37.832224,31.379,2.774,35.569,8.013,2272.747,1,113,OK,0.000,0.018,257,24.3676958,88.6261609,0.000,-0.010,7
2026-08-24T05:56:37.835557,3.381,2.836,35.569,8.005,2272.747,1,113,OK,0.000,0.018,257,24.3676958,88.6261609,0.000,-0.010,7
2026-08-24T05:56:37.835998,0.465,2.829,35.569,8.007,2272.747,1,113,OK,0.000,0.018,257,24.3676958,88.6261609,0.000,-0.010,7
2026-08-24T05:56:37.836333,0.364,2.831,35.569,8.007,2272.747,1,113,OK,0.000,0.018,257,24.3676958,88.6261609,0.000,-0.010,7
2026-08-24T05:56:37.837773,1.394,2.793,35.569,8.009,2272.747,1,113,OK,0.000,0.018,257,24.3676958,88.6261609,0.000,-0.010,7
2026-08-24T05:56:37.840812,3.010,2.847,35.569,8.001,2272.747,1,113,OK,0.000,0.019,257,24.3676958,88.6261609,0.000,-0.010,7
2026-08-24T05:56:37.841176,0.434,2.850,35.569,8.000,2272.747,1,113,OK,0.000,0.019,257,24.3676958,88.6261609,0.000,-0.010,7
2026-08-24T05:56:37.841482,0.316,2.837,35.569,8.003,2272.747,1,113,OK,0.000,0.019,257,24.3676958,88.6261609,0.000,-0.010,7
2026-08-24T05:56:37.841793,0.297,2.837,35.569,8.003,2272.747,1,113,OK,0.000,0.019,257,24.3676958,88.6261609,0.000,-0.010,7
2026-08-24T05:56:37.843041,1.248,2.151,35.033,6.462,2272.747,1,113,OK,0.000,0.019,257,24.3676958,88.6261609,0.000,-0.010,7
2026-08-24T05:56:37.843365,0.337,2.135,35.033,6.466,2272.747,1,113,OK,0.000,0.019,257,24.3676958,88.6261609,0.000,-0.010,7
2026-08-24T05:56:37.843783,0.385,2.131,35.033,6.467,2272.747,1,113,OK,0.000,0.019,257,24.3676958,88.6261609,0.000,-0.010,7
2026-08-24T05:56:37.844141,0.392,2.113,35.033,6.470,2272.747,1,113,OK,0.000,0.019,257,24.3676958,88.6261609,0.000,-0.010,7
2026-08-24T05:56:37.844635,0.493,2.115,35.033,6.470,2272.747,1,113,OK,0.000,0.019,257,24.3676958,88.6261609,0.000,-0.010,7
2026-08-24T05:56:37.844957,0.330,2.115,35.033,6.470,2272.747,1,113,OK,0.000,0.019,257,24.3676958,88.6261609,0.000,-0.010,7
2026-08-24T05:56:37.848115,3.091,2.163,35.033,6.468,2272.747,1,113,OK,0.000,0.019,257,24.3676958,88.6261609,0.000,-0.010,7
2026-08-24T05:56:37.848636,0.551,2.167,35.033,6.467,2272.747,1,113,OK,0.000,0.019,257,24.3676958,88.6261609,0.000,-0.010,7
2026-08-24T05:56:37.849016,0.399,2.118,35.033,6.471,2272.747,1,113,OK,0.000,0.019,257,24.3676958,88.6261609,0.000,-0.010,7
2026-08-24T05:56:37.850044,1.032,2.131,35.033,6.468,2272.747,1,113,OK,0.000,0.019,257,24.3676958,88.6261609,0.000,-0.010,7
2026-08-24T05:56:37.850351,0.316,2.131,35.033,6.468,2272.747,1,113,OK,0.000,0.019,257,24.3676958,88.6261609,0.000,-0.010,7
2026-08-24T05:56:37.850650,0.283,2.119,35.033,6.471,2272.747,1,113,OK,0.000,0.019,257,24.3676958,88.6261609,0.000,-0.010,7
2026-08-24T05:56:37.885654,34.885,2.808,35.033,7.953,2272.747,1,113,OK,0.000,0.019,257,24.3676958,88.6261609,0.000,-0.010,7
2026-08-24T05:56:37.886309,0.738,2.816,35.033,7.950,2272.747,1,113,OK,0.000,0.019,257,24.3676958,88.6261609,0.000,-0.010,7
2026-08-24T05:56:37.886746,0.435,2.773,35.033,7.957,2272.747,1,113,OK,0.000,0.019,257,24.3676958,88.6261609,0.000,-0.010,7
2026-08-24T05:56:37.888089,1.354,2.793,35.033,7.953,2272.747,1,113,OK,0.000,0.019,257,24.3676942,88.6261629,0.000,-0.010,7
2026-08-24T05:56:37.888462,0.395,2.794,35.033,7.952,2272.747,1,113,OK,0.000,0.019,257,24.3676942,88.6261629,0.000,-0.010,7
2026-08-24T05:56:37.888820,0.333,2.777,35.033,7.957,2272.747,1,113,OK,0.000,0.019,257,24.3676942,88.6261629,0.000,-0.010,7
2026-08-24T05:56:37.891001,2.196,2.813,35.033,7.949,2272.747,1,113,OK,0.000,0.019,257,24.3676942,88.6261629,0.000,-0.010,7
2026-08-24T05:56:37.891330,0.353,2.815,35.033,7.949,2272.747,1,113,OK,0.000,0.019,257,24.3676942,88.6261629,0.000,-0.010,7
2026-08-24T05:56:37.892505,1.163,2.137,34.885,6.449,2272.747,1,113,OK,0.000,0.019,257,24.3676942,88.6261629,0.000,-0.010,7
2026-08-24T05:56:37.892850,0.342,2.128,34.885,6.451,2272.747,1,113,OK,0.000,0.019,257,24.3676942,88.6261629,0.000,-0.010,7
2026-08-24T05:56:37.893296,0.451,2.127,34.885,6.452,2272.747,1,113,OK,0.000,0.019,257,24.3676942,88.6261629,0.000,-0.010,7
2026-08-24T05:56:37.893629,0.341,2.109,34.885,6.455,2272.747,1,113,OK,0.000,0.019,257,24.3676942,88.6261629,0.000,-0.010,7
2026-08-24T05:56:37.894771,1.117,2.123,34.885,6.452,2272.747,1,113,OK,0.000,0.019,257,24.3676942,88.6261629,0.000,-0.010,7
2026-08-24T05:56:37.895092,0.351,2.114,34.885,6.454,2272.747,1,113,OK,0.000,0.019,257,24.3676942,88.6261629,0.000,-0.010,7
2026-08-24T05:56:37.895457,0.365,2.090,34.885,6.459,2272.747,1,113,OK,0.000,0.019,257,24.3676942,88.6261629,0.000,-0.010,7
2026-08-24T05:56:37.895902,0.351,2.091,34.885,6.459,2272.747,1,113,OK,0.000,0.019,257,24.3676942,88.6261629,0.000,-0.010,7
2026-08-24T05:56:37.898501,2.564,2.107,34.885,6.459,2272.747,1,113,OK,0.000,0.019,257,24.3676942,88.6261629,0.000,-0.010,7
2026-08-24T05:56:37.898914,0.519,2.111,34.885,6.458,2272.747,1,113,OK,0.000,0.019,257,24.3676942,88.6261629,0.000,-0.010,7
2026-08-24T05:56:37.899798,0.884,2.120,34.885,6.456,2272.747,1,113,OK,0.000,0.019,257,24.3676942,88.6261629,0.000,-0.010,7
2026-08-24T05:56:37.900134,0.334,2.119,34.885,6.456,2272.747,1,113,OK,0.000,0.019,257,24.3676942,88.6261629,0.000,-0.010,7
2026-08-24T05:56:37.931896,31.674,2.737,34.885,7.686,2272.747,1,113,OK,0.000,0.019,257,24.3676942,88.6261629,0.000,-0.010,7
2026-08-24T05:56:37.935618,3.745,2.806,34.885,7.680,2272.747,1,113,OK,0.000,0.019,257,24.3676942,88.6261629,0.000,-0.010,7
2026-08-24T05:56:37.936122,0.550,2.811,34.885,7.678,2272.747,1,113,OK,0.000,0.019,257,24.3676942,88.6261629,0.000,-0.010,7
2026-08-24T05:56:37.936515,0.408,2.767,34.885,7.685,2272.747,1,113,OK,0.000,0.019,257,24.3676942,88.6261629,0.000,-0.010,7
2026-08-24T05:56:37.937659,1.129,2.783,34.885,7.681,2272.747,1,113,OK,0.000,0.019,257,24.3676942,88.6261629,0.000,-0.010,7
2026-08-24T05:56:37.938064,0.420,2.785,34.885,7.681,2272.747,1,113,OK,0.000,0.020,257,24.3676942,88.6261629,0.000,-0.010,7
2026-08-24T05:56:37.941048,2.957,2.819,34.885,7.677,2272.747,1,113,OK,0.000,0.020,257,24.3676942,88.6261629,0.000,-0.010,7
2026-08-24T05:56:37.941437,0.418,2.819,34.885,7.677,2272.747,1,113,OK,0.000,0.020,257,24.3676942,88.6261629,0.000,-0.010,7
2026-08-24T05:56:37.941807,0.357,2.821,34.885,7.677,2272.747,1,113,OK,0.000,0.020,257,24.3676942,88.6261629,0.000,-0.010,7
2026-08-24T05:56:37.942183,0.387,2.201,34.885,6.482,2272.747,1,113,OK,0.000,0.020,257,24.3676942,88.6261629,0.000,-0.010,7
2026-08-24T05:56:37.942518,0.346,2.140,34.885,6.485,2272.747,1,113,OK,0.000,0.020,257,24.3676942,88.6261629,0.000,-0.010,7
2026-08-24T05:56:37.943094,0.565,2.142,34.885,6.485,2272.747,1,113,OK,0.000,0.020,257,24.3676942,88.6261629,0.000,-0.010,7
2026-08-24T05:56:37.943480,0.388,2.142,34.885,6.484,2272.747,1,113,OK,0.000,0.020,257,24.3676942,88.6261629,0.000,-0.010,7
2026-08-24T05:56:37.943885,0.388,2.122,34.885,6.488,2272.747,1,113,OK,0.000,0.020,257,24.3676942,88.6261629,0.000,-0.010,7
2026-08-24T05:56:37.944307,0.445,2.071,34.885,6.491,2272.747,1,113,OK,0.000,0.020,257,24.3676942,88.6261629,0.000,-0.010,7
2026-08-24T05:56:37.946077,1.739,2.097,34.885,6.487,2272.747,1,113,OK,0.000,0.020,257,24.3676942,88.6261629,0.000,-0.010,7
2026-08-24T05:56:37.947770,1.544,2.122,34.885,6.483,2272.747,1,113,OK,0.000,0.020,257,24.3676942,88.6261629,0.000,-0.010,7
2026-08-24T05:56:37.948428,0.779,2.131,34.885,6.480,2272.747,1,113,OK,0.000,0.020,257,24.3676942,88.6261629,0.000,-0.010,7
2026-08-24T05:56:37.948826,0.429,2.115,34.885,6.484,2272.747,1,113,OK,0.000,0.020,257,24.3676942,88.6261629,0.000,-0.010,7
2026-08-24T05:56:37.949942,1.133,2.131,34.885,6.480,2272.747,1,113,OK,0.000,0.020,257,24.3676942,88.6261629,0.000,-0.010,7
2026-08-24T05:56:37.950279,0.347,2.130,34.885,6.480,2272.747,1,113,OK,0.000,0.020,257,24.3676942,88.6261629,0.000,-0.010,7
2026-08-24T05:56:37.985728,35.270,2.828,35.270,7.991,2272.747,1,113,OK,0.000,0.020,257,24.3676942,88.6261629,0.000,-0.010,7
2026-08-24T05:56:37.986406,0.801,2.834,35.270,7.989,2272.747,1,113,OK,0.000,0.020,257,24.3676942,88.6261629,0.000,-0.010,7
2026-08-24T05:56:37.986851,0.455,2.836,35.270,7.988,2272.747,1,113,OK,0.000,0.020,257,24.3676942,88.6261629,0.000,-0.010,7
2026-08-24T05:56:37.988198,1.358,2.802,35.270,7.991,2272.747,1,113,OK,0.000,0.020,257,24.3676942,88.6261629,0.000,-0.010,7
2026-08-24T05:56:37.988589,0.418,2.799,35.270,7.992,2272.747,1,113,OK,0.000,0.021,257,24.3676942,88.6261629,0.000,-0.010,7
2026-08-24T05:56:37.988948,0.365,2.798,35.270,7.992,2272.747,1,113,OK,0.000,0.021,257,24.3676942,88.6261629,0.000,-0.010,7
2026-08-24T05:56:37.991001,2.038,2.818,35.270,7.988,2272.747,1,113,OK,0.000,0.021,257,24.3676942,88.6261629,0.000,-0.010,7
2026-08-24T05:56:37.991367,0.378,2.820,35.270,7.988,2272.747,1,113,OK,0.000,0.021,257,24.3676942,88.6261629,0.000,-0.010,7
2026-08-24T05:56:37.993138,1.761,2.849,35.270,7.981,2272.747,1,113,OK,0.000,0.021,257,24.3676942,88.6261629,0.000,-0.010,7
2026-08-24T05:56:37.993509,0.381,2.159,35.270,6.511,2272.747,1,113,OK,0.000,0.021,257,24.3676942,88.6261629,0.000,-0.010,7
2026-08-24T05:56:37.993932,0.419,2.153,35.270,6.513,2272.747,1,113,OK,0.000,0.021,257,24.3676942,88.6261629,0.000,-0.010,7
2026-08-24T05:56:37.994284,0.372,2.151,35.270,6.513,2272.747,1,113,OK,0.000,0.021,257,24.3676942,88.6261629,0.000,-0.010,7
2026-08-24T05:56:37.995537,1.235,2.149,35.270,6.513,2272.747,1,113,OK,0.000,0.021,257,24.3676942,88.6261629,0.000,-0.010,7
2026-08-24T05:56:37.995889,0.368,2.149,35.270,6.513,2272.747,1,113,OK,0.000,0.021,257,24.3676942,88.6261629,0.000,-0.010,7
2026-08-24T05:56:37.996212,0.324,2.148,35.270,6.513,2272.747,1,113,OK,0.000,0.021,257,24.3676942,88.6261629,0.000,-0.010,7
2026-08-24T05:56:37.996559,0.341,2.111,35.270,6.518,2272.747,1,113,OK,0.000,0.021,257,24.3676942,88.6261629,0.000,-0.010,7
2026-08-24T05:56:37.998460,1.900,2.142,35.270,6.514,2272.747,1,113,OK,0.000,0.021,257,24.3676942,88.6261629,0.000,-0.010,7
2026-08-24T05:56:37.998772,0.305,2.125,35.270,6.517,2272.747,1,113,OK,0.000,0.021,257,24.3676942,88.6261629,0.000,-0.010,7
2026-08-24T05:56:37.999756,0.986,2.138,35.270,6.514,2272.747,1,113,OK,0.000,0.021,257,24.3676942,88.6261629,0.000,-0.010,7
2026-08-24T05:56:38.000057,0.310,2.135,35.270,6.515,2272.747,1,113,OK,0.000,0.021,257,24.3676942,88.6261629,0.000,-0.010,7
2026-08-24T05:56:38.035768,35.524,2.839,35.524,8.039,2272.747,1,113,OK,0.000,0.021,257,24.3676942,88.6261629,0.000,-0.010,7
2026-08-24T05:56:38.036443,0.799,2.832,35.524,8.041,2272.747,1,113,OK,0.000,0.021,257,24.3676942,88.6261629,0.000,-0.010,7
2026-08-24T05:56:38.036886,0.453,2.834,35.524,8.040,2272.747,1,113,OK,0.000,0.021,257,24.3676942,88.6261629,0.000,-0.010,7
2026-08-24T05:56:38.038195,1.320,2.854,35.524,8.035,2272.747,1,113,OK,0.000,0.021,257,24.3676942,88.6261629,0.000,-0.010,7
2026-08-24T05:56:38.038577,0.409,2.855,35.524,8.035,2272.747,1,113,OK,0.000,0.021,257,24.3676942,88.6261629,0.000,-0.010,7
2026-08-24T05:56:38.040918,2.324,2.850,35.524,8.035,2272.747,1,113,OK,0.000,0.021,257,24.3676942,88.6261629,0.000,-0.010,7
2026-08-24T05:56:38.041974,1.031,2.860,35.524,8.032,2272.747,1,113,OK,0.000,0.021,257,24.3676942,88.6261629,0.000,-0.010,7
2026-08-24T05:56:38.043160,1.200,2.867,35.524,8.031,2272.747,1,113,OK,0.000,0.021,257,24.3676942,88.6261629,0.000,-0.010,7
2026-08-24T05:56:38.043558,0.427,2.868,35.524,8.030,2272.747,1,113,OK,0.000,0.021,257,24.3676942,88.6261629,0.000,-0.010,7
2026-08-24T05:56:38.043927,0.376,2.242,35.524,6.876,2272.747,1,113,OK,0.000,0.021,257,24.3676942,88.6261629,0.000,-0.010,7
2026-08-24T05:56:38.044339,0.407,2.176,35.524,6.877,2272.747,1,113,OK,0.000,0.021,257,24.3676942,88.6261629,0.000,-0.010,7
2026-08-24T05:56:38.045482,1.133,2.187,35.524,6.875,2272.747,1,113,OK,0.000,0.021,257,24.3676942,88.6261629,0.000,-0.010,7
2026-08-24T05:56:38.045903,0.435,2.188,35.524,6.875,2272.747,1,113,OK,0.000,0.021,257,24.3676942,88.6261629,0.000,-0.010,7
2026-08-24T05:56:38.046429,0.465,2.175,35.524,6.878,2272.747,1,113,OK,0.000,0.021,257,24.3676942,88.6261629,0.000,-0.010,7
2026-08-24T05:56:38.046953,0.556,2.177,35.524,6.877,2272.747,1,113,OK,0.000,0.021,257,24.3676942,88.6261629,0.000,-0.010,7
2026-08-24T05:56:38.047407,0.464,2.127,35.524,6.880,2272.747,1,113,OK,0.000,0.021,257,24.3676942,88.6261629,0.000,-0.010,7
2026-08-24T05:56:38.050719,3.298,2.185,35.524,6.878,2272.747,1,113,OK,0.000,0.021,257,24.3676942,88.6261629,0.000,-0.010,7
2026-08-24T05:56:38.051123,0.430,2.187,35.524,6.877,2272.747,1,113,OK,0.000,0.021,257,24.3676942,88.6261629,0.000,-0.010,7
2026-08-24T05:56:38.051479,0.354,2.186,35.524,6.877,2272.747,1,113,OK,0.000,0.021,257,24.3676942,88.6261629,0.000,-0.010,7
2026-08-24T05:56:38.052063,0.605,2.191,35.524,6.876,2272.747,1,113,OK,0.000,0.021,257,24.3676942,88.6261629,0.000,-0.010,7
2026-08-24T05:56:38.085562,33.429,2.848,35.524,8.167,2272.747,1,113,OK,0.000,0.021,257,24.3676942,88.6261629,0.000,-0.010,7
2026-08-24T05:56:38.086075,0.552,2.852,35.524,8.166,2272.747,1,113,OK,0.000,0.021,257,24.3676942,88.6261629,0.000,-0.010,7
2026-08-24T05:56:38.086436,0.388,2.852,35.524,8.166,2272.747,1,113,OK,0.000,0.021,257,24.3676942,88.6261629,0.000,-0.010,7
2026-08-24T05:56:38.088072,1.623,2.875,35.524,8.161,2272.747,1,113,OK,0.000,0.021,257,24.3676920,88.6261651,0.000,-0.010,7
2026-08-24T05:56:38.088403,0.352,2.847,35.524,8.167,2272.747,1,113,OK,0.000,0.021,257,24.3676920,88.6261651,0.000,-0.010,7
2026-08-24T05:56:38.088713,0.303,2.823,35.524,8.173,2272.747,1,113,OK,0.000,0.021,257,24.3676920,88.6261651,0.000,-0.010,7
2026-08-24T05:56:38.090982,2.258,2.852,35.524,8.168,2272.747,1,113,OK,0.000,0.021,257,24.3676920,88.6261651,0.000,-0.010,7
2026-08-24T05:56:38.091314,0.354,2.851,35.524,8.168,2272.747,1,113,OK,0.000,0.021,257,24.3676920,88.6261651,0.000,-0.010,7
2026-08-24T05:56:38.093078,1.749,2.863,35.524,8.166,2272.747,1,113,OK,0.000,0.021,257,24.3676920,88.6261651,0.000,-0.010,7
2026-08-24T05:56:38.093415,0.353,2.863,35.524,8.166,2272.747,1,113,OK,0.000,0.021,257,24.3676920,88.6261651,0.000,-0.010,7
2026-08-24T05:56:38.093793,0.350,2.165,35.524,6.700,2272.747,1,113,OK,0.000,0.021,257,24.3676920,88.6261651,0.000,-0.010,7
2026-08-24T05:56:38.094117,0.353,2.156,35.524,6.702,2272.747,1,113,OK,0.000,0.021,257,24.3676920,88.6261651,0.000,-0.010,7
2026-08-24T05:56:38.094719,0.584,2.158,35.524,6.701,2272.747,1,113,OK,0.000,0.021,257,24.3676920,88.6261651,0.000,-0.010,7
2026-08-24T05:56:38.095023,0.326,2.138,35.524,6.705,2272.747,1,113,OK,0.000,0.021,257,24.3676920,88.6261651,0.000,-0.010,7
2026-08-24T05:56:38.095385,0.360,2.136,35.524,6.706,2272.747,1,113,OK,0.000,0.021,257,24.3676920,88.6261651,0.000,-0.010,7
2026-08-24T05:56:38.095680,0.294,2.135,35.524,6.706,2272.747,1,113,OK,0.000,0.021,257,24.3676920,88.6261651,0.000,-0.010,7
2026-08-24T05:56:38.098325,2.623,2.147,35.524,6.706,2272.747,1,113,OK,0.000,0.021,257,24.3676920,88.6261651,0.000,-0.010,7
2026-08-24T05:56:38.098645,0.339,2.146,35.524,6.707,2272.747,1,113,OK,0.000,0.021,257,24.3676920,88.6261651,0.000,-0.010,7
2026-08-24T05:56:38.099767,1.108,2.133,35.524,6.708,2272.747,1,113,OK,0.000,0.021,257,24.3676920,88.6261651,0.000,-0.010,7
2026-08-24T05:56:38.100067,0.318,2.132,35.524,6.708,2272.747,1,113,OK,0.000,0.021,257,24.3676920,88.6261651,0.000,-0.010,7
2026-08-24T05:56:38.135561,35.415,2.832,35.524,8.188,2272.747,1,113,OK,0.000,0.021,257,24.3676920,88.6261651,0.000,-0.010,7
2026-08-24T05:56:38.136044,0.533,2.835,35.524,8.187,2272.747,1,113,OK,0.000,0.021,257,24.3676920,88.6261651,0.000,-0.010,7
2026-08-24T05:56:38.136390,0.365,2.817,35.524,8.192,2272.747,1,113,OK,0.000,0.021,257,24.3676920,88.6261651,0.000,-0.010,7
2026-08-24T05:56:38.137583,1.193,2.834,35.524,8.188,2272.747,1,113,OK,0.000,0.021,257,24.3676920,88.6261651,0.000,-0.010,7
2026-08-24T05:56:38.137907,0.330,2.834,35.524,8.188,2272.747,1,113,OK,0.000,0.022,257,24.3676920,88.6261651,0.000,-0.010,7
2026-08-24T05:56:38.140546,2.638,2.880,35.524,8.180,2272.747,1,113,OK,0.000,0.022,257,24.3676920,88.6261651,0.000,-0.010,7
2026-08-24T05:56:38.140840,0.298,2.848,35.524,8.187,2272.747,1,113,OK,0.000,0.022,257,24.3676920,88.6261651,0.000,-0.010,7
2026-08-24T05:56:38.141114,0.282,2.847,35.524,8.187,2272.747,1,113,OK,0.000,0.022,257,24.3676920,88.6261651,0.000,-0.010,7
2026-08-24T05:56:38.141391,0.274,2.833,35.524,8.191,2272.747,1,113,OK,0.000,0.022,257,24.3676920,88.6261651,0.000,-0.010,7
2026-08-24T05:56:38.141662,0.274,2.832,35.524,8.191,2272.747,1,113,OK,0.000,0.022,257,24.3676920,88.6261651,0.000,-0.010,7
2026-08-24T05:56:38.143026,1.342,2.149,35.415,6.697,2272.747,1,113,OK,0.000,0.022,257,24.3676920,88.6261651,0.000,-0.010,7
2026-08-24T05:56:38.143350,0.338,2.140,35.415,6.699,2272.747,1,113,OK,0.000,0.022,257,24.3676920,88.6261651,0.000,-0.010,7
2026-08-24T05:56:38.143658,0.310,2.137,35.415,6.700,2272.747,1,113,OK,0.000,0.022,257,24.3676920,88.6261651,0.000,-0.010,7
2026-08-24T05:56:38.144492,0.833,2.127,35.415,6.702,2272.747,1,113,OK,0.000,0.022,257,24.3676920,88.6261651,0.000,-0.010,7
2026-08-24T05:56:38.144797,0.299,2.125,35.415,6.702,2272.747,1,113,OK,0.000,0.022,257,24.3676920,88.6261651,0.000,-0.010,7
2026-08-24T05:56:38.148207,3.377,2.146,35.415,6.705,2272.747,1,113,OK,0.000,0.022,257,24.3676920,88.6261651,0.000,-0.010,7
2026-08-24T05:56:38.148593,0.399,2.133,35.415,6.707,2272.747,1,113,OK,0.000,0.022,257,24.3676920,88.6261651,0.000,-0.010,7
2026-08-24T05:56:38.149050,0.436,2.118,35.415,6.710,2272.747,1,113,OK,0.000,0.022,257,24.3676920,88.6261651,0.000,-0.010,7
2026-08-24T05:56:38.149661,0.649,2.122,35.415,6.709,2272.747,1,113,OK,0.000,0.022,257,24.3676920,88.6261651,0.000,-0.010,7
2026-08-24T05:56:38.149984,0.332,2.122,35.415,6.710,2272.747,1,113,OK,0.000,0.022,257,24.3676920,88.6261651,0.000,-0.010,7
2026-08-24T05:56:38.185735,35.661,2.827,35.661,8.210,2272.747,1,113,OK,0.000,0.022,257,24.3676920,88.6261651,0.000,-0.010,7
2026-08-24T05:56:38.186187,0.515,2.814,35.661,8.213,2272.747,1,113,OK,0.000,0.022,257,24.3676920,88.6261651,0.000,-0.010,7
2026-08-24T05:56:38.186519,0.350,2.813,35.661,8.214,2272.747,1,113,OK,0.000,0.022,257,24.3676920,88.6261651,0.000,-0.010,7
2026-08-24T05:56:38.187724,1.170,2.827,35.661,8.210,2272.747,1,113,OK,0.000,0.022,257,24.3676920,88.6261651,0.000,-0.010,7
2026-08-24T05:56:38.188175,0.475,2.825,35.661,8.211,2272.747,1,113,OK,0.000,0.022,257,24.3676920,88.6261651,0.000,-0.010,7
2026-08-24T05:56:38.188514,0.354,2.823,35.661,8.211,2272.747,1,113,OK,0.000,0.022,257,24.3676920,88.6261651,0.000,-0.010,7
2026-08-24T05:56:38.190942,2.424,2.805,35.661,8.211,2272.747,1,113,OK,0.000,0.022,257,24.3676920,88.6261651,0.000,-0.010,7
2026-08-24T05:56:38.191273,0.340,2.804,35.661,8.212,2272.747,1,113,OK,0.000,0.022,257,24.3676920,88.6261651,0.000,-0.010,7
2026-08-24T05:56:38.193140,1.852,2.834,35.661,8.205,2272.747,1,113,OK,0.000,0.022,257,24.3676920,88.6261651,0.000,-0.010,7
2026-08-24T05:56:38.193484,0.360,2.829,35.661,8.207,2272.747,1,113,OK,0.000,0.022,257,24.3676920,88.6261651,0.000,-0.010,7
2026-08-24T05:56:38.193954,0.453,2.169,35.661,6.922,2272.747,1,113,OK,0.000,0.022,257,24.3676920,88.6261651,0.000,-0.010,7
2026-08-24T05:56:38.194309,0.367,2.165,35.661,6.923,2272.747,1,113,OK,0.000,0.022,257,24.3676920,88.6261651,0.000,-0.010,7
2026-08-24T05:56:38.194770,0.441,2.166,35.661,6.923,2272.747,1,113,OK,0.000,0.022,257,24.3676920,88.6261651,0.000,-0.010,7
2026-08-24T05:56:38.195101,0.359,2.141,35.661,6.927,2272.747,1,113,OK,0.000,0.022,257,24.3676920,88.6261651,0.000,-0.010,7
2026-08-24T05:56:38.195470,0.364,2.141,35.661,6.927,2272.747,1,113,OK,0.000,0.022,257,24.3676920,88.6261651,0.000,-0.010,7
2026-08-24T05:56:38.195862,0.313,2.142,35.661,6.927,2272.747,1,113,OK,0.000,0.022,257,24.3676920,88.6261651,0.000,-0.010,7
2026-08-24T05:56:38.197556,1.744,2.131,35.661,6.927,2272.747,1,113,OK,0.000,0.022,257,24.3676920,88.6261651,0.000,-0.010,7
2026-08-24T05:56:38.197937,0.353,2.131,35.661,6.927,2272.747,1,113,OK,0.000,0.022,257,24.3676920,88.6261651,0.000,-0.010,7
2026-08-24T05:56:38.198222,0.347,2.103,35.661,6.931,2272.747,1,113,OK,0.000,0.022,257,24.3676920,88.6261651,0.000,-0.010,7
2026-08-24T05:56:38.198487,0.269,2.102,35.661,6.932,2272.747,1,113,OK,0.000,0.022,257,24.3676920,88.6261651,0.000,-0.010,7
2026-08-24T05:56:38.234956,36.299,2.821,36.299,8.446,2272.747,1,113,OK,0.000,0.022,257,24.3676920,88.6261651,0.000,-0.010,7
2026-08-24T05:56:38.235639,0.793,2.829,36.299,8.443,2272.747,1,113,OK,0.000,0.022,257,24.3676920,88.6261651,0.000,-0.010,7
2026-08-24T05:56:38.236092,0.473,2.827,36.299,8.444,2272.747,1,113,OK,0.000,0.022,257,24.3676920,88.6261651,0.000,-0.010,7
2026-08-24T05:56:38.238247,2.149,2.864,36.299,8.437,2272.747,1,113,OK,0.000,0.022,257,24.3676920,88.6261651,0.000,-0.010,7
2026-08-24T05:56:38.238615,0.398,2.864,36.299,8.436,2272.747,1,113,OK,0.000,0.023,257,24.3676920,88.6261651,0.000,-0.010,7
2026-08-24T05:56:38.240822,2.199,2.903,36.299,8.429,2272.747,1,113,OK,0.000,0.023,257,24.3676920,88.6261651,0.000,-0.010,7
2026-08-24T05:56:38.241125,0.318,2.856,36.299,8.437,2272.747,1,113,OK,0.000,0.023,257,24.3676920,88.6261651,0.000,-0.010,7
2026-08-24T05:56:38.243099,1.954,2.889,36.299,8.430,2272.747,1,113,OK,0.000,0.023,257,24.3676920,88.6261651,0.000,-0.010,7
2026-08-24T05:56:38.243456,0.366,2.874,36.299,8.434,2272.747,1,113,OK,0.000,0.023,257,24.3676920,88.6261651,0.000,-0.010,7
2026-08-24T05:56:38.243778,0.313,2.874,36.299,8.434,2272.747,1,113,OK,0.000,0.023,257,24.3676920,88.6261651,0.000,-0.010,7
2026-08-24T05:56:38.244135,0.374,2.173,36.299,7.010,2272.747,1,113,OK,0.000,0.023,257,24.3676920,88.6261651,0.000,-0.010,7
2026-08-24T05:56:38.245434,1.293,2.188,36.299,7.008,2272.747,1,113,OK,0.000,0.023,257,24.3676920,88.6261651,0.000,-0.010,7
2026-08-24T05:56:38.245790,0.350,2.188,36.299,7.008,2272.747,1,113,OK,0.000,0.023,257,24.3676920,88.6261651,0.000,-0.010,7
2026-08-24T05:56:38.246090,0.316,2.170,36.299,7.011,2272.747,1,113,OK,0.000,0.023,257,24.3676920,88.6261651,0.000,-0.010,7
2026-08-24T05:56:38.246373,0.286,2.170,36.299,7.012,2272.747,1,113,OK,0.000,0.023,257,24.3676920,88.6261651,0.000,-0.010,7
2026-08-24T05:56:38.246845,0.457,2.126,36.299,7.015,2272.747,1,113,OK,0.000,0.023,257,24.3676920,88.6261651,0.000,-0.010,7
2026-08-24T05:56:38.248613,1.739,2.155,36.299,7.011,2272.747,1,113,OK,0.000,0.023,257,24.3676920,88.6261651,0.000,-0.010,7
2026-08-24T05:56:38.249052,0.429,2.158,36.299,7.010,2272.747,1,113,OK,0.000,0.023,257,24.3676920,88.6261651,0.000,-0.010,7
2026-08-24T05:56:38.249908,0.862,2.169,36.299,7.007,2272.747,1,113,OK,0.000,0.023,257,24.3676920,88.6261651,0.000,-0.010,7
2026-08-24T05:56:38.250284,0.398,2.172,36.299,7.007,2272.747,1,113,OK,0.000,0.023,257,24.3676920,88.6261651,0.000,-0.010,7
2026-08-24T05:56:38.285790,35.345,2.852,36.299,8.430,2272.747,1,113,OK,0.000,0.023,257,24.3676920,88.6261651,0.000,-0.010,7
2026-08-24T05:56:38.286482,0.804,2.861,36.299,8.427,2272.747,1,113,OK,0.000,0.023,257,24.3676920,88.6261651,0.000,-0.010,7
2026-08-24T05:56:38.287974,1.109,2.877,36.299,8.423,2272.747,1,113,OK,0.000,0.023,257,24.3676920,88.6261651,0.000,-0.010,7
2026-08-24T05:56:38.288411,0.857,2.878,36.299,8.423,2272.747,1,113,OK,0.000,0.023,257,24.3676905,88.6261662,0.000,-0.010,7
2026-08-24T05:56:38.288771,0.365,2.879,36.299,8.423,2272.747,1,113,OK,0.000,0.023,257,24.3676905,88.6261662,0.000,-0.010,7
2026-08-24T05:56:38.289115,0.360,2.819,36.299,8.430,2272.747,1,113,OK,0.000,0.023,257,24.3676905,88.6261662,0.000,-0.010,7
2026-08-24T05:56:38.290918,1.804,2.847,36.299,8.424,2272.747,1,113,OK,0.000,0.023,257,24.3676905,88.6261662,0.000,-0.010,7
2026-08-24T05:56:38.291221,0.312,2.844,36.299,8.425,2272.747,1,113,OK,0.000,0.023,257,24.3676905,88.6261662,0.000,-0.010,7
2026-08-24T05:56:38.292969,1.743,2.866,36.299,8.420,2272.747,1,113,OK,0.000,0.023,257,24.3676905,88.6261662,0.000,-0.010,7
2026-08-24T05:56:38.293333,0.364,2.867,36.299,8.420,2272.747,1,113,OK,0.000,0.023,257,24.3676905,88.6261662,0.000,-0.010,7
2026-08-24T05:56:38.293707,0.357,2.161,36.299,6.969,2272.747,1,113,OK,0.000,0.023,257,24.3676905,88.6261662,0.000,-0.010,7
2026-08-24T05:56:38.294065,0.364,2.158,36.299,6.970,2272.747,1,113,OK,0.000,0.023,257,24.3676905,88.6261662,0.000,-0.010,7
2026-08-24T05:56:38.294781,0.685,2.164,36.299,6.968,2272.747,1,113,OK,0.000,0.023,257,24.3676905,88.6261662,0.000,-0.010,7
2026-08-24T05:56:38.295228,0.410,2.149,36.299,6.971,2272.747,1,113,OK,0.000,0.023,257,24.3676905,88.6261662,0.000,-0.010,7
2026-08-24T05:56:38.295572,0.422,2.148,36.299,6.972,2272.747,1,113,OK,0.000,0.023,257,24.3676905,88.6261662,0.000,-0.010,7
2026-08-24T05:56:38.295959,0.383,2.149,36.299,6.972,2272.747,1,113,OK,0.000,0.023,257,24.3676905,88.6261662,0.000,-0.010,7
2026-08-24T05:56:38.298487,2.474,2.150,36.299,6.972,2272.747,1,113,OK,0.000,0.023,257,24.3676905,88.6261662,0.000,-0.010,7
2026-08-24T05:56:38.298915,0.465,2.152,36.299,6.971,2272.747,1,113,OK,0.000,0.023,257,24.3676905,88.6261662,0.000,-0.010,7
2026-08-24T05:56:38.299280,0.379,2.123,36.299,6.975,2272.747,1,113,OK,0.000,0.023,257,24.3676905,88.6261662,0.000,-0.010,7
2026-08-24T05:56:38.299609,0.331,2.122,36.299,6.975,2272.747,1,113,OK,0.000,0.023,257,24.3676905,88.6261662,0.000,-0.010,7
2026-08-24T05:56:38.335997,36.097,2.835,36.299,8.464,2272.747,1,113,OK,0.000,0.023,257,24.3676905,88.6261662,0.000,-0.010,7
2026-08-24T05:56:38.337664,1.430,2.856,36.299,8.459,2272.747,1,113,OK,0.000,0.023,257,24.3676905,88.6261662,0.000,-0.010,7
2026-08-24T05:56:38.338263,1.091,2.869,36.299,8.456,2272.747,1,113,OK,0.000,0.023,257,24.3676905,88.6261662,0.000,-0.010,7
2026-08-24T05:56:38.338670,0.428,2.871,36.299,8.455,2272.747,1,113,OK,0.000,0.023,257,24.3676905,88.6261662,0.000,-0.010,7
2026-08-24T05:56:38.339029,0.373,2.871,36.299,8.455,2272.747,1,113,OK,0.000,0.024,257,24.3676905,88.6261662,0.000,-0.010,7
2026-08-24T05:56:38.339322,0.311,2.871,36.299,8.455,2272.747,1,113,OK,0.000,0.024,257,24.3676905,88.6261662,0.000,-0.010,7
2026-08-24T05:56:38.340890,1.561,2.867,36.299,8.456,2272.747,1,113,OK,0.000,0.024,257,24.3676905,88.6261662,0.000,-0.010,7
2026-08-24T05:56:38.341185,0.304,2.866,36.299,8.456,2272.747,1,113,OK,0.000,0.024,257,24.3676905,88.6261662,0.000,-0.010,7
2026-08-24T05:56:38.343285,2.018,2.900,36.299,8.449,2272.747,1,113,OK,0.000,0.024,257,24.3676905,88.6261662,0.000,-0.010,7
2026-08-24T05:56:38.343989,0.591,2.906,36.299,8.447,2272.747,1,113,OK,0.000,0.024,257,24.3676905,88.6261662,0.000,-0.010,7
2026-08-24T05:56:38.344801,0.934,2.199,36.097,6.940,2272.747,1,113,OK,0.000,0.024,257,24.3676905,88.6261662,0.000,-0.010,7
2026-08-24T05:56:38.345252,0.494,2.193,36.097,6.942,2272.747,1,113,OK,0.000,0.024,257,24.3676905,88.6261662,0.000,-0.010,7
2026-08-24T05:56:38.345682,0.429,2.192,36.097,6.942,2272.747,1,113,OK,0.000,0.024,257,24.3676905,88.6261662,0.000,-0.010,7
2026-08-24T05:56:38.346275,0.394,2.157,36.097,6.947,2272.747,1,113,OK,0.000,0.024,257,24.3676905,88.6261662,0.000,-0.010,7
2026-08-24T05:56:38.346909,0.831,2.165,36.097,6.945,2272.747,1,113,OK,0.000,0.024,257,24.3676905,88.6261662,0.000,-0.010,7
2026-08-24T05:56:38.347999,1.078,2.143,36.097,6.946,2272.747,1,113,OK,0.000,0.024,257,24.3676905,88.6261662,0.000,-0.010,7
2026-08-24T05:56:38.348385,0.394,2.145,36.097,6.946,2272.747,1,113,OK,0.000,0.024,257,24.3676905,88.6261662,0.000,-0.010,7
2026-08-24T05:56:38.348774,0.383,2.113,36.097,6.950,2272.747,1,113,OK,0.000,0.024,257,24.3676905,88.6261662,0.000,-0.010,7
2026-08-24T05:56:38.349746,0.965,2.125,36.097,6.948,2272.747,1,113,OK,0.000,0.024,257,24.3676905,88.6261662,0.000,-0.010,7
2026-08-24T05:56:38.350131,0.403,2.127,36.097,6.947,2272.747,1,113,OK,0.000,0.024,257,24.3676905,88.6261662,0.000,-0.010,7
2026-08-24T05:56:38.385653,35.452,2.828,36.097,8.388,2272.747,1,113,OK,0.000,0.024,257,24.3676905,88.6261662,0.000,-0.010,7
2026-08-24T05:56:38.386276,0.648,2.816,36.097,8.391,2272.747,1,113,OK,0.000,0.024,257,24.3676905,88.6261662,0.000,-0.010,7
2026-08-24T05:56:38.386704,0.462,2.818,36.097,8.391,2272.747,1,113,OK,0.000,0.024,257,24.3676905,88.6261662,0.000,-0.010,7
2026-08-24T05:56:38.387730,1.000,2.831,36.097,8.387,2272.747,1,113,OK,0.000,0.024,257,24.3676905,88.6261662,0.000,-0.010,7
2026-08-24T05:56:38.388153,0.470,2.835,36.097,8.386,2272.747,1,113,OK,0.000,0.024,257,24.3676905,88.6261662,0.000,-0.010,7
2026-08-24T05:56:38.388475,0.328,2.833,36.097,8.387,2272.747,1,113,OK,0.000,0.024,257,24.3676905,88.6261662,0.000,-0.010,7
2026-08-24T05:56:38.390937,2.449,2.847,36.097,8.385,2272.747,1,113,OK,0.000,0.024,257,24.3676905,88.6261662,0.000,-0.010,7
2026-08-24T05:56:38.391309,0.374,2.846,36.097,8.386,2272.747,1,113,OK,0.000,0.024,257,24.3676905,88.6261662,0.000,-0.010,7
2026-08-24T05:56:38.393105,1.790,2.864,36.097,8.382,2272.747,1,113,OK,0.000,0.024,257,24.3676905,88.6261662,0.000,-0.010,7
2026-08-24T05:56:38.393465,0.380,2.864,36.097,8.382,2272.747,1,113,OK,0.000,0.024,257,24.3676905,88.6261662,0.000,-0.010,7
2026-08-24T05:56:38.393854,0.376,2.164,36.097,6.954,2272.747,1,113,OK,0.000,0.024,257,24.3676905,88.6261662,0.000,-0.010,7
2026-08-24T05:56:38.394202,0.363,2.156,36.097,6.956,2272.747,1,113,OK,0.000,0.024,257,24.3676905,88.6261662,0.000,-0.010,7
2026-08-24T05:56:38.395444,1.241,2.158,36.097,6.956,2272.747,1,113,OK,0.000,0.024,257,24.3676905,88.6261662,0.000,-0.010,7
2026-08-24T05:56:38.395816,0.365,2.148,36.097,6.958,2272.747,1,113,OK,0.000,0.024,257,24.3676905,88.6261662,0.000,-0.010,7
2026-08-24T05:56:38.396120,0.322,2.148,36.097,6.958,2272.747,1,113,OK,0.000,0.024,257,24.3676905,88.6261662,0.000,-0.010,7
2026-08-24T05:56:38.396414,0.297,2.146,36.097,6.959,2272.747,1,113,OK,0.000,0.024,257,24.3676905,88.6261662,0.000,-0.010,7
2026-08-24T05:56:38.397943,1.522,2.141,36.097,6.959,2272.747,1,113,OK,0.000,0.024,257,24.3676905,88.6261662,0.000,-0.010,7
2026-08-24T05:56:38.398226,0.293,2.140,36.097,6.959,2272.747,1,113,OK,0.000,0.024,257,24.3676905,88.6261662,0.000,-0.010,7
2026-08-24T05:56:38.398494,0.270,2.111,36.097,6.964,2272.747,1,113,OK,0.000,0.024,257,24.3676905,88.6261662,0.000,-0.010,7
2026-08-24T05:56:38.398782,0.271,2.109,36.097,6.964,2272.747,1,113,OK,0.000,0.024,257,24.3676905,88.6261662,0.000,-0.010,7
2026-08-24T05:56:38.435678,36.771,2.837,36.771,8.510,2272.747,1,113,OK,0.000,0.024,257,24.3676905,88.6261662,0.000,-0.010,7
2026-08-24T05:56:38.436514,0.829,2.847,36.771,8.507,2272.747,1,113,OK,0.000,0.024,257,24.3676905,88.6261662,0.000,-0.010,7
2026-08-24T05:56:38.436981,0.578,2.844,36.771,8.508,2272.747,1,113,OK,0.000,0.024,257,24.3676905,88.6261662,0.000,-0.010,7
2026-08-24T05:56:38.438032,1.059,2.857,36.771,8.505,2272.747,1,113,OK,0.000,0.024,257,24.3676905,88.6261662,0.000,-0.010,7
2026-08-24T05:56:38.438366,0.348,2.856,36.771,8.505,2272.747,1,113,OK,0.000,0.024,257,24.3676905,88.6261662,0.000,-0.010,7
2026-08-24T05:56:38.440954,2.576,2.900,36.771,8.498,2272.747,1,113,OK,0.000,0.024,257,24.3676905,88.6261662,0.000,-0.010,7
2026-08-24T05:56:38.441276,0.341,2.857,36.771,8.505,2272.747,1,113,OK,0.000,0.024,257,24.3676905,88.6261662,0.000,-0.010,7
2026-08-24T05:56:38.443266,1.937,2.887,36.771,8.499,2272.747,1,113,OK,0.000,0.024,257,24.3676905,88.6261662,0.000,-0.010,7
2026-08-24T05:56:38.443665,0.431,2.888,36.771,8.499,2272.747,1,113,OK,0.000,0.024,257,24.3676905,88.6261662,0.000,-0.010,7
2026-08-24T05:56:38.444017,0.357,2.888,36.771,8.499,2272.747,1,113,OK,0.000,0.024,257,24.3676905,88.6261662,0.000,-0.010,7
2026-08-24T05:56:38.444384,0.366,2.174,36.771,7.024,2272.747,1,113,OK,0.000,0.024,257,24.3676905,88.6261662,0.000,-0.010,7
2026-08-24T05:56:38.445427,1.042,2.166,36.771,7.025,2272.747,1,113,OK,0.000,0.024,257,24.3676905,88.6261662,0.000,-0.010,7
2026-08-24T05:56:38.445794,0.361,2.151,36.771,7.028,2272.747,1,113,OK,0.000,0.024,257,24.3676905,88.6261662,0.000,-0.010,7
2026-08-24T05:56:38.446102,0.326,2.149,36.771,7.028,2272.747,1,113,OK,0.000,0.024,257,24.3676905,88.6261662,0.000,-0.010,7
2026-08-24T05:56:38.446388,0.291,2.147,36.771,7.029,2272.747,1,113,OK,0.000,0.024,257,24.3676905,88.6261662,0.000,-0.010,7
2026-08-24T05:56:38.446953,0.445,2.150,36.771,7.028,2272.747,1,113,OK,0.000,0.024,257,24.3676905,88.6261662,0.000,-0.010,7
2026-08-24T05:56:38.449060,2.148,2.162,36.771,7.028,2272.747,1,113,OK,0.000,0.024,257,24.3676905,88.6261662,0.000,-0.010,7
2026-08-24T05:56:38.449465,0.461,2.165,36.771,7.027,2272.747,1,113,OK,0.000,0.024,257,24.3676905,88.6261662,0.000,-0.010,7
2026-08-24T05:56:38.449950,0.441,2.133,36.771,7.031,2272.747,1,113,OK,0.000,0.024,257,24.3676905,88.6261662,0.000,-0.010,7
2026-08-24T05:56:38.450355,0.451,2.131,36.771,7.032,2272.747,1,113,OK,0.000,0.024,257,24.3676905,88.6261662,0.000,-0.010,7
2026-08-24T05:56:38.485628,35.174,2.815,36.771,8.439,2272.747,1,113,OK,0.000,0.024,257,24.3676905,88.6261662,0.000,-0.010,7
2026-08-24T05:56:38.486294,0.710,2.820,36.771,8.438,2272.747,1,113,OK,0.000,0.024,257,24.3676905,88.6261662,0.000,-0.010,7
2026-08-24T05:56:38.486727,0.454,2.820,36.771,8.438,2272.747,1,113,OK,0.000,0.024,257,24.3676905,88.6261662,0.000,-0.010,7
2026-08-24T05:56:38.487964,1.085,2.834,36.771,8.434,2272.747,1,113,OK,0.000,0.024,257,24.3676893,88.6261652,0.000,-0.010,7
2026-08-24T05:56:38.488583,0.788,2.833,36.771,8.435,2272.747,1,113,OK,0.000,0.024,257,24.3676893,88.6261652,0.000,-0.010,7
2026-08-24T05:56:38.490581,1.997,2.852,36.771,8.432,2272.747,1,113,OK,0.000,0.024,257,24.3676893,88.6261652,0.000,-0.010,7
2026-08-24T05:56:38.491148,0.466,2.853,36.771,8.431,2272.747,1,113,OK,0.000,0.024,257,24.3676893,88.6261652,0.000,-0.010,7
2026-08-24T05:56:38.491660,0.548,2.856,36.771,8.430,2272.747,1,113,OK,0.000,0.024,257,24.3676893,88.6261652,0.000,-0.010,7
2026-08-24T05:56:38.492197,0.537,2.848,36.771,8.432,2272.747,1,113,OK,0.000,0.024,257,24.3676893,88.6261652,0.000,-0.010,7
2026-08-24T05:56:38.492577,0.454,2.849,36.771,8.432,2272.747,1,113,OK,0.000,0.024,257,24.3676893,88.6261652,0.000,-0.010,7
2026-08-24T05:56:38.493103,0.520,2.150,36.771,7.002,2272.747,1,113,OK,0.000,0.024,257,24.3676893,88.6261652,0.000,-0.010,7
2026-08-24T05:56:38.493476,0.396,2.145,36.771,7.003,2272.747,1,113,OK,0.000,0.024,257,24.3676893,88.6261652,0.000,-0.010,7
2026-08-24T05:56:38.493837,0.350,2.143,36.771,7.003,2272.747,1,113,OK,0.000,0.024,257,24.3676893,88.6261652,0.000,-0.010,7
2026-08-24T05:56:38.494507,0.684,2.137,36.771,7.004,2272.747,1,113,OK,0.000,0.024,257,24.3676893,88.6261652,0.000,-0.010,7
2026-08-24T05:56:38.494826,0.308,2.133,36.771,7.005,2272.747,1,113,OK,0.000,0.024,257,24.3676893,88.6261652,0.000,-0.010,7
2026-08-24T05:56:38.498073,3.231,2.191,36.771,7.002,2272.747,1,113,OK,0.000,0.024,257,24.3676893,88.6261652,0.000,-0.010,7
2026-08-24T05:56:38.498433,0.384,2.150,36.771,7.007,2272.747,1,113,OK,0.000,0.024,257,24.3676893,88.6261652,0.000,-0.010,7
2026-08-24T05:56:38.498783,0.333,2.149,36.771,7.007,2272.747,1,113,OK,0.000,0.024,257,24.3676893,88.6261652,0.000,-0.010,7
2026-08-24T05:56:38.499665,0.896,2.131,36.771,7.009,2272.747,1,113,OK,0.000,0.024,257,24.3676893,88.6261652,0.000,-0.010,7
2026-08-24T05:56:38.500020,0.361,2.131,36.771,7.009,2272.747,1,113,OK,0.000,0.024,257,24.3676893,88.6261652,0.000,-0.010,7
2026-08-24T05:56:38.535622,35.488,2.833,36.771,8.442,2272.747,1,113,OK,0.000,0.024,257,24.3676893,88.6261652,0.000,-0.010,7
2026-08-24T05:56:38.536215,0.656,2.839,36.771,8.440,2272.747,1,113,OK,0.000,0.024,257,24.3676893,88.6261652,0.000,-0.010,7
2026-08-24T05:56:38.536615,0.434,2.823,36.771,8.444,2272.747,1,113,OK,0.000,0.024,257,24.3676893,88.6261652,0.000,-0.010,7
2026-08-24T05:56:38.537619,1.005,2.836,36.771,8.441,2272.747,1,113,OK,0.000,0.024,257,24.3676893,88.6261652,0.000,-0.010,7
2026-08-24T05:56:38.537995,0.382,2.837,36.771,8.441,2272.747,1,113,OK,0.000,0.025,257,24.3676893,88.6261652,0.000,-0.010,7
2026-08-24T05:56:38.540589,2.580,2.883,36.771,8.433,2272.747,1,113,OK,0.000,0.025,257,24.3676893,88.6261652,0.000,-0.010,7
2026-08-24T05:56:38.540974,0.394,2.860,36.771,8.438,2272.747,1,113,OK,0.000,0.025,257,24.3676893,88.6261652,0.000,-0.010,7
2026-08-24T05:56:38.541318,0.351,2.861,36.771,8.438,2272.747,1,113,OK,0.000,0.025,257,24.3676893,88.6261652,0.000,-0.010,7
2026-08-24T05:56:38.541633,0.325,2.862,36.771,8.437,2272.747,1,113,OK,0.000,0.025,257,24.3676893,88.6261652,0.000,-0.010,7
2026-08-24T05:56:38.541929,0.301,2.863,36.771,8.437,2272.747,1,113,OK,0.000,0.025,257,24.3676893,88.6261652,0.000,-0.010,7
2026-08-24T05:56:38.543081,1.141,2.150,35.488,6.875,2272.747,1,113,OK,0.000,0.025,257,24.3676893,88.6261652,0.000,-0.010,7
2026-08-24T05:56:38.543954,0.843,2.151,35.488,6.875,2272.747,1,113,OK,0.000,0.025,257,24.3676893,88.6261652,0.000,-0.010,7
2026-08-24T05:56:38.544445,0.516,2.149,35.488,6.875,2272.747,1,113,OK,0.000,0.025,257,24.3676893,88.6261652,0.000,-0.010,7
2026-08-24T05:56:38.544794,0.341,2.135,35.488,6.878,2272.747,1,113,OK,0.000,0.025,257,24.3676893,88.6261652,0.000,-0.010,7
2026-08-24T05:56:38.546033,1.246,2.153,35.488,6.875,2272.747,1,113,OK,0.000,0.025,257,24.3676893,88.6261652,0.000,-0.010,7
2026-08-24T05:56:38.547826,1.776,2.137,35.488,6.874,2272.747,1,113,OK,0.000,0.025,257,24.3676893,88.6261652,0.000,-0.010,7
2026-08-24T05:56:38.548366,0.473,2.140,35.488,6.874,2272.747,1,113,OK,0.000,0.025,257,24.3676893,88.6261652,0.000,-0.010,7
2026-08-24T05:56:38.548819,0.524,2.111,35.488,6.878,2272.747,1,113,OK,0.000,0.025,257,24.3676893,88.6261652,0.000,-0.010,7
2026-08-24T05:56:38.549172,0.379,2.110,35.488,6.878,2272.747,1,113,OK,0.000,0.025,257,24.3676893,88.6261652,0.000,-0.010,7
2026-08-24T05:56:38.549681,0.479,2.113,35.488,6.877,2272.747,1,113,OK,0.000,0.025,257,24.3676893,88.6261652,0.000,-0.010,7
2026-08-24T05:56:38.585767,35.962,2.825,35.962,8.373,2272.747,1,113,OK,0.000,0.025,257,24.3676893,88.6261652,0.000,-0.010,7
2026-08-24T05:56:38.586387,0.733,2.819,35.962,8.374,2272.747,1,113,OK,0.000,0.025,257,24.3676893,88.6261652,0.000,-0.010,7
2026-08-24T05:56:38.586804,0.421,2.820,35.962,8.374,2272.747,1,113,OK,0.000,0.025,257,24.3676893,88.6261652,0.000,-0.010,7
2026-08-24T05:56:38.588081,1.306,2.839,35.962,8.369,2272.747,1,113,OK,0.000,0.025,257,24.3676893,88.6261652,0.000,-0.010,7
2026-08-24T05:56:38.588406,0.337,2.840,35.962,8.369,2272.747,1,113,OK,0.000,0.025,257,24.3676893,88.6261652,0.000,-0.010,7
2026-08-24T05:56:38.588723,0.306,2.838,35.962,8.369,2272.747,1,113,OK,0.000,0.025,257,24.3676893,88.6261652,0.000,-0.010,7
2026-08-24T05:56:38.590930,2.210,2.839,35.962,8.369,2272.747,1,113,OK,0.000,0.025,257,24.3676893,88.6261652,0.000,-0.010,7
2026-08-24T05:56:38.591251,0.333,2.836,35.962,8.370,2272.747,1,113,OK,0.000,0.025,257,24.3676893,88.6261652,0.000,-0.010,7
2026-08-24T05:56:38.593012,1.748,2.862,35.962,8.364,2272.747,1,113,OK,0.000,0.025,257,24.3676893,88.6261652,0.000,-0.010,7
2026-08-24T05:56:38.593336,0.334,2.860,35.962,8.365,2272.747,1,113,OK,0.000,0.025,257,24.3676893,88.6261652,0.000,-0.010,7
2026-08-24T05:56:38.593682,0.349,2.164,35.962,6.950,2272.747,1,113,OK,0.000,0.025,257,24.3676893,88.6261652,0.000,-0.010,7
2026-08-24T05:56:38.593993,0.314,2.156,35.962,6.952,2272.747,1,113,OK,0.000,0.025,257,24.3676893,88.6261652,0.000,-0.010,7
2026-08-24T05:56:38.594661,0.662,2.160,35.962,6.951,2272.747,1,113,OK,0.000,0.025,257,24.3676893,88.6261652,0.000,-0.010,7
2026-08-24T05:56:38.594996,0.334,2.145,35.962,6.954,2272.747,1,113,OK,0.000,0.025,257,24.3676893,88.6261652,0.000,-0.010,7
2026-08-24T05:56:38.595384,0.390,2.137,35.962,6.956,2272.747,1,113,OK,0.000,0.025,257,24.3676893,88.6261652,0.000,-0.010,7
2026-08-24T05:56:38.595677,0.297,2.103,35.962,6.961,2272.747,1,113,OK,0.000,0.025,257,24.3676893,88.6261652,0.000,-0.010,7
2026-08-24T05:56:38.598023,2.341,2.140,35.962,6.957,2272.747,1,113,OK,0.000,0.025,257,24.3676893,88.6261652,0.000,-0.010,7
2026-08-24T05:56:38.598315,0.296,2.135,35.962,6.958,2272.747,1,113,OK,0.000,0.025,257,24.3676893,88.6261652,0.000,-0.010,7
2026-08-24T05:56:38.598586,0.275,2.130,35.962,6.959,2272.747,1,113,OK,0.000,0.025,257,24.3676893,88.6261652,0.000,-0.010,7
2026-08-24T05:56:38.598885,0.296,2.127,35.962,6.960,2272.747,1,113,OK,0.000,0.025,257,24.3676893,88.6261652,0.000,-0.010,7
2026-08-24T05:56:38.635559,36.598,2.848,36.598,8.492,2272.747,1,113,OK,0.000,0.025,257,24.3676893,88.6261652,0.000,-0.010,7
2026-08-24T05:56:38.636054,0.540,2.851,36.598,8.491,2272.747,1,113,OK,0.000,0.025,257,24.3676893,88.6261652,0.000,-0.010,7
2026-08-24T05:56:38.636417,0.377,2.852,36.598,8.491,2272.747,1,113,OK,0.000,0.025,257,24.3676893,88.6261652,0.000,-0.010,7
2026-08-24T05:56:38.638206,1.791,2.874,36.598,8.486,2272.747,1,113,OK,0.000,0.025,257,24.3676893,88.6261652,0.000,-0.010,7
2026-08-24T05:56:38.638528,0.325,2.874,36.598,8.486,2272.747,1,113,OK,0.000,0.025,257,24.3676893,88.6261652,0.000,-0.010,7
2026-08-24T05:56:38.639446,0.922,2.828,36.598,8.491,2272.747,1,113,OK,0.000,0.025,257,24.3676893,88.6261652,0.000,-0.010,7
2026-08-24T05:56:38.642558,3.055,2.882,36.598,8.483,2272.747,1,113,OK,0.000,0.025,257,24.3676893,88.6261652,0.000,-0.010,7
2026-08-24T05:56:38.643104,0.492,2.885,36.598,8.482,2272.747,1,113,OK,0.000,0.025,257,24.3676893,88.6261652,0.000,-0.010,7
2026-08-24T05:56:38.643518,0.496,2.877,36.598,8.484,2272.747,1,113,OK,0.000,0.025,257,24.3676893,88.6261652,0.000,-0.010,7
2026-08-24T05:56:38.644237,0.699,2.883,36.598,8.482,2272.747,1,113,OK,0.000,0.025,257,24.3676893,88.6261652,0.000,-0.010,7
2026-08-24T05:56:38.644813,0.577,2.185,36.598,7.062,2272.747,1,113,OK,0.000,0.025,257,24.3676893,88.6261652,0.000,-0.010,7
2026-08-24T05:56:38.645285,0.428,2.181,36.598,7.063,2272.747,1,113,OK,0.000,0.025,257,24.3676893,88.6261652,0.000,-0.010,7
2026-08-24T05:56:38.645725,0.493,2.182,36.598,7.063,2272.747,1,113,OK,0.000,0.025,257,24.3676893,88.6261652,0.000,-0.010,7
2026-08-24T05:56:38.646099,0.395,2.170,36.598,7.065,2272.747,1,113,OK,0.000,0.025,257,24.3676893,88.6261652,0.000,-0.010,7
2026-08-24T05:56:38.647736,1.617,2.194,36.598,7.061,2272.747,1,113,OK,0.000,0.025,257,24.3676893,88.6261652,0.000,-0.010,7
2026-08-24T05:56:38.648113,0.398,2.151,36.598,7.065,2272.747,1,113,OK,0.000,0.025,257,24.3676893,88.6261652,0.000,-0.010,7
2026-08-24T05:56:38.648441,0.335,2.150,36.598,7.066,2272.747,1,113,OK,0.000,0.025,257,24.3676893,88.6261652,0.000,-0.010,7
2026-08-24T05:56:38.648765,0.314,2.149,36.598,7.066,2272.747,1,113,OK,0.000,0.025,257,24.3676893,88.6261652,0.000,-0.010,7
2026-08-24T05:56:38.650059,1.263,2.168,36.598,7.062,2272.747,1,113,OK,0.000,0.025,257,24.3676893,88.6261652,0.000,-0.010,7
2026-08-24T05:56:38.650502,0.450,2.171,36.598,7.061,2272.747,1,113,OK,0.000,0.025,257,24.3676893,88.6261652,0.000,-0.010,7
2026-08-24T05:56:38.685549,35.014,2.848,36.598,8.449,2272.747,1,113,OK,0.000,0.025,257,24.3676893,88.6261652,0.000,-0.010,7
2026-08-24T05:56:38.686035,0.531,2.842,36.598,8.451,2272.747,1,113,OK,0.000,0.025,257,24.3676893,88.6261652,0.000,-0.010,7
2026-08-24T05:56:38.686381,0.367,2.839,36.598,8.452,2272.747,1,113,OK,0.000,0.025,257,24.3676893,88.6261652,0.000,-0.010,7
2026-08-24T05:56:38.688136,1.739,2.867,36.598,8.445,2272.747,1,113,OK,0.000,0.025,257,24.3676884,88.6261639,0.000,-0.010,7
2026-08-24T05:56:38.688524,0.387,2.850,36.598,8.450,2272.747,1,113,OK,0.000,0.025,257,24.3676884,88.6261639,0.000,-0.010,7
2026-08-24T05:56:38.688920,0.385,2.822,36.598,8.456,2272.747,1,113,OK,0.000,0.025,257,24.3676884,88.6261639,0.000,-0.010,7
2026-08-24T05:56:38.690926,2.032,2.853,36.598,8.450,2272.747,1,113,OK,0.000,0.025,257,24.3676884,88.6261639,0.000,-0.010,7
2026-08-24T05:56:38.691259,0.339,2.849,36.598,8.451,2272.747,1,113,OK,0.000,0.025,257,24.3676884,88.6261639,0.000,-0.010,7
2026-08-24T05:56:38.693026,1.753,2.877,36.598,8.445,2272.747,1,113,OK,0.000,0.025,257,24.3676884,88.6261639,0.000,-0.010,7
2026-08-24T05:56:38.693429,0.399,2.875,36.598,8.445,2272.747,1,113,OK,0.000,0.025,257,24.3676884,88.6261639,0.000,-0.010,7
2026-08-24T05:56:38.693945,0.504,2.166,36.598,6.970,2272.747,1,113,OK,0.000,0.025,257,24.3676884,88.6261639,0.000,-0.010,7
2026-08-24T05:56:38.694326,0.397,2.159,36.598,6.972,2272.747,1,113,OK,0.000,0.025,257,24.3676884,88.6261639,0.000,-0.010,7
2026-08-24T05:56:38.695600,1.253,2.176,36.598,6.968,2272.747,1,113,OK,0.000,0.025,257,24.3676884,88.6261639,0.000,-0.010,7
2026-08-24T05:56:38.696025,0.439,2.159,36.598,6.972,2272.747,1,113,OK,0.000,0.025,257,24.3676884,88.6261639,0.000,-0.010,7
2026-08-24T05:56:38.696373,0.351,2.159,36.598,6.972,2272.747,1,113,OK,0.000,0.025,257,24.3676884,88.6261639,0.000,-0.010,7
2026-08-24T05:56:38.696849,0.421,2.161,36.598,6.971,2272.747,1,113,OK,0.000,0.025,257,24.3676884,88.6261639,0.000,-0.010,7
2026-08-24T05:56:38.698366,1.521,2.147,36.598,6.972,2272.747,1,113,OK,0.000,0.025,257,24.3676884,88.6261639,0.000,-0.010,7
2026-08-24T05:56:38.698832,0.492,2.151,36.598,6.971,2272.747,1,113,OK,0.000,0.025,257,24.3676884,88.6261639,0.000,-0.010,7
2026-08-24T05:56:38.699778,0.932,2.134,36.598,6.973,2272.747,1,113,OK,0.000,0.025,257,24.3676884,88.6261639,0.000,-0.010,7
2026-08-24T05:56:38.700227,0.489,2.137,36.598,6.972,2272.747,1,113,OK,0.000,0.025,257,24.3676884,88.6261639,0.000,-0.010,7
2026-08-24T05:56:38.735510,35.235,2.835,36.598,8.391,2272.747,1,113,OK,0.000,0.025,257,24.3676884,88.6261639,0.000,-0.010,7
2026-08-24T05:56:38.735936,0.464,2.838,36.598,8.390,2272.747,1,113,OK,0.000,0.025,257,24.3676884,88.6261639,0.000,-0.010,7
2026-08-24T05:56:38.736281,0.361,2.832,36.598,8.391,2272.747,1,113,OK,0.000,0.025,257,24.3676884,88.6261639,0.000,-0.010,7
2026-08-24T05:56:38.737609,1.332,2.852,36.598,8.386,2272.747,1,113,OK,0.000,0.025,257,24.3676884,88.6261639,0.000,-0.010,7
2026-08-24T05:56:38.737923,0.316,2.850,36.598,8.387,2272.747,1,113,OK,0.000,0.025,257,24.3676884,88.6261639,0.000,-0.010,7
2026-08-24T05:56:38.740521,2.599,2.897,36.598,8.379,2272.747,1,113,OK,0.000,0.025,257,24.3676884,88.6261639,0.000,-0.010,7
2026-08-24T05:56:38.740822,0.299,2.856,36.598,8.387,2272.747,1,113,OK,0.000,0.025,257,24.3676884,88.6261639,0.000,-0.010,7
2026-08-24T05:56:38.741110,0.296,2.856,36.598,8.387,2272.747,1,113,OK,0.000,0.025,257,24.3676884,88.6261639,0.000,-0.010,7
2026-08-24T05:56:38.741390,0.282,2.856,36.598,8.387,2272.747,1,113,OK,0.000,0.025,257,24.3676884,88.6261639,0.000,-0.010,7
2026-08-24T05:56:38.741661,0.273,2.855,36.598,8.387,2272.747,1,113,OK,0.000,0.025,257,24.3676884,88.6261639,0.000,-0.010,7
2026-08-24T05:56:38.743005,1.341,2.150,35.235,6.829,2272.747,1,113,OK,0.000,0.025,257,24.3676884,88.6261639,0.000,-0.010,7
2026-08-24T05:56:38.743301,0.294,2.145,35.235,6.831,2272.747,1,113,OK,0.000,0.025,257,24.3676884,88.6261639,0.000,-0.010,7
2026-08-24T05:56:38.743602,0.303,2.144,35.235,6.831,2272.747,1,113,OK,0.000,0.025,257,24.3676884,88.6261639,0.000,-0.010,7
2026-08-24T05:56:38.744505,0.894,2.126,35.235,6.833,2272.747,1,113,OK,0.000,0.025,257,24.3676884,88.6261639,0.000,-0.010,7
2026-08-24T05:56:38.744828,0.301,2.125,35.235,6.833,2272.747,1,113,OK,0.000,0.025,257,24.3676884,88.6261639,0.000,-0.010,7
2026-08-24T05:56:38.747957,3.153,2.170,35.235,6.833,2272.747,1,113,OK,0.000,0.025,257,24.3676884,88.6261639,0.000,-0.010,7
2026-08-24T05:56:38.748244,0.292,2.115,35.235,6.836,2272.747,1,113,OK,0.000,0.025,257,24.3676884,88.6261639,0.000,-0.010,7
2026-08-24T05:56:38.748519,0.278,2.110,35.235,6.838,2272.747,1,113,OK,0.000,0.025,257,24.3676884,88.6261639,0.000,-0.010,7
2026-08-24T05:56:38.749641,1.110,2.123,35.235,6.835,2272.747,1,113,OK,0.000,0.025,257,24.3676884,88.6261639,0.000,-0.010,7
2026-08-24T05:56:38.749953,0.318,2.115,35.235,6.837,2272.747,1,113,OK,0.000,0.025,257,24.3676884,88.6261639,0.000,-0.010,7
2026-08-24T05:56:38.785634,35.578,2.815,35.578,8.310,2272.747,1,113,OK,0.000,0.025,257,24.3676884,88.6261639,0.000,-0.010,7
2026-08-24T05:56:38.786304,0.675,2.820,35.578,8.308,2272.747,1,113,OK,0.000,0.025,257,24.3676884,88.6261639,0.000,-0.010,7
2026-08-24T05:56:38.786816,0.485,2.820,35.578,8.308,2272.747,1,113,OK,0.000,0.025,257,24.3676884,88.6261639,0.000,-0.010,7
2026-08-24T05:56:38.787401,0.662,2.825,35.578,8.307,2272.747,1,113,OK,0.000,0.025,257,24.3676884,88.6261639,0.000,-0.010,7
2026-08-24T05:56:38.790653,3.212,2.857,35.578,8.305,2272.747,1,113,OK,0.000,0.025,257,24.3676884,88.6261639,0.000,-0.010,7
2026-08-24T05:56:38.791196,0.571,2.861,35.578,8.304,2272.747,1,113,OK,0.000,0.025,257,24.3676884,88.6261639,0.000,-0.010,7
2026-08-24T05:56:38.791625,0.448,2.863,35.578,8.303,2272.747,1,113,OK,0.000,0.025,257,24.3676884,88.6261639,0.000,-0.010,7
2026-08-24T05:56:38.792202,0.558,2.868,35.578,8.302,2272.747,1,113,OK,0.000,0.025,257,24.3676884,88.6261639,0.000,-0.010,7
2026-08-24T05:56:38.793095,0.912,2.861,35.578,8.303,2272.747,1,113,OK,0.000,0.025,257,24.3676884,88.6261639,0.000,-0.010,7
2026-08-24T05:56:38.793631,0.498,2.862,35.578,8.303,2272.747,1,113,OK,0.000,0.025,257,24.3676884,88.6261639,0.000,-0.010,7
2026-08-24T05:56:38.794212,0.621,2.174,35.578,6.889,2272.747,1,113,OK,0.000,0.025,257,24.3676884,88.6261639,0.000,-0.010,7
2026-08-24T05:56:38.794674,0.469,2.173,35.578,6.890,2272.747,1,113,OK,0.000,0.025,257,24.3676884,88.6261639,0.000,-0.010,7
2026-08-24T05:56:38.795212,0.524,2.176,35.578,6.889,2272.747,1,113,OK,0.000,0.025,257,24.3676884,88.6261639,0.000,-0.010,7
2026-08-24T05:56:38.795582,0.400,2.149,35.578,6.893,2272.747,1,113,OK,0.000,0.025,257,24.3676884,88.6261639,0.000,-0.010,7
2026-08-24T05:56:38.798297,2.596,2.193,35.578,6.889,2272.747,1,113,OK,0.000,0.025,257,24.3676884,88.6261639,0.000,-0.010,7
2026-08-24T05:56:38.798783,0.575,2.197,35.578,6.888,2272.747,1,113,OK,0.000,0.025,257,24.3676884,88.6261639,0.000,-0.010,7
2026-08-24T05:56:38.799160,0.395,2.164,35.578,6.893,2272.747,1,113,OK,0.000,0.025,257,24.3676884,88.6261639,0.000,-0.010,7
2026-08-24T05:56:38.800062,0.915,2.176,35.578,6.890,2272.747,1,113,OK,0.000,0.025,257,24.3676884,88.6261639,0.000,-0.010,7
2026-08-24T05:56:38.800434,0.378,2.148,35.578,6.894,2272.747,1,113,OK,0.000,0.025,257,24.3676884,88.6261639,0.000,-0.010,7
2026-08-24T05:56:38.800750,0.323,2.147,35.578,6.895,2272.747,1,113,OK,0.000,0.025,257,24.3676884,88.6261639,0.000,-0.010,7
2026-08-24T05:56:38.835533,34.743,2.831,35.578,8.288,2272.747,1,113,OK,0.000,0.025,257,24.3676884,88.6261639,0.000,-0.010,7
2026-08-24T05:56:38.835954,0.458,2.833,35.578,8.287,2272.747,1,113,OK,0.000,0.025,257,24.3676884,88.6261639,0.000,-0.010,7
2026-08-24T05:56:38.836278,0.336,2.814,35.578,8.292,2272.747,1,113,OK,0.000,0.025,257,24.3676884,88.6261639,0.000,-0.010,7
2026-08-24T05:56:38.838358,2.055,2.847,35.578,8.286,2272.747,1,113,OK,0.000,0.025,257,24.3676884,88.6261639,0.000,-0.010,7
2026-08-24T05:56:38.838756,0.396,2.848,35.578,8.285,2272.747,1,113,OK,0.000,0.025,257,24.3676884,88.6261639,0.000,-0.010,7
2026-08-24T05:56:38.839528,0.769,2.855,35.578,8.284,2272.747,1,113,OK,0.000,0.025,257,24.3676884,88.6261639,0.000,-0.010,7
2026-08-24T05:56:38.843108,3.600,2.896,35.578,8.282,2272.747,1,113,OK,0.000,0.025,257,24.3676884,88.6261639,0.000,-0.010,7
2026-08-24T05:56:38.843422,0.331,2.893,35.578,8.283,2272.747,1,113,OK,0.000,0.025,257,24.3676884,88.6261639,0.000,-0.010,7
2026-08-24T05:56:38.843714,0.288,2.880,35.578,8.287,2272.747,1,113,OK,0.000,0.025,257,24.3676884,88.6261639,0.000,-0.010,7
2026-08-24T05:56:38.844002,0.296,2.876,35.578,8.288,2272.747,1,113,OK,0.000,0.025,257,24.3676884,88.6261639,0.000,-0.010,7
2026-08-24T05:56:38.844313,0.311,2.178,35.578,6.852,2272.747,1,113,OK,0.000,0.025,257,24.3676884,88.6261639,0.000,-0.010,7
2026-08-24T05:56:38.845396,1.070,2.190,35.578,6.850,2272.747,1,113,OK,0.000,0.025,257,24.3676884,88.6261639,0.000,-0.010,7
2026-08-24T05:56:38.845743,0.345,2.190,35.578,6.850,2272.747,1,113,OK,0.000,0.025,257,24.3676884,88.6261639,0.000,-0.010,7
2026-08-24T05:56:38.846050,0.307,2.169,35.578,6.854,2272.747,1,113,OK,0.000,0.025,257,24.3676884,88.6261639,0.000,-0.010,7
2026-08-24T05:56:38.847792,1.735,2.197,35.578,6.849,2272.747,1,113,OK,0.000,0.025,257,24.3676884,88.6261639,0.000,-0.010,7
2026-08-24T05:56:38.848096,0.314,2.152,35.578,6.854,2272.747,1,113,OK,0.000,0.025,257,24.3676884,88.6261639,0.000,-0.010,7
2026-08-24T05:56:38.848376,0.279,2.151,35.578,6.854,2272.747,1,113,OK,0.000,0.025,257,24.3676884,88.6261639,0.000,-0.010,7
2026-08-24T05:56:38.848656,0.286,2.151,35.578,6.854,2272.747,1,113,OK,0.000,0.025,257,24.3676884,88.6261639,0.000,-0.010,7
2026-08-24T05:56:38.849970,1.292,2.171,35.578,6.850,2272.747,1,113,OK,0.000,0.025,257,24.3676884,88.6261639,0.000,-0.010,7
2026-08-24T05:56:38.850302,0.343,2.173,35.578,6.850,2272.747,1,113,OK,0.000,0.025,257,24.3676884,88.6261639,0.000,-0.010,7
2026-08-24T05:56:38.885556,35.191,2.850,35.578,8.288,2272.747,1,113,OK,0.000,0.025,257,24.3676884,88.6261639,0.000,-0.010,7
2026-08-24T05:56:38.886014,0.496,2.854,35.578,8.286,2272.747,1,113,OK,0.000,0.025,257,24.3676884,88.6261639,0.000,-0.010,7
2026-08-24T05:56:38.886366,0.372,2.855,35.578,8.286,2272.747,1,113,OK,0.000,0.025,257,24.3676884,88.6261639,0.000,-0.010,7
2026-08-24T05:56:38.888030,1.666,2.871,35.578,8.283,2272.747,1,113,OK,0.000,0.025,257,24.3676867,88.6261637,0.000,-0.010,7
2026-08-24T05:56:38.888349,0.320,2.871,35.578,8.283,2272.747,1,113,OK,0.000,0.026,257,24.3676867,88.6261637,0.000,-0.010,7
2026-08-24T05:56:38.888719,0.359,2.815,35.578,8.290,2272.747,1,113,OK,0.000,0.026,257,24.3676867,88.6261637,0.000,-0.010,7
2026-08-24T05:56:38.890903,2.198,2.853,35.578,8.283,2272.747,1,113,OK,0.000,0.026,257,24.3676867,88.6261637,0.000,-0.010,7
2026-08-24T05:56:38.891209,0.308,2.854,35.578,8.283,2272.747,1,113,OK,0.000,0.026,257,24.3676867,88.6261637,0.000,-0.010,7
2026-08-24T05:56:38.892952,1.747,2.866,35.578,8.280,2272.747,1,113,OK,0.000,0.026,257,24.3676867,88.6261637,0.000,-0.010,7
2026-08-24T05:56:38.893237,0.290,2.866,35.578,8.281,2272.747,1,113,OK,0.000,0.026,257,24.3676867,88.6261637,0.000,-0.010,7
2026-08-24T05:56:38.893550,0.313,2.161,35.191,6.808,2272.747,1,113,OK,0.000,0.026,257,24.3676867,88.6261637,0.000,-0.010,7
2026-08-24T05:56:38.893865,0.303,2.153,35.191,6.810,2272.747,1,113,OK,0.000,0.026,257,24.3676867,88.6261637,0.000,-0.010,7
2026-08-24T05:56:38.894711,0.844,2.160,35.191,6.809,2272.747,1,113,OK,0.000,0.026,257,24.3676867,88.6261637,0.000,-0.010,7
2026-08-24T05:56:38.895008,0.311,2.153,35.191,6.810,2272.747,1,113,OK,0.000,0.026,257,24.3676867,88.6261637,0.000,-0.010,7
2026-08-24T05:56:38.895283,0.276,2.095,35.191,6.814,2272.747,1,113,OK,0.000,0.026,257,24.3676867,88.6261637,0.000,-0.010,7
2026-08-24T05:56:38.898015,2.708,2.137,35.191,6.811,2272.747,1,113,OK,0.000,0.026,257,24.3676867,88.6261637,0.000,-0.010,7
2026-08-24T05:56:38.898336,0.338,2.135,35.191,6.811,2272.747,1,113,OK,0.000,0.026,257,24.3676867,88.6261637,0.000,-0.010,7
2026-08-24T05:56:38.898620,0.291,2.130,35.191,6.813,2272.747,1,113,OK,0.000,0.026,257,24.3676867,88.6261637,0.000,-0.010,7
2026-08-24T05:56:38.899632,0.994,2.131,35.191,6.812,2272.747,1,113,OK,0.000,0.026,257,24.3676867,88.6261637,0.000,-0.010,7
2026-08-24T05:56:38.899973,0.346,2.128,35.191,6.813,2272.747,1,113,OK,0.000,0.026,257,24.3676867,88.6261637,0.000,-0.010,7
2026-08-24T05:56:38.931729,31.680,2.750,35.191,7.988,2272.747,1,113,OK,0.000,0.026,257,24.3676867,88.6261637,0.000,-0.010,7
2026-08-24T05:56:38.935589,3.908,2.818,35.191,7.982,2272.747,1,113,OK,0.000,0.026,257,24.3676867,88.6261637,0.000,-0.010,7
2026-08-24T05:56:38.935966,0.397,2.816,35.191,7.983,2272.747,1,113,OK,0.000,0.026,257,24.3676867,88.6261637,0.000,-0.010,7
2026-08-24T05:56:38.936314,0.343,2.815,35.191,7.983,2272.747,1,113,OK,0.000,0.026,257,24.3676867,88.6261637,0.000,-0.010,7
2026-08-24T05:56:38.937580,1.279,2.788,35.191,7.986,2272.747,1,113,OK,0.000,0.026,257,24.3676867,88.6261637,0.000,-0.010,7
2026-08-24T05:56:38.937898,0.323,2.783,35.191,7.988,2272.747,1,113,OK,0.000,0.026,257,24.3676867,88.6261637,0.000,-0.010,7
2026-08-24T05:56:38.940527,2.627,2.828,35.191,7.981,2272.747,1,113,OK,0.000,0.026,257,24.3676867,88.6261637,0.000,-0.010,7
2026-08-24T05:56:38.940834,0.306,2.816,35.191,7.984,2272.747,1,113,OK,0.000,0.026,257,24.3676867,88.6261637,0.000,-0.010,7
2026-08-24T05:56:38.941124,0.296,2.814,35.191,7.984,2272.747,1,113,OK,0.000,0.026,257,24.3676867,88.6261637,0.000,-0.010,7
2026-08-24T05:56:38.941410,0.288,2.813,35.191,7.985,2272.747,1,113,OK,0.000,0.026,257,24.3676867,88.6261637,0.000,-0.010,7
2026-08-24T05:56:38.941680,0.274,2.124,35.191,6.527,2272.747,1,113,OK,0.000,0.026,257,24.3676867,88.6261637,0.000,-0.010,7
2026-08-24T05:56:38.943020,1.335,2.142,35.191,6.523,2272.747,1,113,OK,0.000,0.026,257,24.3676867,88.6261637,0.000,-0.010,7
2026-08-24T05:56:38.943312,0.295,2.141,35.191,6.523,2272.747,1,113,OK,0.000,0.026,257,24.3676867,88.6261637,0.000,-0.010,7
2026-08-24T05:56:38.943617,0.304,2.106,35.191,6.529,2272.747,1,113,OK,0.000,0.026,257,24.3676867,88.6261637,0.000,-0.010,7
2026-08-24T05:56:38.944213,0.593,2.110,35.191,6.528,2272.747,1,113,OK,0.000,0.026,257,24.3676867,88.6261637,0.000,-0.010,7
2026-08-24T05:56:38.945971,1.746,2.129,35.191,6.525,2272.747,1,113,OK,0.000,0.026,257,24.3676867,88.6261637,0.000,-0.010,7
2026-08-24T05:56:38.947402,1.436,2.086,35.191,6.522,2272.747,1,113,OK,0.000,0.026,257,24.3676867,88.6261637,0.000,-0.010,7
2026-08-24T05:56:38.947709,0.308,2.085,35.191,6.522,2272.747,1,113,OK,0.000,0.026,257,24.3676867,88.6261637,0.000,-0.010,7
2026-08-24T05:56:38.947994,0.297,2.086,35.191,6.522,2272.747,1,113,OK,0.000,0.026,257,24.3676867,88.6261637,0.000,-0.010,7
2026-08-24T05:56:38.949878,1.879,2.117,35.191,6.517,2272.747,1,113,OK,0.000,0.026,257,24.3676867,88.6261637,0.000,-0.010,7
2026-08-24T05:56:38.950186,0.293,2.117,35.191,6.517,2272.747,1,113,OK,0.000,0.026,257,24.3676867,88.6261637,0.000,-0.010,7
